booking_id,job_id,worker_id,booking_date,scheduled_date,booking_status,final_price,completion_date
1,1,3351,2025-07-25,2025-07-28,Completed,9633,2025-07-29
2,2,6128,2025-10-20,2025-10-24,Accepted,2965,
3,3,5565,2025-07-10,2025-07-12,Accepted,8555,
4,4,2674,2025-03-15,2025-03-21,Completed,8370,2025-03-22
5,5,2769,2025-09-25,2025-09-30,Completed,5506,2025-09-30
6,6,2959,2025-05-06,2025-05-12,Accepted,2863,
7,7,4890,2025-11-06,2025-11-13,Accepted,8368,
8,8,2423,2025-10-10,2025-10-12,Accepted,9344,
9,9,572,2025-09-29,2025-10-06,Pending,6553,
10,10,4476,2025-11-05,2025-11-12,Accepted,555,
11,11,38,2025-07-06,2025-07-07,Completed,8140,2025-07-07
12,12,4060,2025-03-03,2025-03-05,Completed,960,2025-03-05
13,13,1253,2025-05-24,2025-05-28,Completed,5483,2025-05-30
14,14,5884,2025-03-12,2025-03-19,Completed,8709,2025-03-20
15,15,3817,2025-04-30,2025-05-05,Completed,2232,2025-05-07
16,16,337,2025-04-11,2025-04-16,Pending,515,
17,17,3564,2025-09-28,2025-10-02,Completed,6877,2025-10-04
18,18,4342,2025-06-23,2025-06-28,Accepted,9268,
19,19,817,2025-05-30,2025-06-01,Pending,7999,
20,20,3178,2025-06-11,2025-06-15,Pending,1978,
21,21,5250,2025-08-19,2025-08-25,Pending,6170,
22,22,2852,2025-04-18,2025-04-20,Completed,6281,2025-04-21
23,23,4709,2025-06-29,2025-07-01,Completed,7934,2025-07-01
24,24,5539,2025-06-05,2025-06-11,Pending,2665,
25,25,3585,2025-10-04,2025-10-08,Cancelled,4709,
26,26,5269,2025-01-08,2025-01-10,Pending,9040,
27,27,1762,2025-06-07,2025-06-14,Completed,3135,2025-06-16
28,28,464,2025-08-27,2025-08-28,Accepted,3517,
29,29,6379,2025-04-04,2025-04-11,Completed,3291,2025-04-11
30,30,39,2025-02-15,2025-02-17,Accepted,2362,
31,31,582,2025-07-14,2025-07-20,Completed,577,2025-07-22
32,32,5895,2025-09-09,2025-09-10,Accepted,3262,
33,33,259,2025-10-31,2025-11-05,Accepted,7732,
34,34,6480,2025-04-06,2025-04-08,Cancelled,1263,
35,35,3101,2025-08-01,2025-08-04,Completed,3231,2025-08-04
36,36,4178,2025-10-07,2025-10-11,Accepted,1489,
37,37,4342,2025-03-04,2025-03-09,Completed,5204,2025-03-09
38,38,4769,2025-10-11,2025-10-17,Completed,1153,2025-10-18
39,39,259,2025-07-13,2025-07-15,Pending,4077,
40,40,85,2025-03-23,2025-03-26,Completed,7639,2025-03-28
41,41,5806,2025-02-28,2025-03-01,Completed,4070,2025-03-03
42,42,2030,2025-01-05,2025-01-09,Accepted,9986,
43,43,1778,2025-07-25,2025-07-27,Completed,6568,2025-07-28
44,44,2298,2025-01-15,2025-01-16,Pending,4576,
45,45,2006,2025-11-20,2025-11-23,Pending,7979,
46,46,1934,2025-12-24,2025-12-28,Completed,1732,2025-12-29
47,47,527,2025-07-26,2025-07-29,Completed,8300,2025-07-30
48,48,3699,2025-01-24,2025-01-31,Pending,7267,
49,49,2594,2025-06-10,2025-06-13,Cancelled,5529,
50,50,4434,2025-11-06,2025-11-10,Completed,4230,2025-11-10
51,51,3819,2025-08-22,2025-08-24,Completed,5436,2025-08-25
52,52,1977,2025-08-08,2025-08-09,Pending,2986,
53,53,1183,2025-10-08,2025-10-12,Completed,2226,2025-10-13
54,54,1766,2025-06-25,2025-06-26,Completed,5268,2025-06-27
55,55,4476,2025-11-05,2025-11-06,Cancelled,1702,
56,56,5024,2025-06-15,2025-06-20,Accepted,3079,
57,57,2150,2025-05-29,2025-06-01,Completed,4069,2025-06-01
58,58,6360,2025-03-27,2025-03-30,Completed,4331,2025-03-31
59,59,5735,2025-07-04,2025-07-05,Completed,2030,2025-07-06
60,60,5719,2025-09-21,2025-09-25,Completed,6892,2025-09-27
61,61,5259,2025-02-13,2025-02-17,Accepted,3197,
62,62,6099,2025-04-20,2025-04-27,Completed,879,2025-04-28
63,63,3325,2025-08-15,2025-08-16,Completed,5735,2025-08-16
64,64,3391,2025-06-05,2025-06-12,Completed,7267,2025-06-12
65,65,5409,2025-10-06,2025-10-13,Completed,1484,2025-10-15
66,66,1848,2025-05-24,2025-05-30,Cancelled,4742,
67,67,3554,2025-12-03,2025-12-09,Completed,698,2025-12-10
68,68,5007,2025-02-27,2025-03-02,Cancelled,4655,
69,69,317,2025-04-28,2025-05-03,Completed,1955,2025-05-03
70,70,1639,2025-08-13,2025-08-16,Completed,7464,2025-08-18
71,71,1439,2025-05-10,2025-05-15,Completed,5838,2025-05-15
72,72,4539,2025-11-21,2025-11-27,Completed,9512,2025-11-27
73,73,3703,2025-07-26,2025-07-28,Accepted,3686,
74,74,4343,2025-11-29,2025-12-01,Pending,2295,
75,75,6218,2025-10-30,2025-11-01,Accepted,3187,
76,76,3017,2025-05-20,2025-05-26,Cancelled,7785,
77,77,5467,2025-09-05,2025-09-11,Pending,1579,
78,78,5112,2025-05-01,2025-05-06,Completed,2817,2025-05-07
79,79,2285,2025-04-15,2025-04-18,Completed,1576,2025-04-19
80,80,1286,2025-07-15,2025-07-21,Pending,2838,
81,81,4700,2025-09-28,2025-10-03,Completed,2601,2025-10-03
82,82,6127,2025-02-19,2025-02-25,Completed,2521,2025-02-26
83,83,5832,2025-07-17,2025-07-20,Pending,3137,
84,84,1473,2025-10-19,2025-10-22,Accepted,9290,
85,85,3869,2025-02-19,2025-02-22,Accepted,3759,
86,86,126,2025-11-29,2025-12-01,Completed,3326,2025-12-02
87,87,5669,2025-11-20,2025-11-21,Completed,3068,2025-11-21
88,88,2830,2025-01-11,2025-01-18,Completed,2204,2025-01-18
89,89,2437,2025-07-25,2025-08-01,Completed,1580,2025-08-02
90,90,2520,2025-01-15,2025-01-19,Accepted,2451,
91,91,2065,2025-03-05,2025-03-08,Completed,998,2025-03-10
92,92,4903,2025-04-15,2025-04-22,Completed,5624,2025-04-22
93,93,295,2025-08-04,2025-08-08,Completed,4381,2025-08-10
94,94,1460,2025-12-07,2025-12-13,Completed,9410,2025-12-15
95,95,3461,2025-05-03,2025-05-07,Completed,1565,2025-05-09
96,96,1598,2025-10-17,2025-10-24,Completed,1932,2025-10-25
97,97,1552,2025-12-08,2025-12-09,Accepted,7317,
98,98,3135,2025-05-13,2025-05-16,Accepted,7856,
99,99,115,2025-04-20,2025-04-23,Accepted,1643,
100,100,5533,2025-04-26,2025-04-28,Completed,6836,2025-04-28
101,101,369,2025-07-22,2025-07-26,Cancelled,4412,
102,102,4622,2025-02-04,2025-02-10,Completed,8863,2025-02-11
103,103,6399,2025-07-20,2025-07-25,Completed,1329,2025-07-26
104,104,5328,2025-10-24,2025-10-29,Completed,6494,2025-10-30
105,105,3433,2025-07-10,2025-07-14,Completed,7991,2025-07-15
106,106,5836,2025-04-27,2025-05-03,Completed,2237,2025-05-04
107,107,2820,2025-04-04,2025-04-05,Accepted,2436,
108,108,2129,2025-10-14,2025-10-16,Completed,7649,2025-10-17
109,109,4914,2025-02-07,2025-02-11,Accepted,1617,
110,110,1844,2025-09-01,2025-09-04,Accepted,6869,
111,111,2946,2025-09-06,2025-09-10,Pending,5884,
112,112,4759,2025-07-23,2025-07-26,Pending,7886,
113,113,4757,2025-04-18,2025-04-23,Pending,2904,
114,114,4488,2025-12-23,2025-12-24,Completed,3331,2025-12-26
115,115,6260,2025-05-13,2025-05-16,Accepted,3993,
116,116,6122,2025-07-15,2025-07-20,Completed,3894,2025-07-20
117,117,6132,2025-06-16,2025-06-19,Accepted,8260,
118,118,2142,2025-07-30,2025-08-03,Completed,9387,2025-08-04
119,119,2268,2025-08-01,2025-08-06,Completed,9029,2025-08-06
120,120,3523,2025-11-15,2025-11-20,Completed,1448,2025-11-21
121,121,375,2025-03-03,2025-03-08,Completed,9282,2025-03-10
122,122,1052,2025-10-20,2025-10-23,Cancelled,7805,
123,123,5092,2025-03-11,2025-03-15,Completed,3692,2025-03-15
124,124,5759,2025-08-09,2025-08-11,Completed,2623,2025-08-13
125,125,3508,2025-08-24,2025-08-30,Accepted,9682,
126,126,1498,2025-11-18,2025-11-24,Completed,7310,2025-11-24
127,127,1595,2025-02-05,2025-02-10,Completed,3750,2025-02-10
128,128,6378,2025-05-01,2025-05-03,Completed,5487,2025-05-05
129,129,2500,2025-11-27,2025-11-30,Completed,3612,2025-12-01
130,130,5816,2025-03-16,2025-03-19,Pending,6254,
131,131,4523,2025-04-20,2025-04-25,Pending,8884,
132,132,1541,2025-05-01,2025-05-08,Accepted,7735,
133,133,1961,2025-08-26,2025-08-29,Completed,2434,2025-08-30
134,134,5629,2025-12-02,2025-12-04,Pending,1013,
135,135,4038,2025-03-04,2025-03-09,Completed,583,2025-03-10
136,136,2299,2025-11-20,2025-11-26,Pending,3081,
137,137,590,2025-02-10,2025-02-15,Accepted,5524,
138,138,2500,2025-10-25,2025-10-29,Completed,3457,2025-10-31
139,139,4244,2025-06-25,2025-06-27,Accepted,5140,
140,140,3938,2025-10-25,2025-10-28,Pending,1730,
141,141,2343,2025-12-29,2026-01-03,Pending,9523,
142,142,3053,2025-08-17,2025-08-20,Completed,8394,2025-08-20
143,143,3143,2025-05-27,2025-06-01,Accepted,6981,
144,144,3690,2025-11-20,2025-11-26,Completed,8015,2025-11-27
145,145,6472,2025-07-30,2025-08-03,Accepted,2372,
146,146,4,2025-02-08,2025-02-09,Completed,1824,2025-02-11
147,147,250,2025-12-10,2025-12-14,Completed,6813,2025-12-14
148,148,5725,2025-09-19,2025-09-22,Completed,6032,2025-09-24
149,149,1036,2025-03-27,2025-04-02,Accepted,6043,
150,150,3535,2025-05-18,2025-05-20,Completed,1834,2025-05-22
151,151,1100,2025-05-20,2025-05-23,Completed,2217,2025-05-23
152,152,1085,2025-10-02,2025-10-08,Accepted,5139,
153,153,6479,2025-06-23,2025-06-27,Completed,7583,2025-06-28
154,154,3565,2025-11-10,2025-11-12,Completed,1147,2025-11-13
155,155,623,2025-12-08,2025-12-15,Completed,7842,2025-12-15
156,156,2843,2025-08-24,2025-08-29,Accepted,8614,
157,157,5208,2025-10-29,2025-10-31,Cancelled,8259,
158,158,3669,2025-12-21,2025-12-24,Cancelled,7504,
159,159,3032,2025-06-01,2025-06-06,Completed,9899,2025-06-06
160,160,3828,2025-11-06,2025-11-10,Accepted,7120,
161,161,2603,2025-12-10,2025-12-15,Completed,3704,2025-12-15
162,162,303,2025-12-15,2025-12-21,Accepted,7907,
163,163,943,2025-09-23,2025-09-28,Completed,3954,2025-09-29
164,164,1254,2025-01-22,2025-01-29,Completed,931,2025-01-29
165,165,3606,2025-06-05,2025-06-10,Completed,8088,2025-06-11
166,166,377,2025-05-05,2025-05-06,Accepted,4049,
167,167,1176,2025-06-20,2025-06-21,Completed,4916,2025-06-21
168,168,3107,2025-12-24,2025-12-30,Completed,929,2026-01-01
169,169,6383,2025-11-24,2025-11-30,Pending,5267,
170,170,2338,2025-08-13,2025-08-20,Accepted,1750,
171,171,319,2025-04-08,2025-04-13,Completed,5155,2025-04-13
172,172,899,2025-08-04,2025-08-07,Completed,805,2025-08-09
173,173,3769,2025-07-10,2025-07-16,Accepted,5039,
174,174,452,2025-02-24,2025-03-03,Accepted,6337,
175,175,4428,2025-07-09,2025-07-10,Accepted,3670,
176,176,5364,2025-04-05,2025-04-07,Accepted,7897,
177,177,710,2025-06-10,2025-06-17,Pending,5067,
178,178,5091,2025-07-03,2025-07-08,Completed,9835,2025-07-10
179,179,4242,2025-07-23,2025-07-28,Completed,4427,2025-07-29
180,180,4898,2025-08-08,2025-08-14,Completed,4902,2025-08-15
181,181,1827,2025-06-22,2025-06-29,Pending,4591,
182,182,4318,2025-08-12,2025-08-17,Completed,7491,2025-08-19
183,183,6000,2025-06-17,2025-06-19,Completed,6597,2025-06-19
184,184,4330,2025-02-02,2025-02-09,Completed,9674,2025-02-11
185,185,4900,2025-06-14,2025-06-16,Completed,9263,2025-06-17
186,186,1756,2025-06-08,2025-06-10,Pending,6265,
187,187,632,2025-09-14,2025-09-21,Completed,4444,2025-09-23
188,188,5429,2025-04-25,2025-04-27,Accepted,9274,
189,189,4564,2025-06-10,2025-06-15,Completed,2731,2025-06-16
190,190,3280,2025-04-22,2025-04-23,Completed,5472,2025-04-25
191,191,1544,2025-10-19,2025-10-21,Pending,2856,
192,192,5454,2025-03-06,2025-03-13,Completed,2759,2025-03-13
193,193,2601,2025-02-06,2025-02-10,Completed,1704,2025-02-11
194,194,3280,2025-06-02,2025-06-06,Accepted,2730,
195,195,248,2025-01-29,2025-02-05,Completed,4762,2025-02-07
196,196,228,2025-04-16,2025-04-20,Accepted,4988,
197,197,3147,2025-01-04,2025-01-08,Completed,6617,2025-01-08
198,198,4357,2025-05-27,2025-06-03,Cancelled,2551,
199,199,4022,2025-03-14,2025-03-17,Completed,3203,2025-03-17
200,200,2278,2025-09-22,2025-09-23,Completed,3847,2025-09-25
201,201,3915,2025-03-04,2025-03-08,Completed,2185,2025-03-09
202,202,2603,2025-11-09,2025-11-13,Completed,8630,2025-11-13
203,203,303,2025-11-13,2025-11-17,Accepted,3063,
204,204,5989,2025-04-01,2025-04-02,Completed,1271,2025-04-03
205,205,6264,2025-11-20,2025-11-27,Pending,8755,
206,206,6086,2025-04-21,2025-04-23,Completed,3858,2025-04-25
207,207,5495,2025-04-05,2025-04-08,Cancelled,6419,
208,208,3129,2025-09-09,2025-09-14,Cancelled,8776,
209,209,908,2025-06-03,2025-06-09,Completed,5757,2025-06-09
210,210,2114,2025-06-17,2025-06-18,Completed,8083,2025-06-18
211,211,2337,2025-09-12,2025-09-15,Completed,5900,2025-09-15
212,212,2910,2025-09-13,2025-09-14,Accepted,3654,
213,213,4152,2025-12-20,2025-12-23,Completed,6642,2025-12-23
214,214,507,2025-08-25,2025-09-01,Completed,6334,2025-09-02
215,215,964,2025-01-17,2025-01-24,Completed,2157,2025-01-26
216,216,5172,2025-05-01,2025-05-04,Accepted,2136,
217,217,6437,2025-01-29,2025-01-30,Accepted,6074,
218,218,2745,2025-09-30,2025-10-06,Pending,5424,
219,219,2073,2025-06-28,2025-07-01,Pending,4616,
220,220,1056,2025-01-14,2025-01-15,Completed,6188,2025-01-17
221,221,1841,2025-06-16,2025-06-23,Completed,5232,2025-06-23
222,222,4391,2025-05-11,2025-05-14,Completed,5682,2025-05-14
223,223,3111,2025-11-22,2025-11-26,Completed,7407,2025-11-26
224,224,1413,2025-11-30,2025-12-07,Completed,8489,2025-12-08
225,225,5010,2025-12-31,2026-01-05,Pending,1119,
226,226,3997,2025-03-11,2025-03-17,Pending,4128,
227,227,3857,2025-02-22,2025-02-27,Accepted,3894,
228,228,1899,2025-12-23,2025-12-24,Completed,8936,2025-12-24
229,229,368,2025-01-02,2025-01-06,Accepted,4046,
230,230,4329,2025-03-22,2025-03-23,Completed,3339,2025-03-24
231,231,1892,2025-06-09,2025-06-10,Completed,4668,2025-06-11
232,232,4906,2025-12-14,2025-12-19,Accepted,2394,
233,233,5265,2025-12-18,2025-12-21,Completed,6704,2025-12-22
234,234,2614,2025-09-07,2025-09-09,Completed,7446,2025-09-09
235,235,3954,2025-01-05,2025-01-09,Completed,2894,2025-01-10
236,236,6076,2025-03-01,2025-03-03,Pending,3370,
237,237,595,2025-01-15,2025-01-17,Completed,2363,2025-01-17
238,238,4509,2025-07-18,2025-07-21,Completed,8744,2025-07-22
239,239,4923,2025-04-04,2025-04-05,Completed,6936,2025-04-06
240,240,6367,2025-06-03,2025-06-06,Accepted,1843,
241,241,5255,2025-04-28,2025-05-02,Accepted,976,
242,242,1734,2025-06-04,2025-06-11,Completed,3042,2025-06-13
243,243,5099,2025-05-14,2025-05-16,Completed,8277,2025-05-17
244,244,2825,2025-09-11,2025-09-14,Completed,5359,2025-09-14
245,245,6366,2025-10-19,2025-10-25,Completed,6436,2025-10-25
246,246,5772,2025-04-27,2025-05-02,Accepted,3858,
247,247,4969,2025-06-15,2025-06-16,Accepted,2220,
248,248,5237,2025-10-13,2025-10-19,Accepted,2442,
249,249,116,2025-08-07,2025-08-12,Completed,8567,2025-08-13
250,250,6400,2025-09-14,2025-09-15,Pending,4941,
251,251,2107,2025-05-19,2025-05-20,Completed,1909,2025-05-22
252,252,5723,2025-10-23,2025-10-28,Cancelled,5609,
253,253,3696,2025-07-22,2025-07-24,Accepted,8066,
254,254,6071,2025-11-11,2025-11-12,Pending,788,
255,255,2815,2025-08-29,2025-09-03,Completed,2163,2025-09-04
256,256,86,2025-12-15,2025-12-16,Completed,7726,2025-12-17
257,257,4428,2025-12-26,2026-01-02,Completed,827,2026-01-03
258,258,989,2025-03-16,2025-03-17,Pending,9098,
259,259,6121,2025-12-13,2025-12-20,Completed,2344,2025-12-21
260,260,4788,2025-02-12,2025-02-17,Completed,979,2025-02-19
261,261,1648,2025-03-10,2025-03-17,Accepted,534,
262,262,6099,2025-05-30,2025-06-06,Completed,9011,2025-06-06
263,263,2514,2025-07-12,2025-07-19,Accepted,971,
264,264,2805,2025-10-08,2025-10-15,Accepted,9193,
265,265,668,2025-01-17,2025-01-18,Accepted,1482,
266,266,6359,2025-05-21,2025-05-23,Completed,571,2025-05-24
267,267,433,2025-05-29,2025-06-03,Pending,5032,
268,268,4146,2025-05-10,2025-05-16,Completed,2496,2025-05-17
269,269,1069,2025-11-26,2025-12-03,Completed,2526,2025-12-05
270,270,2168,2025-12-18,2025-12-23,Completed,8545,2025-12-24
271,271,6444,2025-06-23,2025-06-28,Completed,3831,2025-06-29
272,272,477,2025-09-27,2025-09-29,Completed,3579,2025-10-01
273,273,5250,2025-10-13,2025-10-19,Completed,4067,2025-10-20
274,274,5641,2025-01-15,2025-01-16,Completed,7632,2025-01-16
275,275,444,2025-11-14,2025-11-18,Completed,8297,2025-11-18
276,276,5016,2025-06-16,2025-06-17,Completed,4932,2025-06-18
277,277,4828,2025-10-06,2025-10-11,Completed,966,2025-10-11
278,278,5931,2025-04-07,2025-04-13,Completed,9803,2025-04-15
279,279,3966,2025-09-17,2025-09-21,Accepted,8464,
280,280,755,2025-12-13,2025-12-19,Pending,4780,
281,281,33,2025-05-21,2025-05-24,Completed,5733,2025-05-26
282,282,711,2025-11-17,2025-11-19,Accepted,8482,
283,283,2456,2025-07-25,2025-07-27,Accepted,5459,
284,284,2236,2025-11-12,2025-11-18,Completed,6679,2025-11-20
285,285,2077,2025-04-03,2025-04-07,Completed,4571,2025-04-08
286,286,3409,2025-09-15,2025-09-16,Completed,1862,2025-09-16
287,287,4208,2025-04-13,2025-04-15,Pending,742,
288,288,1650,2025-05-10,2025-05-16,Completed,4241,2025-05-16
289,289,441,2025-07-21,2025-07-28,Accepted,8375,
290,290,356,2025-05-09,2025-05-15,Pending,1643,
291,291,4495,2025-05-21,2025-05-28,Cancelled,3114,
292,292,491,2025-05-31,2025-06-02,Completed,8867,2025-06-04
293,293,5036,2025-12-05,2025-12-11,Completed,9119,2025-12-11
294,294,336,2025-03-08,2025-03-12,Accepted,2082,
295,295,5908,2025-03-10,2025-03-16,Completed,6526,2025-03-17
296,296,5177,2025-02-22,2025-02-25,Completed,5368,2025-02-26
297,297,3921,2025-07-20,2025-07-21,Pending,5801,
298,298,1098,2025-06-17,2025-06-24,Cancelled,3343,
299,299,3390,2025-07-05,2025-07-11,Completed,9643,2025-07-13
300,300,1510,2025-12-24,2025-12-29,Accepted,9223,
301,301,1177,2025-10-15,2025-10-18,Pending,6215,
302,302,1848,2025-08-15,2025-08-21,Completed,7296,2025-08-23
303,303,3504,2025-03-30,2025-04-06,Completed,7466,2025-04-07
304,304,3511,2025-06-12,2025-06-17,Accepted,6531,
305,305,3055,2025-03-15,2025-03-21,Accepted,7569,
306,306,2291,2025-02-14,2025-02-16,Accepted,6131,
307,307,1180,2025-02-06,2025-02-09,Completed,6285,2025-02-10
308,308,3494,2025-12-19,2025-12-24,Accepted,4650,
309,309,5802,2025-04-02,2025-04-08,Completed,581,2025-04-10
310,310,5376,2025-03-16,2025-03-19,Completed,9208,2025-03-19
311,311,5211,2025-07-11,2025-07-17,Completed,3858,2025-07-18
312,312,5646,2025-10-13,2025-10-19,Completed,6007,2025-10-19
313,313,5763,2025-07-02,2025-07-08,Accepted,6423,
314,314,5501,2025-08-12,2025-08-14,Completed,6650,2025-08-15
315,315,3162,2025-01-09,2025-01-14,Completed,1189,2025-01-14
316,316,4664,2025-08-14,2025-08-17,Completed,7408,2025-08-18
317,317,310,2025-10-01,2025-10-02,Completed,6440,2025-10-02
318,318,916,2025-04-10,2025-04-12,Pending,4482,
319,319,4290,2025-09-14,2025-09-16,Completed,3646,2025-09-17
320,320,3057,2025-08-19,2025-08-25,Completed,4840,2025-08-25
321,321,6019,2025-08-07,2025-08-14,Completed,4104,2025-08-15
322,322,2803,2025-09-24,2025-09-27,Completed,2901,2025-09-28
323,323,3192,2025-09-16,2025-09-18,Completed,6465,2025-09-20
324,324,1047,2025-10-06,2025-10-11,Completed,2134,2025-10-12
325,325,4541,2025-05-28,2025-06-01,Pending,528,
326,326,1263,2025-02-08,2025-02-09,Completed,8328,2025-02-09
327,327,2796,2025-06-08,2025-06-12,Completed,1163,2025-06-13
328,328,5183,2025-05-18,2025-05-25,Pending,7619,
329,329,1827,2025-06-13,2025-06-17,Completed,4662,2025-06-18
330,330,5400,2025-06-23,2025-06-26,Completed,5023,2025-06-28
331,331,570,2025-06-13,2025-06-20,Completed,9368,2025-06-22
332,332,2573,2025-05-01,2025-05-08,Accepted,6141,
333,333,729,2025-08-17,2025-08-23,Completed,6258,2025-08-25
334,334,2095,2025-03-06,2025-03-13,Completed,1697,2025-03-15
335,335,2515,2025-05-04,2025-05-08,Pending,6904,
336,336,4506,2025-03-08,2025-03-12,Completed,4688,2025-03-13
337,337,551,2025-09-05,2025-09-10,Pending,7479,
338,338,628,2025-10-26,2025-10-30,Accepted,9626,
339,339,3616,2025-02-04,2025-02-09,Completed,4381,2025-02-11
340,340,2015,2025-05-15,2025-05-20,Pending,2439,
341,341,2898,2025-11-27,2025-12-02,Accepted,4659,
342,342,3364,2025-12-24,2025-12-29,Accepted,2917,
343,343,339,2025-08-12,2025-08-19,Completed,4556,2025-08-19
344,344,1852,2025-04-04,2025-04-10,Completed,1128,2025-04-11
345,345,3622,2025-08-25,2025-08-27,Accepted,763,
346,346,5070,2025-12-24,2025-12-26,Completed,3673,2025-12-28
347,347,2273,2025-04-22,2025-04-23,Completed,5309,2025-04-25
348,348,243,2025-11-04,2025-11-11,Accepted,7492,
349,349,6033,2025-10-01,2025-10-08,Completed,7815,2025-10-10
350,350,515,2025-07-13,2025-07-19,Cancelled,7549,
351,351,2723,2025-01-02,2025-01-07,Pending,4242,
352,352,2246,2025-07-30,2025-08-04,Completed,5786,2025-08-05
353,353,4818,2025-10-16,2025-10-19,Completed,5745,2025-10-20
354,354,5852,2025-08-18,2025-08-21,Completed,2686,2025-08-21
355,355,4315,2025-07-13,2025-07-18,Pending,9485,
356,356,2117,2025-09-26,2025-10-01,Accepted,5128,
357,357,106,2025-11-22,2025-11-27,Completed,8488,2025-11-28
358,358,6415,2025-12-20,2025-12-21,Completed,9173,2025-12-22
359,359,4099,2025-02-08,2025-02-14,Completed,7864,2025-02-15
360,360,4970,2025-02-25,2025-02-27,Pending,3593,
361,361,858,2025-01-26,2025-02-01,Pending,4365,
362,362,1765,2025-01-11,2025-01-16,Completed,4603,2025-01-17
363,363,3786,2025-12-23,2025-12-25,Pending,6562,
364,364,1085,2025-10-17,2025-10-18,Completed,1901,2025-10-19
365,365,6119,2025-02-20,2025-02-24,Completed,1143,2025-02-26
366,366,3739,2025-04-13,2025-04-20,Pending,8383,
367,367,6288,2025-10-26,2025-10-31,Completed,6180,2025-11-01
368,368,4335,2025-07-23,2025-07-25,Completed,4139,2025-07-25
369,369,1226,2025-08-23,2025-08-26,Cancelled,2867,
370,370,5048,2025-08-04,2025-08-09,Completed,5188,2025-08-10
371,371,3979,2025-04-21,2025-04-22,Completed,4476,2025-04-24
372,372,3571,2025-08-17,2025-08-21,Completed,9799,2025-08-22
373,373,1632,2025-02-02,2025-02-04,Accepted,4638,
374,374,3179,2025-12-17,2025-12-20,Cancelled,3248,
375,375,1692,2025-09-13,2025-09-19,Pending,1444,
376,376,375,2025-11-16,2025-11-19,Completed,7004,2025-11-21
377,377,2217,2025-08-02,2025-08-05,Completed,2967,2025-08-06
378,378,786,2025-06-03,2025-06-07,Accepted,589,
379,379,6034,2025-09-25,2025-09-26,Completed,3687,2025-09-28
380,380,4721,2025-07-09,2025-07-15,Completed,5397,2025-07-15
381,381,5038,2025-09-26,2025-10-03,Completed,3514,2025-10-03
382,382,1900,2025-05-21,2025-05-24,Accepted,2295,
383,383,4608,2025-12-27,2026-01-03,Accepted,5611,
384,384,3967,2025-01-06,2025-01-09,Accepted,1640,
385,385,3756,2025-04-24,2025-04-30,Completed,9221,2025-05-01
386,386,3402,2025-06-03,2025-06-04,Pending,7833,
387,387,835,2025-10-23,2025-10-29,Completed,7795,2025-10-30
388,388,6374,2025-03-20,2025-03-26,Accepted,3919,
389,389,3785,2025-05-30,2025-05-31,Cancelled,6537,
390,390,4057,2025-11-07,2025-11-13,Accepted,9941,
391,391,6261,2025-09-02,2025-09-07,Completed,7779,2025-09-09
392,392,2846,2025-08-23,2025-08-27,Completed,4850,2025-08-29
393,393,5293,2025-04-21,2025-04-28,Accepted,5705,
394,394,5750,2025-09-07,2025-09-10,Completed,8492,2025-09-12
395,395,860,2025-08-15,2025-08-19,Cancelled,822,
396,396,437,2025-03-15,2025-03-17,Accepted,3371,
397,397,182,2025-09-29,2025-10-06,Pending,7494,
398,398,307,2025-06-12,2025-06-13,Accepted,6861,
399,399,4580,2025-06-17,2025-06-22,Accepted,4476,
400,400,1551,2025-01-16,2025-01-17,Completed,794,2025-01-19
401,401,1793,2025-06-05,2025-06-07,Pending,7171,
402,402,1543,2025-10-29,2025-11-03,Completed,7846,2025-11-03
403,403,5088,2025-12-30,2026-01-03,Completed,6000,2026-01-04
404,404,6021,2025-10-23,2025-10-25,Pending,3941,
405,405,4224,2025-12-29,2026-01-03,Pending,5153,
406,406,4587,2025-01-05,2025-01-12,Completed,9522,2025-01-12
407,407,4362,2025-01-24,2025-01-31,Completed,7443,2025-02-02
408,408,2530,2025-07-04,2025-07-09,Completed,9341,2025-07-10
409,409,1389,2025-09-01,2025-09-07,Completed,4546,2025-09-07
410,410,6060,2025-12-02,2025-12-03,Pending,8684,
411,411,5336,2025-06-27,2025-07-04,Pending,6009,
412,412,5833,2025-10-27,2025-11-03,Completed,2966,2025-11-05
413,413,6241,2025-12-11,2025-12-13,Completed,1805,2025-12-13
414,414,5923,2025-02-23,2025-02-28,Completed,7241,2025-03-02
415,415,2802,2025-08-12,2025-08-19,Completed,8652,2025-08-21
416,416,6015,2025-01-21,2025-01-26,Completed,3491,2025-01-28
417,417,4995,2025-11-30,2025-12-01,Cancelled,6929,
418,418,3240,2025-08-15,2025-08-20,Accepted,5661,
419,419,4245,2025-03-17,2025-03-19,Completed,1672,2025-03-19
420,420,4425,2025-12-25,2025-12-29,Completed,8969,2025-12-29
421,421,5788,2025-02-14,2025-02-19,Pending,9096,
422,422,1058,2025-08-20,2025-08-26,Completed,5601,2025-08-27
423,423,2734,2025-04-03,2025-04-07,Pending,4774,
424,424,1374,2025-07-25,2025-07-28,Accepted,9852,
425,425,3528,2025-04-28,2025-05-04,Completed,3172,2025-05-05
426,426,1540,2025-12-25,2025-12-29,Completed,9472,2025-12-30
427,427,777,2025-10-29,2025-10-30,Accepted,4234,
428,428,5515,2026-01-01,2026-01-02,Accepted,2819,
429,429,1674,2025-03-08,2025-03-12,Completed,882,2025-03-12
430,430,5946,2025-11-24,2025-11-28,Completed,1696,2025-11-30
431,431,40,2025-12-07,2025-12-11,Accepted,6809,
432,432,2531,2025-05-22,2025-05-27,Accepted,7788,
433,433,1672,2025-12-19,2025-12-24,Completed,2002,2025-12-25
434,434,5989,2025-06-07,2025-06-09,Completed,2373,2025-06-09
435,435,4391,2025-10-01,2025-10-04,Pending,9853,
436,436,4044,2025-09-12,2025-09-15,Cancelled,3757,
437,437,2445,2025-01-24,2025-01-27,Cancelled,5602,
438,438,2536,2025-11-23,2025-11-28,Pending,5059,
439,439,2793,2025-04-17,2025-04-24,Accepted,8783,
440,440,5941,2025-02-15,2025-02-20,Completed,2696,2025-02-20
441,441,4636,2025-01-29,2025-01-31,Completed,6745,2025-01-31
442,442,710,2025-03-23,2025-03-30,Completed,5265,2025-03-31
443,443,6468,2025-09-04,2025-09-07,Accepted,1110,
444,444,1942,2025-03-22,2025-03-23,Pending,8418,
445,445,4544,2025-11-03,2025-11-09,Accepted,1430,
446,446,5585,2025-07-31,2025-08-01,Accepted,2496,
447,447,4898,2025-09-20,2025-09-26,Pending,8171,
448,448,776,2025-08-13,2025-08-14,Completed,7536,2025-08-15
449,449,4299,2025-07-04,2025-07-09,Completed,1231,2025-07-10
450,450,3821,2025-10-14,2025-10-18,Pending,9022,
451,451,259,2025-11-18,2025-11-21,Completed,7397,2025-11-23
452,452,1058,2025-01-24,2025-01-27,Pending,1122,
453,453,5737,2025-06-14,2025-06-19,Completed,5148,2025-06-19
454,454,2378,2025-05-08,2025-05-13,Completed,7730,2025-05-14
455,455,5427,2025-03-17,2025-03-18,Completed,9006,2025-03-20
456,456,4618,2025-08-05,2025-08-12,Accepted,6099,
457,457,5896,2025-04-14,2025-04-19,Completed,2460,2025-04-21
458,458,3078,2025-07-28,2025-08-02,Completed,6337,2025-08-02
459,459,4476,2025-09-08,2025-09-09,Cancelled,3383,
460,460,4000,2025-08-22,2025-08-24,Accepted,3882,
461,461,3317,2025-02-23,2025-02-25,Pending,4795,
462,462,5328,2025-02-01,2025-02-06,Completed,6445,2025-02-06
463,463,2235,2025-07-23,2025-07-26,Accepted,6444,
464,464,481,2025-01-08,2025-01-12,Accepted,6137,
465,465,3096,2025-09-06,2025-09-07,Completed,5533,2025-09-09
466,466,4599,2025-04-18,2025-04-24,Accepted,4242,
467,467,2403,2025-03-13,2025-03-19,Accepted,9784,
468,468,3691,2025-07-18,2025-07-21,Completed,6863,2025-07-22
469,469,1302,2025-09-28,2025-09-29,Accepted,8311,
470,470,5422,2025-04-07,2025-04-13,Accepted,2866,
471,471,6050,2025-10-16,2025-10-17,Accepted,506,
472,472,5922,2025-10-10,2025-10-16,Completed,2190,2025-10-16
473,473,2575,2025-09-09,2025-09-16,Completed,8100,2025-09-18
474,474,3513,2025-06-07,2025-06-09,Pending,5211,
475,475,6425,2025-05-28,2025-06-01,Completed,8260,2025-06-02
476,476,983,2025-10-21,2025-10-27,Completed,8511,2025-10-27
477,477,3067,2025-02-23,2025-02-25,Completed,8634,2025-02-25
478,478,3295,2025-05-21,2025-05-22,Completed,1192,2025-05-23
479,479,967,2025-07-02,2025-07-08,Accepted,7416,
480,480,4650,2025-02-04,2025-02-05,Accepted,7941,
481,481,2136,2025-05-06,2025-05-07,Completed,2288,2025-05-09
482,482,5804,2025-05-24,2025-05-29,Accepted,678,
483,483,6272,2025-12-06,2025-12-10,Completed,5454,2025-12-11
484,484,621,2025-05-20,2025-05-22,Accepted,1869,
485,485,3395,2025-04-15,2025-04-17,Completed,1433,2025-04-17
486,486,3234,2025-12-15,2025-12-19,Completed,8488,2025-12-19
487,487,669,2025-10-08,2025-10-10,Cancelled,8799,
488,488,429,2025-04-16,2025-04-20,Accepted,6442,
489,489,4048,2025-02-26,2025-03-02,Accepted,9325,
490,490,2310,2025-08-16,2025-08-22,Accepted,8308,
491,491,929,2025-02-28,2025-03-04,Accepted,5070,
492,492,2798,2025-04-01,2025-04-07,Completed,3938,2025-04-09
493,493,2969,2025-03-22,2025-03-28,Completed,7907,2025-03-29
494,494,3672,2025-07-02,2025-07-06,Pending,1161,
495,495,5877,2025-10-19,2025-10-23,Completed,1135,2025-10-23
496,496,6141,2025-10-20,2025-10-25,Pending,7678,
497,497,1665,2025-01-04,2025-01-11,Completed,6601,2025-01-13
498,498,4547,2025-04-23,2025-04-30,Pending,2971,
499,499,439,2025-03-12,2025-03-18,Completed,1883,2025-03-20
500,500,2881,2025-01-06,2025-01-13,Completed,7278,2025-01-14
501,501,1049,2025-10-22,2025-10-24,Completed,4501,2025-10-24
502,502,3059,2025-08-14,2025-08-18,Accepted,2331,
503,503,702,2025-11-28,2025-11-29,Completed,4522,2025-12-01
504,504,5456,2025-08-23,2025-08-26,Accepted,7673,
505,505,4011,2025-12-07,2025-12-10,Completed,4231,2025-12-10
506,506,2555,2025-01-20,2025-01-22,Completed,2273,2025-01-24
507,507,203,2025-12-08,2025-12-09,Cancelled,4159,
508,508,641,2025-03-25,2025-03-27,Completed,2184,2025-03-28
509,509,5030,2025-06-24,2025-06-30,Completed,6801,2025-07-02
510,510,1518,2025-05-18,2025-05-25,Completed,1992,2025-05-25
511,511,5351,2025-06-22,2025-06-26,Accepted,4680,
512,512,1977,2025-01-24,2025-01-27,Accepted,3247,
513,513,3978,2025-12-17,2025-12-21,Accepted,9206,
514,514,6118,2025-06-14,2025-06-16,Completed,7647,2025-06-17
515,515,2214,2025-11-08,2025-11-15,Completed,6967,2025-11-15
516,516,2290,2025-09-10,2025-09-15,Pending,9478,
517,517,6427,2025-10-31,2025-11-06,Completed,7296,2025-11-08
518,518,1373,2025-12-20,2025-12-22,Completed,7672,2025-12-23
519,519,2616,2025-11-26,2025-11-27,Cancelled,6703,
520,520,4541,2025-05-08,2025-05-10,Completed,779,2025-05-10
521,521,2768,2025-05-04,2025-05-09,Accepted,1271,
522,522,3898,2025-08-03,2025-08-10,Pending,4224,
523,523,2622,2025-03-31,2025-04-05,Completed,9894,2025-04-06
524,524,2033,2025-01-11,2025-01-15,Completed,3507,2025-01-16
525,525,2957,2025-04-18,2025-04-20,Completed,4082,2025-04-21
526,526,1596,2025-01-06,2025-01-09,Completed,7956,2025-01-09
527,527,3904,2025-06-09,2025-06-13,Accepted,9433,
528,528,5074,2025-03-20,2025-03-21,Accepted,5358,
529,529,6115,2025-09-25,2025-10-01,Pending,8390,
530,530,869,2025-03-12,2025-03-14,Completed,3348,2025-03-16
531,531,9,2025-04-08,2025-04-10,Completed,1080,2025-04-12
532,532,6167,2025-09-30,2025-10-04,Accepted,658,
533,533,619,2025-01-01,2025-01-08,Completed,6792,2025-01-10
534,534,799,2025-03-11,2025-03-16,Cancelled,2389,
535,535,2796,2025-07-30,2025-08-02,Accepted,9696,
536,536,220,2025-08-13,2025-08-15,Completed,4962,2025-08-16
537,537,3762,2025-06-11,2025-06-13,Pending,8556,
538,538,6437,2025-09-22,2025-09-27,Completed,838,2025-09-27
539,539,702,2025-10-14,2025-10-20,Completed,1211,2025-10-20
540,540,307,2025-01-23,2025-01-25,Accepted,7149,
541,541,5970,2025-09-29,2025-09-30,Completed,4293,2025-10-02
542,542,365,2025-03-07,2025-03-11,Completed,3420,2025-03-11
543,543,5069,2025-02-02,2025-02-03,Completed,3827,2025-02-05
544,544,2353,2025-08-21,2025-08-25,Completed,8679,2025-08-25
545,545,2863,2025-12-31,2026-01-01,Completed,7647,2026-01-01
546,546,1581,2025-11-26,2025-11-29,Completed,7197,2025-11-29
547,547,1186,2025-12-21,2025-12-27,Completed,1430,2025-12-28
548,548,6124,2025-07-24,2025-07-25,Accepted,6666,
549,549,2012,2025-02-28,2025-03-02,Completed,1294,2025-03-03
550,550,991,2025-01-05,2025-01-07,Accepted,7451,
551,551,4550,2025-04-02,2025-04-06,Completed,5495,2025-04-07
552,552,1509,2025-05-05,2025-05-08,Completed,8656,2025-05-10
553,553,5198,2025-06-13,2025-06-18,Completed,3635,2025-06-18
554,554,4636,2025-12-08,2025-12-12,Accepted,5945,
555,555,5683,2025-11-08,2025-11-09,Completed,9573,2025-11-09
556,556,3337,2025-10-22,2025-10-29,Completed,5860,2025-10-30
557,557,827,2025-01-11,2025-01-18,Accepted,1249,
558,558,4828,2025-02-05,2025-02-06,Completed,5430,2025-02-08
559,559,1842,2025-01-07,2025-01-11,Accepted,9160,
560,560,943,2025-06-11,2025-06-18,Completed,9160,2025-06-18
561,561,683,2025-03-06,2025-03-07,Pending,5110,
562,562,3120,2025-10-15,2025-10-18,Completed,4945,2025-10-20
563,563,5195,2025-11-25,2025-11-27,Completed,6722,2025-11-29
564,564,5790,2025-07-25,2025-07-29,Completed,2711,2025-07-31
565,565,3378,2025-04-11,2025-04-13,Completed,6403,2025-04-13
566,566,4807,2025-11-23,2025-11-30,Completed,662,2025-11-30
567,567,3350,2025-06-17,2025-06-22,Pending,2382,
568,568,331,2025-01-26,2025-01-28,Completed,3129,2025-01-29
569,569,278,2025-03-22,2025-03-27,Completed,5311,2025-03-29
570,570,4791,2025-07-06,2025-07-10,Completed,1553,2025-07-12
571,571,4234,2025-04-22,2025-04-27,Completed,1419,2025-04-29
572,572,1312,2025-10-01,2025-10-02,Accepted,2667,
573,573,2815,2025-12-20,2025-12-24,Completed,5515,2025-12-25
574,574,1292,2025-12-09,2025-12-10,Completed,3373,2025-12-10
575,575,2833,2025-07-01,2025-07-02,Cancelled,1378,
576,576,5969,2025-07-07,2025-07-13,Accepted,7850,
577,577,2839,2025-01-17,2025-01-24,Completed,4662,2025-01-26
578,578,3029,2025-06-17,2025-06-24,Pending,1989,
579,579,6226,2025-04-17,2025-04-24,Completed,548,2025-04-26
580,580,1402,2025-06-13,2025-06-20,Completed,3155,2025-06-22
581,581,3608,2025-07-10,2025-07-12,Pending,7961,
582,582,3056,2025-04-13,2025-04-17,Completed,8306,2025-04-19
583,583,4180,2025-12-11,2025-12-12,Cancelled,9820,
584,584,6183,2025-08-19,2025-08-22,Completed,6021,2025-08-22
585,585,1801,2025-02-15,2025-02-22,Accepted,7385,
586,586,4567,2025-04-27,2025-05-03,Pending,3690,
587,587,6174,2025-05-23,2025-05-28,Completed,1367,2025-05-29
588,588,1313,2025-02-03,2025-02-06,Completed,9733,2025-02-06
589,589,5929,2025-02-17,2025-02-20,Completed,6156,2025-02-22
590,590,1263,2025-06-15,2025-06-21,Completed,9658,2025-06-22
591,591,5436,2025-01-20,2025-01-23,Accepted,9648,
592,592,3871,2025-10-01,2025-10-05,Pending,8404,
593,593,5735,2025-07-26,2025-08-01,Accepted,7348,
594,594,6186,2025-05-22,2025-05-29,Completed,5951,2025-05-29
595,595,2595,2025-02-02,2025-02-08,Accepted,7691,
596,596,1093,2025-10-01,2025-10-06,Accepted,5602,
597,597,2741,2025-01-15,2025-01-17,Completed,8902,2025-01-18
598,598,4758,2025-04-13,2025-04-17,Accepted,1153,
599,599,1002,2025-08-03,2025-08-05,Pending,4849,
600,600,6124,2025-09-18,2025-09-24,Completed,2477,2025-09-26
601,601,3231,2025-08-12,2025-08-17,Completed,2513,2025-08-17
602,602,5215,2025-04-07,2025-04-08,Accepted,7231,
603,603,193,2025-07-05,2025-07-10,Accepted,4230,
604,604,2138,2025-12-11,2025-12-18,Completed,2798,2025-12-18
605,605,2311,2025-06-19,2025-06-25,Completed,1536,2025-06-26
606,606,2061,2025-12-26,2026-01-01,Completed,4589,2026-01-02
607,607,4779,2025-11-27,2025-11-28,Completed,8502,2025-11-29
608,608,4196,2025-09-03,2025-09-07,Completed,7219,2025-09-08
609,609,3866,2026-01-01,2026-01-07,Completed,7502,2026-01-08
610,610,4070,2025-02-25,2025-03-02,Completed,5722,2025-03-02
611,611,5539,2025-02-10,2025-02-16,Completed,6848,2025-02-16
612,612,4250,2025-12-27,2025-12-30,Completed,9012,2026-01-01
613,613,3192,2025-11-23,2025-11-24,Completed,9427,2025-11-24
614,614,4853,2025-04-17,2025-04-19,Cancelled,3702,
615,615,427,2025-11-13,2025-11-17,Completed,1424,2025-11-19
616,616,86,2025-12-07,2025-12-09,Pending,5659,
617,617,3822,2025-02-25,2025-02-26,Pending,8879,
618,618,5610,2025-04-29,2025-05-02,Completed,7718,2025-05-04
619,619,751,2025-01-17,2025-01-20,Accepted,4529,
620,620,3062,2025-04-06,2025-04-13,Completed,1564,2025-04-14
621,621,3639,2025-10-08,2025-10-13,Accepted,6977,
622,622,4697,2025-07-25,2025-07-26,Completed,6150,2025-07-28
623,623,1784,2025-03-14,2025-03-17,Completed,7517,2025-03-19
624,624,4355,2025-05-28,2025-05-30,Completed,1593,2025-05-30
625,625,1604,2025-03-13,2025-03-14,Cancelled,7939,
626,626,5252,2025-01-10,2025-01-12,Completed,7147,2025-01-14
627,627,5998,2025-11-26,2025-11-29,Accepted,4221,
628,628,376,2025-09-03,2025-09-07,Completed,3508,2025-09-08
629,629,6070,2025-09-17,2025-09-20,Completed,6054,2025-09-22
630,630,2330,2025-12-27,2026-01-01,Completed,4148,2026-01-01
631,631,1939,2025-01-16,2025-01-17,Completed,1061,2025-01-17
632,632,1624,2025-11-28,2025-11-29,Accepted,1051,
633,633,6458,2025-04-06,2025-04-08,Completed,7597,2025-04-10
634,634,3684,2025-09-23,2025-09-26,Completed,8562,2025-09-26
635,635,5977,2025-06-14,2025-06-15,Accepted,649,
636,636,1827,2025-04-29,2025-05-01,Pending,2725,
637,637,755,2025-11-20,2025-11-25,Completed,8946,2025-11-27
638,638,2313,2025-07-28,2025-08-04,Completed,9928,2025-08-05
639,639,4201,2025-12-30,2026-01-03,Pending,2059,
640,640,6434,2025-07-20,2025-07-22,Accepted,4757,
641,641,5342,2025-11-01,2025-11-07,Completed,1690,2025-11-07
642,642,4120,2025-11-05,2025-11-09,Completed,2135,2025-11-11
643,643,1122,2025-12-20,2025-12-21,Accepted,5553,
644,644,4283,2025-06-18,2025-06-23,Accepted,9545,
645,645,4914,2025-06-23,2025-06-28,Pending,9099,
646,646,5561,2025-02-27,2025-03-04,Accepted,1587,
647,647,6403,2025-07-01,2025-07-05,Completed,1495,2025-07-06
648,648,420,2025-07-25,2025-07-28,Completed,1322,2025-07-28
649,649,3148,2025-01-30,2025-02-06,Pending,1648,
650,650,473,2025-07-25,2025-07-29,Completed,1680,2025-07-30
651,651,3581,2025-02-13,2025-02-20,Completed,8337,2025-02-21
652,652,5785,2025-09-07,2025-09-09,Accepted,1686,
653,653,3269,2025-03-04,2025-03-05,Completed,759,2025-03-07
654,654,258,2025-01-21,2025-01-26,Completed,5408,2025-01-27
655,655,5345,2025-08-05,2025-08-08,Pending,961,
656,656,592,2025-05-03,2025-05-09,Completed,9451,2025-05-11
657,657,4927,2025-10-01,2025-10-03,Accepted,3714,
658,658,3856,2025-04-16,2025-04-20,Completed,8918,2025-04-20
659,659,1420,2025-06-14,2025-06-21,Completed,1074,2025-06-21
660,660,3121,2025-09-03,2025-09-10,Completed,2280,2025-09-12
661,661,3156,2025-07-17,2025-07-22,Accepted,4132,
662,662,3359,2025-11-19,2025-11-21,Pending,4320,
663,663,6413,2025-08-05,2025-08-10,Completed,7440,2025-08-11
664,664,5089,2025-06-06,2025-06-10,Accepted,2844,
665,665,73,2025-05-12,2025-05-18,Accepted,771,
666,666,2682,2025-01-14,2025-01-21,Completed,3033,2025-01-22
667,667,5623,2025-09-30,2025-10-07,Accepted,4777,
668,668,1417,2025-07-19,2025-07-24,Pending,1870,
669,669,3628,2025-05-26,2025-05-30,Completed,7238,2025-06-01
670,670,2360,2025-01-22,2025-01-24,Completed,8713,2025-01-26
671,671,6226,2025-04-11,2025-04-12,Completed,8654,2025-04-13
672,672,981,2025-07-30,2025-08-02,Completed,3302,2025-08-02
673,673,4390,2025-03-06,2025-03-09,Completed,9127,2025-03-09
674,674,3411,2025-09-27,2025-10-02,Completed,3590,2025-10-02
675,675,1365,2025-09-29,2025-10-06,Pending,3066,
676,676,3909,2025-06-29,2025-06-30,Accepted,1050,
677,677,4256,2025-09-26,2025-09-27,Pending,4413,
678,678,4260,2025-09-21,2025-09-28,Completed,7716,2025-09-30
679,679,818,2025-08-04,2025-08-09,Cancelled,8684,
680,680,4815,2025-07-05,2025-07-07,Completed,6220,2025-07-09
681,681,6139,2025-07-18,2025-07-23,Accepted,580,
682,682,2573,2025-01-02,2025-01-05,Accepted,9915,
683,683,3913,2025-05-11,2025-05-17,Pending,3715,
684,684,3177,2025-01-26,2025-01-27,Completed,3854,2025-01-28
685,685,5354,2025-06-16,2025-06-20,Completed,5679,2025-06-20
686,686,228,2025-11-01,2025-11-07,Completed,4664,2025-11-08
687,687,1939,2025-12-30,2025-12-31,Accepted,8479,
688,688,1686,2025-02-06,2025-02-11,Completed,6669,2025-02-12
689,689,4269,2025-04-02,2025-04-09,Completed,5017,2025-04-09
690,690,6099,2025-02-16,2025-02-23,Completed,856,2025-02-23
691,691,4936,2025-03-25,2025-03-27,Completed,5547,2025-03-27
692,692,5499,2025-12-09,2025-12-16,Completed,9137,2025-12-18
693,693,226,2025-02-08,2025-02-14,Cancelled,5067,
694,694,3864,2025-03-09,2025-03-11,Completed,9854,2025-03-12
695,695,1880,2025-12-03,2025-12-09,Cancelled,1379,
696,696,6053,2025-01-01,2025-01-04,Completed,564,2025-01-04
697,697,1897,2025-01-18,2025-01-24,Completed,7077,2025-01-26
698,698,998,2025-12-15,2025-12-18,Completed,7597,2025-12-18
699,699,267,2025-02-16,2025-02-21,Completed,7273,2025-02-23
700,700,4068,2025-05-08,2025-05-12,Completed,2208,2025-05-13
701,701,5658,2025-01-04,2025-01-11,Accepted,505,
702,702,3573,2025-12-17,2025-12-24,Completed,8860,2025-12-26
703,703,4517,2025-01-20,2025-01-21,Completed,7479,2025-01-21
704,704,4589,2025-05-04,2025-05-11,Pending,9693,
705,705,1224,2025-03-11,2025-03-13,Completed,1344,2025-03-14
706,706,5658,2025-11-01,2025-11-07,Pending,7745,
707,707,5661,2025-03-31,2025-04-06,Pending,8982,
708,708,3967,2025-10-18,2025-10-20,Accepted,5551,
709,709,5595,2025-03-28,2025-03-31,Completed,1102,2025-03-31
710,710,271,2025-07-07,2025-07-08,Completed,2683,2025-07-10
711,711,1815,2025-05-01,2025-05-02,Pending,6286,
712,712,3490,2025-12-17,2025-12-19,Accepted,2228,
713,713,4879,2025-09-09,2025-09-15,Completed,6540,2025-09-17
714,714,1143,2025-12-10,2025-12-14,Completed,2284,2025-12-14
715,715,4064,2025-12-04,2025-12-06,Completed,3847,2025-12-06
716,716,3142,2025-08-24,2025-08-29,Completed,7826,2025-08-31
717,717,1453,2025-08-22,2025-08-23,Completed,1573,2025-08-24
718,718,5260,2025-05-26,2025-05-28,Completed,2908,2025-05-28
719,719,948,2025-07-24,2025-07-31,Completed,7316,2025-07-31
720,720,2388,2025-05-24,2025-05-27,Completed,4725,2025-05-27
721,721,1250,2025-09-24,2025-09-28,Accepted,7108,
722,722,3731,2025-12-08,2025-12-12,Completed,1360,2025-12-14
723,723,3005,2025-09-15,2025-09-21,Accepted,6548,
724,724,2602,2025-11-18,2025-11-25,Pending,8439,
725,725,1801,2025-03-16,2025-03-21,Pending,3023,
726,726,5673,2025-02-19,2025-02-22,Pending,854,
727,727,3773,2025-10-21,2025-10-22,Accepted,1370,
728,728,5185,2025-09-14,2025-09-21,Accepted,2814,
729,729,6246,2025-04-27,2025-04-29,Completed,7669,2025-04-30
730,730,2370,2025-11-21,2025-11-26,Completed,5347,2025-11-28
731,731,4119,2025-04-26,2025-04-30,Completed,5824,2025-04-30
732,732,5103,2025-05-02,2025-05-04,Accepted,1265,
733,733,4697,2025-02-08,2025-02-09,Completed,1375,2025-02-11
734,734,2629,2025-11-01,2025-11-02,Pending,8743,
735,735,3565,2025-08-07,2025-08-12,Completed,7097,2025-08-13
736,736,1592,2025-10-27,2025-10-30,Completed,9986,2025-11-01
737,737,3952,2025-01-18,2025-01-23,Completed,8908,2025-01-25
738,738,5883,2025-01-25,2025-02-01,Cancelled,7667,
739,739,2161,2025-10-25,2025-10-31,Pending,3805,
740,740,5238,2025-07-14,2025-07-21,Completed,5865,2025-07-21
741,741,6303,2025-08-30,2025-09-06,Completed,6288,2025-09-07
742,742,5315,2025-03-01,2025-03-07,Completed,4555,2025-03-07
743,743,4671,2025-06-17,2025-06-21,Pending,8285,
744,744,6035,2025-08-31,2025-09-03,Completed,9251,2025-09-03
745,745,2898,2025-10-19,2025-10-25,Completed,3248,2025-10-25
746,746,2802,2025-06-13,2025-06-16,Completed,6716,2025-06-16
747,747,5401,2025-10-12,2025-10-13,Accepted,8158,
748,748,4229,2025-08-10,2025-08-12,Completed,8584,2025-08-12
749,749,3766,2025-06-13,2025-06-19,Completed,2618,2025-06-20
750,750,4385,2025-08-30,2025-09-06,Pending,3756,
751,751,2494,2025-03-04,2025-03-09,Completed,5542,2025-03-09
752,752,5594,2025-12-31,2026-01-06,Accepted,2048,
753,753,2980,2025-02-03,2025-02-04,Completed,5531,2025-02-06
754,754,6437,2025-07-17,2025-07-19,Completed,2537,2025-07-19
755,755,5409,2025-05-16,2025-05-23,Completed,6571,2025-05-23
756,756,3776,2025-08-31,2025-09-05,Completed,1477,2025-09-07
757,757,3075,2025-06-10,2025-06-14,Completed,5184,2025-06-14
758,758,6158,2025-07-29,2025-08-04,Completed,1813,2025-08-06
759,759,2731,2025-05-18,2025-05-20,Pending,8260,
760,760,115,2025-08-23,2025-08-27,Completed,3219,2025-08-28
761,761,5630,2025-06-26,2025-07-02,Pending,6763,
762,762,461,2025-08-24,2025-08-27,Pending,5344,
763,763,310,2025-02-07,2025-02-12,Completed,8241,2025-02-13
764,764,3339,2025-05-23,2025-05-30,Cancelled,4032,
765,765,2898,2025-06-27,2025-07-01,Completed,6821,2025-07-01
766,766,2540,2025-03-21,2025-03-22,Completed,7006,2025-03-24
767,767,921,2025-12-31,2026-01-05,Completed,6622,2026-01-07
768,768,4991,2025-06-05,2025-06-12,Completed,3245,2025-06-12
769,769,6017,2025-03-25,2025-03-27,Accepted,4946,
770,770,6307,2025-11-19,2025-11-25,Accepted,5943,
771,771,1188,2025-02-11,2025-02-12,Completed,5136,2025-02-13
772,772,2080,2025-12-23,2025-12-30,Accepted,6056,
773,773,2367,2025-11-14,2025-11-18,Accepted,9095,
774,774,4865,2025-01-10,2025-01-15,Accepted,6555,
775,775,5930,2025-06-11,2025-06-18,Pending,1638,
776,776,936,2025-01-06,2025-01-13,Pending,1635,
777,777,5707,2025-01-16,2025-01-17,Completed,4011,2025-01-18
778,778,3708,2025-03-24,2025-03-27,Completed,6430,2025-03-27
779,779,3488,2025-11-14,2025-11-15,Completed,6449,2025-11-16
780,780,4773,2025-06-22,2025-06-25,Completed,9288,2025-06-27
781,781,3534,2025-03-04,2025-03-05,Completed,5570,2025-03-05
782,782,2495,2025-05-24,2025-05-25,Completed,2968,2025-05-26
783,783,2146,2025-02-14,2025-02-18,Completed,2496,2025-02-19
784,784,5942,2025-05-19,2025-05-21,Pending,9485,
785,785,6381,2025-02-17,2025-02-24,Completed,3567,2025-02-24
786,786,6128,2025-01-01,2025-01-08,Completed,5690,2025-01-09
787,787,440,2025-01-14,2025-01-19,Pending,3116,
788,788,3272,2025-04-01,2025-04-05,Completed,5296,2025-04-06
789,789,3560,2025-04-03,2025-04-08,Cancelled,7934,
790,790,3524,2025-11-22,2025-11-28,Cancelled,2364,
791,791,2102,2025-01-31,2025-02-02,Completed,9142,2025-02-02
792,792,321,2025-08-24,2025-08-25,Accepted,9225,
793,793,5205,2025-06-25,2025-07-01,Accepted,5803,
794,794,890,2025-11-23,2025-11-30,Completed,4116,2025-11-30
795,795,2402,2025-09-12,2025-09-17,Completed,7914,2025-09-18
796,796,985,2025-06-20,2025-06-24,Pending,988,
797,797,4608,2025-12-09,2025-12-14,Completed,8161,2025-12-15
798,798,1048,2025-07-23,2025-07-30,Completed,2242,2025-08-01
799,799,5907,2025-10-25,2025-10-31,Completed,1622,2025-10-31
800,800,1168,2025-03-28,2025-03-29,Accepted,1193,
801,801,4634,2025-05-17,2025-05-19,Completed,9966,2025-05-21
802,802,6059,2025-01-10,2025-01-12,Accepted,9249,
803,803,4253,2025-02-23,2025-02-26,Accepted,2442,
804,804,408,2025-11-03,2025-11-05,Completed,8775,2025-11-06
805,805,2102,2025-11-16,2025-11-20,Cancelled,7725,
806,806,4601,2025-02-07,2025-02-08,Completed,6346,2025-02-09
807,807,5505,2025-01-26,2025-01-31,Accepted,4798,
808,808,5852,2025-10-23,2025-10-25,Completed,8249,2025-10-25
809,809,2562,2025-02-27,2025-03-04,Completed,9808,2025-03-06
810,810,891,2025-04-23,2025-04-28,Completed,1557,2025-04-28
811,811,5896,2025-12-18,2025-12-20,Completed,6591,2025-12-22
812,812,1640,2025-12-26,2026-01-02,Accepted,6996,
813,813,1045,2025-04-16,2025-04-21,Completed,2536,2025-04-23
814,814,5204,2025-09-14,2025-09-16,Completed,2930,2025-09-18
815,815,3220,2025-07-17,2025-07-20,Accepted,7206,
816,816,540,2025-12-21,2025-12-22,Pending,9307,
817,817,557,2025-11-21,2025-11-28,Completed,6245,2025-11-28
818,818,10,2025-03-17,2025-03-23,Completed,971,2025-03-25
819,819,5608,2025-01-03,2025-01-08,Completed,2475,2025-01-10
820,820,5386,2025-06-03,2025-06-05,Completed,5928,2025-06-06
821,821,5958,2025-11-18,2025-11-20,Completed,3349,2025-11-22
822,822,5110,2025-04-10,2025-04-15,Completed,4687,2025-04-17
823,823,6428,2025-01-13,2025-01-16,Accepted,4651,
824,824,564,2025-12-10,2025-12-11,Completed,3654,2025-12-13
825,825,4125,2025-08-22,2025-08-24,Completed,6568,2025-08-25
826,826,1995,2025-03-06,2025-03-13,Completed,9538,2025-03-13
827,827,2538,2025-12-09,2025-12-15,Cancelled,8429,
828,828,3988,2025-05-17,2025-05-20,Accepted,7212,
829,829,4950,2025-08-17,2025-08-21,Completed,5238,2025-08-21
830,830,3701,2025-02-09,2025-02-10,Completed,6762,2025-02-12
831,831,4086,2025-11-26,2025-11-29,Completed,4680,2025-11-30
832,832,1939,2025-12-12,2025-12-15,Completed,6457,2025-12-15
833,833,4273,2025-05-29,2025-06-03,Accepted,5601,
834,834,5988,2025-12-11,2025-12-18,Pending,2450,
835,835,680,2025-09-28,2025-10-01,Pending,733,
836,836,3130,2025-12-02,2025-12-07,Accepted,2062,
837,837,5939,2025-08-16,2025-08-21,Completed,727,2025-08-23
838,838,4424,2025-05-29,2025-06-02,Completed,9260,2025-06-03
839,839,4422,2025-03-23,2025-03-24,Completed,5890,2025-03-26
840,840,1163,2025-09-04,2025-09-10,Completed,2598,2025-09-11
841,841,1238,2025-09-21,2025-09-22,Completed,5765,2025-09-23
842,842,634,2025-03-22,2025-03-29,Pending,5247,
843,843,6400,2025-08-15,2025-08-19,Accepted,9276,
844,844,2916,2025-11-07,2025-11-10,Completed,6394,2025-11-11
845,845,705,2025-05-20,2025-05-27,Pending,784,
846,846,3200,2025-11-17,2025-11-20,Completed,7041,2025-11-21
847,847,6027,2025-05-28,2025-06-01,Accepted,7324,
848,848,6079,2025-11-07,2025-11-08,Pending,3216,
849,849,727,2025-03-28,2025-03-31,Pending,7759,
850,850,4957,2025-05-09,2025-05-11,Completed,8725,2025-05-13
851,851,2956,2025-11-23,2025-11-29,Pending,7111,
852,852,4795,2025-01-04,2025-01-05,Completed,5698,2025-01-06
853,853,4209,2025-09-29,2025-10-01,Cancelled,689,
854,854,557,2025-06-01,2025-06-07,Completed,7613,2025-06-08
855,855,2336,2025-07-20,2025-07-21,Completed,733,2025-07-23
856,856,2494,2025-02-19,2025-02-20,Completed,9074,2025-02-20
857,857,2241,2025-09-09,2025-09-14,Accepted,9916,
858,858,1135,2025-10-05,2025-10-06,Pending,9728,
859,859,3091,2025-02-10,2025-02-12,Pending,2112,
860,860,5415,2025-11-12,2025-11-13,Cancelled,6380,
861,861,2720,2025-09-06,2025-09-09,Completed,1571,2025-09-11
862,862,4900,2025-11-02,2025-11-04,Completed,9642,2025-11-04
863,863,2437,2025-11-04,2025-11-07,Pending,2705,
864,864,1106,2025-11-01,2025-11-05,Completed,9352,2025-11-07
865,865,5473,2025-03-01,2025-03-07,Completed,6793,2025-03-08
866,866,762,2025-01-31,2025-02-02,Completed,7312,2025-02-02
867,867,4065,2025-09-03,2025-09-08,Completed,5796,2025-09-10
868,868,3353,2025-04-22,2025-04-23,Accepted,8386,
869,869,2258,2025-01-10,2025-01-13,Completed,9235,2025-01-14
870,870,2077,2025-01-14,2025-01-20,Completed,9378,2025-01-22
871,871,3538,2025-09-28,2025-10-03,Completed,6406,2025-10-04
872,872,3047,2025-09-16,2025-09-22,Completed,6048,2025-09-24
873,873,3372,2025-07-29,2025-07-31,Pending,1730,
874,874,742,2025-06-06,2025-06-10,Completed,2332,2025-06-11
875,875,3208,2025-09-11,2025-09-13,Accepted,6637,
876,876,2218,2025-03-19,2025-03-23,Completed,5159,2025-03-24
877,877,4368,2025-07-30,2025-08-05,Completed,2473,2025-08-05
878,878,6027,2025-09-21,2025-09-27,Completed,1009,2025-09-28
879,879,3509,2025-10-09,2025-10-16,Completed,8288,2025-10-18
880,880,307,2025-09-02,2025-09-04,Completed,6834,2025-09-04
881,881,5233,2025-09-21,2025-09-25,Accepted,3010,
882,882,6046,2025-10-06,2025-10-09,Completed,9206,2025-10-11
883,883,2860,2025-12-18,2025-12-20,Completed,2093,2025-12-20
884,884,6449,2025-05-27,2025-06-02,Completed,9979,2025-06-03
885,885,4221,2025-04-20,2025-04-21,Accepted,2327,
886,886,2889,2025-10-09,2025-10-14,Pending,5832,
887,887,5165,2025-01-21,2025-01-22,Completed,9348,2025-01-22
888,888,5629,2025-01-15,2025-01-16,Accepted,7316,
889,889,5998,2025-03-10,2025-03-13,Completed,3906,2025-03-14
890,890,1351,2025-08-03,2025-08-04,Completed,5091,2025-08-04
891,891,4433,2025-01-20,2025-01-24,Accepted,2447,
892,892,4363,2025-11-27,2025-12-04,Cancelled,6180,
893,893,4673,2025-03-28,2025-04-04,Accepted,8427,
894,894,5655,2025-03-30,2025-04-06,Completed,9213,2025-04-08
895,895,3866,2025-05-26,2025-06-02,Completed,1158,2025-06-02
896,896,5099,2025-06-03,2025-06-09,Completed,9806,2025-06-10
897,897,157,2025-07-07,2025-07-12,Accepted,2277,
898,898,2067,2025-09-12,2025-09-15,Completed,7104,2025-09-16
899,899,2057,2025-12-23,2025-12-25,Completed,610,2025-12-26
900,900,1371,2025-06-16,2025-06-17,Completed,1445,2025-06-18
901,901,1229,2025-09-13,2025-09-15,Completed,2165,2025-09-17
902,902,4764,2025-09-03,2025-09-09,Accepted,9013,
903,903,5389,2025-08-09,2025-08-12,Completed,2819,2025-08-12
904,904,3938,2025-09-18,2025-09-25,Accepted,9181,
905,905,3433,2025-07-03,2025-07-05,Pending,2891,
906,906,5360,2025-12-27,2025-12-30,Cancelled,4808,
907,907,5829,2025-03-18,2025-03-21,Completed,4233,2025-03-22
908,908,5420,2025-12-14,2025-12-17,Pending,2472,
909,909,1466,2025-11-26,2025-11-30,Pending,8489,
910,910,3573,2025-05-05,2025-05-11,Completed,621,2025-05-11
911,911,2904,2025-07-09,2025-07-10,Completed,8052,2025-07-12
912,912,6322,2025-06-12,2025-06-17,Completed,5432,2025-06-19
913,913,3081,2025-10-06,2025-10-11,Completed,4365,2025-10-11
914,914,1166,2025-10-01,2025-10-07,Completed,8984,2025-10-08
915,915,1301,2025-11-02,2025-11-05,Completed,5137,2025-11-07
916,916,6261,2025-08-13,2025-08-14,Completed,561,2025-08-16
917,917,5903,2025-05-13,2025-05-18,Accepted,6850,
918,918,1087,2025-05-13,2025-05-16,Completed,5992,2025-05-17
919,919,6438,2025-03-15,2025-03-22,Pending,4669,
920,920,2629,2025-03-04,2025-03-06,Accepted,5569,
921,921,27,2025-12-24,2025-12-26,Completed,5109,2025-12-27
922,922,3013,2025-06-24,2025-06-28,Pending,653,
923,923,2866,2025-10-23,2025-10-25,Completed,1214,2025-10-25
924,924,798,2025-04-04,2025-04-07,Pending,6504,
925,925,5523,2025-08-12,2025-08-15,Completed,1978,2025-08-15
926,926,531,2025-01-23,2025-01-25,Accepted,3913,
927,927,5419,2025-06-11,2025-06-12,Accepted,5982,
928,928,6214,2025-11-07,2025-11-11,Accepted,5066,
929,929,1660,2025-07-07,2025-07-09,Completed,2357,2025-07-09
930,930,6230,2025-02-04,2025-02-07,Cancelled,5019,
931,931,2755,2025-09-29,2025-10-03,Accepted,3980,
932,932,1982,2025-05-04,2025-05-11,Completed,7584,2025-05-11
933,933,3773,2025-04-18,2025-04-22,Pending,2895,
934,934,1508,2025-03-16,2025-03-23,Cancelled,7749,
935,935,2633,2025-03-19,2025-03-25,Completed,3788,2025-03-25
936,936,2733,2025-05-29,2025-06-05,Completed,3297,2025-06-07
937,937,5540,2025-01-06,2025-01-11,Completed,3971,2025-01-11
938,938,4053,2025-11-23,2025-11-24,Completed,1945,2025-11-26
939,939,1729,2025-07-08,2025-07-11,Completed,4660,2025-07-13
940,940,3179,2025-05-10,2025-05-17,Completed,4267,2025-05-19
941,941,5146,2025-01-04,2025-01-07,Completed,6023,2025-01-07
942,942,2102,2025-09-24,2025-09-25,Accepted,4741,
943,943,4599,2025-11-01,2025-11-02,Accepted,2278,
944,944,1168,2025-12-24,2025-12-29,Cancelled,9628,
945,945,2169,2025-07-26,2025-07-27,Completed,9366,2025-07-28
946,946,696,2025-11-06,2025-11-07,Pending,1079,
947,947,5963,2025-11-08,2025-11-13,Completed,6313,2025-11-15
948,948,2077,2025-06-29,2025-07-02,Completed,6238,2025-07-02
949,949,2554,2025-06-09,2025-06-11,Completed,2115,2025-06-13
950,950,4270,2025-03-28,2025-04-03,Completed,983,2025-04-03
951,951,1888,2025-10-01,2025-10-07,Completed,8576,2025-10-08
952,952,4633,2025-12-30,2026-01-02,Completed,6846,2026-01-02
953,953,236,2025-02-21,2025-02-24,Completed,9778,2025-02-26
954,954,2332,2025-08-02,2025-08-03,Pending,674,
955,955,1731,2025-10-14,2025-10-20,Completed,9453,2025-10-20
956,956,6247,2025-10-09,2025-10-14,Completed,5829,2025-10-15
957,957,2568,2025-07-30,2025-08-05,Accepted,7891,
958,958,1061,2025-05-01,2025-05-03,Pending,6558,
959,959,2325,2025-10-20,2025-10-22,Accepted,5132,
960,960,6133,2025-03-25,2025-03-31,Pending,4554,
961,961,991,2025-03-08,2025-03-11,Cancelled,5794,
962,962,4402,2025-12-19,2025-12-20,Pending,6043,
963,963,3558,2025-05-16,2025-05-18,Completed,3620,2025-05-18
964,964,3072,2025-08-14,2025-08-21,Completed,4151,2025-08-22
965,965,3650,2025-05-07,2025-05-13,Pending,2479,
966,966,1371,2025-12-08,2025-12-15,Completed,8931,2025-12-17
967,967,4858,2025-11-18,2025-11-20,Pending,6569,
968,968,1987,2025-06-28,2025-07-04,Pending,3523,
969,969,2713,2025-06-20,2025-06-25,Cancelled,5582,
970,970,3728,2025-02-20,2025-02-27,Accepted,6868,
971,971,5582,2025-05-09,2025-05-11,Completed,3254,2025-05-13
972,972,1251,2025-09-28,2025-10-01,Completed,4117,2025-10-02
973,973,5546,2025-01-23,2025-01-30,Completed,2773,2025-02-01
974,974,2375,2025-05-26,2025-05-28,Accepted,4797,
975,975,2976,2025-07-17,2025-07-22,Completed,1467,2025-07-24
976,976,4674,2025-09-09,2025-09-11,Completed,2292,2025-09-12
977,977,1830,2025-06-06,2025-06-11,Completed,3692,2025-06-13
978,978,6166,2025-02-11,2025-02-12,Completed,2590,2025-02-12
979,979,2932,2025-03-29,2025-04-04,Completed,4108,2025-04-04
980,980,387,2025-12-24,2025-12-25,Completed,2475,2025-12-27
981,981,3751,2025-10-27,2025-10-30,Completed,2213,2025-11-01
982,982,5261,2025-05-02,2025-05-08,Pending,6705,
983,983,882,2025-01-16,2025-01-20,Completed,9865,2025-01-20
984,984,3092,2025-03-10,2025-03-14,Completed,3053,2025-03-15
985,985,4657,2025-07-24,2025-07-29,Completed,1484,2025-07-31
986,986,536,2025-06-30,2025-07-07,Completed,1676,2025-07-07
987,987,4006,2025-07-31,2025-08-07,Completed,5571,2025-08-08
988,988,3401,2025-09-03,2025-09-10,Completed,5807,2025-09-12
989,989,4627,2025-07-06,2025-07-10,Pending,1103,
990,990,2378,2025-05-25,2025-05-27,Cancelled,3212,
991,991,5973,2025-06-14,2025-06-17,Accepted,2223,
992,992,879,2025-08-23,2025-08-26,Completed,3075,2025-08-26
993,993,1089,2025-10-10,2025-10-13,Pending,7830,
994,994,2412,2025-05-09,2025-05-10,Completed,8358,2025-05-12
995,995,5910,2025-11-30,2025-12-03,Completed,6735,2025-12-05
996,996,1004,2025-04-13,2025-04-15,Accepted,6298,
997,997,3772,2025-04-17,2025-04-20,Accepted,9780,
998,998,1267,2025-09-02,2025-09-07,Completed,1983,2025-09-08
999,999,5634,2025-03-24,2025-03-29,Completed,7839,2025-03-31
1000,1000,4601,2025-07-29,2025-08-01,Accepted,2405,
1001,1001,3403,2025-05-08,2025-05-14,Pending,1292,
1002,1002,512,2025-02-20,2025-02-26,Accepted,4468,
1003,1003,165,2025-12-29,2026-01-03,Accepted,3939,
1004,1004,4334,2025-12-26,2026-01-02,Accepted,4429,
1005,1005,2000,2025-06-18,2025-06-19,Accepted,835,
1006,1006,294,2025-05-17,2025-05-22,Completed,6893,2025-05-22
1007,1007,5898,2025-01-16,2025-01-18,Pending,5373,
1008,1008,4503,2025-05-01,2025-05-05,Completed,1712,2025-05-07
1009,1009,1847,2025-01-01,2025-01-06,Completed,4672,2025-01-07
1010,1010,2293,2025-06-22,2025-06-26,Completed,6426,2025-06-27
1011,1011,4015,2025-08-24,2025-08-28,Accepted,8535,
1012,1012,3550,2025-10-10,2025-10-15,Completed,5157,2025-10-15
1013,1013,4232,2025-04-07,2025-04-13,Completed,3330,2025-04-13
1014,1014,208,2025-04-09,2025-04-12,Completed,6634,2025-04-13
1015,1015,1362,2025-06-23,2025-06-30,Completed,1415,2025-06-30
1016,1016,5766,2025-01-07,2025-01-14,Completed,8550,2025-01-15
1017,1017,2182,2025-06-03,2025-06-04,Completed,2174,2025-06-06
1018,1018,5163,2025-09-05,2025-09-09,Cancelled,4768,
1019,1019,4746,2025-05-09,2025-05-13,Completed,8934,2025-05-15
1020,1020,1168,2025-06-25,2025-06-29,Completed,5409,2025-06-30
1021,1021,4365,2025-05-02,2025-05-06,Accepted,4806,
1022,1022,1781,2025-03-27,2025-03-29,Completed,5153,2025-03-29
1023,1023,4933,2025-04-02,2025-04-08,Pending,6827,
1024,1024,2172,2025-11-16,2025-11-20,Completed,720,2025-11-21
1025,1025,4154,2025-02-10,2025-02-15,Accepted,8651,
1026,1026,3599,2025-05-06,2025-05-09,Completed,7948,2025-05-09
1027,1027,576,2025-03-19,2025-03-24,Completed,4175,2025-03-26
1028,1028,5374,2025-10-02,2025-10-09,Completed,2127,2025-10-10
1029,1029,3162,2025-03-19,2025-03-26,Completed,9976,2025-03-26
1030,1030,6213,2025-04-08,2025-04-13,Completed,2210,2025-04-13
1031,1031,258,2025-05-10,2025-05-15,Accepted,5941,
1032,1032,846,2025-03-30,2025-04-02,Completed,3296,2025-04-03
1033,1033,4932,2025-12-05,2025-12-07,Completed,3096,2025-12-09
1034,1034,4482,2025-04-03,2025-04-04,Pending,9778,
1035,1035,5853,2025-02-12,2025-02-16,Completed,8082,2025-02-18
1036,1036,3148,2025-01-14,2025-01-17,Completed,2267,2025-01-19
1037,1037,2590,2025-04-28,2025-04-29,Completed,2187,2025-04-30
1038,1038,4519,2025-07-07,2025-07-13,Completed,5585,2025-07-14
1039,1039,2016,2025-08-19,2025-08-26,Completed,9886,2025-08-28
1040,1040,756,2025-07-31,2025-08-02,Completed,3967,2025-08-04
1041,1041,4602,2025-05-02,2025-05-08,Completed,3485,2025-05-09
1042,1042,3369,2025-06-30,2025-07-01,Accepted,7040,
1043,1043,1010,2025-12-02,2025-12-04,Completed,6355,2025-12-06
1044,1044,1940,2025-01-21,2025-01-24,Completed,1771,2025-01-26
1045,1045,4644,2025-01-19,2025-01-26,Completed,6637,2025-01-28
1046,1046,495,2025-05-04,2025-05-05,Completed,9830,2025-05-06
1047,1047,2193,2025-11-22,2025-11-24,Pending,3980,
1048,1048,2999,2025-04-12,2025-04-14,Completed,8269,2025-04-15
1049,1049,3189,2025-06-25,2025-06-29,Pending,7784,
1050,1050,392,2025-06-18,2025-06-23,Accepted,5814,
1051,1051,42,2025-03-24,2025-03-27,Completed,2568,2025-03-27
1052,1052,1594,2025-06-17,2025-06-18,Completed,5827,2025-06-19
1053,1053,895,2025-12-07,2025-12-10,Completed,8661,2025-12-12
1054,1054,3396,2025-03-15,2025-03-19,Cancelled,8809,
1055,1055,1330,2025-08-19,2025-08-26,Pending,6371,
1056,1056,5769,2025-10-08,2025-10-11,Completed,4264,2025-10-11
1057,1057,1408,2025-07-19,2025-07-20,Accepted,7277,
1058,1058,6114,2025-06-09,2025-06-16,Completed,8579,2025-06-17
1059,1059,2530,2025-08-13,2025-08-16,Accepted,3592,
1060,1060,5003,2025-03-15,2025-03-19,Completed,8587,2025-03-20
1061,1061,3143,2025-12-19,2025-12-20,Completed,4379,2025-12-22
1062,1062,5114,2025-11-19,2025-11-24,Pending,643,
1063,1063,1156,2025-12-04,2025-12-08,Completed,9646,2025-12-09
1064,1064,2599,2025-12-31,2026-01-03,Cancelled,7388,
1065,1065,4998,2025-06-18,2025-06-23,Completed,6279,2025-06-25
1066,1066,1248,2025-08-14,2025-08-17,Pending,3068,
1067,1067,1701,2025-04-17,2025-04-20,Pending,1493,
1068,1068,6189,2025-11-07,2025-11-11,Accepted,6268,
1069,1069,497,2025-08-11,2025-08-12,Completed,1495,2025-08-12
1070,1070,1030,2025-07-18,2025-07-22,Completed,5587,2025-07-22
1071,1071,1858,2025-02-17,2025-02-24,Completed,504,2025-02-25
1072,1072,811,2025-07-04,2025-07-07,Accepted,2003,
1073,1073,1061,2025-02-26,2025-03-04,Accepted,991,
1074,1074,5045,2025-08-30,2025-09-02,Accepted,4800,
1075,1075,5175,2025-03-03,2025-03-10,Cancelled,4519,
1076,1076,3771,2025-07-21,2025-07-28,Completed,6287,2025-07-29
1077,1077,5304,2025-06-23,2025-06-29,Completed,4287,2025-06-29
1078,1078,2575,2025-02-04,2025-02-08,Accepted,592,
1079,1079,4575,2025-03-09,2025-03-16,Completed,5553,2025-03-18
1080,1080,3105,2025-12-27,2026-01-01,Pending,2354,
1081,1081,5970,2025-02-03,2025-02-04,Completed,8288,2025-02-04
1082,1082,2437,2025-11-27,2025-12-01,Completed,1189,2025-12-03
1083,1083,2698,2025-07-31,2025-08-06,Completed,5204,2025-08-07
1084,1084,341,2025-12-29,2026-01-04,Completed,885,2026-01-04
1085,1085,3841,2025-11-02,2025-11-03,Pending,7702,
1086,1086,2889,2025-06-03,2025-06-07,Completed,8095,2025-06-08
1087,1087,3274,2025-05-26,2025-05-31,Accepted,4774,
1088,1088,3162,2025-04-08,2025-04-14,Accepted,2450,
1089,1089,6208,2025-08-07,2025-08-08,Completed,4381,2025-08-10
1090,1090,4078,2025-12-29,2025-12-31,Completed,2240,2026-01-01
1091,1091,1167,2025-08-18,2025-08-22,Accepted,3945,
1092,1092,3910,2025-05-14,2025-05-19,Accepted,1878,
1093,1093,6201,2025-06-20,2025-06-27,Pending,6469,
1094,1094,1310,2025-04-30,2025-05-01,Completed,3403,2025-05-02
1095,1095,2192,2025-06-12,2025-06-13,Accepted,4370,
1096,1096,3117,2025-03-30,2025-04-05,Accepted,6490,
1097,1097,721,2025-03-04,2025-03-09,Completed,7073,2025-03-09
1098,1098,753,2025-12-17,2025-12-19,Completed,5457,2025-12-19
1099,1099,67,2025-06-30,2025-07-02,Accepted,9394,
1100,1100,4051,2025-12-18,2025-12-22,Completed,6731,2025-12-23
1101,1101,5456,2025-12-02,2025-12-05,Completed,3545,2025-12-06
1102,1102,3389,2025-08-20,2025-08-25,Pending,9612,
1103,1103,5124,2025-11-14,2025-11-20,Completed,703,2025-11-22
1104,1104,4651,2025-02-09,2025-02-10,Completed,3628,2025-02-11
1105,1105,4355,2025-06-30,2025-07-01,Completed,5309,2025-07-01
1106,1106,3759,2025-02-05,2025-02-07,Pending,4579,
1107,1107,2352,2025-06-10,2025-06-14,Completed,9490,2025-06-15
1108,1108,3161,2025-01-29,2025-02-04,Cancelled,9930,
1109,1109,1199,2025-09-04,2025-09-06,Completed,1020,2025-09-06
1110,1110,6134,2025-11-30,2025-12-05,Completed,9312,2025-12-06
1111,1111,5881,2025-03-12,2025-03-19,Pending,1966,
1112,1112,5428,2025-09-07,2025-09-12,Completed,6151,2025-09-14
1113,1113,900,2025-10-27,2025-10-30,Accepted,6444,
1114,1114,5267,2025-05-26,2025-05-29,Accepted,8416,
1115,1115,6326,2025-04-06,2025-04-09,Pending,7143,
1116,1116,3587,2025-12-01,2025-12-03,Accepted,3496,
1117,1117,5887,2025-12-02,2025-12-03,Completed,4763,2025-12-03
1118,1118,1016,2025-01-19,2025-01-23,Completed,4469,2025-01-24
1119,1119,3707,2025-09-07,2025-09-11,Pending,3885,
1120,1120,5076,2025-09-15,2025-09-18,Accepted,9455,
1121,1121,5187,2025-01-09,2025-01-13,Accepted,3746,
1122,1122,662,2025-02-18,2025-02-20,Accepted,5811,
1123,1123,810,2025-12-17,2025-12-19,Completed,8385,2025-12-20
1124,1124,2308,2025-12-31,2026-01-07,Completed,3441,2026-01-08
1125,1125,3825,2025-11-18,2025-11-22,Completed,7967,2025-11-23
1126,1126,29,2025-08-29,2025-09-05,Completed,3250,2025-09-05
1127,1127,553,2025-02-15,2025-02-16,Pending,1067,
1128,1128,3952,2025-10-29,2025-11-03,Accepted,5121,
1129,1129,1644,2025-03-12,2025-03-17,Pending,2027,
1130,1130,2688,2025-05-16,2025-05-17,Completed,6972,2025-05-19
1131,1131,3489,2025-08-18,2025-08-24,Cancelled,5218,
1132,1132,1407,2025-10-19,2025-10-26,Completed,6020,2025-10-28
1133,1133,3409,2025-03-29,2025-03-30,Cancelled,4436,
1134,1134,1346,2025-11-11,2025-11-16,Pending,4765,
1135,1135,386,2025-08-08,2025-08-11,Completed,1007,2025-08-12
1136,1136,3128,2025-06-01,2025-06-06,Accepted,5038,
1137,1137,437,2025-10-07,2025-10-12,Completed,7077,2025-10-14
1138,1138,5729,2025-11-09,2025-11-10,Completed,1828,2025-11-10
1139,1139,1795,2025-07-06,2025-07-08,Accepted,9429,
1140,1140,3515,2025-04-03,2025-04-07,Accepted,4202,
1141,1141,1340,2025-06-23,2025-06-25,Completed,3939,2025-06-27
1142,1142,4162,2025-01-25,2025-01-26,Completed,9854,2025-01-27
1143,1143,4777,2025-06-26,2025-06-29,Pending,2772,
1144,1144,3917,2025-09-13,2025-09-18,Completed,3350,2025-09-18
1145,1145,1253,2025-01-25,2025-01-28,Pending,5027,
1146,1146,80,2025-10-16,2025-10-19,Completed,6034,2025-10-21
1147,1147,909,2025-03-18,2025-03-23,Completed,1139,2025-03-24
1148,1148,6238,2025-03-04,2025-03-11,Cancelled,7997,
1149,1149,4777,2025-01-21,2025-01-24,Pending,9041,
1150,1150,1073,2025-04-18,2025-04-22,Completed,3193,2025-04-24
1151,1151,4671,2025-07-06,2025-07-10,Pending,3959,
1152,1152,643,2025-09-21,2025-09-22,Completed,9250,2025-09-23
1153,1153,1003,2025-05-01,2025-05-07,Completed,9476,2025-05-09
1154,1154,4280,2025-06-23,2025-06-26,Pending,9649,
1155,1155,5660,2025-05-28,2025-05-31,Completed,6899,2025-05-31
1156,1156,4311,2025-11-21,2025-11-24,Accepted,6510,
1157,1157,4749,2025-01-26,2025-02-02,Accepted,4951,
1158,1158,4003,2025-01-13,2025-01-18,Pending,3254,
1159,1159,2604,2025-01-25,2025-01-27,Completed,2593,2025-01-28
1160,1160,753,2025-06-08,2025-06-11,Completed,8798,2025-06-13
1161,1161,3862,2025-09-12,2025-09-15,Pending,2743,
1162,1162,5895,2025-06-27,2025-07-03,Completed,2779,2025-07-05
1163,1163,4295,2025-04-01,2025-04-02,Accepted,4129,
1164,1164,4019,2025-02-02,2025-02-06,Completed,8193,2025-02-08
1165,1165,1790,2025-10-11,2025-10-16,Pending,8865,
1166,1166,1322,2025-02-19,2025-02-22,Pending,8202,
1167,1167,3065,2025-02-18,2025-02-23,Accepted,3117,
1168,1168,1142,2025-03-12,2025-03-14,Pending,4241,
1169,1169,1494,2025-06-28,2025-06-29,Pending,3112,
1170,1170,6002,2025-01-07,2025-01-08,Accepted,596,
1171,1171,4150,2025-04-12,2025-04-19,Completed,7639,2025-04-21
1172,1172,909,2025-12-23,2025-12-24,Cancelled,8513,
1173,1173,3411,2025-03-19,2025-03-20,Completed,4317,2025-03-22
1174,1174,3308,2025-04-06,2025-04-12,Completed,6763,2025-04-13
1175,1175,5349,2025-02-01,2025-02-03,Accepted,8713,
1176,1176,2198,2025-12-31,2026-01-01,Completed,3584,2026-01-02
1177,1177,5797,2025-02-13,2025-02-16,Pending,1980,
1178,1178,6384,2025-06-27,2025-07-01,Completed,8106,2025-07-02
1179,1179,5719,2025-06-27,2025-07-01,Completed,8678,2025-07-01
1180,1180,1900,2025-12-21,2025-12-22,Pending,5096,
1181,1181,2277,2025-05-14,2025-05-16,Completed,2418,2025-05-16
1182,1182,6478,2025-07-16,2025-07-20,Pending,2042,
1183,1183,4143,2025-02-03,2025-02-04,Cancelled,7205,
1184,1184,947,2025-10-24,2025-10-26,Cancelled,4542,
1185,1185,5203,2025-11-02,2025-11-09,Pending,6284,
1186,1186,1582,2025-09-28,2025-10-04,Accepted,3473,
1187,1187,6356,2025-07-31,2025-08-05,Completed,1151,2025-08-05
1188,1188,4037,2025-06-06,2025-06-08,Completed,5939,2025-06-10
1189,1189,6130,2025-11-07,2025-11-12,Completed,6873,2025-11-13
1190,1190,738,2025-08-29,2025-09-05,Completed,2453,2025-09-07
1191,1191,1632,2025-09-29,2025-09-30,Cancelled,5368,
1192,1192,1808,2025-11-04,2025-11-05,Completed,567,2025-11-06
1193,1193,4095,2025-09-02,2025-09-05,Completed,629,2025-09-07
1194,1194,6249,2025-03-06,2025-03-12,Accepted,9278,
1195,1195,630,2025-09-30,2025-10-04,Completed,9466,2025-10-05
1196,1196,2277,2025-07-03,2025-07-09,Accepted,9598,
1197,1197,4487,2025-11-08,2025-11-10,Completed,6373,2025-11-10
1198,1198,5024,2025-12-16,2025-12-19,Completed,2805,2025-12-19
1199,1199,4926,2025-12-29,2026-01-01,Completed,7858,2026-01-02
1200,1200,236,2025-08-15,2025-08-16,Pending,9073,
1201,1201,3483,2025-11-23,2025-11-27,Pending,5357,
1202,1202,6452,2025-10-16,2025-10-20,Completed,4411,2025-10-21
1203,1203,2414,2025-10-28,2025-11-01,Pending,4290,
1204,1204,2808,2025-04-17,2025-04-23,Accepted,3877,
1205,1205,6041,2025-06-22,2025-06-27,Pending,8744,
1206,1206,417,2025-02-27,2025-03-06,Pending,6543,
1207,1207,3619,2025-10-04,2025-10-08,Pending,3147,
1208,1208,2967,2025-10-23,2025-10-25,Completed,1409,2025-10-26
1209,1209,2694,2025-08-04,2025-08-10,Accepted,2641,
1210,1210,3193,2025-02-08,2025-02-15,Completed,7648,2025-02-15
1211,1211,5789,2025-04-11,2025-04-12,Completed,3463,2025-04-12
1212,1212,453,2025-09-27,2025-10-01,Completed,6003,2025-10-03
1213,1213,4121,2025-06-09,2025-06-15,Accepted,7091,
1214,1214,2239,2025-12-15,2025-12-20,Completed,7669,2025-12-21
1215,1215,3349,2025-01-01,2025-01-08,Accepted,2857,
1216,1216,6031,2025-01-26,2025-01-28,Accepted,9677,
1217,1217,5915,2025-12-12,2025-12-19,Accepted,2487,
1218,1218,64,2025-03-31,2025-04-07,Completed,6690,2025-04-09
1219,1219,5837,2025-11-29,2025-11-30,Completed,7508,2025-12-01
1220,1220,1314,2025-08-03,2025-08-05,Accepted,4683,
1221,1221,4673,2025-09-27,2025-09-29,Accepted,1827,
1222,1222,2150,2025-05-29,2025-06-01,Completed,1260,2025-06-01
1223,1223,573,2025-12-25,2025-12-26,Accepted,8013,
1224,1224,4599,2025-10-12,2025-10-13,Accepted,7405,
1225,1225,5918,2025-05-10,2025-05-14,Completed,645,2025-05-14
1226,1226,1406,2025-07-29,2025-08-02,Completed,1378,2025-08-03
1227,1227,2619,2025-02-23,2025-03-02,Completed,3153,2025-03-03
1228,1228,370,2025-05-10,2025-05-17,Completed,8489,2025-05-18
1229,1229,3112,2025-01-12,2025-01-14,Completed,2516,2025-01-16
1230,1230,6148,2025-12-14,2025-12-17,Completed,7697,2025-12-17
1231,1231,5720,2025-02-19,2025-02-24,Accepted,7138,
1232,1232,2313,2025-07-06,2025-07-11,Accepted,4970,
1233,1233,2233,2025-08-02,2025-08-06,Completed,3045,2025-08-08
1234,1234,4747,2025-06-06,2025-06-10,Accepted,2955,
1235,1235,5742,2025-07-23,2025-07-29,Completed,2423,2025-07-31
1236,1236,4136,2025-10-24,2025-10-29,Completed,713,2025-10-30
1237,1237,2241,2025-04-07,2025-04-09,Accepted,8552,
1238,1238,5857,2025-03-12,2025-03-18,Completed,812,2025-03-18
1239,1239,4839,2025-02-18,2025-02-24,Completed,2621,2025-02-25
1240,1240,4096,2025-09-02,2025-09-07,Completed,4519,2025-09-08
1241,1241,1007,2025-04-24,2025-04-29,Completed,8697,2025-05-01
1242,1242,2704,2025-05-11,2025-05-12,Completed,1123,2025-05-12
1243,1243,5534,2025-05-12,2025-05-14,Completed,7102,2025-05-14
1244,1244,2882,2025-03-24,2025-03-30,Pending,7463,
1245,1245,1954,2025-11-28,2025-12-04,Completed,4565,2025-12-05
1246,1246,1104,2025-02-16,2025-02-23,Accepted,8151,
1247,1247,1874,2025-03-03,2025-03-04,Completed,7599,2025-03-04
1248,1248,1347,2025-09-04,2025-09-11,Completed,1946,2025-09-11
1249,1249,5358,2025-10-26,2025-10-29,Completed,9574,2025-10-31
1250,1250,649,2025-09-03,2025-09-08,Completed,6431,2025-09-09
1251,1251,6383,2025-04-18,2025-04-21,Completed,2140,2025-04-22
1252,1252,5036,2025-02-11,2025-02-14,Accepted,8710,
1253,1253,3537,2025-05-04,2025-05-06,Accepted,5471,
1254,1254,5945,2025-05-27,2025-05-29,Accepted,1117,
1255,1255,3732,2025-06-13,2025-06-19,Completed,4264,2025-06-20
1256,1256,4179,2025-04-02,2025-04-05,Accepted,9515,
1257,1257,5481,2025-04-06,2025-04-11,Completed,1598,2025-04-13
1258,1258,4268,2025-04-09,2025-04-15,Completed,1345,2025-04-16
1259,1259,5644,2025-05-20,2025-05-26,Pending,9090,
1260,1260,4853,2025-09-25,2025-09-28,Completed,1052,2025-09-29
1261,1261,4292,2025-03-16,2025-03-23,Accepted,8552,
1262,1262,4947,2025-01-19,2025-01-23,Completed,758,2025-01-25
1263,1263,17,2025-04-03,2025-04-09,Completed,2640,2025-04-11
1264,1264,865,2025-08-27,2025-08-29,Completed,2455,2025-08-31
1265,1265,6363,2025-01-31,2025-02-02,Accepted,7016,
1266,1266,3567,2025-06-30,2025-07-03,Completed,2106,2025-07-05
1267,1267,1724,2025-10-13,2025-10-16,Completed,2778,2025-10-16
1268,1268,5538,2025-03-09,2025-03-15,Completed,2707,2025-03-16
1269,1269,1858,2025-04-07,2025-04-12,Accepted,3028,
1270,1270,3737,2025-06-11,2025-06-14,Accepted,3457,
1271,1271,6418,2025-06-02,2025-06-09,Completed,638,2025-06-09
1272,1272,1857,2025-01-18,2025-01-21,Completed,1261,2025-01-22
1273,1273,4503,2025-01-21,2025-01-25,Pending,6080,
1274,1274,2775,2025-10-08,2025-10-13,Completed,9432,2025-10-13
1275,1275,1859,2025-10-02,2025-10-06,Completed,2655,2025-10-07
1276,1276,3272,2025-10-25,2025-11-01,Pending,7853,
1277,1277,2534,2025-03-13,2025-03-14,Pending,6358,
1278,1278,4539,2025-12-13,2025-12-18,Cancelled,7384,
1279,1279,4372,2025-11-06,2025-11-07,Pending,5035,
1280,1280,3818,2025-08-17,2025-08-24,Accepted,4153,
1281,1281,119,2025-05-07,2025-05-12,Accepted,4952,
1282,1282,3864,2025-01-07,2025-01-12,Completed,9527,2025-01-12
1283,1283,2300,2025-09-06,2025-09-12,Cancelled,6304,
1284,1284,6049,2025-12-28,2026-01-01,Completed,5971,2026-01-03
1285,1285,5749,2025-04-28,2025-05-05,Cancelled,5522,
1286,1286,493,2025-09-29,2025-10-01,Completed,1316,2025-10-02
1287,1287,3436,2025-06-03,2025-06-09,Pending,1416,
1288,1288,4830,2025-03-10,2025-03-16,Completed,7070,2025-03-18
1289,1289,2261,2025-01-29,2025-02-03,Accepted,2933,
1290,1290,4463,2025-03-19,2025-03-24,Pending,681,
1291,1291,2630,2025-05-07,2025-05-09,Completed,4416,2025-05-09
1292,1292,775,2025-10-28,2025-11-02,Completed,7811,2025-11-03
1293,1293,1853,2025-08-01,2025-08-05,Completed,7666,2025-08-07
1294,1294,4504,2025-02-04,2025-02-08,Completed,7755,2025-02-09
1295,1295,3266,2025-09-28,2025-09-29,Completed,9313,2025-10-01
1296,1296,208,2025-10-04,2025-10-06,Pending,1618,
1297,1297,5675,2025-07-13,2025-07-17,Pending,7638,
1298,1298,447,2025-03-06,2025-03-10,Completed,7791,2025-03-12
1299,1299,4032,2025-07-24,2025-07-31,Completed,8112,2025-07-31
1300,1300,1290,2025-02-13,2025-02-15,Accepted,3713,
1301,1301,2586,2025-02-25,2025-03-01,Completed,2340,2025-03-03
1302,1302,80,2025-06-26,2025-06-30,Accepted,1001,
1303,1303,2967,2025-02-27,2025-03-03,Completed,7482,2025-03-04
1304,1304,112,2025-09-17,2025-09-22,Completed,6126,2025-09-24
1305,1305,187,2025-08-01,2025-08-07,Completed,5043,2025-08-08
1306,1306,3410,2025-09-12,2025-09-17,Pending,512,
1307,1307,3813,2025-11-20,2025-11-24,Completed,9982,2025-11-25
1308,1308,2226,2025-03-10,2025-03-16,Completed,8925,2025-03-16
1309,1309,698,2025-08-28,2025-08-29,Completed,3608,2025-08-29
1310,1310,126,2025-12-20,2025-12-23,Completed,2919,2025-12-24
1311,1311,1964,2025-10-17,2025-10-21,Completed,4970,2025-10-22
1312,1312,346,2025-07-03,2025-07-05,Completed,3827,2025-07-06
1313,1313,3456,2025-09-13,2025-09-20,Completed,7644,2025-09-21
1314,1314,2527,2025-05-22,2025-05-27,Completed,6565,2025-05-28
1315,1315,5914,2025-08-31,2025-09-02,Pending,846,
1316,1316,2812,2025-08-31,2025-09-01,Completed,7797,2025-09-03
1317,1317,2273,2025-12-03,2025-12-07,Completed,5193,2025-12-07
1318,1318,5282,2025-02-12,2025-02-18,Completed,6751,2025-02-19
1319,1319,6408,2025-04-09,2025-04-13,Completed,619,2025-04-13
1320,1320,2385,2025-03-29,2025-04-02,Accepted,9220,
1321,1321,2388,2025-06-06,2025-06-13,Accepted,6347,
1322,1322,3752,2025-08-30,2025-09-03,Completed,7448,2025-09-03
1323,1323,590,2025-09-09,2025-09-15,Completed,5157,2025-09-17
1324,1324,1807,2025-08-14,2025-08-18,Accepted,9691,
1325,1325,697,2025-02-14,2025-02-16,Completed,5080,2025-02-17
1326,1326,3286,2025-08-03,2025-08-07,Completed,5812,2025-08-08
1327,1327,264,2025-08-24,2025-08-29,Completed,1263,2025-08-30
1328,1328,975,2025-11-15,2025-11-18,Completed,1779,2025-11-18
1329,1329,3781,2025-02-17,2025-02-21,Completed,9034,2025-02-23
1330,1330,5717,2025-05-16,2025-05-18,Completed,5669,2025-05-18
1331,1331,2992,2025-12-27,2026-01-01,Completed,840,2026-01-03
1332,1332,484,2025-11-01,2025-11-07,Accepted,8481,
1333,1333,3233,2025-04-23,2025-04-27,Accepted,2474,
1334,1334,1865,2025-07-12,2025-07-14,Pending,6020,
1335,1335,2373,2025-11-16,2025-11-17,Completed,6870,2025-11-19
1336,1336,5044,2025-08-15,2025-08-18,Accepted,5374,
1337,1337,5677,2025-09-20,2025-09-21,Completed,4980,2025-09-22
1338,1338,2472,2025-05-26,2025-06-01,Completed,1960,2025-06-03
1339,1339,30,2025-12-27,2025-12-31,Accepted,5296,
1340,1340,3186,2025-12-10,2025-12-13,Completed,7171,2025-12-13
1341,1341,1160,2025-06-01,2025-06-03,Completed,8009,2025-06-05
1342,1342,659,2025-11-13,2025-11-18,Completed,2384,2025-11-18
1343,1343,4642,2025-05-17,2025-05-24,Completed,3189,2025-05-24
1344,1344,4349,2025-03-06,2025-03-10,Completed,7779,2025-03-11
1345,1345,6099,2025-05-24,2025-05-30,Completed,4106,2025-05-31
1346,1346,1790,2025-07-20,2025-07-22,Cancelled,6269,
1347,1347,5121,2025-05-13,2025-05-20,Completed,7412,2025-05-20
1348,1348,6326,2025-07-08,2025-07-11,Pending,8216,
1349,1349,6119,2025-04-23,2025-04-28,Completed,9555,2025-04-30
1350,1350,297,2025-12-03,2025-12-05,Pending,7714,
1351,1351,1346,2025-09-12,2025-09-18,Cancelled,2920,
1352,1352,1024,2025-04-18,2025-04-22,Completed,8270,2025-04-22
1353,1353,3311,2025-01-25,2025-01-30,Completed,8432,2025-02-01
1354,1354,216,2025-01-02,2025-01-05,Completed,4599,2025-01-06
1355,1355,2820,2025-02-18,2025-02-21,Completed,5071,2025-02-23
1356,1356,4248,2025-08-18,2025-08-22,Completed,6576,2025-08-24
1357,1357,1441,2025-05-10,2025-05-15,Completed,7710,2025-05-16
1358,1358,6050,2025-01-08,2025-01-14,Accepted,1766,
1359,1359,3974,2025-03-08,2025-03-11,Completed,936,2025-03-13
1360,1360,409,2025-02-27,2025-03-02,Completed,1906,2025-03-02
1361,1361,1241,2025-07-10,2025-07-16,Accepted,2795,
1362,1362,4893,2025-06-11,2025-06-18,Accepted,9275,
1363,1363,6478,2025-01-16,2025-01-21,Accepted,2524,
1364,1364,1736,2025-07-12,2025-07-18,Completed,5308,2025-07-19
1365,1365,1500,2025-06-06,2025-06-11,Pending,1270,
1366,1366,4969,2025-12-21,2025-12-25,Completed,7865,2025-12-27
1367,1367,4214,2025-09-28,2025-10-04,Completed,5938,2025-10-05
1368,1368,5973,2025-03-03,2025-03-04,Completed,8550,2025-03-05
1369,1369,3691,2025-04-05,2025-04-06,Completed,7725,2025-04-08
1370,1370,4713,2025-01-06,2025-01-11,Completed,5354,2025-01-12
1371,1371,5793,2025-09-18,2025-09-25,Accepted,8331,
1372,1372,3032,2025-06-08,2025-06-10,Accepted,7279,
1373,1373,2422,2025-01-19,2025-01-25,Accepted,4167,
1374,1374,5911,2025-07-01,2025-07-02,Completed,4646,2025-07-03
1375,1375,711,2025-01-22,2025-01-24,Completed,6396,2025-01-25
1376,1376,1224,2025-01-21,2025-01-23,Completed,1388,2025-01-25
1377,1377,198,2025-07-31,2025-08-05,Completed,7511,2025-08-05
1378,1378,545,2025-12-31,2026-01-01,Pending,9850,
1379,1379,3213,2025-11-19,2025-11-25,Completed,6547,2025-11-25
1380,1380,3727,2025-09-21,2025-09-22,Completed,5561,2025-09-24
1381,1381,652,2025-10-11,2025-10-14,Pending,3794,
1382,1382,4955,2025-09-11,2025-09-18,Completed,9527,2025-09-18
1383,1383,1181,2025-03-25,2025-03-28,Completed,6402,2025-03-28
1384,1384,1048,2025-04-01,2025-04-02,Completed,5257,2025-04-04
1385,1385,4008,2025-09-14,2025-09-16,Completed,1882,2025-09-17
1386,1386,6238,2025-10-12,2025-10-19,Completed,7388,2025-10-19
1387,1387,5273,2025-05-09,2025-05-12,Pending,6624,
1388,1388,2421,2025-11-13,2025-11-18,Completed,7766,2025-11-20
1389,1389,6185,2025-04-16,2025-04-21,Completed,6063,2025-04-22
1390,1390,5552,2025-06-14,2025-06-19,Pending,7719,
1391,1391,2463,2025-08-29,2025-08-31,Completed,4484,2025-09-01
1392,1392,4148,2025-01-26,2025-02-01,Completed,9197,2025-02-01
1393,1393,4202,2025-02-16,2025-02-22,Completed,6940,2025-02-24
1394,1394,3785,2025-09-04,2025-09-10,Completed,3935,2025-09-10
1395,1395,2070,2025-08-01,2025-08-07,Completed,1219,2025-08-08
1396,1396,1863,2025-11-08,2025-11-12,Completed,1915,2025-11-13
1397,1397,6079,2025-07-21,2025-07-28,Cancelled,1572,
1398,1398,4482,2025-06-24,2025-06-28,Pending,3235,
1399,1399,2457,2025-10-15,2025-10-16,Completed,571,2025-10-16
1400,1400,2693,2025-02-10,2025-02-16,Completed,6814,2025-02-17
1401,1401,4616,2025-03-25,2025-03-26,Pending,7386,
1402,1402,1061,2025-02-28,2025-03-05,Completed,4588,2025-03-06
1403,1403,767,2025-04-27,2025-05-03,Completed,2274,2025-05-03
1404,1404,1336,2025-01-18,2025-01-22,Completed,8134,2025-01-22
1405,1405,1559,2025-11-06,2025-11-11,Pending,2159,
1406,1406,2995,2025-09-04,2025-09-09,Completed,8024,2025-09-10
1407,1407,1180,2025-04-16,2025-04-22,Completed,5831,2025-04-23
1408,1408,5177,2025-03-13,2025-03-16,Accepted,6453,
1409,1409,1473,2025-02-27,2025-02-28,Completed,9463,2025-03-01
1410,1410,3016,2025-12-27,2025-12-28,Pending,2174,
1411,1411,3617,2025-08-11,2025-08-16,Pending,8084,
1412,1412,4531,2025-01-06,2025-01-12,Completed,4664,2025-01-14
1413,1413,3717,2025-08-15,2025-08-20,Completed,6005,2025-08-21
1414,1414,4871,2025-04-17,2025-04-20,Completed,7556,2025-04-22
1415,1415,4544,2025-12-20,2025-12-26,Completed,2389,2025-12-28
1416,1416,5250,2025-02-03,2025-02-05,Completed,8841,2025-02-05
1417,1417,4785,2025-09-23,2025-09-25,Completed,6219,2025-09-26
1418,1418,5437,2025-08-29,2025-08-31,Completed,8383,2025-08-31
1419,1419,1094,2025-05-09,2025-05-10,Completed,5182,2025-05-12
1420,1420,1880,2025-06-22,2025-06-28,Accepted,6983,
1421,1421,6171,2025-03-09,2025-03-12,Completed,2180,2025-03-12
1422,1422,5566,2025-04-20,2025-04-24,Completed,1994,2025-04-25
1423,1423,13,2025-03-26,2025-03-31,Completed,9178,2025-04-01
1424,1424,2312,2025-03-31,2025-04-05,Accepted,501,
1425,1425,4851,2025-04-27,2025-04-28,Completed,3584,2025-04-28
1426,1426,3989,2025-07-11,2025-07-12,Pending,6309,
1427,1427,2875,2025-03-14,2025-03-21,Accepted,6057,
1428,1428,2761,2025-08-24,2025-08-27,Pending,8149,
1429,1429,3150,2025-06-15,2025-06-21,Completed,5017,2025-06-21
1430,1430,2412,2025-08-12,2025-08-19,Completed,3402,2025-08-21
1431,1431,786,2025-04-16,2025-04-19,Completed,3370,2025-04-19
1432,1432,2938,2025-09-04,2025-09-06,Accepted,4316,
1433,1433,3075,2025-07-30,2025-07-31,Completed,2793,2025-08-01
1434,1434,2753,2025-05-31,2025-06-06,Accepted,5056,
1435,1435,5547,2025-05-18,2025-05-21,Completed,8119,2025-05-22
1436,1436,4910,2025-05-21,2025-05-27,Completed,9523,2025-05-28
1437,1437,6218,2025-06-14,2025-06-17,Completed,1533,2025-06-17
1438,1438,5542,2025-10-08,2025-10-09,Pending,8348,
1439,1439,11,2025-09-19,2025-09-23,Completed,9194,2025-09-24
1440,1440,3989,2025-04-13,2025-04-17,Pending,8038,
1441,1441,2315,2025-10-26,2025-10-30,Pending,9058,
1442,1442,698,2025-06-21,2025-06-27,Completed,3069,2025-06-27
1443,1443,3021,2025-09-21,2025-09-27,Accepted,3633,
1444,1444,1608,2025-08-18,2025-08-22,Accepted,5123,
1445,1445,2275,2025-01-06,2025-01-09,Accepted,5958,
1446,1446,2932,2025-02-22,2025-02-25,Completed,4298,2025-02-27
1447,1447,5266,2025-12-30,2026-01-01,Completed,6778,2026-01-03
1448,1448,1454,2025-10-16,2025-10-17,Completed,2265,2025-10-17
1449,1449,1053,2025-04-04,2025-04-05,Completed,1177,2025-04-06
1450,1450,1370,2025-10-03,2025-10-04,Completed,763,2025-10-05
1451,1451,88,2025-03-02,2025-03-08,Completed,2602,2025-03-08
1452,1452,1190,2025-09-11,2025-09-15,Completed,604,2025-09-16
1453,1453,184,2025-08-29,2025-08-30,Completed,9429,2025-09-01
1454,1454,2051,2025-01-24,2025-01-27,Completed,2509,2025-01-29
1455,1455,5746,2025-11-08,2025-11-14,Completed,8363,2025-11-15
1456,1456,5314,2025-09-13,2025-09-20,Completed,3936,2025-09-22
1457,1457,5910,2025-10-14,2025-10-17,Accepted,1173,
1458,1458,5515,2025-11-14,2025-11-19,Pending,2439,
1459,1459,714,2025-06-28,2025-07-01,Completed,6521,2025-07-03
1460,1460,2385,2025-05-22,2025-05-23,Accepted,4693,
1461,1461,3056,2025-12-07,2025-12-11,Accepted,2622,
1462,1462,5724,2025-03-13,2025-03-17,Accepted,4464,
1463,1463,1602,2025-09-10,2025-09-12,Completed,5723,2025-09-12
1464,1464,357,2025-01-17,2025-01-22,Completed,9319,2025-01-24
1465,1465,2171,2025-01-05,2025-01-11,Completed,2760,2025-01-13
1466,1466,2059,2025-11-18,2025-11-25,Accepted,7540,
1467,1467,807,2025-07-31,2025-08-01,Completed,6532,2025-08-01
1468,1468,3220,2025-04-29,2025-04-30,Completed,1307,2025-04-30
1469,1469,4952,2025-12-29,2026-01-04,Completed,8130,2026-01-05
1470,1470,1600,2025-03-01,2025-03-02,Completed,7675,2025-03-02
1471,1471,2356,2025-07-29,2025-08-03,Pending,6493,
1472,1472,4474,2025-12-20,2025-12-26,Completed,7669,2025-12-28
1473,1473,1192,2025-03-10,2025-03-11,Pending,5455,
1474,1474,4239,2025-04-06,2025-04-09,Completed,5358,2025-04-10
1475,1475,715,2025-10-26,2025-10-29,Accepted,7645,
1476,1476,1389,2025-08-21,2025-08-22,Pending,7541,
1477,1477,3249,2025-01-15,2025-01-20,Completed,6688,2025-01-22
1478,1478,4188,2025-09-05,2025-09-12,Completed,2672,2025-09-13
1479,1479,4985,2025-01-27,2025-01-31,Completed,6757,2025-01-31
1480,1480,751,2025-08-08,2025-08-10,Completed,5064,2025-08-11
1481,1481,4719,2025-10-16,2025-10-23,Completed,5277,2025-10-24
1482,1482,5043,2025-05-24,2025-05-30,Completed,9377,2025-05-30
1483,1483,2486,2025-12-30,2026-01-06,Accepted,3841,
1484,1484,5484,2025-01-31,2025-02-06,Completed,4287,2025-02-08
1485,1485,485,2025-06-23,2025-06-26,Pending,6229,
1486,1486,941,2025-12-04,2025-12-08,Completed,8230,2025-12-08
1487,1487,6049,2025-09-17,2025-09-23,Cancelled,6531,
1488,1488,860,2025-12-14,2025-12-16,Accepted,8954,
1489,1489,174,2025-06-28,2025-07-01,Accepted,6421,
1490,1490,2389,2025-07-27,2025-08-01,Completed,591,2025-08-02
1491,1491,159,2025-07-06,2025-07-13,Completed,8578,2025-07-14
1492,1492,273,2025-01-08,2025-01-12,Accepted,9580,
1493,1493,1167,2025-04-02,2025-04-07,Pending,3055,
1494,1494,4219,2025-09-07,2025-09-14,Completed,2288,2025-09-15
1495,1495,3937,2025-10-02,2025-10-08,Accepted,7529,
1496,1496,1559,2025-06-15,2025-06-22,Completed,9829,2025-06-24
1497,1497,6278,2025-01-04,2025-01-05,Pending,1285,
1498,1498,5920,2025-05-17,2025-05-18,Completed,5150,2025-05-20
1499,1499,132,2025-04-25,2025-05-02,Pending,3158,
1500,1500,5538,2025-12-06,2025-12-13,Pending,1678,
1501,1501,2757,2025-12-30,2025-12-31,Completed,5630,2025-12-31
1502,1502,5993,2025-12-23,2025-12-28,Accepted,5281,
1503,1503,3068,2025-03-19,2025-03-24,Completed,6410,2025-03-25
1504,1504,1618,2025-04-23,2025-04-24,Completed,2973,2025-04-26
1505,1505,3951,2025-05-01,2025-05-06,Completed,823,2025-05-08
1506,1506,3434,2025-11-26,2025-12-01,Accepted,2481,
1507,1507,767,2025-03-03,2025-03-09,Completed,8715,2025-03-09
1508,1508,6002,2025-11-07,2025-11-09,Accepted,4959,
1509,1509,107,2025-12-23,2025-12-25,Accepted,7170,
1510,1510,1253,2025-01-07,2025-01-10,Completed,7230,2025-01-11
1511,1511,6063,2025-09-22,2025-09-25,Completed,1809,2025-09-27
1512,1512,619,2025-12-01,2025-12-05,Completed,1159,2025-12-06
1513,1513,4610,2025-07-04,2025-07-07,Accepted,7169,
1514,1514,5449,2025-03-14,2025-03-19,Cancelled,7605,
1515,1515,2508,2025-12-30,2026-01-05,Completed,3515,2026-01-06
1516,1516,4106,2025-07-12,2025-07-18,Completed,3392,2025-07-20
1517,1517,3701,2025-06-20,2025-06-24,Accepted,4827,
1518,1518,1740,2025-11-10,2025-11-17,Completed,5169,2025-11-17
1519,1519,981,2025-09-05,2025-09-07,Completed,6745,2025-09-08
1520,1520,2327,2025-04-08,2025-04-09,Accepted,3312,
1521,1521,944,2025-12-25,2025-12-29,Completed,5999,2025-12-29
1522,1522,6353,2025-02-10,2025-02-13,Accepted,4497,
1523,1523,448,2025-11-13,2025-11-17,Completed,8776,2025-11-18
1524,1524,3218,2025-11-28,2025-12-03,Completed,7665,2025-12-03
1525,1525,2629,2025-11-18,2025-11-21,Accepted,2930,
1526,1526,6079,2025-03-20,2025-03-27,Accepted,1908,
1527,1527,2806,2025-11-22,2025-11-24,Completed,3785,2025-11-25
1528,1528,4050,2025-12-30,2026-01-06,Completed,7305,2026-01-07
1529,1529,3917,2025-05-03,2025-05-07,Accepted,9217,
1530,1530,2693,2025-11-11,2025-11-18,Cancelled,3441,
1531,1531,4104,2025-03-12,2025-03-15,Completed,798,2025-03-16
1532,1532,2594,2025-01-06,2025-01-08,Completed,3973,2025-01-08
1533,1533,3912,2025-09-18,2025-09-21,Completed,8258,2025-09-21
1534,1534,4271,2025-05-01,2025-05-08,Completed,3585,2025-05-10
1535,1535,673,2025-06-02,2025-06-09,Completed,2935,2025-06-09
1536,1536,3008,2025-07-30,2025-08-03,Completed,6918,2025-08-03
1537,1537,1596,2025-06-08,2025-06-10,Completed,5602,2025-06-11
1538,1538,1772,2025-01-21,2025-01-23,Accepted,7981,
1539,1539,5254,2025-07-21,2025-07-28,Completed,6447,2025-07-30
1540,1540,4075,2025-01-10,2025-01-13,Completed,7884,2025-01-15
1541,1541,5535,2025-10-04,2025-10-07,Accepted,8591,
1542,1542,3852,2025-11-18,2025-11-21,Pending,5506,
1543,1543,4890,2025-02-15,2025-02-20,Pending,2302,
1544,1544,5291,2025-08-15,2025-08-20,Completed,4332,2025-08-22
1545,1545,1924,2025-02-03,2025-02-08,Completed,1739,2025-02-08
1546,1546,3770,2025-09-09,2025-09-12,Cancelled,8775,
1547,1547,3283,2025-04-08,2025-04-10,Completed,3855,2025-04-11
1548,1548,5497,2025-07-14,2025-07-17,Accepted,6737,
1549,1549,4734,2025-06-03,2025-06-10,Pending,1460,
1550,1550,134,2025-09-09,2025-09-10,Completed,3156,2025-09-12
1551,1551,2042,2025-01-13,2025-01-17,Cancelled,8928,
1552,1552,1844,2025-08-11,2025-08-12,Completed,4939,2025-08-12
1553,1553,3714,2025-07-08,2025-07-12,Completed,8571,2025-07-14
1554,1554,5403,2025-07-17,2025-07-23,Accepted,1853,
1555,1555,5789,2025-06-07,2025-06-11,Completed,1761,2025-06-12
1556,1556,3547,2025-11-04,2025-11-10,Completed,8621,2025-11-12
1557,1557,2085,2025-09-19,2025-09-20,Pending,2249,
1558,1558,4423,2025-09-18,2025-09-20,Completed,7345,2025-09-21
1559,1559,713,2025-04-11,2025-04-17,Completed,5949,2025-04-19
1560,1560,1351,2025-01-02,2025-01-09,Completed,5482,2025-01-10
1561,1561,2172,2025-03-06,2025-03-09,Completed,1071,2025-03-09
1562,1562,4415,2025-11-11,2025-11-13,Accepted,2227,
1563,1563,471,2025-03-09,2025-03-11,Completed,7716,2025-03-11
1564,1564,3152,2025-10-02,2025-10-05,Completed,6382,2025-10-07
1565,1565,5529,2025-06-17,2025-06-18,Completed,4957,2025-06-19
1566,1566,2765,2025-01-05,2025-01-06,Completed,3896,2025-01-07
1567,1567,4330,2025-02-21,2025-02-24,Pending,2693,
1568,1568,353,2025-08-05,2025-08-07,Accepted,7198,
1569,1569,3448,2026-01-01,2026-01-05,Accepted,9152,
1570,1570,118,2025-08-23,2025-08-27,Completed,7813,2025-08-28
1571,1571,5310,2025-05-19,2025-05-25,Completed,7562,2025-05-27
1572,1572,609,2025-02-09,2025-02-13,Completed,7770,2025-02-15
1573,1573,6027,2025-12-30,2026-01-06,Completed,7392,2026-01-06
1574,1574,255,2025-04-07,2025-04-12,Pending,4366,
1575,1575,1850,2025-08-29,2025-08-31,Accepted,2989,
1576,1576,48,2025-10-10,2025-10-15,Cancelled,2597,
1577,1577,5669,2025-05-04,2025-05-07,Accepted,8769,
1578,1578,501,2025-12-10,2025-12-16,Completed,2922,2025-12-17
1579,1579,1755,2025-04-30,2025-05-06,Completed,8753,2025-05-06
1580,1580,714,2025-05-15,2025-05-20,Cancelled,5349,
1581,1581,6383,2025-07-29,2025-07-31,Completed,8363,2025-08-01
1582,1582,4323,2025-12-28,2025-12-30,Pending,9827,
1583,1583,1196,2025-06-27,2025-07-01,Completed,4151,2025-07-01
1584,1584,3848,2025-07-25,2025-07-27,Pending,7558,
1585,1585,1208,2025-09-15,2025-09-19,Completed,2956,2025-09-19
1586,1586,2986,2025-06-10,2025-06-14,Completed,1144,2025-06-16
1587,1587,6117,2025-05-11,2025-05-16,Pending,3211,
1588,1588,2745,2025-01-27,2025-01-31,Completed,6784,2025-01-31
1589,1589,1674,2025-10-22,2025-10-26,Completed,2024,2025-10-28
1590,1590,5449,2025-12-10,2025-12-15,Completed,7914,2025-12-15
1591,1591,2828,2025-11-05,2025-11-06,Completed,5865,2025-11-07
1592,1592,949,2025-08-05,2025-08-12,Completed,9810,2025-08-13
1593,1593,824,2025-10-04,2025-10-11,Accepted,9963,
1594,1594,1010,2025-08-19,2025-08-23,Completed,3423,2025-08-23
1595,1595,2135,2025-01-10,2025-01-15,Pending,7823,
1596,1596,5424,2025-01-12,2025-01-18,Completed,8563,2025-01-20
1597,1597,2097,2025-01-01,2025-01-06,Pending,1575,
1598,1598,2330,2025-01-30,2025-02-03,Completed,2338,2025-02-03
1599,1599,2249,2025-01-16,2025-01-21,Accepted,8043,
1600,1600,6456,2025-03-18,2025-03-24,Pending,541,
1601,1601,2973,2025-07-16,2025-07-17,Completed,7607,2025-07-17
1602,1602,5981,2025-12-02,2025-12-03,Completed,4218,2025-12-03
1603,1603,5374,2025-11-10,2025-11-14,Accepted,1538,
1604,1604,1961,2025-09-24,2025-09-25,Completed,9964,2025-09-27
1605,1605,5782,2025-09-26,2025-10-01,Completed,7442,2025-10-02
1606,1606,856,2025-09-20,2025-09-25,Completed,1601,2025-09-27
1607,1607,5595,2025-04-12,2025-04-14,Completed,6731,2025-04-15
1608,1608,4516,2025-10-06,2025-10-07,Accepted,9073,
1609,1609,612,2025-12-17,2025-12-18,Completed,4206,2025-12-19
1610,1610,2902,2025-05-13,2025-05-16,Completed,8835,2025-05-17
1611,1611,1000,2025-04-14,2025-04-18,Pending,8666,
1612,1612,5894,2025-04-11,2025-04-12,Completed,4097,2025-04-14
1613,1613,5544,2025-11-15,2025-11-20,Accepted,3658,
1614,1614,521,2025-04-08,2025-04-15,Completed,3257,2025-04-15
1615,1615,2645,2025-01-31,2025-02-05,Completed,7018,2025-02-07
1616,1616,2312,2025-11-08,2025-11-13,Completed,2865,2025-11-15
1617,1617,4861,2025-02-18,2025-02-20,Completed,2320,2025-02-22
1618,1618,2298,2025-08-08,2025-08-13,Completed,3418,2025-08-14
1619,1619,6227,2025-10-09,2025-10-14,Completed,1163,2025-10-15
1620,1620,258,2025-09-01,2025-09-08,Pending,4630,
1621,1621,5968,2025-07-24,2025-07-29,Completed,819,2025-07-31
1622,1622,4014,2025-05-09,2025-05-13,Accepted,8036,
1623,1623,4774,2025-10-05,2025-10-08,Completed,2231,2025-10-08
1624,1624,2078,2025-07-26,2025-08-01,Completed,5503,2025-08-03
1625,1625,4275,2025-11-03,2025-11-04,Accepted,8533,
1626,1626,1998,2025-04-25,2025-04-26,Accepted,6145,
1627,1627,1525,2025-09-23,2025-09-28,Completed,1327,2025-09-28
1628,1628,5496,2025-12-12,2025-12-18,Completed,6438,2025-12-20
1629,1629,1335,2025-03-13,2025-03-18,Accepted,9300,
1630,1630,4608,2025-04-28,2025-05-04,Completed,1279,2025-05-06
1631,1631,3150,2025-11-17,2025-11-22,Completed,5871,2025-11-22
1632,1632,1270,2025-09-19,2025-09-26,Completed,4738,2025-09-26
1633,1633,5479,2026-01-01,2026-01-03,Cancelled,5226,
1634,1634,4284,2025-12-25,2025-12-26,Completed,2104,2025-12-26
1635,1635,3173,2025-05-04,2025-05-06,Completed,2317,2025-05-08
1636,1636,6266,2025-08-09,2025-08-13,Completed,2640,2025-08-14
1637,1637,3042,2025-12-13,2025-12-20,Completed,9921,2025-12-22
1638,1638,1198,2025-05-12,2025-05-17,Completed,3049,2025-05-19
1639,1639,3218,2025-02-09,2025-02-11,Completed,3816,2025-02-12
1640,1640,2131,2025-10-14,2025-10-18,Accepted,9097,
1641,1641,4979,2025-10-01,2025-10-02,Completed,4706,2025-10-02
1642,1642,6029,2025-03-02,2025-03-09,Completed,6519,2025-03-11
1643,1643,5544,2025-12-20,2025-12-22,Pending,2391,
1644,1644,5557,2025-09-23,2025-09-30,Completed,2305,2025-09-30
1645,1645,3363,2025-03-24,2025-03-29,Pending,1519,
1646,1646,235,2025-08-04,2025-08-05,Accepted,1002,
1647,1647,5720,2025-04-30,2025-05-01,Completed,4295,2025-05-03
1648,1648,5999,2025-08-26,2025-08-29,Accepted,9046,
1649,1649,6452,2025-10-10,2025-10-16,Completed,7128,2025-10-18
1650,1650,5047,2025-05-23,2025-05-29,Accepted,1406,
1651,1651,2534,2025-03-01,2025-03-07,Pending,8674,
1652,1652,1400,2025-10-06,2025-10-10,Completed,952,2025-10-11
1653,1653,5432,2025-01-13,2025-01-20,Pending,9716,
1654,1654,608,2025-06-12,2025-06-15,Accepted,6896,
1655,1655,144,2025-10-18,2025-10-21,Pending,3981,
1656,1656,1669,2025-07-04,2025-07-09,Cancelled,3562,
1657,1657,5950,2025-04-19,2025-04-24,Completed,6684,2025-04-24
1658,1658,4014,2025-01-02,2025-01-09,Completed,3718,2025-01-11
1659,1659,6395,2025-12-24,2025-12-31,Completed,6532,2026-01-02
1660,1660,3147,2025-10-16,2025-10-22,Completed,2681,2025-10-23
1661,1661,2547,2025-06-24,2025-06-27,Pending,5929,
1662,1662,2529,2025-02-20,2025-02-25,Completed,5517,2025-02-26
1663,1663,4094,2025-01-04,2025-01-11,Pending,5212,
1664,1664,636,2025-08-10,2025-08-11,Accepted,3788,
1665,1665,4951,2025-01-05,2025-01-07,Accepted,2047,
1666,1666,4056,2025-08-12,2025-08-19,Completed,5555,2025-08-19
1667,1667,1090,2025-09-23,2025-09-27,Pending,6859,
1668,1668,1699,2025-06-21,2025-06-28,Pending,7520,
1669,1669,1615,2025-02-11,2025-02-17,Pending,7727,
1670,1670,1660,2025-03-18,2025-03-24,Completed,6360,2025-03-24
1671,1671,5642,2025-04-27,2025-05-02,Completed,8478,2025-05-03
1672,1672,4222,2025-03-26,2025-04-01,Completed,6105,2025-04-01
1673,1673,5243,2025-03-19,2025-03-21,Completed,6684,2025-03-21
1674,1674,4445,2025-09-30,2025-10-05,Completed,4427,2025-10-05
1675,1675,4437,2025-04-11,2025-04-16,Pending,780,
1676,1676,3784,2025-05-08,2025-05-10,Completed,9391,2025-05-10
1677,1677,3821,2025-01-10,2025-01-14,Completed,7764,2025-01-16
1678,1678,6395,2025-03-31,2025-04-01,Pending,9864,
1679,1679,2169,2025-11-18,2025-11-24,Cancelled,729,
1680,1680,1396,2025-03-22,2025-03-28,Completed,7448,2025-03-29
1681,1681,2100,2025-11-09,2025-11-14,Completed,9836,2025-11-14
1682,1682,3613,2025-01-16,2025-01-21,Completed,3048,2025-01-21
1683,1683,13,2025-02-21,2025-02-25,Completed,3932,2025-02-25
1684,1684,855,2025-04-02,2025-04-06,Completed,5219,2025-04-07
1685,1685,5277,2025-03-29,2025-04-05,Accepted,3780,
1686,1686,3022,2025-03-15,2025-03-21,Completed,8614,2025-03-22
1687,1687,6355,2025-10-21,2025-10-22,Completed,3713,2025-10-22
1688,1688,5266,2025-03-30,2025-04-04,Completed,7546,2025-04-04
1689,1689,82,2025-08-30,2025-09-06,Completed,6594,2025-09-08
1690,1690,2502,2025-02-12,2025-02-15,Cancelled,8848,
1691,1691,8,2025-10-11,2025-10-16,Accepted,7138,
1692,1692,634,2025-06-08,2025-06-12,Completed,9344,2025-06-12
1693,1693,1460,2025-04-17,2025-04-19,Accepted,3665,
1694,1694,35,2025-09-24,2025-09-28,Completed,7980,2025-09-30
1695,1695,198,2025-01-25,2025-02-01,Completed,9576,2025-02-02
1696,1696,3379,2025-09-22,2025-09-25,Completed,8251,2025-09-26
1697,1697,4482,2025-01-16,2025-01-23,Accepted,5322,
1698,1698,2339,2025-11-20,2025-11-26,Completed,8897,2025-11-26
1699,1699,5153,2025-03-25,2025-03-27,Pending,2319,
1700,1700,220,2025-12-05,2025-12-11,Accepted,4638,
1701,1701,4333,2025-12-03,2025-12-07,Pending,8729,
1702,1702,230,2025-12-05,2025-12-07,Pending,1935,
1703,1703,3256,2025-06-10,2025-06-15,Completed,2168,2025-06-15
1704,1704,3103,2025-12-17,2025-12-21,Completed,5881,2025-12-22
1705,1705,3159,2025-10-13,2025-10-16,Cancelled,3255,
1706,1706,5950,2025-05-03,2025-05-10,Completed,8377,2025-05-11
1707,1707,6338,2025-10-28,2025-10-30,Completed,7210,2025-10-31
1708,1708,5766,2025-06-17,2025-06-24,Accepted,3993,
1709,1709,4931,2025-11-30,2025-12-02,Completed,6224,2025-12-03
1710,1710,5119,2025-12-29,2025-12-31,Completed,7099,2026-01-02
1711,1711,4729,2025-01-31,2025-02-01,Completed,7386,2025-02-01
1712,1712,2135,2025-11-28,2025-12-03,Completed,1471,2025-12-04
1713,1713,3415,2026-01-01,2026-01-03,Completed,9106,2026-01-05
1714,1714,336,2025-01-22,2025-01-23,Completed,2791,2025-01-24
1715,1715,2059,2025-03-21,2025-03-23,Completed,6959,2025-03-25
1716,1716,4634,2025-03-10,2025-03-16,Completed,3313,2025-03-18
1717,1717,635,2025-07-30,2025-07-31,Completed,2805,2025-08-01
1718,1718,2142,2025-01-01,2025-01-06,Completed,2310,2025-01-06
1719,1719,3053,2025-04-05,2025-04-07,Cancelled,6544,
1720,1720,55,2025-11-08,2025-11-09,Completed,2811,2025-11-09
1721,1721,1303,2025-04-25,2025-05-01,Completed,2424,2025-05-01
1722,1722,4760,2025-01-06,2025-01-08,Completed,9966,2025-01-08
1723,1723,3004,2025-02-16,2025-02-17,Completed,4368,2025-02-17
1724,1724,6283,2025-03-11,2025-03-13,Completed,2549,2025-03-14
1725,1725,171,2025-03-02,2025-03-04,Completed,9146,2025-03-06
1726,1726,1052,2025-01-28,2025-01-31,Cancelled,6283,
1727,1727,5803,2025-03-21,2025-03-24,Completed,7593,2025-03-26
1728,1728,3575,2025-02-15,2025-02-19,Completed,9054,2025-02-19
1729,1729,5199,2025-04-08,2025-04-15,Completed,7324,2025-04-16
1730,1730,5241,2025-03-12,2025-03-15,Completed,9914,2025-03-15
1731,1731,2988,2025-01-24,2025-01-26,Completed,4415,2025-01-26
1732,1732,1771,2025-11-12,2025-11-17,Pending,8161,
1733,1733,1090,2025-08-28,2025-09-04,Completed,2719,2025-09-04
1734,1734,2197,2025-08-06,2025-08-12,Completed,9818,2025-08-14
1735,1735,2422,2025-11-15,2025-11-21,Completed,8461,2025-11-21
1736,1736,2201,2025-11-03,2025-11-08,Completed,9269,2025-11-10
1737,1737,2243,2025-02-20,2025-02-27,Completed,6568,2025-02-27
1738,1738,6086,2025-06-07,2025-06-12,Accepted,8735,
1739,1739,859,2025-07-26,2025-07-31,Pending,1452,
1740,1740,5094,2025-03-20,2025-03-25,Pending,5088,
1741,1741,4456,2025-11-14,2025-11-19,Completed,1883,2025-11-21
1742,1742,3933,2025-12-12,2025-12-16,Accepted,5985,
1743,1743,2913,2025-09-05,2025-09-12,Completed,1236,2025-09-14
1744,1744,3487,2025-09-12,2025-09-15,Completed,4007,2025-09-16
1745,1745,5087,2025-11-16,2025-11-22,Completed,3047,2025-11-24
1746,1746,247,2025-10-17,2025-10-21,Completed,2988,2025-10-21
1747,1747,253,2025-03-28,2025-03-31,Cancelled,7247,
1748,1748,1493,2025-12-11,2025-12-16,Completed,4679,2025-12-17
1749,1749,6336,2025-04-12,2025-04-15,Pending,1311,
1750,1750,6041,2025-04-26,2025-04-27,Completed,7267,2025-04-28
1751,1751,4242,2025-07-19,2025-07-25,Pending,8952,
1752,1752,2878,2025-09-14,2025-09-17,Completed,5351,2025-09-19
1753,1753,3682,2025-12-23,2025-12-24,Accepted,3795,
1754,1754,2550,2025-07-26,2025-07-28,Completed,7692,2025-07-29
1755,1755,3321,2025-05-06,2025-05-09,Completed,3834,2025-05-09
1756,1756,1609,2025-10-13,2025-10-19,Pending,2326,
1757,1757,5754,2025-02-16,2025-02-21,Completed,3364,2025-02-23
1758,1758,927,2025-11-28,2025-12-02,Accepted,2377,
1759,1759,5387,2025-06-04,2025-06-09,Completed,602,2025-06-09
1760,1760,5371,2025-04-30,2025-05-03,Completed,4184,2025-05-05
1761,1761,4705,2025-02-17,2025-02-18,Accepted,3087,
1762,1762,1978,2025-02-09,2025-02-11,Completed,708,2025-02-11
1763,1763,4119,2025-06-28,2025-07-01,Completed,8148,2025-07-03
1764,1764,4930,2025-04-28,2025-05-02,Pending,6088,
1765,1765,1263,2025-10-11,2025-10-13,Accepted,6524,
1766,1766,234,2025-01-06,2025-01-08,Completed,4121,2025-01-09
1767,1767,465,2025-12-02,2025-12-09,Completed,5448,2025-12-10
1768,1768,5543,2025-06-26,2025-07-02,Completed,4867,2025-07-04
1769,1769,1597,2025-11-26,2025-12-02,Completed,3810,2025-12-02
1770,1770,5334,2025-08-21,2025-08-22,Accepted,8704,
1771,1771,669,2025-03-09,2025-03-11,Completed,2935,2025-03-12
1772,1772,1610,2025-12-01,2025-12-05,Completed,6874,2025-12-06
1773,1773,927,2025-01-27,2025-01-28,Completed,5935,2025-01-28
1774,1774,4368,2025-07-27,2025-07-30,Accepted,1382,
1775,1775,6046,2025-08-01,2025-08-04,Cancelled,9577,
1776,1776,4202,2025-12-21,2025-12-28,Pending,1877,
1777,1777,3395,2025-12-18,2025-12-25,Completed,647,2025-12-25
1778,1778,4562,2025-03-12,2025-03-18,Completed,982,2025-03-18
1779,1779,964,2025-07-12,2025-07-15,Completed,7727,2025-07-17
1780,1780,275,2025-07-03,2025-07-07,Completed,6748,2025-07-07
1781,1781,3108,2025-05-21,2025-05-25,Pending,7491,
1782,1782,5597,2025-02-20,2025-02-22,Accepted,3196,
1783,1783,4211,2025-01-02,2025-01-08,Completed,2925,2025-01-08
1784,1784,1984,2025-08-25,2025-08-27,Completed,9282,2025-08-29
1785,1785,4426,2025-01-05,2025-01-11,Completed,9187,2025-01-12
1786,1786,5885,2025-05-21,2025-05-28,Pending,9469,
1787,1787,116,2025-09-27,2025-09-28,Completed,6755,2025-09-29
1788,1788,1868,2025-07-11,2025-07-18,Completed,4638,2025-07-19
1789,1789,5117,2025-05-04,2025-05-10,Completed,2274,2025-05-11
1790,1790,4631,2025-10-23,2025-10-25,Completed,5118,2025-10-25
1791,1791,2416,2025-06-02,2025-06-05,Accepted,6843,
1792,1792,3252,2025-12-13,2025-12-19,Completed,8786,2025-12-21
1793,1793,5794,2025-06-19,2025-06-21,Pending,9522,
1794,1794,3077,2025-01-10,2025-01-11,Pending,5921,
1795,1795,4227,2025-05-19,2025-05-23,Completed,9749,2025-05-25
1796,1796,2790,2025-05-16,2025-05-22,Completed,5453,2025-05-24
1797,1797,5342,2025-12-06,2025-12-12,Completed,7218,2025-12-12
1798,1798,1251,2025-04-12,2025-04-17,Completed,8606,2025-04-18
1799,1799,1021,2025-11-22,2025-11-27,Pending,6673,
1800,1800,4092,2025-03-06,2025-03-13,Completed,8430,2025-03-15
1801,1801,5821,2025-09-04,2025-09-09,Completed,4636,2025-09-11
1802,1802,3987,2025-06-28,2025-07-03,Pending,7121,
1803,1803,542,2025-05-10,2025-05-14,Pending,2067,
1804,1804,2190,2025-08-08,2025-08-11,Accepted,5876,
1805,1805,1003,2025-08-28,2025-08-31,Completed,7838,2025-09-01
1806,1806,4119,2025-09-06,2025-09-09,Completed,9792,2025-09-11
1807,1807,4763,2025-12-09,2025-12-14,Completed,3353,2025-12-15
1808,1808,2629,2025-11-27,2025-12-02,Cancelled,6032,
1809,1809,3114,2025-01-30,2025-02-05,Completed,8898,2025-02-07
1810,1810,2987,2025-10-30,2025-11-05,Completed,4449,2025-11-07
1811,1811,4064,2025-08-17,2025-08-18,Pending,6075,
1812,1812,4505,2025-01-10,2025-01-15,Completed,1830,2025-01-15
1813,1813,3606,2025-03-07,2025-03-08,Pending,6100,
1814,1814,4606,2025-07-06,2025-07-08,Completed,5754,2025-07-08
1815,1815,6206,2025-04-03,2025-04-06,Pending,629,
1816,1816,1055,2025-08-24,2025-08-26,Accepted,9370,
1817,1817,2116,2025-01-15,2025-01-20,Completed,805,2025-01-21
1818,1818,5375,2025-01-10,2025-01-11,Cancelled,1948,
1819,1819,398,2025-02-03,2025-02-05,Completed,2461,2025-02-05
1820,1820,6016,2025-03-17,2025-03-18,Completed,3954,2025-03-19
1821,1821,5867,2025-04-09,2025-04-11,Completed,4519,2025-04-11
1822,1822,2188,2025-08-25,2025-08-30,Completed,1632,2025-08-31
1823,1823,5485,2025-01-24,2025-01-30,Completed,4754,2025-01-31
1824,1824,5672,2025-10-30,2025-11-05,Completed,1250,2025-11-07
1825,1825,6044,2025-07-14,2025-07-21,Pending,6247,
1826,1826,3650,2025-08-14,2025-08-18,Completed,7559,2025-08-18
1827,1827,1018,2025-07-18,2025-07-22,Completed,5236,2025-07-22
1828,1828,2790,2025-11-08,2025-11-11,Completed,912,2025-11-12
1829,1829,4381,2025-12-05,2025-12-06,Completed,2833,2025-12-07
1830,1830,2114,2025-01-19,2025-01-24,Completed,7541,2025-01-26
1831,1831,3465,2025-08-25,2025-08-28,Completed,5364,2025-08-28
1832,1832,1712,2025-07-28,2025-08-03,Pending,4216,
1833,1833,2598,2025-10-15,2025-10-18,Completed,4635,2025-10-18
1834,1834,2279,2025-12-19,2025-12-24,Accepted,1184,
1835,1835,300,2025-12-13,2025-12-19,Pending,715,
1836,1836,5087,2025-04-03,2025-04-06,Accepted,7332,
1837,1837,2773,2025-03-27,2025-03-29,Completed,9748,2025-03-29
1838,1838,4448,2025-05-06,2025-05-12,Completed,3219,2025-05-14
1839,1839,1748,2025-11-02,2025-11-04,Accepted,9684,
1840,1840,2354,2025-11-18,2025-11-24,Completed,7440,2025-11-26
1841,1841,2301,2025-06-19,2025-06-25,Accepted,5471,
1842,1842,1863,2025-10-11,2025-10-17,Completed,628,2025-10-17
1843,1843,4783,2025-05-03,2025-05-08,Pending,3625,
1844,1844,3247,2025-09-01,2025-09-04,Completed,7172,2025-09-04
1845,1845,2336,2025-05-13,2025-05-20,Accepted,8993,
1846,1846,2591,2025-06-16,2025-06-20,Completed,4904,2025-06-22
1847,1847,1954,2025-07-15,2025-07-19,Accepted,2674,
1848,1848,626,2025-08-26,2025-09-02,Completed,8710,2025-09-04
1849,1849,1168,2025-09-14,2025-09-19,Completed,5251,2025-09-19
1850,1850,2322,2025-04-07,2025-04-14,Accepted,4962,
1851,1851,5709,2025-11-06,2025-11-08,Completed,9110,2025-11-10
1852,1852,2713,2025-07-24,2025-07-26,Completed,7896,2025-07-26
1853,1853,5926,2025-10-17,2025-10-23,Completed,7128,2025-10-24
1854,1854,3895,2025-02-07,2025-02-08,Completed,7250,2025-02-10
1855,1855,2891,2025-10-23,2025-10-24,Completed,993,2025-10-24
1856,1856,248,2025-08-15,2025-08-21,Cancelled,5223,
1857,1857,6247,2025-11-04,2025-11-06,Completed,8322,2025-11-06
1858,1858,5469,2025-05-28,2025-06-04,Completed,7690,2025-06-04
1859,1859,2948,2025-04-03,2025-04-05,Accepted,8873,
1860,1860,3138,2025-08-17,2025-08-22,Accepted,1672,
1861,1861,3832,2025-06-05,2025-06-09,Completed,6168,2025-06-10
1862,1862,5595,2025-10-23,2025-10-30,Pending,5377,
1863,1863,3009,2025-04-04,2025-04-08,Completed,9470,2025-04-09
1864,1864,2583,2025-02-15,2025-02-16,Completed,1726,2025-02-17
1865,1865,5963,2025-05-19,2025-05-24,Completed,6237,2025-05-24
1866,1866,5530,2025-05-10,2025-05-13,Completed,9862,2025-05-14
1867,1867,230,2025-04-12,2025-04-17,Pending,3088,
1868,1868,426,2025-01-10,2025-01-12,Completed,9139,2025-01-12
1869,1869,1410,2025-11-26,2025-11-30,Completed,1466,2025-11-30
1870,1870,4291,2025-04-23,2025-04-24,Completed,6751,2025-04-24
1871,1871,997,2025-09-26,2025-10-02,Completed,8112,2025-10-02
1872,1872,501,2025-01-26,2025-01-30,Pending,7983,
1873,1873,1341,2025-04-03,2025-04-09,Completed,7130,2025-04-11
1874,1874,4269,2025-03-26,2025-03-30,Completed,3376,2025-03-30
1875,1875,2682,2025-02-15,2025-02-18,Accepted,8655,
1876,1876,3163,2025-12-03,2025-12-05,Accepted,8673,
1877,1877,3735,2025-03-17,2025-03-21,Completed,3477,2025-03-22
1878,1878,598,2025-08-27,2025-09-02,Completed,8273,2025-09-04
1879,1879,2996,2025-04-29,2025-05-04,Completed,777,2025-05-05
1880,1880,3565,2025-12-16,2025-12-22,Completed,6700,2025-12-23
1881,1881,1255,2025-10-13,2025-10-15,Pending,3851,
1882,1882,4013,2025-06-07,2025-06-14,Completed,2590,2025-06-14
1883,1883,5341,2025-04-12,2025-04-14,Completed,7368,2025-04-14
1884,1884,151,2025-06-13,2025-06-17,Pending,5788,
1885,1885,1879,2025-04-23,2025-04-25,Completed,8203,2025-04-27
1886,1886,1793,2025-08-28,2025-09-02,Pending,5448,
1887,1887,338,2025-12-12,2025-12-16,Pending,9950,
1888,1888,906,2025-07-19,2025-07-21,Accepted,6581,
1889,1889,1020,2025-07-21,2025-07-25,Completed,4805,2025-07-27
1890,1890,437,2025-08-09,2025-08-15,Completed,6428,2025-08-16
1891,1891,4650,2025-06-15,2025-06-20,Accepted,1895,
1892,1892,2610,2025-01-04,2025-01-11,Completed,4400,2025-01-11
1893,1893,6234,2025-05-18,2025-05-24,Accepted,7303,
1894,1894,3499,2025-09-22,2025-09-29,Completed,1327,2025-09-30
1895,1895,2738,2025-12-02,2025-12-09,Completed,3990,2025-12-09
1896,1896,2715,2025-10-19,2025-10-23,Completed,518,2025-10-25
1897,1897,5261,2025-08-03,2025-08-09,Completed,7804,2025-08-11
1898,1898,5230,2025-01-30,2025-02-02,Completed,4833,2025-02-04
1899,1899,3583,2025-03-09,2025-03-10,Pending,3707,
1900,1900,4669,2025-08-08,2025-08-12,Pending,2482,
1901,1901,5153,2025-04-14,2025-04-15,Completed,1318,2025-04-17
1902,1902,1141,2025-01-11,2025-01-16,Completed,1100,2025-01-16
1903,1903,4399,2025-03-30,2025-04-05,Completed,3823,2025-04-06
1904,1904,4199,2025-02-24,2025-03-01,Pending,7135,
1905,1905,1397,2025-06-06,2025-06-07,Completed,9685,2025-06-08
1906,1906,3642,2025-12-24,2025-12-25,Completed,2355,2025-12-25
1907,1907,3059,2025-09-25,2025-09-26,Completed,1203,2025-09-26
1908,1908,962,2025-12-13,2025-12-19,Completed,9138,2025-12-21
1909,1909,1930,2025-10-17,2025-10-18,Accepted,6818,
1910,1910,721,2025-04-11,2025-04-15,Completed,3246,2025-04-16
1911,1911,6013,2025-04-13,2025-04-14,Accepted,8871,
1912,1912,5555,2025-04-10,2025-04-12,Completed,2742,2025-04-12
1913,1913,77,2025-05-08,2025-05-15,Pending,4274,
1914,1914,1276,2025-09-20,2025-09-25,Completed,1535,2025-09-27
1915,1915,1682,2025-06-13,2025-06-16,Completed,9142,2025-06-17
1916,1916,2567,2025-10-19,2025-10-23,Completed,4675,2025-10-23
1917,1917,5853,2025-05-16,2025-05-22,Completed,6405,2025-05-22
1918,1918,4342,2025-11-12,2025-11-17,Accepted,7344,
1919,1919,424,2025-07-24,2025-07-28,Accepted,2647,
1920,1920,3859,2025-01-08,2025-01-14,Pending,6313,
1921,1921,542,2025-11-02,2025-11-03,Completed,4966,2025-11-04
1922,1922,323,2025-02-17,2025-02-23,Completed,1027,2025-02-23
1923,1923,909,2025-06-05,2025-06-06,Pending,9092,
1924,1924,5867,2025-10-24,2025-10-28,Accepted,3849,
1925,1925,5480,2025-06-06,2025-06-09,Completed,8058,2025-06-09
1926,1926,5512,2025-06-05,2025-06-06,Completed,5300,2025-06-07
1927,1927,4465,2025-01-27,2025-01-28,Completed,1001,2025-01-29
1928,1928,244,2025-05-08,2025-05-10,Completed,2695,2025-05-12
1929,1929,6147,2025-05-17,2025-05-24,Completed,8846,2025-05-26
1930,1930,5152,2025-08-20,2025-08-21,Completed,2054,2025-08-21
1931,1931,3005,2025-12-09,2025-12-13,Pending,8065,
1932,1932,5881,2025-10-04,2025-10-08,Completed,8338,2025-10-08
1933,1933,3863,2025-07-19,2025-07-21,Completed,8806,2025-07-22
1934,1934,4446,2025-06-21,2025-06-28,Completed,6777,2025-06-29
1935,1935,4016,2025-12-11,2025-12-16,Completed,9858,2025-12-17
1936,1936,991,2025-12-26,2025-12-30,Pending,1368,
1937,1937,2703,2025-07-17,2025-07-20,Completed,7761,2025-07-22
1938,1938,436,2025-06-04,2025-06-06,Accepted,5911,
1939,1939,1346,2025-05-13,2025-05-15,Completed,5705,2025-05-15
1940,1940,6274,2025-10-29,2025-11-02,Completed,4959,2025-11-04
1941,1941,2150,2025-12-15,2025-12-19,Completed,1276,2025-12-20
1942,1942,4146,2025-03-27,2025-04-02,Completed,2968,2025-04-03
1943,1943,5082,2025-03-18,2025-03-19,Accepted,2154,
1944,1944,2405,2025-11-04,2025-11-11,Completed,4639,2025-11-11
1945,1945,3520,2025-12-11,2025-12-15,Cancelled,3105,
1946,1946,865,2025-03-11,2025-03-14,Pending,2976,
1947,1947,859,2025-11-17,2025-11-20,Completed,9260,2025-11-21
1948,1948,1968,2025-03-05,2025-03-08,Pending,1146,
1949,1949,4905,2025-03-18,2025-03-23,Accepted,6099,
1950,1950,1531,2025-11-02,2025-11-05,Pending,7724,
1951,1951,573,2025-11-16,2025-11-17,Pending,1013,
1952,1952,674,2025-12-07,2025-12-12,Completed,4904,2025-12-14
1953,1953,963,2025-05-18,2025-05-20,Completed,8961,2025-05-20
1954,1954,3416,2025-02-24,2025-03-01,Accepted,6588,
1955,1955,905,2025-02-28,2025-03-07,Accepted,2873,
1956,1956,1780,2025-09-19,2025-09-24,Pending,3221,
1957,1957,5104,2025-06-17,2025-06-21,Completed,8227,2025-06-21
1958,1958,2322,2025-01-24,2025-01-29,Completed,3960,2025-01-30
1959,1959,676,2025-08-31,2025-09-02,Completed,8673,2025-09-04
1960,1960,6172,2025-12-04,2025-12-11,Completed,8273,2025-12-12
1961,1961,5400,2025-10-23,2025-10-25,Completed,570,2025-10-26
1962,1962,3657,2025-03-26,2025-03-31,Completed,2173,2025-03-31
1963,1963,2686,2025-02-03,2025-02-10,Pending,7686,
1964,1964,4848,2025-06-03,2025-06-07,Pending,6197,
1965,1965,6337,2025-02-20,2025-02-24,Completed,3715,2025-02-24
1966,1966,3223,2025-04-01,2025-04-02,Pending,4642,
1967,1967,680,2025-07-22,2025-07-26,Completed,4004,2025-07-28
1968,1968,5812,2025-10-20,2025-10-23,Accepted,588,
1969,1969,248,2025-06-13,2025-06-14,Completed,1137,2025-06-14
1970,1970,1958,2025-11-23,2025-11-30,Completed,3358,2025-12-02
1971,1971,465,2025-02-23,2025-03-01,Completed,9055,2025-03-01
1972,1972,4688,2025-07-17,2025-07-23,Completed,1981,2025-07-23
1973,1973,6236,2025-12-19,2025-12-21,Pending,8970,
1974,1974,3185,2025-07-12,2025-07-19,Completed,9769,2025-07-19
1975,1975,4470,2025-07-03,2025-07-07,Completed,2403,2025-07-08
1976,1976,4376,2025-12-02,2025-12-03,Completed,9628,2025-12-05
1977,1977,3494,2025-04-16,2025-04-22,Cancelled,3536,
1978,1978,5994,2025-10-06,2025-10-11,Accepted,3273,
1979,1979,4211,2025-07-26,2025-07-31,Completed,6253,2025-07-31
1980,1980,4416,2025-12-24,2025-12-26,Accepted,5992,
1981,1981,4897,2025-01-23,2025-01-25,Completed,1194,2025-01-25
1982,1982,688,2025-03-13,2025-03-14,Cancelled,507,
1983,1983,1561,2025-05-29,2025-06-02,Pending,2454,
1984,1984,6307,2025-12-10,2025-12-17,Completed,5889,2025-12-19
1985,1985,4543,2025-10-11,2025-10-16,Completed,4590,2025-10-18
1986,1986,1899,2025-09-02,2025-09-07,Completed,1404,2025-09-09
1987,1987,5862,2025-06-06,2025-06-10,Accepted,8115,
1988,1988,4933,2025-02-26,2025-03-03,Completed,7090,2025-03-05
1989,1989,218,2025-07-23,2025-07-25,Completed,1169,2025-07-26
1990,1990,5080,2025-07-20,2025-07-21,Completed,1436,2025-07-21
1991,1991,4272,2025-08-24,2025-08-28,Completed,6521,2025-08-29
1992,1992,1886,2025-01-25,2025-01-27,Accepted,4204,
1993,1993,4057,2025-08-06,2025-08-08,Cancelled,6103,
1994,1994,1905,2025-05-25,2025-05-26,Completed,3809,2025-05-26
1995,1995,2484,2025-01-24,2025-01-25,Completed,5216,2025-01-25
1996,1996,465,2025-10-12,2025-10-19,Completed,5217,2025-10-20
1997,1997,1151,2025-04-04,2025-04-09,Completed,6963,2025-04-10
1998,1998,816,2025-11-28,2025-11-30,Completed,2321,2025-12-02
1999,1999,5978,2025-09-08,2025-09-12,Accepted,1408,
2000,2000,4191,2025-03-31,2025-04-03,Accepted,8774,
