job_id,employer_id,title,description,budget,status,location_id,posted_at
1,315,Need Light Installation,Looking for an experienced light installation to provide electrical services.,1831,Completed,120,2025-03-18
2,374,Need Fan Installation,Looking for an experienced fan installation to provide electrical services.,1776,Open,26,2025-04-16
3,404,Need House Wiring,Looking for an experienced house wiring to provide electrical services.,9104,Cancelled,728,2025-01-06
4,485,Need Switch Repair,Looking for an experienced switch repair to provide electrical services.,3091,Completed,214,2025-03-26
5,237,Need Interior Painting,Looking for an experienced interior painting to provide painting services.,6908,Assigned,54,2025-05-18
6,24,Need Packers,Looking for an experienced packers to provide moving services services.,3197,Open,700,2025-09-12
7,481,Need Packers,Looking for an experienced packers to provide moving services services.,3735,Completed,202,2025-03-18
8,474,Need Microwave Repair,Looking for an experienced microwave repair to provide home appliances services.,5734,Completed,667,2025-08-26
9,396,Need Exterior Painting,Looking for an experienced exterior painting to provide painting services.,3095,Assigned,38,2025-02-09
10,143,Need Packers,Looking for an experienced packers to provide moving services services.,6568,Open,215,2025-11-12
11,329,Need Carpenter,Looking for an experienced carpenter to provide carpentry services.,2645,Completed,598,2025-03-15
12,489,Need Plumber,Looking for an experienced plumber to provide plumbing services.,7230,Assigned,138,2025-03-16
13,396,Need Bathroom Fitting,Looking for an experienced bathroom fitting to provide plumbing services.,6774,Completed,416,2025-07-17
14,94,Need Packers,Looking for an experienced packers to provide moving services services.,6341,Open,605,2025-10-22
15,42,Need AC Installation,Looking for an experienced ac installation to provide hvac services.,2543,Completed,613,2025-01-03
16,500,Need Door Repair,Looking for an experienced door repair to provide carpentry services.,7526,Open,413,2025-10-19
17,257,Need Security Guard,Looking for an experienced security guard to provide security services.,756,Assigned,505,2025-03-06
18,62,Need Wall Painting,Looking for an experienced wall painting to provide painting services.,893,Completed,52,2025-11-11
19,374,Need Tailor,Looking for an experienced tailor to provide tailoring services.,8202,Completed,79,2025-07-04
20,294,Need Washing Machine Repair,Looking for an experienced washing machine repair to provide home appliances services.,6057,Completed,392,2025-02-14
21,129,Need AC Installation,Looking for an experienced ac installation to provide hvac services.,8942,Open,246,2025-02-21
22,35,Need Lawn Maintenance,Looking for an experienced lawn maintenance to provide gardening services.,8789,Completed,374,2025-11-29
23,89,Need Washing Machine Repair,Looking for an experienced washing machine repair to provide home appliances services.,3040,Completed,402,2025-01-10
24,458,Need Catering,Looking for an experienced catering to provide cooking services.,9582,Open,26,2025-02-01
25,495,Need House Wiring,Looking for an experienced house wiring to provide electrical services.,8000,Assigned,242,2025-07-21
26,117,Need Washing Machine Repair,Looking for an experienced washing machine repair to provide home appliances services.,3034,Open,325,2025-01-30
27,73,Need Deep Cleaning,Looking for an experienced deep cleaning to provide cleaning services.,6632,Open,371,2025-01-28
28,252,Need Tailor,Looking for an experienced tailor to provide tailoring services.,6330,Open,714,2025-04-27
29,469,Need Tailor,Looking for an experienced tailor to provide tailoring services.,9454,Open,300,2025-03-22
30,144,Need Movers,Looking for an experienced movers to provide moving services services.,8952,Open,163,2025-06-30
31,463,Need Lawn Maintenance,Looking for an experienced lawn maintenance to provide gardening services.,2705,Assigned,361,2025-02-12
32,292,Need Washing Machine Repair,Looking for an experienced washing machine repair to provide home appliances services.,5921,Open,340,2025-11-09
33,313,Need Painter,Looking for an experienced painter to provide painting services.,5572,Open,635,2025-07-22
34,24,Need AC Technician,Looking for an experienced ac technician to provide hvac services.,1063,Assigned,468,2025-12-15
35,307,Need Beautician,Looking for an experienced beautician to provide beauty services.,9452,Assigned,196,2025-12-29
36,99,Need Leak Detection,Looking for an experienced leak detection to provide plumbing services.,5377,Open,604,2025-12-13
37,476,Need Interior Painting,Looking for an experienced interior painting to provide painting services.,1701,Open,432,2025-09-29
38,86,Need Bathroom Fitting,Looking for an experienced bathroom fitting to provide plumbing services.,763,Open,480,2025-03-08
39,417,Need Exterior Painting,Looking for an experienced exterior painting to provide painting services.,5267,Assigned,386,2025-09-21
40,137,Need TV Repair,Looking for an experienced tv repair to provide home appliances services.,514,Open,421,2025-09-28
41,417,Need AC Technician,Looking for an experienced ac technician to provide hvac services.,1474,Open,114,2025-12-07
42,17,Need Gardener,Looking for an experienced gardener to provide gardening services.,7362,Completed,379,2025-10-07
43,293,Need Mason,Looking for an experienced mason to provide construction services.,5383,Assigned,243,2025-05-08
44,421,Need Refrigerator Repair,Looking for an experienced refrigerator repair to provide hvac services.,9253,Assigned,127,2025-10-03
45,411,Need Beautician,Looking for an experienced beautician to provide beauty services.,8104,Open,147,2025-08-30
46,402,Need Tile Installation,Looking for an experienced tile installation to provide construction services.,3573,Open,561,2025-08-06
47,168,Need Furniture Assembly,Looking for an experienced furniture assembly to provide carpentry services.,8136,Assigned,324,2025-08-21
48,321,Need Kitchen Cleaning,Looking for an experienced kitchen cleaning to provide cleaning services.,9388,Cancelled,491,2025-11-09
49,455,Need Concrete Work,Looking for an experienced concrete work to provide construction services.,5418,Open,269,2025-12-27
50,397,Need Tailor,Looking for an experienced tailor to provide tailoring services.,6394,Open,635,2025-08-01
51,170,Need AC Installation,Looking for an experienced ac installation to provide hvac services.,7507,Open,706,2025-02-11
52,259,Need Hair Stylist,Looking for an experienced hair stylist to provide beauty services.,6696,Open,308,2025-11-10
53,363,Need Security Guard,Looking for an experienced security guard to provide security services.,2380,Open,67,2025-03-18
54,39,Need Security Guard,Looking for an experienced security guard to provide security services.,8005,Assigned,247,2025-08-16
55,176,Need Leak Detection,Looking for an experienced leak detection to provide plumbing services.,2713,Open,454,2025-10-05
56,100,Need Pipe Repair,Looking for an experienced pipe repair to provide plumbing services.,1538,Completed,166,2025-11-13
57,191,Need Catering,Looking for an experienced catering to provide cooking services.,8127,Open,177,2025-10-17
58,70,Need Washing Machine Repair,Looking for an experienced washing machine repair to provide home appliances services.,8728,Completed,153,2025-08-14
59,185,Need AC Repair,Looking for an experienced ac repair to provide hvac services.,8349,Assigned,282,2025-01-06
60,420,Need Alteration,Looking for an experienced alteration to provide tailoring services.,7819,Open,340,2025-05-19
61,49,Need Driver,Looking for an experienced driver to provide driving services.,856,Open,610,2025-05-13
62,30,Need Cook,Looking for an experienced cook to provide cooking services.,6267,Cancelled,677,2025-04-14
63,306,Need Tailor,Looking for an experienced tailor to provide tailoring services.,590,Completed,190,2025-07-26
64,189,Need Door Repair,Looking for an experienced door repair to provide carpentry services.,4475,Open,660,2025-10-29
65,261,Need Driver,Looking for an experienced driver to provide driving services.,3069,Open,763,2025-12-07
66,445,Need Deep Cleaning,Looking for an experienced deep cleaning to provide cleaning services.,5162,Assigned,618,2025-11-08
67,83,Need Tile Installation,Looking for an experienced tile installation to provide construction services.,1101,Assigned,61,2025-02-16
68,323,Need Brick Work,Looking for an experienced brick work to provide construction services.,9260,Assigned,61,2025-09-08
69,345,Need Tailor,Looking for an experienced tailor to provide tailoring services.,8564,Completed,421,2025-01-01
70,339,Need Wall Painting,Looking for an experienced wall painting to provide painting services.,3942,Completed,592,2025-04-03
71,379,Need Washing Machine Repair,Looking for an experienced washing machine repair to provide home appliances services.,5877,Completed,126,2025-06-03
72,179,Need Deep Cleaning,Looking for an experienced deep cleaning to provide cleaning services.,5760,Assigned,298,2025-12-26
73,139,Need Leak Detection,Looking for an experienced leak detection to provide plumbing services.,5217,Open,692,2025-12-15
74,239,Need Interior Painting,Looking for an experienced interior painting to provide painting services.,5149,Open,389,2025-12-23
75,353,Need Kitchen Cleaning,Looking for an experienced kitchen cleaning to provide cleaning services.,3276,Completed,283,2025-05-22
76,230,Need AC Technician,Looking for an experienced ac technician to provide hvac services.,5429,Assigned,694,2025-03-06
77,267,Need Pipe Repair,Looking for an experienced pipe repair to provide plumbing services.,6872,Completed,89,2025-08-25
78,258,Need Refrigerator Repair,Looking for an experienced refrigerator repair to provide hvac services.,6605,Completed,541,2025-10-30
79,120,Need Brick Work,Looking for an experienced brick work to provide construction services.,1303,Open,134,2025-07-23
80,278,Need Tile Installation,Looking for an experienced tile installation to provide construction services.,5449,Completed,284,2025-07-26
81,429,Need Wall Painting,Looking for an experienced wall painting to provide painting services.,9018,Completed,12,2025-01-05
82,427,Need Gardener,Looking for an experienced gardener to provide gardening services.,4921,Completed,9,2025-11-27
83,415,Need Cloth Stitching,Looking for an experienced cloth stitching to provide tailoring services.,2334,Completed,350,2025-12-20
84,488,Need Exterior Painting,Looking for an experienced exterior painting to provide painting services.,7288,Assigned,114,2025-03-21
85,482,Need Carpenter,Looking for an experienced carpenter to provide carpentry services.,8307,Completed,226,2025-10-25
86,467,Need Catering,Looking for an experienced catering to provide cooking services.,8489,Completed,303,2025-10-14
87,450,Need TV Repair,Looking for an experienced tv repair to provide home appliances services.,3632,Completed,118,2025-12-31
88,397,Need Driver,Looking for an experienced driver to provide driving services.,624,Open,130,2025-02-24
89,177,Need Deep Cleaning,Looking for an experienced deep cleaning to provide cleaning services.,8033,Completed,701,2025-08-28
90,311,Need Tile Installation,Looking for an experienced tile installation to provide construction services.,2870,Completed,668,2025-01-27
91,260,Need Deep Cleaning,Looking for an experienced deep cleaning to provide cleaning services.,5584,Open,413,2025-03-26
92,451,Need AC Installation,Looking for an experienced ac installation to provide hvac services.,8735,Assigned,604,2025-07-27
93,186,Need Microwave Repair,Looking for an experienced microwave repair to provide home appliances services.,2048,Open,605,2025-08-27
94,471,Need Deep Cleaning,Looking for an experienced deep cleaning to provide cleaning services.,2079,Completed,113,2025-10-06
95,343,Need Pipe Repair,Looking for an experienced pipe repair to provide plumbing services.,4609,Open,360,2025-05-28
96,41,Need Cook,Looking for an experienced cook to provide cooking services.,9838,Cancelled,775,2025-06-05
97,264,Need Hair Stylist,Looking for an experienced hair stylist to provide beauty services.,6676,Completed,499,2025-10-15
98,310,Need Catering,Looking for an experienced catering to provide cooking services.,3885,Open,783,2025-12-07
99,264,Need Interior Painting,Looking for an experienced interior painting to provide painting services.,5302,Open,51,2025-10-14
100,240,Need Microwave Repair,Looking for an experienced microwave repair to provide home appliances services.,7269,Open,347,2025-09-28
101,205,Need Microwave Repair,Looking for an experienced microwave repair to provide home appliances services.,9253,Cancelled,365,2025-11-05
102,199,Need Electrician,Looking for an experienced electrician to provide electrical services.,5239,Completed,311,2025-04-29
103,298,Need Wall Painting,Looking for an experienced wall painting to provide painting services.,773,Completed,300,2025-09-09
104,120,Need AC Repair,Looking for an experienced ac repair to provide hvac services.,1630,Open,308,2025-06-10
105,81,Need Bathroom Fitting,Looking for an experienced bathroom fitting to provide plumbing services.,861,Open,92,2025-12-18
106,349,Need Beautician,Looking for an experienced beautician to provide beauty services.,2819,Completed,582,2025-11-25
107,140,Need House Wiring,Looking for an experienced house wiring to provide electrical services.,899,Open,48,2025-09-10
108,451,Need Kitchen Cleaning,Looking for an experienced kitchen cleaning to provide cleaning services.,1390,Assigned,197,2025-10-23
109,379,Need Wall Painting,Looking for an experienced wall painting to provide painting services.,5049,Assigned,288,2025-05-08
110,396,Need Packers,Looking for an experienced packers to provide moving services services.,2486,Assigned,786,2025-04-29
111,234,Need Tile Installation,Looking for an experienced tile installation to provide construction services.,9124,Open,54,2025-07-04
112,154,Need Kitchen Cleaning,Looking for an experienced kitchen cleaning to provide cleaning services.,4308,Open,16,2025-06-27
113,8,Need AC Installation,Looking for an experienced ac installation to provide hvac services.,765,Completed,286,2025-01-30
114,106,Need Water Tank Installation,Looking for an experienced water tank installation to provide plumbing services.,3620,Open,348,2025-09-05
115,26,Need Fan Installation,Looking for an experienced fan installation to provide electrical services.,8281,Open,135,2025-07-12
116,489,Need Leak Detection,Looking for an experienced leak detection to provide plumbing services.,8605,Assigned,16,2025-11-10
117,462,Need Furniture Assembly,Looking for an experienced furniture assembly to provide carpentry services.,6612,Open,297,2025-01-08
118,286,Need Brick Work,Looking for an experienced brick work to provide construction services.,6318,Assigned,15,2025-01-17
119,259,Need TV Repair,Looking for an experienced tv repair to provide home appliances services.,1957,Open,628,2025-03-04
120,368,Need Fan Installation,Looking for an experienced fan installation to provide electrical services.,4002,Assigned,112,2025-11-13
121,169,Need Mason,Looking for an experienced mason to provide construction services.,6825,Assigned,216,2025-02-06
122,206,Need Bathroom Fitting,Looking for an experienced bathroom fitting to provide plumbing services.,5765,Completed,8,2025-04-29
123,338,Need Tailor,Looking for an experienced tailor to provide tailoring services.,3359,Assigned,398,2025-03-10
124,241,Need Brick Work,Looking for an experienced brick work to provide construction services.,8671,Completed,141,2025-01-19
125,415,Need Concrete Work,Looking for an experienced concrete work to provide construction services.,637,Open,549,2025-08-07
126,320,Need Leak Detection,Looking for an experienced leak detection to provide plumbing services.,5715,Completed,110,2025-05-03
127,462,Need Gardener,Looking for an experienced gardener to provide gardening services.,9396,Open,1,2025-06-30
128,30,Need Alteration,Looking for an experienced alteration to provide tailoring services.,4385,Completed,64,2025-07-08
129,192,Need Cloth Stitching,Looking for an experienced cloth stitching to provide tailoring services.,3258,Open,447,2025-01-21
130,121,Need Cloth Stitching,Looking for an experienced cloth stitching to provide tailoring services.,4375,Open,527,2025-10-31
131,246,Need Tile Installation,Looking for an experienced tile installation to provide construction services.,5633,Assigned,122,2025-06-12
132,15,Need Pipe Repair,Looking for an experienced pipe repair to provide plumbing services.,3046,Assigned,260,2025-03-25
133,213,Need House Cleaning,Looking for an experienced house cleaning to provide cleaning services.,9903,Open,669,2025-11-09
134,385,Need Fan Installation,Looking for an experienced fan installation to provide electrical services.,3655,Assigned,681,2025-10-20
135,30,Need Cloth Stitching,Looking for an experienced cloth stitching to provide tailoring services.,7559,Completed,603,2025-02-09
136,45,Need Water Tank Installation,Looking for an experienced water tank installation to provide plumbing services.,5271,Cancelled,752,2025-10-11
137,87,Need Door Repair,Looking for an experienced door repair to provide carpentry services.,1890,Assigned,88,2025-09-16
138,336,Need Cloth Stitching,Looking for an experienced cloth stitching to provide tailoring services.,8110,Completed,416,2025-02-25
139,379,Need Light Installation,Looking for an experienced light installation to provide electrical services.,6410,Open,693,2025-04-04
140,364,Need Deep Cleaning,Looking for an experienced deep cleaning to provide cleaning services.,689,Assigned,44,2025-05-04
141,241,Need Hair Stylist,Looking for an experienced hair stylist to provide beauty services.,1450,Open,447,2025-08-14
142,455,Need Hair Stylist,Looking for an experienced hair stylist to provide beauty services.,1502,Open,306,2025-02-10
143,244,Need Carpenter,Looking for an experienced carpenter to provide carpentry services.,6768,Open,150,2025-02-01
144,384,Need Lawn Maintenance,Looking for an experienced lawn maintenance to provide gardening services.,1702,Open,455,2025-08-10
145,340,Need Tile Installation,Looking for an experienced tile installation to provide construction services.,9120,Cancelled,81,2025-05-10
146,7,Need Bathroom Fitting,Looking for an experienced bathroom fitting to provide plumbing services.,8430,Completed,188,2025-06-28
147,233,Need Fan Installation,Looking for an experienced fan installation to provide electrical services.,675,Assigned,248,2025-12-17
148,339,Need Security Guard,Looking for an experienced security guard to provide security services.,3016,Open,551,2025-04-19
149,45,Need House Cleaning,Looking for an experienced house cleaning to provide cleaning services.,8166,Assigned,483,2025-08-16
150,195,Need Painter,Looking for an experienced painter to provide painting services.,2172,Open,705,2025-06-20
151,289,Need Leak Detection,Looking for an experienced leak detection to provide plumbing services.,8865,Open,604,2025-10-04
152,407,Need Kitchen Cleaning,Looking for an experienced kitchen cleaning to provide cleaning services.,3698,Assigned,307,2025-10-16
153,341,Need Beautician,Looking for an experienced beautician to provide beauty services.,1815,Completed,559,2025-08-26
154,60,Need Packers,Looking for an experienced packers to provide moving services services.,8528,Assigned,462,2025-05-15
155,4,Need Electrician,Looking for an experienced electrician to provide electrical services.,8196,Completed,513,2025-02-26
156,256,Need Electrician,Looking for an experienced electrician to provide electrical services.,3786,Completed,98,2025-11-21
157,11,Need Lawn Maintenance,Looking for an experienced lawn maintenance to provide gardening services.,4888,Open,712,2025-08-20
158,224,Need Alteration,Looking for an experienced alteration to provide tailoring services.,2744,Completed,526,2025-04-07
159,174,Need Exterior Painting,Looking for an experienced exterior painting to provide painting services.,1909,Open,362,2025-09-26
160,230,Need AC Repair,Looking for an experienced ac repair to provide hvac services.,4876,Completed,135,2025-09-29
161,198,Need AC Repair,Looking for an experienced ac repair to provide hvac services.,4348,Completed,643,2025-10-31
162,109,Need Makeup Artist,Looking for an experienced makeup artist to provide beauty services.,8955,Assigned,257,2025-07-10
163,132,Need AC Technician,Looking for an experienced ac technician to provide hvac services.,1499,Assigned,756,2025-12-14
164,30,Need Mason,Looking for an experienced mason to provide construction services.,3931,Assigned,437,2025-01-31
165,274,Need Interior Painting,Looking for an experienced interior painting to provide painting services.,8457,Assigned,594,2025-12-16
166,261,Need Light Installation,Looking for an experienced light installation to provide electrical services.,5118,Completed,665,2025-05-12
167,325,Need Washing Machine Repair,Looking for an experienced washing machine repair to provide home appliances services.,6557,Assigned,73,2025-06-22
168,421,Need Microwave Repair,Looking for an experienced microwave repair to provide home appliances services.,8017,Assigned,106,2025-05-12
169,343,Need Beautician,Looking for an experienced beautician to provide beauty services.,3453,Completed,135,2025-11-01
170,138,Need Deep Cleaning,Looking for an experienced deep cleaning to provide cleaning services.,8367,Assigned,448,2025-04-11
171,356,Need Bathroom Fitting,Looking for an experienced bathroom fitting to provide plumbing services.,3465,Open,593,2025-12-10
172,319,Need Light Installation,Looking for an experienced light installation to provide electrical services.,4154,Completed,450,2025-11-17
173,397,Need Pipe Repair,Looking for an experienced pipe repair to provide plumbing services.,9152,Open,425,2025-07-26
174,155,Need Carpenter,Looking for an experienced carpenter to provide carpentry services.,2831,Completed,620,2025-08-11
175,223,Need TV Repair,Looking for an experienced tv repair to provide home appliances services.,2915,Assigned,744,2025-03-31
176,64,Need Hair Stylist,Looking for an experienced hair stylist to provide beauty services.,3305,Assigned,138,2025-08-18
177,410,Need Cloth Stitching,Looking for an experienced cloth stitching to provide tailoring services.,6937,Open,557,2025-10-13
178,42,Need Refrigerator Repair,Looking for an experienced refrigerator repair to provide hvac services.,7774,Open,148,2025-02-28
179,352,Need Painter,Looking for an experienced painter to provide painting services.,9851,Assigned,402,2025-10-12
180,396,Need Packers,Looking for an experienced packers to provide moving services services.,1305,Assigned,73,2025-05-15
181,104,Need Kitchen Cleaning,Looking for an experienced kitchen cleaning to provide cleaning services.,4281,Completed,497,2025-06-14
182,11,Need AC Repair,Looking for an experienced ac repair to provide hvac services.,4171,Open,613,2025-06-14
183,325,Need Catering,Looking for an experienced catering to provide cooking services.,9006,Completed,767,2025-09-30
184,32,Need Hair Stylist,Looking for an experienced hair stylist to provide beauty services.,6458,Completed,791,2025-03-19
185,306,Need Deep Cleaning,Looking for an experienced deep cleaning to provide cleaning services.,8669,Assigned,674,2025-09-09
186,228,Need AC Repair,Looking for an experienced ac repair to provide hvac services.,6833,Assigned,444,2025-04-05
187,38,Need Deep Cleaning,Looking for an experienced deep cleaning to provide cleaning services.,2339,Open,371,2025-02-16
188,252,Need Switch Repair,Looking for an experienced switch repair to provide electrical services.,6754,Completed,111,2025-11-06
189,485,Need Brick Work,Looking for an experienced brick work to provide construction services.,4503,Completed,225,2025-04-04
190,375,Need Carpenter,Looking for an experienced carpenter to provide carpentry services.,2325,Completed,115,2025-09-26
191,355,Need Door Repair,Looking for an experienced door repair to provide carpentry services.,7343,Assigned,784,2025-02-06
192,469,Need Tailor,Looking for an experienced tailor to provide tailoring services.,7336,Completed,321,2025-02-24
193,147,Need Pipe Repair,Looking for an experienced pipe repair to provide plumbing services.,876,Open,721,2025-07-07
194,27,Need Carpenter,Looking for an experienced carpenter to provide carpentry services.,4355,Open,124,2025-12-10
195,414,Need Exterior Painting,Looking for an experienced exterior painting to provide painting services.,4600,Assigned,627,2025-03-31
196,195,Need AC Technician,Looking for an experienced ac technician to provide hvac services.,2582,Completed,352,2025-01-20
197,340,Need Plumber,Looking for an experienced plumber to provide plumbing services.,6863,Completed,420,2025-03-10
198,452,Need Beautician,Looking for an experienced beautician to provide beauty services.,8786,Assigned,589,2025-12-24
199,305,Need Mason,Looking for an experienced mason to provide construction services.,3052,Completed,283,2025-01-02
200,325,Need Catering,Looking for an experienced catering to provide cooking services.,3563,Open,183,2025-07-06
201,499,Need Switch Repair,Looking for an experienced switch repair to provide electrical services.,7126,Cancelled,199,2025-11-26
202,382,Need Refrigerator Repair,Looking for an experienced refrigerator repair to provide hvac services.,5627,Completed,601,2025-08-02
203,355,Need Concrete Work,Looking for an experienced concrete work to provide construction services.,3098,Assigned,287,2025-10-20
204,127,Need Packers,Looking for an experienced packers to provide moving services services.,5402,Open,217,2025-09-01
205,242,Need Kitchen Cleaning,Looking for an experienced kitchen cleaning to provide cleaning services.,6243,Assigned,250,2025-08-06
206,366,Need Cook,Looking for an experienced cook to provide cooking services.,5578,Completed,247,2025-02-17
207,318,Need Cloth Stitching,Looking for an experienced cloth stitching to provide tailoring services.,1738,Completed,455,2025-11-23
208,314,Need Painter,Looking for an experienced painter to provide painting services.,684,Open,495,2025-07-14
209,62,Need Catering,Looking for an experienced catering to provide cooking services.,7154,Assigned,523,2025-04-06
210,499,Need Beautician,Looking for an experienced beautician to provide beauty services.,2676,Completed,296,2025-04-16
211,335,Need Packers,Looking for an experienced packers to provide moving services services.,2340,Open,88,2025-08-14
212,375,Need Electrician,Looking for an experienced electrician to provide electrical services.,5118,Open,465,2025-07-15
213,148,Need Carpenter,Looking for an experienced carpenter to provide carpentry services.,8916,Open,324,2025-02-23
214,231,Need Painter,Looking for an experienced painter to provide painting services.,8160,Assigned,653,2025-07-21
215,220,Need Microwave Repair,Looking for an experienced microwave repair to provide home appliances services.,8953,Completed,483,2026-01-01
216,214,Need Water Tank Installation,Looking for an experienced water tank installation to provide plumbing services.,3360,Completed,580,2025-01-19
217,302,Need Leak Detection,Looking for an experienced leak detection to provide plumbing services.,1291,Completed,66,2025-09-07
218,494,Need Painter,Looking for an experienced painter to provide painting services.,644,Completed,59,2025-01-16
219,52,Need Hair Stylist,Looking for an experienced hair stylist to provide beauty services.,8997,Completed,546,2025-12-09
220,367,Need AC Repair,Looking for an experienced ac repair to provide hvac services.,1830,Assigned,391,2025-08-24
221,166,Need House Cleaning,Looking for an experienced house cleaning to provide cleaning services.,790,Assigned,587,2025-11-16
222,417,Need Hair Stylist,Looking for an experienced hair stylist to provide beauty services.,1864,Completed,425,2025-11-27
223,248,Need Wood Polishing,Looking for an experienced wood polishing to provide carpentry services.,2255,Assigned,665,2025-10-25
224,413,Need Bathroom Fitting,Looking for an experienced bathroom fitting to provide plumbing services.,5865,Assigned,634,2025-07-02
225,127,Need Makeup Artist,Looking for an experienced makeup artist to provide beauty services.,5760,Open,688,2025-11-03
226,432,Need Deep Cleaning,Looking for an experienced deep cleaning to provide cleaning services.,8001,Open,38,2025-02-22
227,426,Need Gardener,Looking for an experienced gardener to provide gardening services.,6825,Open,742,2025-01-25
228,111,Need Door Repair,Looking for an experienced door repair to provide carpentry services.,3382,Open,781,2025-10-14
229,203,Need Microwave Repair,Looking for an experienced microwave repair to provide home appliances services.,8827,Open,30,2025-03-04
230,493,Need Furniture Assembly,Looking for an experienced furniture assembly to provide carpentry services.,4971,Open,67,2025-03-15
231,437,Need Gardener,Looking for an experienced gardener to provide gardening services.,3446,Assigned,66,2025-05-26
232,477,Need Leak Detection,Looking for an experienced leak detection to provide plumbing services.,4608,Cancelled,19,2025-09-21
233,149,Need Security Guard,Looking for an experienced security guard to provide security services.,3301,Completed,40,2025-09-19
234,284,Need Plumber,Looking for an experienced plumber to provide plumbing services.,4299,Completed,255,2025-09-10
235,413,Need Cook,Looking for an experienced cook to provide cooking services.,8421,Completed,406,2025-01-24
236,231,Need Brick Work,Looking for an experienced brick work to provide construction services.,8935,Open,704,2025-11-07
237,252,Need Refrigerator Repair,Looking for an experienced refrigerator repair to provide hvac services.,3043,Completed,723,2025-12-30
238,219,Need Painter,Looking for an experienced painter to provide painting services.,3703,Completed,694,2025-11-10
239,347,Need Washing Machine Repair,Looking for an experienced washing machine repair to provide home appliances services.,9873,Open,620,2025-03-04
240,462,Need AC Technician,Looking for an experienced ac technician to provide hvac services.,5827,Open,156,2025-08-15
241,400,Need Driver,Looking for an experienced driver to provide driving services.,7854,Completed,197,2025-11-08
242,326,Need Switch Repair,Looking for an experienced switch repair to provide electrical services.,5932,Completed,67,2025-01-25
243,120,Need Electrician,Looking for an experienced electrician to provide electrical services.,673,Completed,89,2025-08-16
244,439,Need Carpenter,Looking for an experienced carpenter to provide carpentry services.,2210,Completed,790,2025-07-23
245,102,Need Light Installation,Looking for an experienced light installation to provide electrical services.,1561,Completed,754,2025-12-16
246,102,Need Light Installation,Looking for an experienced light installation to provide electrical services.,8662,Completed,269,2025-02-01
247,101,Need Makeup Artist,Looking for an experienced makeup artist to provide beauty services.,7884,Open,681,2025-07-27
248,478,Need TV Repair,Looking for an experienced tv repair to provide home appliances services.,3565,Open,437,2025-07-05
249,139,Need Movers,Looking for an experienced movers to provide moving services services.,4623,Completed,177,2025-09-20
250,189,Need Pipe Repair,Looking for an experienced pipe repair to provide plumbing services.,7074,Completed,361,2025-02-02
251,322,Need Microwave Repair,Looking for an experienced microwave repair to provide home appliances services.,3747,Cancelled,527,2025-03-10
252,306,Need Microwave Repair,Looking for an experienced microwave repair to provide home appliances services.,8431,Completed,582,2025-06-14
253,292,Need Security Guard,Looking for an experienced security guard to provide security services.,7994,Completed,730,2025-12-21
254,391,Need Catering,Looking for an experienced catering to provide cooking services.,8252,Open,68,2025-02-18
255,304,Need Water Tank Installation,Looking for an experienced water tank installation to provide plumbing services.,7229,Completed,5,2025-08-15
256,106,Need TV Repair,Looking for an experienced tv repair to provide home appliances services.,3739,Completed,269,2025-02-21
257,447,Need Microwave Repair,Looking for an experienced microwave repair to provide home appliances services.,3373,Open,48,2025-12-12
258,414,Need Catering,Looking for an experienced catering to provide cooking services.,1858,Completed,72,2025-01-09
259,425,Need Fan Installation,Looking for an experienced fan installation to provide electrical services.,4221,Open,78,2025-08-18
260,325,Need Carpenter,Looking for an experienced carpenter to provide carpentry services.,3353,Completed,174,2025-07-18
261,218,Need Light Installation,Looking for an experienced light installation to provide electrical services.,7647,Assigned,446,2025-09-01
262,120,Need Furniture Assembly,Looking for an experienced furniture assembly to provide carpentry services.,7894,Open,595,2025-05-04
263,345,Need Water Tank Installation,Looking for an experienced water tank installation to provide plumbing services.,1767,Open,190,2025-04-15
264,309,Need Wood Polishing,Looking for an experienced wood polishing to provide carpentry services.,5705,Completed,113,2025-07-23
265,423,Need Movers,Looking for an experienced movers to provide moving services services.,8494,Open,420,2025-10-25
266,461,Need Door Repair,Looking for an experienced door repair to provide carpentry services.,9223,Assigned,120,2025-10-27
267,433,Need AC Technician,Looking for an experienced ac technician to provide hvac services.,8112,Open,391,2025-06-16
268,215,Need Kitchen Cleaning,Looking for an experienced kitchen cleaning to provide cleaning services.,4344,Completed,2,2025-04-11
269,76,Need Alteration,Looking for an experienced alteration to provide tailoring services.,2756,Completed,455,2025-05-06
270,341,Need Water Tank Installation,Looking for an experienced water tank installation to provide plumbing services.,7702,Cancelled,469,2025-11-20
271,198,Need Alteration,Looking for an experienced alteration to provide tailoring services.,5126,Assigned,244,2025-05-14
272,119,Need Washing Machine Repair,Looking for an experienced washing machine repair to provide home appliances services.,563,Completed,695,2025-12-31
273,311,Need Refrigerator Repair,Looking for an experienced refrigerator repair to provide hvac services.,2781,Assigned,97,2025-07-24
274,499,Need Plumber,Looking for an experienced plumber to provide plumbing services.,6329,Open,740,2025-04-19
275,10,Need Kitchen Cleaning,Looking for an experienced kitchen cleaning to provide cleaning services.,4246,Assigned,701,2025-03-22
276,271,Need Furniture Assembly,Looking for an experienced furniture assembly to provide carpentry services.,2830,Completed,216,2025-02-27
277,260,Need Switch Repair,Looking for an experienced switch repair to provide electrical services.,8540,Assigned,233,2025-02-12
278,491,Need Furniture Assembly,Looking for an experienced furniture assembly to provide carpentry services.,5522,Completed,285,2025-01-21
279,32,Need Brick Work,Looking for an experienced brick work to provide construction services.,3229,Open,158,2025-03-29
280,248,Need Wall Painting,Looking for an experienced wall painting to provide painting services.,9432,Assigned,761,2025-04-21
281,25,Need Cook,Looking for an experienced cook to provide cooking services.,5578,Open,194,2025-04-16
282,356,Need House Wiring,Looking for an experienced house wiring to provide electrical services.,8564,Cancelled,155,2025-06-29
283,246,Need Lawn Maintenance,Looking for an experienced lawn maintenance to provide gardening services.,3347,Completed,462,2025-03-08
284,19,Need Bathroom Fitting,Looking for an experienced bathroom fitting to provide plumbing services.,2355,Completed,440,2025-12-29
285,115,Need Interior Painting,Looking for an experienced interior painting to provide painting services.,9856,Cancelled,248,2025-01-24
286,493,Need Light Installation,Looking for an experienced light installation to provide electrical services.,7946,Completed,21,2025-07-22
287,88,Need Driver,Looking for an experienced driver to provide driving services.,1371,Open,613,2025-01-23
288,219,Need Exterior Painting,Looking for an experienced exterior painting to provide painting services.,2266,Open,587,2025-12-01
289,121,Need Door Repair,Looking for an experienced door repair to provide carpentry services.,6742,Completed,385,2025-10-29
290,33,Need Painter,Looking for an experienced painter to provide painting services.,7457,Open,23,2025-12-11
291,415,Need Cloth Stitching,Looking for an experienced cloth stitching to provide tailoring services.,1809,Open,775,2025-10-21
292,63,Need Tailor,Looking for an experienced tailor to provide tailoring services.,9361,Completed,778,2025-10-28
293,24,Need Painter,Looking for an experienced painter to provide painting services.,9615,Completed,577,2025-04-07
294,425,Need House Cleaning,Looking for an experienced house cleaning to provide cleaning services.,9304,Open,655,2025-02-04
295,161,Need TV Repair,Looking for an experienced tv repair to provide home appliances services.,6080,Open,492,2025-06-26
296,135,Need Exterior Painting,Looking for an experienced exterior painting to provide painting services.,7510,Completed,135,2025-02-23
297,199,Need Tailor,Looking for an experienced tailor to provide tailoring services.,9075,Assigned,413,2025-05-04
298,108,Need Electrician,Looking for an experienced electrician to provide electrical services.,4678,Assigned,114,2025-04-26
299,305,Need Deep Cleaning,Looking for an experienced deep cleaning to provide cleaning services.,9743,Open,295,2025-03-18
300,155,Need Tailor,Looking for an experienced tailor to provide tailoring services.,1804,Cancelled,636,2025-11-22
301,480,Need Fan Installation,Looking for an experienced fan installation to provide electrical services.,2747,Completed,411,2025-02-24
302,368,Need Kitchen Cleaning,Looking for an experienced kitchen cleaning to provide cleaning services.,2677,Completed,281,2025-11-28
303,8,Need Kitchen Cleaning,Looking for an experienced kitchen cleaning to provide cleaning services.,1449,Completed,210,2025-07-06
304,96,Need Fan Installation,Looking for an experienced fan installation to provide electrical services.,5778,Completed,653,2025-05-16
305,490,Need Wood Polishing,Looking for an experienced wood polishing to provide carpentry services.,4389,Completed,602,2025-06-05
306,240,Need Furniture Assembly,Looking for an experienced furniture assembly to provide carpentry services.,3046,Completed,234,2025-08-29
307,110,Need AC Technician,Looking for an experienced ac technician to provide hvac services.,4402,Assigned,125,2025-06-17
308,335,Need Switch Repair,Looking for an experienced switch repair to provide electrical services.,9535,Assigned,173,2025-02-16
309,114,Need Brick Work,Looking for an experienced brick work to provide construction services.,9242,Completed,262,2025-04-04
310,304,Need Brick Work,Looking for an experienced brick work to provide construction services.,3407,Open,625,2025-01-24
311,261,Need Driver,Looking for an experienced driver to provide driving services.,8597,Open,245,2025-11-19
312,9,Need Movers,Looking for an experienced movers to provide moving services services.,1959,Assigned,777,2025-11-15
313,186,Need Pipe Repair,Looking for an experienced pipe repair to provide plumbing services.,1335,Open,677,2025-05-28
314,384,Need Door Repair,Looking for an experienced door repair to provide carpentry services.,3540,Completed,410,2025-03-26
315,23,Need Light Installation,Looking for an experienced light installation to provide electrical services.,1299,Open,152,2025-01-17
316,304,Need Bathroom Cleaning,Looking for an experienced bathroom cleaning to provide cleaning services.,5780,Open,532,2025-03-22
317,100,Need Interior Painting,Looking for an experienced interior painting to provide painting services.,5976,Open,183,2025-12-13
318,426,Need Catering,Looking for an experienced catering to provide cooking services.,3809,Open,198,2025-07-27
319,125,Need Gardener,Looking for an experienced gardener to provide gardening services.,9012,Completed,312,2025-08-16
320,368,Need Hair Stylist,Looking for an experienced hair stylist to provide beauty services.,679,Completed,561,2025-09-02
321,331,Need Tailor,Looking for an experienced tailor to provide tailoring services.,7063,Open,61,2025-11-25
322,33,Need Kitchen Cleaning,Looking for an experienced kitchen cleaning to provide cleaning services.,3099,Open,106,2025-01-22
323,344,Need Packers,Looking for an experienced packers to provide moving services services.,3271,Open,492,2025-04-23
324,493,Need Furniture Assembly,Looking for an experienced furniture assembly to provide carpentry services.,3443,Open,638,2025-07-17
325,21,Need House Cleaning,Looking for an experienced house cleaning to provide cleaning services.,3418,Completed,752,2025-04-30
326,496,Need Wall Painting,Looking for an experienced wall painting to provide painting services.,8473,Open,508,2025-02-09
327,98,Need Leak Detection,Looking for an experienced leak detection to provide plumbing services.,4783,Open,728,2025-02-06
328,287,Need Tile Installation,Looking for an experienced tile installation to provide construction services.,9829,Completed,562,2025-10-18
329,53,Need Light Installation,Looking for an experienced light installation to provide electrical services.,4735,Completed,185,2026-01-01
330,346,Need Wood Polishing,Looking for an experienced wood polishing to provide carpentry services.,8859,Open,649,2025-10-07
331,279,Need Makeup Artist,Looking for an experienced makeup artist to provide beauty services.,5252,Completed,308,2025-09-04
332,85,Need Kitchen Cleaning,Looking for an experienced kitchen cleaning to provide cleaning services.,5840,Open,684,2025-05-21
333,227,Need Wall Painting,Looking for an experienced wall painting to provide painting services.,1907,Completed,734,2025-03-17
334,6,Need Fan Installation,Looking for an experienced fan installation to provide electrical services.,5675,Open,464,2025-09-07
335,146,Need Carpenter,Looking for an experienced carpenter to provide carpentry services.,2609,Open,376,2025-05-01
336,114,Need Packers,Looking for an experienced packers to provide moving services services.,674,Assigned,592,2025-02-08
337,319,Need Leak Detection,Looking for an experienced leak detection to provide plumbing services.,1265,Open,182,2025-10-06
338,407,Need Bathroom Cleaning,Looking for an experienced bathroom cleaning to provide cleaning services.,2897,Open,452,2025-10-16
339,54,Need Beautician,Looking for an experienced beautician to provide beauty services.,3199,Completed,530,2025-11-23
340,397,Need Wall Painting,Looking for an experienced wall painting to provide painting services.,1985,Open,693,2025-03-17
341,243,Need Refrigerator Repair,Looking for an experienced refrigerator repair to provide hvac services.,8432,Open,786,2025-12-29
342,395,Need Wall Painting,Looking for an experienced wall painting to provide painting services.,2475,Open,167,2025-08-29
343,222,Need Alteration,Looking for an experienced alteration to provide tailoring services.,1778,Assigned,409,2025-04-19
344,451,Need Kitchen Cleaning,Looking for an experienced kitchen cleaning to provide cleaning services.,9859,Open,37,2025-05-22
345,132,Need Interior Painting,Looking for an experienced interior painting to provide painting services.,3137,Completed,198,2025-01-13
346,301,Need Hair Stylist,Looking for an experienced hair stylist to provide beauty services.,8256,Assigned,385,2025-06-17
347,472,Need Alteration,Looking for an experienced alteration to provide tailoring services.,6951,Assigned,109,2025-10-13
348,61,Need House Cleaning,Looking for an experienced house cleaning to provide cleaning services.,4998,Completed,72,2025-03-31
349,287,Need Tile Installation,Looking for an experienced tile installation to provide construction services.,2149,Completed,492,2025-03-18
350,12,Need Refrigerator Repair,Looking for an experienced refrigerator repair to provide hvac services.,9015,Open,601,2025-06-14
351,449,Need Beautician,Looking for an experienced beautician to provide beauty services.,9638,Completed,599,2025-11-23
352,353,Need Electrician,Looking for an experienced electrician to provide electrical services.,5952,Completed,379,2025-02-04
353,299,Need Gardener,Looking for an experienced gardener to provide gardening services.,9453,Assigned,342,2025-05-23
354,437,Need Tailor,Looking for an experienced tailor to provide tailoring services.,3344,Open,294,2025-05-18
355,400,Need Wall Painting,Looking for an experienced wall painting to provide painting services.,3573,Completed,351,2025-10-14
356,273,Need Wood Polishing,Looking for an experienced wood polishing to provide carpentry services.,3814,Completed,18,2025-07-05
357,198,Need Switch Repair,Looking for an experienced switch repair to provide electrical services.,2663,Completed,389,2025-09-27
358,128,Need Cloth Stitching,Looking for an experienced cloth stitching to provide tailoring services.,8250,Completed,593,2025-04-26
359,214,Need Interior Painting,Looking for an experienced interior painting to provide painting services.,1915,Completed,27,2025-08-31
360,181,Need Light Installation,Looking for an experienced light installation to provide electrical services.,4121,Open,413,2025-10-12
361,21,Need TV Repair,Looking for an experienced tv repair to provide home appliances services.,6598,Open,99,2025-01-21
362,368,Need Gardener,Looking for an experienced gardener to provide gardening services.,7288,Completed,577,2025-12-24
363,355,Need Bathroom Fitting,Looking for an experienced bathroom fitting to provide plumbing services.,9597,Completed,558,2025-06-04
364,143,Need House Cleaning,Looking for an experienced house cleaning to provide cleaning services.,1479,Completed,590,2025-12-12
365,454,Need Wall Painting,Looking for an experienced wall painting to provide painting services.,3615,Assigned,170,2025-08-24
366,144,Need Security Guard,Looking for an experienced security guard to provide security services.,1958,Completed,177,2025-02-27
367,363,Need AC Technician,Looking for an experienced ac technician to provide hvac services.,3552,Open,263,2025-09-01
368,107,Need Hair Stylist,Looking for an experienced hair stylist to provide beauty services.,2352,Open,88,2025-05-04
369,292,Need Fan Installation,Looking for an experienced fan installation to provide electrical services.,5705,Completed,395,2025-09-12
370,233,Need House Cleaning,Looking for an experienced house cleaning to provide cleaning services.,2538,Assigned,38,2025-08-21
371,462,Need Painter,Looking for an experienced painter to provide painting services.,8200,Assigned,168,2025-11-23
372,403,Need Packers,Looking for an experienced packers to provide moving services services.,6529,Completed,346,2025-10-05
373,136,Need Catering,Looking for an experienced catering to provide cooking services.,787,Completed,297,2025-02-24
374,72,Need Painter,Looking for an experienced painter to provide painting services.,7535,Completed,128,2025-04-02
375,177,Need Driver,Looking for an experienced driver to provide driving services.,877,Completed,563,2025-09-17
376,239,Need Tile Installation,Looking for an experienced tile installation to provide construction services.,8220,Cancelled,599,2025-09-08
377,245,Need Microwave Repair,Looking for an experienced microwave repair to provide home appliances services.,972,Open,147,2025-01-29
378,41,Need Refrigerator Repair,Looking for an experienced refrigerator repair to provide hvac services.,5426,Completed,104,2025-02-17
379,97,Need Painter,Looking for an experienced painter to provide painting services.,3257,Assigned,281,2025-10-29
380,159,Need Door Repair,Looking for an experienced door repair to provide carpentry services.,4657,Completed,743,2025-11-17
381,120,Need Tree Trimming,Looking for an experienced tree trimming to provide gardening services.,2496,Open,181,2025-08-25
382,292,Need House Wiring,Looking for an experienced house wiring to provide electrical services.,5535,Assigned,234,2025-01-14
383,133,Need Hair Stylist,Looking for an experienced hair stylist to provide beauty services.,1264,Completed,97,2025-07-06
384,329,Need Refrigerator Repair,Looking for an experienced refrigerator repair to provide hvac services.,7651,Assigned,543,2025-07-14
385,275,Need Wall Painting,Looking for an experienced wall painting to provide painting services.,2865,Open,73,2025-03-13
386,275,Need Packers,Looking for an experienced packers to provide moving services services.,4933,Open,475,2025-02-06
387,446,Need Packers,Looking for an experienced packers to provide moving services services.,5603,Completed,93,2025-06-11
388,233,Need Beautician,Looking for an experienced beautician to provide beauty services.,6855,Assigned,379,2025-03-06
389,120,Need Leak Detection,Looking for an experienced leak detection to provide plumbing services.,2748,Open,430,2025-04-19
390,249,Need Hair Stylist,Looking for an experienced hair stylist to provide beauty services.,8416,Completed,106,2025-11-16
391,329,Need Light Installation,Looking for an experienced light installation to provide electrical services.,3495,Assigned,353,2025-10-29
392,55,Need Refrigerator Repair,Looking for an experienced refrigerator repair to provide hvac services.,7772,Completed,225,2025-09-15
393,341,Need Furniture Assembly,Looking for an experienced furniture assembly to provide carpentry services.,8535,Open,485,2025-10-08
394,487,Need Brick Work,Looking for an experienced brick work to provide construction services.,612,Assigned,289,2025-07-14
395,185,Need Makeup Artist,Looking for an experienced makeup artist to provide beauty services.,3622,Cancelled,341,2025-08-28
396,367,Need Plumber,Looking for an experienced plumber to provide plumbing services.,3462,Completed,655,2025-04-15
397,135,Need Fan Installation,Looking for an experienced fan installation to provide electrical services.,1403,Assigned,720,2025-04-25
398,181,Need Packers,Looking for an experienced packers to provide moving services services.,7153,Open,335,2025-03-09
399,203,Need Gardener,Looking for an experienced gardener to provide gardening services.,6019,Completed,374,2025-06-13
400,434,Need Hair Stylist,Looking for an experienced hair stylist to provide beauty services.,9014,Open,417,2025-06-08
401,265,Need Furniture Assembly,Looking for an experienced furniture assembly to provide carpentry services.,4991,Open,560,2025-09-09
402,35,Need Movers,Looking for an experienced movers to provide moving services services.,6757,Open,437,2025-05-05
403,85,Need Tailor,Looking for an experienced tailor to provide tailoring services.,9665,Assigned,137,2025-01-27
404,189,Need Cloth Stitching,Looking for an experienced cloth stitching to provide tailoring services.,6267,Completed,418,2025-08-09
405,32,Need Tree Trimming,Looking for an experienced tree trimming to provide gardening services.,5794,Open,573,2025-04-20
406,30,Need Carpenter,Looking for an experienced carpenter to provide carpentry services.,2949,Assigned,759,2025-08-26
407,240,Need Alteration,Looking for an experienced alteration to provide tailoring services.,5768,Open,719,2025-12-12
408,273,Need Makeup Artist,Looking for an experienced makeup artist to provide beauty services.,5491,Completed,346,2025-04-05
409,282,Need Bathroom Cleaning,Looking for an experienced bathroom cleaning to provide cleaning services.,7897,Completed,342,2025-03-30
410,292,Need Light Installation,Looking for an experienced light installation to provide electrical services.,3861,Completed,102,2025-01-12
411,43,Need Beautician,Looking for an experienced beautician to provide beauty services.,4512,Completed,74,2025-09-27
412,414,Need Tree Trimming,Looking for an experienced tree trimming to provide gardening services.,7795,Open,455,2025-08-31
413,149,Need Security Guard,Looking for an experienced security guard to provide security services.,3749,Assigned,640,2025-01-27
414,278,Need Driver,Looking for an experienced driver to provide driving services.,8245,Completed,363,2025-10-05
415,330,Need Switch Repair,Looking for an experienced switch repair to provide electrical services.,1607,Completed,503,2025-02-13
416,40,Need Concrete Work,Looking for an experienced concrete work to provide construction services.,3893,Open,650,2025-04-10
417,158,Need Mason,Looking for an experienced mason to provide construction services.,8228,Open,680,2025-08-22
418,485,Need Fan Installation,Looking for an experienced fan installation to provide electrical services.,2479,Open,408,2025-09-20
419,493,Need Bathroom Cleaning,Looking for an experienced bathroom cleaning to provide cleaning services.,7671,Open,667,2025-05-09
420,268,Need TV Repair,Looking for an experienced tv repair to provide home appliances services.,8829,Completed,130,2025-06-14
421,461,Need Pipe Repair,Looking for an experienced pipe repair to provide plumbing services.,5107,Cancelled,755,2025-01-24
422,210,Need Wall Painting,Looking for an experienced wall painting to provide painting services.,9173,Open,224,2025-07-23
423,380,Need Catering,Looking for an experienced catering to provide cooking services.,1497,Completed,481,2025-01-27
424,396,Need TV Repair,Looking for an experienced tv repair to provide home appliances services.,8884,Cancelled,639,2025-01-26
425,399,Need Brick Work,Looking for an experienced brick work to provide construction services.,820,Open,259,2025-12-15
426,191,Need Brick Work,Looking for an experienced brick work to provide construction services.,5962,Open,282,2025-06-24
427,191,Need Bathroom Fitting,Looking for an experienced bathroom fitting to provide plumbing services.,5983,Open,641,2025-08-21
428,334,Need Painter,Looking for an experienced painter to provide painting services.,8731,Completed,479,2025-07-04
429,237,Need Furniture Assembly,Looking for an experienced furniture assembly to provide carpentry services.,6751,Open,400,2025-06-23
430,480,Need Makeup Artist,Looking for an experienced makeup artist to provide beauty services.,3858,Completed,523,2025-10-26
431,73,Need House Wiring,Looking for an experienced house wiring to provide electrical services.,2199,Completed,271,2025-10-02
432,182,Need Microwave Repair,Looking for an experienced microwave repair to provide home appliances services.,8469,Completed,444,2025-11-09
433,128,Need Pipe Repair,Looking for an experienced pipe repair to provide plumbing services.,9898,Assigned,666,2025-07-09
434,158,Need AC Installation,Looking for an experienced ac installation to provide hvac services.,7260,Assigned,482,2025-05-31
435,187,Need House Wiring,Looking for an experienced house wiring to provide electrical services.,9086,Open,102,2025-05-27
436,423,Need Painter,Looking for an experienced painter to provide painting services.,7790,Open,269,2025-06-14
437,122,Need Gardener,Looking for an experienced gardener to provide gardening services.,6893,Completed,711,2025-02-17
438,442,Need Plumber,Looking for an experienced plumber to provide plumbing services.,7021,Assigned,433,2025-08-21
439,50,Need Brick Work,Looking for an experienced brick work to provide construction services.,3951,Completed,399,2025-02-24
440,467,Need Fan Installation,Looking for an experienced fan installation to provide electrical services.,1110,Completed,356,2025-02-16
441,391,Need Movers,Looking for an experienced movers to provide moving services services.,4631,Open,336,2025-10-18
442,290,Need Door Repair,Looking for an experienced door repair to provide carpentry services.,2917,Open,254,2025-11-14
443,386,Need Hair Stylist,Looking for an experienced hair stylist to provide beauty services.,9904,Assigned,739,2025-03-28
444,25,Need Makeup Artist,Looking for an experienced makeup artist to provide beauty services.,1333,Completed,139,2025-08-11
445,257,Need Makeup Artist,Looking for an experienced makeup artist to provide beauty services.,1881,Assigned,460,2025-11-10
446,84,Need Cook,Looking for an experienced cook to provide cooking services.,9561,Completed,70,2025-01-14
447,320,Need House Wiring,Looking for an experienced house wiring to provide electrical services.,8085,Open,431,2025-10-10
448,24,Need Gardener,Looking for an experienced gardener to provide gardening services.,4860,Completed,608,2025-05-06
449,276,Need Lawn Maintenance,Looking for an experienced lawn maintenance to provide gardening services.,3364,Completed,736,2025-03-20
450,428,Need Fan Installation,Looking for an experienced fan installation to provide electrical services.,8299,Completed,328,2025-05-20
451,292,Need Wall Painting,Looking for an experienced wall painting to provide painting services.,8493,Completed,403,2025-05-25
452,89,Need Switch Repair,Looking for an experienced switch repair to provide electrical services.,6533,Open,751,2025-04-23
453,442,Need Concrete Work,Looking for an experienced concrete work to provide construction services.,2889,Open,756,2025-01-14
454,171,Need AC Installation,Looking for an experienced ac installation to provide hvac services.,3787,Assigned,133,2025-05-07
455,292,Need Microwave Repair,Looking for an experienced microwave repair to provide home appliances services.,9457,Open,389,2025-05-22
456,7,Need Alteration,Looking for an experienced alteration to provide tailoring services.,5594,Completed,172,2025-01-05
457,344,Need Tile Installation,Looking for an experienced tile installation to provide construction services.,6861,Assigned,444,2025-09-14
458,23,Need Alteration,Looking for an experienced alteration to provide tailoring services.,8119,Assigned,533,2025-03-19
459,66,Need Washing Machine Repair,Looking for an experienced washing machine repair to provide home appliances services.,8697,Completed,701,2025-02-19
460,176,Need Plumber,Looking for an experienced plumber to provide plumbing services.,7479,Completed,272,2025-12-22
461,12,Need Plumber,Looking for an experienced plumber to provide plumbing services.,6631,Open,273,2025-02-21
462,154,Need AC Installation,Looking for an experienced ac installation to provide hvac services.,4544,Assigned,540,2025-08-23
463,475,Need Door Repair,Looking for an experienced door repair to provide carpentry services.,1633,Open,643,2025-03-10
464,389,Need House Cleaning,Looking for an experienced house cleaning to provide cleaning services.,3508,Open,254,2025-12-11
465,134,Need Interior Painting,Looking for an experienced interior painting to provide painting services.,3452,Open,189,2025-01-13
466,140,Need Deep Cleaning,Looking for an experienced deep cleaning to provide cleaning services.,1416,Assigned,269,2025-11-14
467,17,Need Tile Installation,Looking for an experienced tile installation to provide construction services.,9037,Completed,666,2025-02-02
468,232,Need Microwave Repair,Looking for an experienced microwave repair to provide home appliances services.,4139,Completed,715,2025-05-17
469,16,Need AC Repair,Looking for an experienced ac repair to provide hvac services.,5786,Completed,483,2025-06-02
470,2,Need Door Repair,Looking for an experienced door repair to provide carpentry services.,7287,Open,457,2025-04-29
471,312,Need Kitchen Cleaning,Looking for an experienced kitchen cleaning to provide cleaning services.,9225,Assigned,125,2025-02-14
472,285,Need Plumber,Looking for an experienced plumber to provide plumbing services.,8431,Completed,164,2025-07-02
473,119,Need Bathroom Cleaning,Looking for an experienced bathroom cleaning to provide cleaning services.,9740,Assigned,392,2025-12-24
474,375,Need AC Installation,Looking for an experienced ac installation to provide hvac services.,8313,Assigned,436,2025-10-12
475,359,Need Cloth Stitching,Looking for an experienced cloth stitching to provide tailoring services.,7836,Open,335,2025-03-06
476,400,Need Bathroom Fitting,Looking for an experienced bathroom fitting to provide plumbing services.,8265,Open,94,2025-03-02
477,80,Need Pipe Repair,Looking for an experienced pipe repair to provide plumbing services.,3785,Completed,325,2025-11-12
478,374,Need Fan Installation,Looking for an experienced fan installation to provide electrical services.,5491,Completed,127,2025-08-12
479,85,Need Painter,Looking for an experienced painter to provide painting services.,8994,Assigned,387,2025-04-04
480,439,Need Refrigerator Repair,Looking for an experienced refrigerator repair to provide hvac services.,7004,Cancelled,340,2025-08-31
481,467,Need Movers,Looking for an experienced movers to provide moving services services.,1179,Assigned,94,2025-04-11
482,155,Need Concrete Work,Looking for an experienced concrete work to provide construction services.,9643,Completed,175,2025-06-26
483,269,Need Catering,Looking for an experienced catering to provide cooking services.,3049,Open,86,2025-10-25
484,447,Need TV Repair,Looking for an experienced tv repair to provide home appliances services.,8649,Open,535,2025-04-13
485,359,Need Brick Work,Looking for an experienced brick work to provide construction services.,7504,Completed,168,2025-01-14
486,77,Need Cook,Looking for an experienced cook to provide cooking services.,9496,Open,158,2025-03-12
487,453,Need Bathroom Cleaning,Looking for an experienced bathroom cleaning to provide cleaning services.,8952,Open,693,2025-08-31
488,86,Need Concrete Work,Looking for an experienced concrete work to provide construction services.,6883,Open,602,2025-09-25
489,283,Need Beautician,Looking for an experienced beautician to provide beauty services.,869,Open,538,2025-05-05
490,26,Need Alteration,Looking for an experienced alteration to provide tailoring services.,766,Completed,306,2025-01-08
491,2,Need Cloth Stitching,Looking for an experienced cloth stitching to provide tailoring services.,7867,Cancelled,602,2025-05-10
492,65,Need Beautician,Looking for an experienced beautician to provide beauty services.,2175,Completed,34,2025-06-18
493,297,Need Fan Installation,Looking for an experienced fan installation to provide electrical services.,8995,Completed,517,2025-09-23
494,19,Need Security Guard,Looking for an experienced security guard to provide security services.,5754,Completed,732,2025-06-19
495,490,Need Lawn Maintenance,Looking for an experienced lawn maintenance to provide gardening services.,5788,Open,230,2025-11-10
496,142,Need Security Guard,Looking for an experienced security guard to provide security services.,1052,Assigned,660,2025-11-14
497,356,Need Kitchen Cleaning,Looking for an experienced kitchen cleaning to provide cleaning services.,2127,Completed,503,2025-04-21
498,363,Need TV Repair,Looking for an experienced tv repair to provide home appliances services.,574,Open,668,2025-10-27
499,480,Need Cloth Stitching,Looking for an experienced cloth stitching to provide tailoring services.,5567,Cancelled,432,2025-06-04
500,500,Need Deep Cleaning,Looking for an experienced deep cleaning to provide cleaning services.,8438,Cancelled,223,2025-09-06
501,5,Need Gardener,Looking for an experienced gardener to provide gardening services.,9232,Open,749,2025-03-10
502,361,Need Water Tank Installation,Looking for an experienced water tank installation to provide plumbing services.,6643,Open,590,2025-04-01
503,318,Need AC Installation,Looking for an experienced ac installation to provide hvac services.,5793,Open,402,2025-05-31
504,363,Need Bathroom Cleaning,Looking for an experienced bathroom cleaning to provide cleaning services.,2167,Open,412,2025-04-05
505,490,Need Beautician,Looking for an experienced beautician to provide beauty services.,5188,Completed,399,2025-02-14
506,32,Need Pipe Repair,Looking for an experienced pipe repair to provide plumbing services.,4354,Completed,94,2025-10-21
507,445,Need Refrigerator Repair,Looking for an experienced refrigerator repair to provide hvac services.,2221,Assigned,69,2025-10-16
508,206,Need Washing Machine Repair,Looking for an experienced washing machine repair to provide home appliances services.,4086,Open,55,2025-12-29
509,435,Need Catering,Looking for an experienced catering to provide cooking services.,5945,Open,743,2025-10-14
510,242,Need Washing Machine Repair,Looking for an experienced washing machine repair to provide home appliances services.,8191,Assigned,161,2025-07-08
511,243,Need Hair Stylist,Looking for an experienced hair stylist to provide beauty services.,3186,Open,536,2025-06-23
512,453,Need Makeup Artist,Looking for an experienced makeup artist to provide beauty services.,7684,Completed,774,2025-09-24
513,463,Need Carpenter,Looking for an experienced carpenter to provide carpentry services.,4794,Open,644,2025-07-19
514,308,Need Packers,Looking for an experienced packers to provide moving services services.,4860,Assigned,657,2025-03-11
515,481,Need Driver,Looking for an experienced driver to provide driving services.,8011,Open,548,2025-09-18
516,370,Need Light Installation,Looking for an experienced light installation to provide electrical services.,1916,Completed,754,2025-10-07
517,333,Need Painter,Looking for an experienced painter to provide painting services.,1231,Completed,504,2025-08-13
518,28,Need Painter,Looking for an experienced painter to provide painting services.,3131,Completed,108,2025-04-09
519,317,Need Security Guard,Looking for an experienced security guard to provide security services.,2767,Assigned,616,2025-08-30
520,409,Need House Cleaning,Looking for an experienced house cleaning to provide cleaning services.,645,Completed,214,2025-01-15
521,103,Need Light Installation,Looking for an experienced light installation to provide electrical services.,7419,Assigned,462,2025-04-08
522,106,Need Tailor,Looking for an experienced tailor to provide tailoring services.,4779,Open,767,2025-02-09
523,183,Need Driver,Looking for an experienced driver to provide driving services.,7091,Open,406,2025-09-21
524,323,Need Plumber,Looking for an experienced plumber to provide plumbing services.,789,Completed,262,2025-06-13
525,183,Need Furniture Assembly,Looking for an experienced furniture assembly to provide carpentry services.,7866,Completed,770,2025-01-05
526,97,Need House Wiring,Looking for an experienced house wiring to provide electrical services.,6270,Open,8,2025-10-19
527,410,Need Kitchen Cleaning,Looking for an experienced kitchen cleaning to provide cleaning services.,974,Open,129,2025-11-17
528,188,Need Plumber,Looking for an experienced plumber to provide plumbing services.,7677,Completed,244,2025-07-24
529,4,Need Hair Stylist,Looking for an experienced hair stylist to provide beauty services.,6444,Open,748,2025-01-10
530,273,Need Catering,Looking for an experienced catering to provide cooking services.,940,Completed,593,2025-08-25
531,74,Need Kitchen Cleaning,Looking for an experienced kitchen cleaning to provide cleaning services.,1705,Completed,30,2025-11-02
532,215,Need Concrete Work,Looking for an experienced concrete work to provide construction services.,1683,Assigned,609,2025-07-20
533,91,Need Lawn Maintenance,Looking for an experienced lawn maintenance to provide gardening services.,6626,Completed,789,2025-04-18
534,130,Need Makeup Artist,Looking for an experienced makeup artist to provide beauty services.,6363,Completed,732,2025-12-20
535,272,Need Tree Trimming,Looking for an experienced tree trimming to provide gardening services.,2551,Completed,346,2025-04-01
536,472,Need AC Repair,Looking for an experienced ac repair to provide hvac services.,5895,Assigned,32,2025-08-30
537,280,Need Carpenter,Looking for an experienced carpenter to provide carpentry services.,5374,Completed,443,2025-10-25
538,423,Need Electrician,Looking for an experienced electrician to provide electrical services.,6799,Open,120,2025-04-08
539,162,Need Tree Trimming,Looking for an experienced tree trimming to provide gardening services.,3647,Assigned,382,2025-07-31
540,279,Need Refrigerator Repair,Looking for an experienced refrigerator repair to provide hvac services.,8350,Assigned,284,2025-08-20
541,296,Need Beautician,Looking for an experienced beautician to provide beauty services.,9827,Cancelled,742,2025-11-22
542,152,Need Gardener,Looking for an experienced gardener to provide gardening services.,2589,Open,564,2025-04-27
543,379,Need Interior Painting,Looking for an experienced interior painting to provide painting services.,1291,Open,297,2025-05-14
544,166,Need Microwave Repair,Looking for an experienced microwave repair to provide home appliances services.,1978,Assigned,416,2025-09-12
545,426,Need Cloth Stitching,Looking for an experienced cloth stitching to provide tailoring services.,2880,Open,210,2025-02-24
546,179,Need Carpenter,Looking for an experienced carpenter to provide carpentry services.,4412,Open,749,2025-09-26
547,169,Need Catering,Looking for an experienced catering to provide cooking services.,3741,Completed,184,2025-10-23
548,252,Need Door Repair,Looking for an experienced door repair to provide carpentry services.,527,Open,147,2025-05-16
549,96,Need AC Repair,Looking for an experienced ac repair to provide hvac services.,3785,Completed,142,2025-05-21
550,170,Need Washing Machine Repair,Looking for an experienced washing machine repair to provide home appliances services.,1122,Cancelled,388,2025-10-08
551,459,Need Hair Stylist,Looking for an experienced hair stylist to provide beauty services.,3147,Open,39,2025-03-12
552,216,Need Security Guard,Looking for an experienced security guard to provide security services.,9934,Completed,554,2025-08-25
553,296,Need Refrigerator Repair,Looking for an experienced refrigerator repair to provide hvac services.,3794,Completed,604,2025-03-05
554,123,Need Movers,Looking for an experienced movers to provide moving services services.,4316,Open,146,2025-08-28
555,34,Need Movers,Looking for an experienced movers to provide moving services services.,8280,Open,438,2025-12-22
556,351,Need Exterior Painting,Looking for an experienced exterior painting to provide painting services.,7596,Completed,508,2025-08-06
557,313,Need Alteration,Looking for an experienced alteration to provide tailoring services.,4055,Open,643,2025-09-04
558,146,Need Kitchen Cleaning,Looking for an experienced kitchen cleaning to provide cleaning services.,8016,Open,492,2025-02-12
559,172,Need Driver,Looking for an experienced driver to provide driving services.,7461,Assigned,684,2025-10-25
560,467,Need Refrigerator Repair,Looking for an experienced refrigerator repair to provide hvac services.,5222,Open,29,2025-02-27
561,2,Need Microwave Repair,Looking for an experienced microwave repair to provide home appliances services.,9998,Open,259,2025-10-28
562,245,Need Painter,Looking for an experienced painter to provide painting services.,8809,Completed,573,2025-09-17
563,44,Need Movers,Looking for an experienced movers to provide moving services services.,5540,Completed,401,2026-01-01
564,159,Need Tile Installation,Looking for an experienced tile installation to provide construction services.,2534,Completed,344,2025-07-19
565,59,Need Deep Cleaning,Looking for an experienced deep cleaning to provide cleaning services.,2588,Open,567,2025-12-09
566,287,Need Wall Painting,Looking for an experienced wall painting to provide painting services.,1849,Open,438,2025-08-09
567,58,Need TV Repair,Looking for an experienced tv repair to provide home appliances services.,3159,Completed,175,2025-05-01
568,267,Need Bathroom Fitting,Looking for an experienced bathroom fitting to provide plumbing services.,8084,Open,429,2025-09-01
569,72,Need Wood Polishing,Looking for an experienced wood polishing to provide carpentry services.,3967,Completed,582,2025-12-01
570,63,Need Driver,Looking for an experienced driver to provide driving services.,735,Cancelled,746,2025-07-29
571,367,Need Exterior Painting,Looking for an experienced exterior painting to provide painting services.,1147,Completed,284,2025-09-14
572,145,Need Cook,Looking for an experienced cook to provide cooking services.,5223,Assigned,98,2025-12-23
573,363,Need Cloth Stitching,Looking for an experienced cloth stitching to provide tailoring services.,5241,Open,176,2025-06-10
574,407,Need Furniture Assembly,Looking for an experienced furniture assembly to provide carpentry services.,6772,Assigned,508,2025-02-06
575,191,Need Catering,Looking for an experienced catering to provide cooking services.,619,Completed,218,2025-12-29
576,80,Need Fan Installation,Looking for an experienced fan installation to provide electrical services.,3413,Assigned,705,2025-11-12
577,139,Need Concrete Work,Looking for an experienced concrete work to provide construction services.,678,Completed,63,2025-04-08
578,457,Need Interior Painting,Looking for an experienced interior painting to provide painting services.,7885,Open,465,2025-06-24
579,308,Need Wood Polishing,Looking for an experienced wood polishing to provide carpentry services.,2614,Completed,116,2025-05-30
580,284,Need AC Repair,Looking for an experienced ac repair to provide hvac services.,4890,Completed,695,2025-10-05
581,482,Need Water Tank Installation,Looking for an experienced water tank installation to provide plumbing services.,3107,Completed,196,2025-10-15
582,326,Need Bathroom Cleaning,Looking for an experienced bathroom cleaning to provide cleaning services.,8418,Open,575,2025-12-05
583,375,Need Bathroom Cleaning,Looking for an experienced bathroom cleaning to provide cleaning services.,9372,Assigned,169,2025-12-30
584,419,Need Furniture Assembly,Looking for an experienced furniture assembly to provide carpentry services.,9474,Open,511,2025-06-29
585,438,Need AC Repair,Looking for an experienced ac repair to provide hvac services.,1871,Assigned,317,2025-07-19
586,335,Need Deep Cleaning,Looking for an experienced deep cleaning to provide cleaning services.,8542,Open,364,2025-04-21
587,59,Need Tile Installation,Looking for an experienced tile installation to provide construction services.,4134,Completed,197,2025-02-07
588,459,Need Cook,Looking for an experienced cook to provide cooking services.,2041,Open,348,2025-07-16
589,458,Need Concrete Work,Looking for an experienced concrete work to provide construction services.,7995,Open,484,2025-12-04
590,26,Need Light Installation,Looking for an experienced light installation to provide electrical services.,3445,Completed,134,2025-06-01
591,274,Need Refrigerator Repair,Looking for an experienced refrigerator repair to provide hvac services.,4233,Open,712,2025-10-10
592,335,Need Plumber,Looking for an experienced plumber to provide plumbing services.,4126,Open,416,2025-11-04
593,156,Need Lawn Maintenance,Looking for an experienced lawn maintenance to provide gardening services.,7865,Completed,532,2025-02-08
594,395,Need Mason,Looking for an experienced mason to provide construction services.,8654,Open,207,2025-07-23
595,96,Need House Cleaning,Looking for an experienced house cleaning to provide cleaning services.,9891,Open,747,2025-02-19
596,4,Need Water Tank Installation,Looking for an experienced water tank installation to provide plumbing services.,6193,Assigned,311,2025-03-24
597,197,Need Light Installation,Looking for an experienced light installation to provide electrical services.,8502,Open,182,2025-07-31
598,480,Need Concrete Work,Looking for an experienced concrete work to provide construction services.,7185,Open,501,2025-03-14
599,12,Need Door Repair,Looking for an experienced door repair to provide carpentry services.,9544,Open,584,2025-12-07
600,10,Need Carpenter,Looking for an experienced carpenter to provide carpentry services.,862,Open,7,2025-02-13
601,434,Need Furniture Assembly,Looking for an experienced furniture assembly to provide carpentry services.,8783,Completed,393,2025-10-06
602,32,Need Tile Installation,Looking for an experienced tile installation to provide construction services.,1160,Completed,369,2025-10-31
603,153,Need Kitchen Cleaning,Looking for an experienced kitchen cleaning to provide cleaning services.,3418,Open,476,2025-09-12
604,457,Need AC Repair,Looking for an experienced ac repair to provide hvac services.,2634,Assigned,27,2025-01-01
605,411,Need AC Installation,Looking for an experienced ac installation to provide hvac services.,654,Open,649,2025-04-18
606,169,Need House Cleaning,Looking for an experienced house cleaning to provide cleaning services.,4801,Completed,175,2025-10-17
607,298,Need Driver,Looking for an experienced driver to provide driving services.,3752,Assigned,643,2025-03-18
608,384,Need Electrician,Looking for an experienced electrician to provide electrical services.,8257,Completed,457,2025-09-10
609,337,Need Deep Cleaning,Looking for an experienced deep cleaning to provide cleaning services.,1949,Cancelled,325,2025-05-09
610,247,Need Movers,Looking for an experienced movers to provide moving services services.,1782,Completed,166,2025-08-05
611,18,Need Catering,Looking for an experienced catering to provide cooking services.,5088,Completed,689,2025-03-08
612,489,Need Refrigerator Repair,Looking for an experienced refrigerator repair to provide hvac services.,8397,Completed,307,2025-06-24
613,430,Need Washing Machine Repair,Looking for an experienced washing machine repair to provide home appliances services.,2520,Open,618,2025-01-30
614,102,Need Hair Stylist,Looking for an experienced hair stylist to provide beauty services.,4294,Assigned,308,2025-05-13
615,423,Need Security Guard,Looking for an experienced security guard to provide security services.,9007,Assigned,749,2025-11-20
616,43,Need Tree Trimming,Looking for an experienced tree trimming to provide gardening services.,3275,Assigned,332,2025-12-16
617,165,Need Bathroom Cleaning,Looking for an experienced bathroom cleaning to provide cleaning services.,5529,Completed,301,2025-08-01
618,404,Need Tailor,Looking for an experienced tailor to provide tailoring services.,1147,Assigned,95,2025-12-01
619,109,Need Tailor,Looking for an experienced tailor to provide tailoring services.,5617,Completed,546,2025-01-26
620,99,Need Movers,Looking for an experienced movers to provide moving services services.,4381,Completed,713,2025-07-24
621,139,Need Refrigerator Repair,Looking for an experienced refrigerator repair to provide hvac services.,4769,Open,737,2025-05-25
622,335,Need Tile Installation,Looking for an experienced tile installation to provide construction services.,7090,Open,687,2025-11-01
623,226,Need Wall Painting,Looking for an experienced wall painting to provide painting services.,3516,Completed,147,2025-07-22
624,390,Need Furniture Assembly,Looking for an experienced furniture assembly to provide carpentry services.,7516,Open,559,2025-02-11
625,479,Need Wood Polishing,Looking for an experienced wood polishing to provide carpentry services.,5567,Open,489,2025-10-06
626,167,Need Security Guard,Looking for an experienced security guard to provide security services.,969,Assigned,486,2025-07-23
627,10,Need Plumber,Looking for an experienced plumber to provide plumbing services.,8995,Open,215,2025-07-01
628,289,Need Microwave Repair,Looking for an experienced microwave repair to provide home appliances services.,3852,Completed,439,2025-12-09
629,391,Need Wall Painting,Looking for an experienced wall painting to provide painting services.,8090,Open,432,2025-01-11
630,37,Need Tree Trimming,Looking for an experienced tree trimming to provide gardening services.,7531,Open,606,2025-12-22
631,466,Need Deep Cleaning,Looking for an experienced deep cleaning to provide cleaning services.,1200,Assigned,213,2025-02-23
632,125,Need Lawn Maintenance,Looking for an experienced lawn maintenance to provide gardening services.,3215,Open,15,2025-05-17
633,10,Need Wall Painting,Looking for an experienced wall painting to provide painting services.,2570,Assigned,622,2025-02-09
634,240,Need Deep Cleaning,Looking for an experienced deep cleaning to provide cleaning services.,2165,Completed,77,2025-03-26
635,216,Need Door Repair,Looking for an experienced door repair to provide carpentry services.,8142,Cancelled,671,2025-07-09
636,112,Need Kitchen Cleaning,Looking for an experienced kitchen cleaning to provide cleaning services.,9819,Open,196,2025-10-01
637,478,Need Painter,Looking for an experienced painter to provide painting services.,1923,Completed,375,2025-01-01
638,314,Need Lawn Maintenance,Looking for an experienced lawn maintenance to provide gardening services.,3367,Completed,83,2025-01-21
639,416,Need Exterior Painting,Looking for an experienced exterior painting to provide painting services.,4466,Cancelled,603,2025-12-24
640,2,Need Cloth Stitching,Looking for an experienced cloth stitching to provide tailoring services.,9284,Assigned,762,2025-08-03
641,325,Need Hair Stylist,Looking for an experienced hair stylist to provide beauty services.,4054,Open,82,2025-07-31
642,88,Need Alteration,Looking for an experienced alteration to provide tailoring services.,728,Completed,534,2025-04-12
643,420,Need AC Technician,Looking for an experienced ac technician to provide hvac services.,7803,Completed,302,2025-04-02
644,119,Need TV Repair,Looking for an experienced tv repair to provide home appliances services.,2869,Completed,142,2025-03-30
645,391,Need Exterior Painting,Looking for an experienced exterior painting to provide painting services.,5143,Open,442,2025-04-09
646,137,Need Tree Trimming,Looking for an experienced tree trimming to provide gardening services.,4783,Open,409,2025-09-14
647,265,Need Brick Work,Looking for an experienced brick work to provide construction services.,3554,Completed,149,2025-01-28
648,472,Need Pipe Repair,Looking for an experienced pipe repair to provide plumbing services.,1592,Open,373,2025-11-16
649,253,Need Exterior Painting,Looking for an experienced exterior painting to provide painting services.,3720,Assigned,400,2025-03-01
650,79,Need Water Tank Installation,Looking for an experienced water tank installation to provide plumbing services.,7923,Open,334,2025-09-18
651,391,Need Electrician,Looking for an experienced electrician to provide electrical services.,4441,Assigned,772,2025-09-15
652,14,Need Makeup Artist,Looking for an experienced makeup artist to provide beauty services.,8629,Open,51,2025-01-04
653,8,Need Makeup Artist,Looking for an experienced makeup artist to provide beauty services.,4856,Open,614,2025-04-26
654,136,Need Concrete Work,Looking for an experienced concrete work to provide construction services.,4261,Assigned,546,2025-03-16
655,22,Need Fan Installation,Looking for an experienced fan installation to provide electrical services.,8383,Open,667,2025-07-31
656,390,Need Catering,Looking for an experienced catering to provide cooking services.,7961,Assigned,463,2025-10-05
657,418,Need Cook,Looking for an experienced cook to provide cooking services.,3314,Assigned,111,2025-01-05
658,354,Need Deep Cleaning,Looking for an experienced deep cleaning to provide cleaning services.,8413,Open,678,2025-04-21
659,51,Need Beautician,Looking for an experienced beautician to provide beauty services.,1552,Cancelled,263,2025-07-19
660,238,Need Mason,Looking for an experienced mason to provide construction services.,5997,Completed,508,2025-08-01
661,420,Need Tailor,Looking for an experienced tailor to provide tailoring services.,1713,Open,668,2025-08-07
662,344,Need Exterior Painting,Looking for an experienced exterior painting to provide painting services.,1148,Open,205,2025-12-10
663,210,Need House Cleaning,Looking for an experienced house cleaning to provide cleaning services.,4366,Open,665,2025-12-15
664,226,Need Pipe Repair,Looking for an experienced pipe repair to provide plumbing services.,6529,Completed,622,2025-10-24
665,47,Need Driver,Looking for an experienced driver to provide driving services.,2002,Open,45,2025-02-09
666,83,Need AC Technician,Looking for an experienced ac technician to provide hvac services.,2245,Completed,772,2025-08-24
667,386,Need Wood Polishing,Looking for an experienced wood polishing to provide carpentry services.,2030,Open,683,2025-07-13
668,381,Need Electrician,Looking for an experienced electrician to provide electrical services.,6997,Assigned,659,2025-05-31
669,73,Need Exterior Painting,Looking for an experienced exterior painting to provide painting services.,5320,Completed,133,2025-09-06
670,100,Need Movers,Looking for an experienced movers to provide moving services services.,4399,Open,479,2025-02-27
671,181,Need Wood Polishing,Looking for an experienced wood polishing to provide carpentry services.,3105,Completed,577,2025-05-15
672,248,Need Brick Work,Looking for an experienced brick work to provide construction services.,1870,Assigned,779,2025-12-17
673,351,Need Leak Detection,Looking for an experienced leak detection to provide plumbing services.,7568,Cancelled,721,2025-07-31
674,296,Need Mason,Looking for an experienced mason to provide construction services.,7733,Open,203,2025-12-10
675,158,Need Wall Painting,Looking for an experienced wall painting to provide painting services.,3161,Completed,541,2025-09-09
676,209,Need Painter,Looking for an experienced painter to provide painting services.,3474,Open,440,2025-09-21
677,479,Need Interior Painting,Looking for an experienced interior painting to provide painting services.,3423,Completed,680,2025-08-20
678,129,Need Tree Trimming,Looking for an experienced tree trimming to provide gardening services.,5011,Completed,54,2025-01-24
679,452,Need Brick Work,Looking for an experienced brick work to provide construction services.,7846,Assigned,124,2025-07-04
680,262,Need Microwave Repair,Looking for an experienced microwave repair to provide home appliances services.,9813,Open,59,2025-09-14
681,53,Need Catering,Looking for an experienced catering to provide cooking services.,2798,Open,706,2025-07-29
682,466,Need Lawn Maintenance,Looking for an experienced lawn maintenance to provide gardening services.,5526,Completed,144,2025-07-22
683,341,Need Packers,Looking for an experienced packers to provide moving services services.,1638,Completed,229,2025-12-05
684,87,Need Hair Stylist,Looking for an experienced hair stylist to provide beauty services.,2415,Completed,631,2025-05-11
685,216,Need Washing Machine Repair,Looking for an experienced washing machine repair to provide home appliances services.,1790,Open,139,2025-12-04
686,206,Need AC Repair,Looking for an experienced ac repair to provide hvac services.,1009,Completed,249,2025-05-04
687,83,Need House Cleaning,Looking for an experienced house cleaning to provide cleaning services.,8471,Open,113,2025-09-29
688,1,Need Leak Detection,Looking for an experienced leak detection to provide plumbing services.,1247,Completed,377,2025-02-01
689,131,Need House Wiring,Looking for an experienced house wiring to provide electrical services.,9247,Assigned,19,2025-05-25
690,293,Need Furniture Assembly,Looking for an experienced furniture assembly to provide carpentry services.,4757,Assigned,202,2025-07-02
691,394,Need House Wiring,Looking for an experienced house wiring to provide electrical services.,9965,Completed,518,2025-11-08
692,286,Need TV Repair,Looking for an experienced tv repair to provide home appliances services.,7830,Open,610,2025-01-24
693,225,Need Gardener,Looking for an experienced gardener to provide gardening services.,7781,Open,170,2025-06-22
694,347,Need AC Repair,Looking for an experienced ac repair to provide hvac services.,740,Open,376,2026-01-01
695,168,Need Refrigerator Repair,Looking for an experienced refrigerator repair to provide hvac services.,3241,Cancelled,712,2025-05-07
696,141,Need Tile Installation,Looking for an experienced tile installation to provide construction services.,8747,Completed,778,2025-12-06
697,140,Need Cook,Looking for an experienced cook to provide cooking services.,1734,Completed,238,2025-03-13
698,36,Need Wood Polishing,Looking for an experienced wood polishing to provide carpentry services.,1736,Open,544,2025-08-20
699,370,Need Alteration,Looking for an experienced alteration to provide tailoring services.,1307,Open,150,2025-07-08
700,93,Need Microwave Repair,Looking for an experienced microwave repair to provide home appliances services.,5497,Open,382,2025-11-09
701,356,Need Hair Stylist,Looking for an experienced hair stylist to provide beauty services.,7719,Open,374,2025-06-21
702,158,Need Electrician,Looking for an experienced electrician to provide electrical services.,6159,Completed,87,2025-11-05
703,252,Need Movers,Looking for an experienced movers to provide moving services services.,6429,Open,629,2025-08-09
704,419,Need Cook,Looking for an experienced cook to provide cooking services.,6423,Completed,679,2025-12-01
705,170,Need Wall Painting,Looking for an experienced wall painting to provide painting services.,2306,Open,492,2025-07-06
706,56,Need Concrete Work,Looking for an experienced concrete work to provide construction services.,1822,Open,450,2025-10-19
707,379,Need Lawn Maintenance,Looking for an experienced lawn maintenance to provide gardening services.,3351,Assigned,27,2025-06-08
708,18,Need Refrigerator Repair,Looking for an experienced refrigerator repair to provide hvac services.,1545,Completed,732,2025-05-16
709,218,Need Makeup Artist,Looking for an experienced makeup artist to provide beauty services.,641,Assigned,99,2025-05-25
710,163,Need Concrete Work,Looking for an experienced concrete work to provide construction services.,7622,Completed,144,2025-09-09
711,458,Need Security Guard,Looking for an experienced security guard to provide security services.,7897,Cancelled,574,2025-06-23
712,227,Need Gardener,Looking for an experienced gardener to provide gardening services.,7763,Completed,26,2025-08-12
713,201,Need Switch Repair,Looking for an experienced switch repair to provide electrical services.,1092,Cancelled,130,2025-04-10
714,215,Need Door Repair,Looking for an experienced door repair to provide carpentry services.,7106,Completed,287,2025-12-17
715,372,Need AC Repair,Looking for an experienced ac repair to provide hvac services.,2393,Open,71,2025-01-28
716,388,Need Cloth Stitching,Looking for an experienced cloth stitching to provide tailoring services.,6922,Completed,59,2025-07-02
717,404,Need Water Tank Installation,Looking for an experienced water tank installation to provide plumbing services.,5284,Completed,612,2025-04-27
718,268,Need Plumber,Looking for an experienced plumber to provide plumbing services.,8355,Open,126,2025-10-01
719,83,Need Furniture Assembly,Looking for an experienced furniture assembly to provide carpentry services.,1748,Assigned,641,2025-11-09
720,408,Need Packers,Looking for an experienced packers to provide moving services services.,8649,Completed,175,2025-06-05
721,32,Need Painter,Looking for an experienced painter to provide painting services.,6323,Assigned,73,2025-05-04
722,87,Need Pipe Repair,Looking for an experienced pipe repair to provide plumbing services.,7948,Open,503,2025-11-21
723,329,Need Bathroom Fitting,Looking for an experienced bathroom fitting to provide plumbing services.,6318,Open,733,2025-09-10
724,190,Need Driver,Looking for an experienced driver to provide driving services.,9134,Completed,545,2025-08-01
725,92,Need AC Installation,Looking for an experienced ac installation to provide hvac services.,9942,Assigned,473,2025-09-27
726,419,Need Bathroom Cleaning,Looking for an experienced bathroom cleaning to provide cleaning services.,8970,Open,559,2025-06-24
727,30,Need Bathroom Cleaning,Looking for an experienced bathroom cleaning to provide cleaning services.,2330,Open,12,2025-05-02
728,45,Need House Wiring,Looking for an experienced house wiring to provide electrical services.,4290,Assigned,314,2025-07-22
729,267,Need Wall Painting,Looking for an experienced wall painting to provide painting services.,6881,Open,249,2025-07-12
730,85,Need Cloth Stitching,Looking for an experienced cloth stitching to provide tailoring services.,8652,Open,393,2025-03-25
731,240,Need Water Tank Installation,Looking for an experienced water tank installation to provide plumbing services.,4859,Assigned,341,2025-11-26
732,402,Need AC Repair,Looking for an experienced ac repair to provide hvac services.,1725,Completed,617,2025-12-22
733,56,Need Tile Installation,Looking for an experienced tile installation to provide construction services.,9962,Open,755,2025-07-06
734,394,Need AC Repair,Looking for an experienced ac repair to provide hvac services.,3745,Open,733,2025-03-11
735,196,Need Leak Detection,Looking for an experienced leak detection to provide plumbing services.,5559,Assigned,529,2025-12-03
736,169,Need Light Installation,Looking for an experienced light installation to provide electrical services.,5269,Assigned,93,2025-10-25
737,367,Need Fan Installation,Looking for an experienced fan installation to provide electrical services.,3729,Completed,187,2025-02-26
738,202,Need Tile Installation,Looking for an experienced tile installation to provide construction services.,6473,Assigned,272,2025-08-04
739,101,Need Cloth Stitching,Looking for an experienced cloth stitching to provide tailoring services.,3533,Open,48,2025-12-05
740,241,Need Microwave Repair,Looking for an experienced microwave repair to provide home appliances services.,6392,Completed,617,2025-09-30
741,408,Need Door Repair,Looking for an experienced door repair to provide carpentry services.,2154,Open,426,2025-05-19
742,12,Need Packers,Looking for an experienced packers to provide moving services services.,4056,Assigned,17,2025-07-21
743,281,Need Refrigerator Repair,Looking for an experienced refrigerator repair to provide hvac services.,989,Open,730,2025-01-08
744,16,Need Bathroom Cleaning,Looking for an experienced bathroom cleaning to provide cleaning services.,1858,Assigned,148,2025-08-07
745,440,Need Water Tank Installation,Looking for an experienced water tank installation to provide plumbing services.,9162,Completed,500,2025-03-20
746,215,Need Plumber,Looking for an experienced plumber to provide plumbing services.,9421,Assigned,561,2025-02-27
747,9,Need Refrigerator Repair,Looking for an experienced refrigerator repair to provide hvac services.,3545,Open,488,2025-03-07
748,351,Need TV Repair,Looking for an experienced tv repair to provide home appliances services.,9135,Open,684,2025-08-19
749,311,Need Carpenter,Looking for an experienced carpenter to provide carpentry services.,6568,Completed,757,2025-11-08
750,462,Need Wall Painting,Looking for an experienced wall painting to provide painting services.,1411,Open,622,2025-06-03
751,335,Need AC Installation,Looking for an experienced ac installation to provide hvac services.,5890,Open,241,2025-07-03
752,228,Need Driver,Looking for an experienced driver to provide driving services.,4555,Open,272,2025-06-22
753,437,Need Mason,Looking for an experienced mason to provide construction services.,1241,Completed,714,2025-02-17
754,306,Need Tree Trimming,Looking for an experienced tree trimming to provide gardening services.,3624,Completed,318,2025-06-19
755,461,Need Lawn Maintenance,Looking for an experienced lawn maintenance to provide gardening services.,9603,Completed,307,2025-08-03
756,88,Need Lawn Maintenance,Looking for an experienced lawn maintenance to provide gardening services.,3422,Completed,463,2025-02-03
757,60,Need Driver,Looking for an experienced driver to provide driving services.,6697,Assigned,391,2025-03-01
758,140,Need Wall Painting,Looking for an experienced wall painting to provide painting services.,9758,Open,668,2025-03-12
759,246,Need AC Technician,Looking for an experienced ac technician to provide hvac services.,743,Open,729,2025-12-20
760,273,Need Exterior Painting,Looking for an experienced exterior painting to provide painting services.,1844,Open,214,2025-06-01
761,458,Need Wall Painting,Looking for an experienced wall painting to provide painting services.,2986,Assigned,481,2025-08-25
762,395,Need House Wiring,Looking for an experienced house wiring to provide electrical services.,2482,Cancelled,350,2025-12-23
763,499,Need Wall Painting,Looking for an experienced wall painting to provide painting services.,3678,Open,332,2025-08-29
764,280,Need Bathroom Fitting,Looking for an experienced bathroom fitting to provide plumbing services.,858,Open,786,2025-10-09
765,240,Need Washing Machine Repair,Looking for an experienced washing machine repair to provide home appliances services.,3004,Open,58,2025-01-13
766,218,Need Interior Painting,Looking for an experienced interior painting to provide painting services.,8391,Open,533,2025-01-28
767,209,Need Light Installation,Looking for an experienced light installation to provide electrical services.,2248,Open,366,2025-06-12
768,345,Need Cook,Looking for an experienced cook to provide cooking services.,9161,Completed,247,2025-11-17
769,9,Need Cook,Looking for an experienced cook to provide cooking services.,5941,Open,6,2025-09-03
770,61,Need Movers,Looking for an experienced movers to provide moving services services.,7900,Completed,276,2025-01-05
771,380,Need Gardener,Looking for an experienced gardener to provide gardening services.,5474,Completed,639,2025-07-19
772,225,Need Alteration,Looking for an experienced alteration to provide tailoring services.,2334,Assigned,725,2025-04-30
773,3,Need Tile Installation,Looking for an experienced tile installation to provide construction services.,8888,Open,526,2025-08-17
774,71,Need Microwave Repair,Looking for an experienced microwave repair to provide home appliances services.,2394,Open,153,2025-05-06
775,372,Need Tile Installation,Looking for an experienced tile installation to provide construction services.,5054,Cancelled,173,2025-08-17
776,218,Need Light Installation,Looking for an experienced light installation to provide electrical services.,7106,Open,171,2025-08-13
777,200,Need Refrigerator Repair,Looking for an experienced refrigerator repair to provide hvac services.,1260,Cancelled,788,2025-03-02
778,203,Need Washing Machine Repair,Looking for an experienced washing machine repair to provide home appliances services.,8721,Cancelled,148,2025-05-18
779,305,Need Movers,Looking for an experienced movers to provide moving services services.,5768,Assigned,223,2025-11-30
780,310,Need Exterior Painting,Looking for an experienced exterior painting to provide painting services.,4896,Assigned,132,2025-06-14
781,231,Need Mason,Looking for an experienced mason to provide construction services.,4376,Assigned,94,2025-12-21
782,157,Need Concrete Work,Looking for an experienced concrete work to provide construction services.,7061,Open,17,2025-12-11
783,182,Need Washing Machine Repair,Looking for an experienced washing machine repair to provide home appliances services.,8163,Completed,645,2025-06-03
784,56,Need Carpenter,Looking for an experienced carpenter to provide carpentry services.,4592,Open,99,2025-10-11
785,423,Need Water Tank Installation,Looking for an experienced water tank installation to provide plumbing services.,8562,Completed,424,2025-02-03
786,466,Need Washing Machine Repair,Looking for an experienced washing machine repair to provide home appliances services.,4370,Open,597,2025-03-30
787,311,Need Fan Installation,Looking for an experienced fan installation to provide electrical services.,6458,Open,526,2025-01-15
788,337,Need AC Installation,Looking for an experienced ac installation to provide hvac services.,1529,Completed,754,2025-12-10
789,224,Need Bathroom Cleaning,Looking for an experienced bathroom cleaning to provide cleaning services.,4927,Completed,519,2025-06-09
790,15,Need Movers,Looking for an experienced movers to provide moving services services.,7798,Cancelled,194,2025-05-24
791,34,Need AC Repair,Looking for an experienced ac repair to provide hvac services.,1379,Completed,90,2025-10-02
792,466,Need Packers,Looking for an experienced packers to provide moving services services.,9755,Assigned,254,2025-12-14
793,316,Need Exterior Painting,Looking for an experienced exterior painting to provide painting services.,865,Completed,347,2025-06-27
794,404,Need Gardener,Looking for an experienced gardener to provide gardening services.,9998,Assigned,576,2025-04-21
795,400,Need Tile Installation,Looking for an experienced tile installation to provide construction services.,6252,Open,649,2025-01-23
796,367,Need Lawn Maintenance,Looking for an experienced lawn maintenance to provide gardening services.,3011,Assigned,41,2025-09-12
797,61,Need Hair Stylist,Looking for an experienced hair stylist to provide beauty services.,4456,Cancelled,387,2025-04-12
798,198,Need Water Tank Installation,Looking for an experienced water tank installation to provide plumbing services.,7269,Open,684,2025-12-05
799,150,Need Bathroom Cleaning,Looking for an experienced bathroom cleaning to provide cleaning services.,1224,Completed,400,2025-12-04
800,81,Need AC Installation,Looking for an experienced ac installation to provide hvac services.,3284,Open,24,2025-04-28
801,428,Need Deep Cleaning,Looking for an experienced deep cleaning to provide cleaning services.,8760,Open,224,2025-03-13
802,3,Need Water Tank Installation,Looking for an experienced water tank installation to provide plumbing services.,6266,Completed,110,2025-09-23
803,200,Need Painter,Looking for an experienced painter to provide painting services.,9939,Completed,76,2025-10-22
804,198,Need House Wiring,Looking for an experienced house wiring to provide electrical services.,5563,Open,640,2025-11-27
805,436,Need Washing Machine Repair,Looking for an experienced washing machine repair to provide home appliances services.,6620,Completed,780,2025-02-13
806,418,Need Door Repair,Looking for an experienced door repair to provide carpentry services.,7925,Open,565,2025-05-17
807,20,Need House Wiring,Looking for an experienced house wiring to provide electrical services.,1788,Completed,651,2025-05-03
808,116,Need Switch Repair,Looking for an experienced switch repair to provide electrical services.,4258,Open,714,2025-04-14
809,182,Need Furniture Assembly,Looking for an experienced furniture assembly to provide carpentry services.,8174,Completed,760,2025-02-16
810,341,Need Electrician,Looking for an experienced electrician to provide electrical services.,5323,Open,665,2025-05-18
811,277,Need Mason,Looking for an experienced mason to provide construction services.,6880,Open,402,2025-01-08
812,410,Need Brick Work,Looking for an experienced brick work to provide construction services.,1893,Open,16,2025-11-13
813,485,Need Tailor,Looking for an experienced tailor to provide tailoring services.,1694,Cancelled,308,2025-07-09
814,313,Need Makeup Artist,Looking for an experienced makeup artist to provide beauty services.,844,Completed,491,2025-06-29
815,56,Need Cloth Stitching,Looking for an experienced cloth stitching to provide tailoring services.,2854,Completed,242,2025-05-06
816,433,Need Hair Stylist,Looking for an experienced hair stylist to provide beauty services.,7797,Assigned,233,2025-08-18
817,351,Need Pipe Repair,Looking for an experienced pipe repair to provide plumbing services.,2037,Completed,328,2025-11-26
818,364,Need Alteration,Looking for an experienced alteration to provide tailoring services.,6788,Open,382,2025-04-21
819,489,Need Water Tank Installation,Looking for an experienced water tank installation to provide plumbing services.,2341,Completed,85,2025-05-28
820,363,Need Pipe Repair,Looking for an experienced pipe repair to provide plumbing services.,5194,Completed,124,2025-02-21
821,463,Need Brick Work,Looking for an experienced brick work to provide construction services.,9573,Open,675,2025-08-25
822,449,Need Water Tank Installation,Looking for an experienced water tank installation to provide plumbing services.,7483,Completed,277,2025-06-26
823,480,Need Leak Detection,Looking for an experienced leak detection to provide plumbing services.,3122,Completed,262,2025-12-28
824,33,Need Carpenter,Looking for an experienced carpenter to provide carpentry services.,2581,Completed,22,2025-12-06
825,198,Need Makeup Artist,Looking for an experienced makeup artist to provide beauty services.,4441,Assigned,102,2025-03-29
826,160,Need Driver,Looking for an experienced driver to provide driving services.,7650,Assigned,114,2025-04-05
827,200,Need AC Technician,Looking for an experienced ac technician to provide hvac services.,5596,Open,751,2025-03-26
828,263,Need Deep Cleaning,Looking for an experienced deep cleaning to provide cleaning services.,8147,Open,466,2025-11-20
829,143,Need Plumber,Looking for an experienced plumber to provide plumbing services.,9906,Assigned,372,2025-06-24
830,177,Need Interior Painting,Looking for an experienced interior painting to provide painting services.,4122,Assigned,376,2025-11-18
831,162,Need Wood Polishing,Looking for an experienced wood polishing to provide carpentry services.,5273,Assigned,499,2025-11-10
832,92,Need Bathroom Cleaning,Looking for an experienced bathroom cleaning to provide cleaning services.,6570,Open,369,2025-09-04
833,309,Need Furniture Assembly,Looking for an experienced furniture assembly to provide carpentry services.,6471,Open,187,2025-06-16
834,461,Need Carpenter,Looking for an experienced carpenter to provide carpentry services.,3876,Completed,331,2025-02-09
835,55,Need Door Repair,Looking for an experienced door repair to provide carpentry services.,4193,Open,84,2025-09-18
836,207,Need Bathroom Cleaning,Looking for an experienced bathroom cleaning to provide cleaning services.,4353,Completed,755,2025-05-31
837,352,Need Furniture Assembly,Looking for an experienced furniture assembly to provide carpentry services.,6966,Completed,778,2025-12-20
838,499,Need Security Guard,Looking for an experienced security guard to provide security services.,5551,Open,490,2025-08-01
839,469,Need Makeup Artist,Looking for an experienced makeup artist to provide beauty services.,4057,Completed,68,2025-04-25
840,465,Need Driver,Looking for an experienced driver to provide driving services.,9746,Open,185,2025-06-16
841,272,Need Tile Installation,Looking for an experienced tile installation to provide construction services.,4138,Assigned,685,2025-12-01
842,401,Need Tailor,Looking for an experienced tailor to provide tailoring services.,3690,Assigned,529,2025-02-21
843,402,Need Pipe Repair,Looking for an experienced pipe repair to provide plumbing services.,8366,Completed,142,2025-11-02
844,360,Need Wood Polishing,Looking for an experienced wood polishing to provide carpentry services.,3953,Completed,95,2025-04-30
845,277,Need Leak Detection,Looking for an experienced leak detection to provide plumbing services.,3877,Completed,326,2025-01-02
846,475,Need Electrician,Looking for an experienced electrician to provide electrical services.,5316,Open,137,2025-08-25
847,455,Need Lawn Maintenance,Looking for an experienced lawn maintenance to provide gardening services.,8865,Completed,649,2025-10-24
848,480,Need House Wiring,Looking for an experienced house wiring to provide electrical services.,3643,Assigned,759,2025-03-16
849,99,Need Tree Trimming,Looking for an experienced tree trimming to provide gardening services.,6854,Assigned,252,2025-11-29
850,174,Need AC Installation,Looking for an experienced ac installation to provide hvac services.,4271,Assigned,45,2025-11-10
851,454,Need Exterior Painting,Looking for an experienced exterior painting to provide painting services.,1823,Open,609,2025-09-11
852,18,Need Packers,Looking for an experienced packers to provide moving services services.,9699,Assigned,646,2025-08-29
853,98,Need Water Tank Installation,Looking for an experienced water tank installation to provide plumbing services.,5934,Cancelled,178,2025-04-16
854,270,Need Pipe Repair,Looking for an experienced pipe repair to provide plumbing services.,1489,Open,428,2025-06-18
855,265,Need Washing Machine Repair,Looking for an experienced washing machine repair to provide home appliances services.,7986,Assigned,343,2025-10-21
856,121,Need Washing Machine Repair,Looking for an experienced washing machine repair to provide home appliances services.,5387,Completed,699,2025-04-24
857,239,Need Brick Work,Looking for an experienced brick work to provide construction services.,1416,Open,409,2025-07-02
858,51,Need Lawn Maintenance,Looking for an experienced lawn maintenance to provide gardening services.,4497,Open,114,2025-07-17
859,126,Need AC Installation,Looking for an experienced ac installation to provide hvac services.,9514,Open,200,2025-12-06
860,143,Need Leak Detection,Looking for an experienced leak detection to provide plumbing services.,7885,Cancelled,199,2025-11-22
861,206,Need Fan Installation,Looking for an experienced fan installation to provide electrical services.,6956,Open,214,2025-01-23
862,333,Need House Cleaning,Looking for an experienced house cleaning to provide cleaning services.,2488,Completed,507,2025-12-21
863,227,Need Deep Cleaning,Looking for an experienced deep cleaning to provide cleaning services.,2115,Open,709,2025-06-28
864,488,Need Lawn Maintenance,Looking for an experienced lawn maintenance to provide gardening services.,653,Completed,185,2025-03-16
865,265,Need Water Tank Installation,Looking for an experienced water tank installation to provide plumbing services.,6391,Completed,712,2025-12-01
866,270,Need Alteration,Looking for an experienced alteration to provide tailoring services.,5298,Open,739,2025-03-24
867,296,Need Refrigerator Repair,Looking for an experienced refrigerator repair to provide hvac services.,3337,Completed,236,2025-05-15
868,145,Need Tailor,Looking for an experienced tailor to provide tailoring services.,5676,Completed,766,2025-03-17
869,456,Need Packers,Looking for an experienced packers to provide moving services services.,8154,Open,378,2025-06-04
870,298,Need Leak Detection,Looking for an experienced leak detection to provide plumbing services.,2287,Completed,130,2025-11-08
871,410,Need Movers,Looking for an experienced movers to provide moving services services.,9292,Open,192,2025-04-26
872,57,Need House Cleaning,Looking for an experienced house cleaning to provide cleaning services.,6118,Open,556,2025-11-30
873,108,Need Interior Painting,Looking for an experienced interior painting to provide painting services.,8967,Cancelled,106,2025-09-09
874,78,Need Makeup Artist,Looking for an experienced makeup artist to provide beauty services.,8814,Open,259,2025-10-16
875,399,Need Hair Stylist,Looking for an experienced hair stylist to provide beauty services.,4503,Assigned,558,2025-09-14
876,412,Need Refrigerator Repair,Looking for an experienced refrigerator repair to provide hvac services.,5722,Open,206,2025-06-22
877,5,Need Gardener,Looking for an experienced gardener to provide gardening services.,4356,Assigned,66,2025-02-19
878,439,Need Electrician,Looking for an experienced electrician to provide electrical services.,5484,Open,176,2025-08-06
879,58,Need Painter,Looking for an experienced painter to provide painting services.,6311,Open,662,2025-01-27
880,17,Need Refrigerator Repair,Looking for an experienced refrigerator repair to provide hvac services.,9748,Open,487,2025-11-17
881,488,Need Pipe Repair,Looking for an experienced pipe repair to provide plumbing services.,9082,Assigned,27,2025-05-06
882,33,Need Beautician,Looking for an experienced beautician to provide beauty services.,9714,Assigned,121,2025-12-16
883,272,Need Brick Work,Looking for an experienced brick work to provide construction services.,669,Assigned,331,2025-08-01
884,115,Need Fan Installation,Looking for an experienced fan installation to provide electrical services.,6655,Completed,514,2025-10-19
885,294,Need Painter,Looking for an experienced painter to provide painting services.,1839,Assigned,619,2025-06-20
886,188,Need Interior Painting,Looking for an experienced interior painting to provide painting services.,4492,Completed,257,2025-09-14
887,187,Need Tile Installation,Looking for an experienced tile installation to provide construction services.,9896,Open,461,2025-03-09
888,385,Need Leak Detection,Looking for an experienced leak detection to provide plumbing services.,6014,Completed,566,2025-04-24
889,125,Need Plumber,Looking for an experienced plumber to provide plumbing services.,7351,Open,175,2025-04-07
890,102,Need Tile Installation,Looking for an experienced tile installation to provide construction services.,7020,Open,462,2025-05-21
891,483,Need Beautician,Looking for an experienced beautician to provide beauty services.,7614,Completed,104,2025-03-30
892,478,Need Hair Stylist,Looking for an experienced hair stylist to provide beauty services.,1369,Assigned,154,2025-02-11
893,348,Need Washing Machine Repair,Looking for an experienced washing machine repair to provide home appliances services.,4697,Open,51,2025-03-28
894,53,Need Hair Stylist,Looking for an experienced hair stylist to provide beauty services.,9628,Completed,494,2025-01-13
895,294,Need Deep Cleaning,Looking for an experienced deep cleaning to provide cleaning services.,3751,Assigned,9,2025-11-03
896,291,Need Electrician,Looking for an experienced electrician to provide electrical services.,5764,Completed,583,2025-06-24
897,252,Need Movers,Looking for an experienced movers to provide moving services services.,589,Completed,450,2025-03-11
898,20,Need Exterior Painting,Looking for an experienced exterior painting to provide painting services.,2226,Completed,493,2025-12-19
899,241,Need Security Guard,Looking for an experienced security guard to provide security services.,640,Completed,714,2025-12-19
900,176,Need Packers,Looking for an experienced packers to provide moving services services.,1295,Completed,73,2025-01-22
901,31,Need AC Installation,Looking for an experienced ac installation to provide hvac services.,7032,Open,181,2025-04-30
902,278,Need Bathroom Cleaning,Looking for an experienced bathroom cleaning to provide cleaning services.,5495,Completed,706,2025-12-08
903,53,Need Wood Polishing,Looking for an experienced wood polishing to provide carpentry services.,8765,Completed,204,2025-11-30
904,404,Need House Cleaning,Looking for an experienced house cleaning to provide cleaning services.,6527,Assigned,74,2025-09-11
905,51,Need TV Repair,Looking for an experienced tv repair to provide home appliances services.,8455,Assigned,232,2025-10-05
906,10,Need Electrician,Looking for an experienced electrician to provide electrical services.,1523,Open,424,2025-06-27
907,390,Need Plumber,Looking for an experienced plumber to provide plumbing services.,1167,Cancelled,181,2025-02-09
908,272,Need Fan Installation,Looking for an experienced fan installation to provide electrical services.,6359,Completed,38,2025-12-04
909,166,Need Brick Work,Looking for an experienced brick work to provide construction services.,8690,Open,540,2025-08-13
910,104,Need Electrician,Looking for an experienced electrician to provide electrical services.,1743,Assigned,143,2025-04-18
911,225,Need House Cleaning,Looking for an experienced house cleaning to provide cleaning services.,6799,Assigned,304,2025-04-18
912,384,Need Alteration,Looking for an experienced alteration to provide tailoring services.,9708,Completed,85,2025-01-30
913,249,Need Tree Trimming,Looking for an experienced tree trimming to provide gardening services.,2382,Assigned,205,2025-06-30
914,95,Need Electrician,Looking for an experienced electrician to provide electrical services.,6345,Open,790,2025-05-16
915,136,Need AC Technician,Looking for an experienced ac technician to provide hvac services.,1253,Completed,712,2025-08-24
916,57,Need AC Installation,Looking for an experienced ac installation to provide hvac services.,3141,Open,96,2025-03-19
917,88,Need Fan Installation,Looking for an experienced fan installation to provide electrical services.,4139,Assigned,390,2025-12-31
918,120,Need Beautician,Looking for an experienced beautician to provide beauty services.,3918,Completed,275,2025-05-14
919,125,Need Tailor,Looking for an experienced tailor to provide tailoring services.,972,Open,446,2025-12-30
920,498,Need AC Technician,Looking for an experienced ac technician to provide hvac services.,1086,Completed,526,2025-09-11
921,197,Need Alteration,Looking for an experienced alteration to provide tailoring services.,8302,Completed,406,2025-11-29
922,407,Need Cloth Stitching,Looking for an experienced cloth stitching to provide tailoring services.,2567,Open,239,2025-07-13
923,305,Need Leak Detection,Looking for an experienced leak detection to provide plumbing services.,804,Assigned,612,2025-10-20
924,44,Need Mason,Looking for an experienced mason to provide construction services.,7630,Open,44,2025-02-28
925,420,Need AC Installation,Looking for an experienced ac installation to provide hvac services.,7671,Assigned,155,2025-12-17
926,27,Need Refrigerator Repair,Looking for an experienced refrigerator repair to provide hvac services.,7251,Open,433,2025-05-23
927,400,Need Kitchen Cleaning,Looking for an experienced kitchen cleaning to provide cleaning services.,6619,Assigned,512,2025-08-31
928,380,Need Bathroom Cleaning,Looking for an experienced bathroom cleaning to provide cleaning services.,8853,Completed,262,2025-08-24
929,165,Need Painter,Looking for an experienced painter to provide painting services.,4836,Cancelled,21,2025-12-04
930,397,Need Hair Stylist,Looking for an experienced hair stylist to provide beauty services.,1833,Open,86,2025-02-17
931,339,Need Interior Painting,Looking for an experienced interior painting to provide painting services.,5663,Open,437,2025-03-04
932,316,Need Exterior Painting,Looking for an experienced exterior painting to provide painting services.,2746,Open,740,2025-07-30
933,378,Need Deep Cleaning,Looking for an experienced deep cleaning to provide cleaning services.,2610,Open,617,2025-11-28
934,409,Need Kitchen Cleaning,Looking for an experienced kitchen cleaning to provide cleaning services.,7530,Completed,640,2025-05-25
935,196,Need Exterior Painting,Looking for an experienced exterior painting to provide painting services.,2577,Open,434,2025-01-30
936,176,Need Catering,Looking for an experienced catering to provide cooking services.,5049,Open,785,2025-01-05
937,480,Need Catering,Looking for an experienced catering to provide cooking services.,2868,Open,33,2025-11-16
938,403,Need Fan Installation,Looking for an experienced fan installation to provide electrical services.,4143,Completed,16,2025-05-28
939,158,Need Makeup Artist,Looking for an experienced makeup artist to provide beauty services.,1706,Completed,791,2025-10-02
940,204,Need Interior Painting,Looking for an experienced interior painting to provide painting services.,7600,Assigned,664,2025-04-24
941,80,Need Wall Painting,Looking for an experienced wall painting to provide painting services.,1470,Open,683,2025-03-22
942,27,Need Refrigerator Repair,Looking for an experienced refrigerator repair to provide hvac services.,9253,Assigned,381,2025-06-28
943,107,Need Kitchen Cleaning,Looking for an experienced kitchen cleaning to provide cleaning services.,6613,Completed,70,2025-07-11
944,280,Need House Wiring,Looking for an experienced house wiring to provide electrical services.,3708,Completed,312,2025-08-20
945,51,Need AC Technician,Looking for an experienced ac technician to provide hvac services.,3395,Completed,59,2025-09-19
946,74,Need AC Repair,Looking for an experienced ac repair to provide hvac services.,6256,Open,738,2025-02-07
947,52,Need Tile Installation,Looking for an experienced tile installation to provide construction services.,6229,Completed,740,2025-05-15
948,147,Need Exterior Painting,Looking for an experienced exterior painting to provide painting services.,5984,Open,148,2025-03-08
949,410,Need TV Repair,Looking for an experienced tv repair to provide home appliances services.,9016,Completed,16,2025-12-28
950,430,Need Cook,Looking for an experienced cook to provide cooking services.,7924,Open,91,2025-01-20
951,213,Need Painter,Looking for an experienced painter to provide painting services.,5741,Open,595,2025-03-29
952,11,Need Fan Installation,Looking for an experienced fan installation to provide electrical services.,7695,Open,123,2025-10-25
953,301,Need Tailor,Looking for an experienced tailor to provide tailoring services.,3229,Open,534,2025-09-19
954,365,Need Gardener,Looking for an experienced gardener to provide gardening services.,2674,Completed,501,2025-11-10
955,146,Need Water Tank Installation,Looking for an experienced water tank installation to provide plumbing services.,5475,Open,596,2025-11-16
956,442,Need Wall Painting,Looking for an experienced wall painting to provide painting services.,8124,Completed,175,2025-05-07
957,166,Need Switch Repair,Looking for an experienced switch repair to provide electrical services.,2142,Completed,486,2025-04-05
958,192,Need Exterior Painting,Looking for an experienced exterior painting to provide painting services.,5637,Open,619,2025-08-13
959,177,Need Bathroom Fitting,Looking for an experienced bathroom fitting to provide plumbing services.,8309,Open,784,2025-06-10
960,328,Need Deep Cleaning,Looking for an experienced deep cleaning to provide cleaning services.,5212,Open,117,2025-10-26
961,64,Need AC Repair,Looking for an experienced ac repair to provide hvac services.,6799,Completed,562,2025-06-16
962,170,Need Refrigerator Repair,Looking for an experienced refrigerator repair to provide hvac services.,8306,Open,605,2025-09-11
963,405,Need Bathroom Fitting,Looking for an experienced bathroom fitting to provide plumbing services.,821,Open,346,2025-05-14
964,237,Need Driver,Looking for an experienced driver to provide driving services.,4316,Open,545,2025-12-22
965,52,Need Packers,Looking for an experienced packers to provide moving services services.,6385,Open,437,2025-12-10
966,306,Need Refrigerator Repair,Looking for an experienced refrigerator repair to provide hvac services.,3488,Open,167,2025-08-20
967,388,Need Concrete Work,Looking for an experienced concrete work to provide construction services.,2706,Completed,398,2025-03-02
968,367,Need AC Repair,Looking for an experienced ac repair to provide hvac services.,8078,Assigned,439,2025-03-13
969,446,Need Tree Trimming,Looking for an experienced tree trimming to provide gardening services.,7891,Open,263,2025-05-16
970,42,Need Leak Detection,Looking for an experienced leak detection to provide plumbing services.,1489,Open,756,2025-08-06
971,396,Need Beautician,Looking for an experienced beautician to provide beauty services.,7197,Completed,474,2025-01-02
972,443,Need Switch Repair,Looking for an experienced switch repair to provide electrical services.,1437,Open,546,2025-10-31
973,289,Need Tailor,Looking for an experienced tailor to provide tailoring services.,9350,Cancelled,141,2025-01-16
974,271,Need Refrigerator Repair,Looking for an experienced refrigerator repair to provide hvac services.,6347,Open,245,2025-03-13
975,455,Need AC Technician,Looking for an experienced ac technician to provide hvac services.,4981,Open,324,2025-05-24
976,433,Need House Cleaning,Looking for an experienced house cleaning to provide cleaning services.,8599,Cancelled,754,2025-04-01
977,29,Need TV Repair,Looking for an experienced tv repair to provide home appliances services.,7724,Completed,518,2025-09-27
978,417,Need Microwave Repair,Looking for an experienced microwave repair to provide home appliances services.,987,Assigned,589,2025-05-29
979,258,Need Door Repair,Looking for an experienced door repair to provide carpentry services.,2943,Assigned,609,2025-01-14
980,103,Need Kitchen Cleaning,Looking for an experienced kitchen cleaning to provide cleaning services.,4709,Cancelled,103,2025-07-03
981,300,Need Tree Trimming,Looking for an experienced tree trimming to provide gardening services.,2184,Assigned,83,2025-08-17
982,271,Need Exterior Painting,Looking for an experienced exterior painting to provide painting services.,5349,Completed,685,2025-10-27
983,342,Need Deep Cleaning,Looking for an experienced deep cleaning to provide cleaning services.,4662,Open,124,2025-12-25
984,85,Need Cloth Stitching,Looking for an experienced cloth stitching to provide tailoring services.,2018,Open,603,2025-10-24
985,103,Need Tree Trimming,Looking for an experienced tree trimming to provide gardening services.,2269,Completed,649,2025-10-30
986,21,Need Wood Polishing,Looking for an experienced wood polishing to provide carpentry services.,7615,Completed,577,2025-09-27
987,154,Need Makeup Artist,Looking for an experienced makeup artist to provide beauty services.,5551,Open,477,2025-02-11
988,160,Need Carpenter,Looking for an experienced carpenter to provide carpentry services.,5050,Open,58,2025-07-01
989,433,Need House Cleaning,Looking for an experienced house cleaning to provide cleaning services.,2270,Open,396,2025-12-31
990,256,Need AC Repair,Looking for an experienced ac repair to provide hvac services.,8333,Assigned,666,2025-11-30
991,130,Need TV Repair,Looking for an experienced tv repair to provide home appliances services.,1739,Open,389,2025-08-09
992,308,Need Gardener,Looking for an experienced gardener to provide gardening services.,2749,Completed,524,2025-01-13
993,494,Need Packers,Looking for an experienced packers to provide moving services services.,3023,Assigned,228,2025-10-23
994,117,Need Brick Work,Looking for an experienced brick work to provide construction services.,7997,Open,414,2025-04-03
995,20,Need Hair Stylist,Looking for an experienced hair stylist to provide beauty services.,5811,Open,618,2025-05-17
996,96,Need Carpenter,Looking for an experienced carpenter to provide carpentry services.,2396,Open,220,2025-09-12
997,171,Need Fan Installation,Looking for an experienced fan installation to provide electrical services.,1327,Completed,697,2025-08-16
998,208,Need Tailor,Looking for an experienced tailor to provide tailoring services.,3604,Completed,312,2025-04-13
999,434,Need Washing Machine Repair,Looking for an experienced washing machine repair to provide home appliances services.,692,Open,87,2025-04-30
1000,156,Need Bathroom Cleaning,Looking for an experienced bathroom cleaning to provide cleaning services.,7585,Open,166,2025-12-31
1001,219,Need Door Repair,Looking for an experienced door repair to provide carpentry services.,6644,Completed,414,2025-02-16
1002,362,Need Bathroom Fitting,Looking for an experienced bathroom fitting to provide plumbing services.,5315,Open,65,2025-09-12
1003,63,Need Hair Stylist,Looking for an experienced hair stylist to provide beauty services.,2816,Completed,72,2025-11-24
1004,235,Need Interior Painting,Looking for an experienced interior painting to provide painting services.,4992,Open,632,2025-05-23
1005,158,Need Mason,Looking for an experienced mason to provide construction services.,6291,Completed,667,2025-01-21
1006,316,Need Gardener,Looking for an experienced gardener to provide gardening services.,3637,Completed,572,2025-07-27
1007,366,Need Alteration,Looking for an experienced alteration to provide tailoring services.,5749,Completed,534,2025-09-21
1008,300,Need Packers,Looking for an experienced packers to provide moving services services.,7759,Open,620,2025-12-26
1009,10,Need Concrete Work,Looking for an experienced concrete work to provide construction services.,1709,Completed,344,2025-12-31
1010,185,Need Catering,Looking for an experienced catering to provide cooking services.,7387,Open,57,2025-04-16
1011,186,Need Hair Stylist,Looking for an experienced hair stylist to provide beauty services.,1430,Open,205,2025-12-11
1012,93,Need Makeup Artist,Looking for an experienced makeup artist to provide beauty services.,6578,Open,101,2025-10-11
1013,287,Need Lawn Maintenance,Looking for an experienced lawn maintenance to provide gardening services.,4751,Completed,615,2025-05-30
1014,481,Need Tree Trimming,Looking for an experienced tree trimming to provide gardening services.,4237,Open,330,2025-02-25
1015,476,Need Microwave Repair,Looking for an experienced microwave repair to provide home appliances services.,5857,Cancelled,473,2025-11-26
1016,484,Need Tree Trimming,Looking for an experienced tree trimming to provide gardening services.,3606,Completed,82,2025-04-22
1017,419,Need Movers,Looking for an experienced movers to provide moving services services.,7749,Completed,764,2025-05-21
1018,373,Need Furniture Assembly,Looking for an experienced furniture assembly to provide carpentry services.,1058,Open,205,2025-07-31
1019,183,Need Furniture Assembly,Looking for an experienced furniture assembly to provide carpentry services.,5337,Open,526,2025-10-15
1020,195,Need Refrigerator Repair,Looking for an experienced refrigerator repair to provide hvac services.,3290,Assigned,551,2025-09-15
1021,89,Need Gardener,Looking for an experienced gardener to provide gardening services.,1937,Assigned,341,2025-09-06
1022,135,Need Furniture Assembly,Looking for an experienced furniture assembly to provide carpentry services.,3074,Assigned,787,2025-10-08
1023,237,Need AC Repair,Looking for an experienced ac repair to provide hvac services.,8934,Completed,35,2025-06-06
1024,238,Need Lawn Maintenance,Looking for an experienced lawn maintenance to provide gardening services.,6402,Completed,299,2025-08-26
1025,137,Need Refrigerator Repair,Looking for an experienced refrigerator repair to provide hvac services.,7571,Assigned,150,2025-10-09
1026,31,Need Plumber,Looking for an experienced plumber to provide plumbing services.,7168,Assigned,17,2025-08-02
1027,267,Need Brick Work,Looking for an experienced brick work to provide construction services.,5055,Completed,455,2025-12-06
1028,117,Need Hair Stylist,Looking for an experienced hair stylist to provide beauty services.,9012,Open,180,2025-01-30
1029,105,Need Movers,Looking for an experienced movers to provide moving services services.,3098,Open,386,2025-09-18
1030,369,Need Mason,Looking for an experienced mason to provide construction services.,1577,Open,20,2025-01-10
1031,426,Need AC Technician,Looking for an experienced ac technician to provide hvac services.,5940,Assigned,176,2025-08-22
1032,76,Need Catering,Looking for an experienced catering to provide cooking services.,3632,Completed,581,2025-07-16
1033,432,Need Washing Machine Repair,Looking for an experienced washing machine repair to provide home appliances services.,9101,Assigned,241,2025-04-28
1034,448,Need Interior Painting,Looking for an experienced interior painting to provide painting services.,7052,Completed,463,2025-09-06
1035,296,Need Washing Machine Repair,Looking for an experienced washing machine repair to provide home appliances services.,4991,Open,312,2025-02-25
1036,205,Need Painter,Looking for an experienced painter to provide painting services.,1757,Open,495,2025-02-20
1037,205,Need Beautician,Looking for an experienced beautician to provide beauty services.,636,Assigned,195,2025-01-10
1038,6,Need Painter,Looking for an experienced painter to provide painting services.,3363,Open,648,2025-03-22
1039,117,Need Carpenter,Looking for an experienced carpenter to provide carpentry services.,5761,Completed,446,2025-03-09
1040,483,Need Fan Installation,Looking for an experienced fan installation to provide electrical services.,1843,Completed,704,2025-05-24
1041,332,Need Door Repair,Looking for an experienced door repair to provide carpentry services.,4091,Assigned,503,2025-11-26
1042,421,Need Driver,Looking for an experienced driver to provide driving services.,8821,Open,116,2025-08-10
1043,342,Need Washing Machine Repair,Looking for an experienced washing machine repair to provide home appliances services.,6843,Completed,197,2025-07-06
1044,432,Need Security Guard,Looking for an experienced security guard to provide security services.,4863,Open,559,2025-05-31
1045,175,Need Lawn Maintenance,Looking for an experienced lawn maintenance to provide gardening services.,9391,Open,190,2025-06-07
1046,292,Need Mason,Looking for an experienced mason to provide construction services.,7456,Completed,47,2025-08-18
1047,320,Need Furniture Assembly,Looking for an experienced furniture assembly to provide carpentry services.,3352,Assigned,62,2025-05-15
1048,246,Need Bathroom Fitting,Looking for an experienced bathroom fitting to provide plumbing services.,8989,Assigned,111,2025-08-14
1049,390,Need Movers,Looking for an experienced movers to provide moving services services.,6158,Assigned,388,2025-12-02
1050,113,Need Makeup Artist,Looking for an experienced makeup artist to provide beauty services.,8089,Open,564,2025-12-07
1051,110,Need Mason,Looking for an experienced mason to provide construction services.,6529,Assigned,399,2025-01-31
1052,331,Need Kitchen Cleaning,Looking for an experienced kitchen cleaning to provide cleaning services.,6485,Assigned,666,2025-07-02
1053,475,Need Cloth Stitching,Looking for an experienced cloth stitching to provide tailoring services.,6565,Open,433,2025-05-25
1054,87,Need Wall Painting,Looking for an experienced wall painting to provide painting services.,5267,Open,5,2025-09-17
1055,197,Need Wood Polishing,Looking for an experienced wood polishing to provide carpentry services.,9258,Open,321,2025-07-15
1056,392,Need AC Installation,Looking for an experienced ac installation to provide hvac services.,1681,Open,634,2025-01-09
1057,8,Need Movers,Looking for an experienced movers to provide moving services services.,7043,Completed,156,2025-12-28
1058,318,Need Interior Painting,Looking for an experienced interior painting to provide painting services.,3712,Cancelled,87,2025-11-13
1059,4,Need Makeup Artist,Looking for an experienced makeup artist to provide beauty services.,8752,Completed,521,2025-05-25
1060,338,Need Wall Painting,Looking for an experienced wall painting to provide painting services.,9998,Open,53,2025-05-19
1061,172,Need Lawn Maintenance,Looking for an experienced lawn maintenance to provide gardening services.,1106,Assigned,358,2025-05-04
1062,70,Need Packers,Looking for an experienced packers to provide moving services services.,4162,Open,46,2025-05-15
1063,39,Need Tile Installation,Looking for an experienced tile installation to provide construction services.,541,Open,445,2025-04-10
1064,72,Need Plumber,Looking for an experienced plumber to provide plumbing services.,3555,Open,558,2025-04-09
1065,427,Need Water Tank Installation,Looking for an experienced water tank installation to provide plumbing services.,7393,Open,675,2025-01-18
1066,151,Need Carpenter,Looking for an experienced carpenter to provide carpentry services.,1264,Completed,646,2025-05-11
1067,411,Need House Cleaning,Looking for an experienced house cleaning to provide cleaning services.,7728,Open,180,2025-06-24
1068,409,Need Makeup Artist,Looking for an experienced makeup artist to provide beauty services.,6449,Assigned,725,2025-11-13
1069,111,Need Security Guard,Looking for an experienced security guard to provide security services.,755,Cancelled,647,2025-11-26
1070,249,Need Tailor,Looking for an experienced tailor to provide tailoring services.,5970,Completed,59,2025-03-18
1071,458,Need Refrigerator Repair,Looking for an experienced refrigerator repair to provide hvac services.,8079,Completed,569,2025-01-16
1072,301,Need Furniture Assembly,Looking for an experienced furniture assembly to provide carpentry services.,6870,Assigned,710,2025-06-23
1073,265,Need Exterior Painting,Looking for an experienced exterior painting to provide painting services.,4940,Completed,583,2025-01-06
1074,201,Need Carpenter,Looking for an experienced carpenter to provide carpentry services.,9013,Completed,289,2025-08-25
1075,436,Need House Cleaning,Looking for an experienced house cleaning to provide cleaning services.,7260,Open,278,2025-05-31
1076,271,Need Leak Detection,Looking for an experienced leak detection to provide plumbing services.,7535,Completed,38,2025-12-09
1077,199,Need Movers,Looking for an experienced movers to provide moving services services.,4190,Assigned,101,2025-06-22
1078,415,Need Deep Cleaning,Looking for an experienced deep cleaning to provide cleaning services.,4591,Assigned,605,2025-02-03
1079,314,Need Movers,Looking for an experienced movers to provide moving services services.,3895,Completed,694,2025-06-29
1080,451,Need Light Installation,Looking for an experienced light installation to provide electrical services.,9823,Completed,21,2025-01-31
1081,439,Need Beautician,Looking for an experienced beautician to provide beauty services.,2251,Open,126,2025-09-04
1082,478,Need Kitchen Cleaning,Looking for an experienced kitchen cleaning to provide cleaning services.,7687,Assigned,161,2025-03-26
1083,499,Need House Cleaning,Looking for an experienced house cleaning to provide cleaning services.,9126,Completed,735,2025-05-12
1084,122,Need Light Installation,Looking for an experienced light installation to provide electrical services.,518,Open,231,2025-11-15
1085,274,Need Tailor,Looking for an experienced tailor to provide tailoring services.,8140,Open,433,2025-03-27
1086,314,Need Painter,Looking for an experienced painter to provide painting services.,7692,Completed,537,2025-08-13
1087,182,Need Microwave Repair,Looking for an experienced microwave repair to provide home appliances services.,581,Open,166,2025-01-25
1088,10,Need Movers,Looking for an experienced movers to provide moving services services.,864,Completed,159,2025-08-14
1089,410,Need TV Repair,Looking for an experienced tv repair to provide home appliances services.,9838,Assigned,276,2025-04-09
1090,383,Need Makeup Artist,Looking for an experienced makeup artist to provide beauty services.,1299,Open,46,2025-10-25
1091,431,Need Alteration,Looking for an experienced alteration to provide tailoring services.,7501,Cancelled,323,2025-07-11
1092,437,Need Microwave Repair,Looking for an experienced microwave repair to provide home appliances services.,3065,Completed,349,2025-11-10
1093,131,Need Plumber,Looking for an experienced plumber to provide plumbing services.,4439,Open,786,2025-11-29
1094,34,Need Tree Trimming,Looking for an experienced tree trimming to provide gardening services.,3907,Open,286,2025-10-14
1095,141,Need Leak Detection,Looking for an experienced leak detection to provide plumbing services.,9680,Completed,706,2025-03-22
1096,245,Need Switch Repair,Looking for an experienced switch repair to provide electrical services.,9140,Assigned,345,2025-07-30
1097,166,Need AC Installation,Looking for an experienced ac installation to provide hvac services.,768,Completed,36,2025-03-30
1098,82,Need Wall Painting,Looking for an experienced wall painting to provide painting services.,9339,Open,449,2025-03-15
1099,155,Need Driver,Looking for an experienced driver to provide driving services.,7565,Completed,187,2025-09-27
1100,83,Need Tree Trimming,Looking for an experienced tree trimming to provide gardening services.,4268,Assigned,122,2025-03-01
1101,443,Need Deep Cleaning,Looking for an experienced deep cleaning to provide cleaning services.,3754,Assigned,332,2025-07-21
1102,113,Need Electrician,Looking for an experienced electrician to provide electrical services.,6148,Completed,91,2025-01-22
1103,337,Need Electrician,Looking for an experienced electrician to provide electrical services.,9538,Assigned,509,2025-04-10
1104,223,Need Concrete Work,Looking for an experienced concrete work to provide construction services.,1576,Open,659,2025-09-16
1105,139,Need Concrete Work,Looking for an experienced concrete work to provide construction services.,3638,Completed,733,2025-10-12
1106,158,Need Concrete Work,Looking for an experienced concrete work to provide construction services.,6300,Assigned,129,2025-09-20
1107,187,Need Hair Stylist,Looking for an experienced hair stylist to provide beauty services.,1394,Open,288,2025-09-03
1108,423,Need Tile Installation,Looking for an experienced tile installation to provide construction services.,6935,Assigned,228,2025-04-10
1109,451,Need Wood Polishing,Looking for an experienced wood polishing to provide carpentry services.,5477,Completed,190,2025-10-03
1110,6,Need Fan Installation,Looking for an experienced fan installation to provide electrical services.,694,Completed,336,2025-10-29
1111,96,Need Plumber,Looking for an experienced plumber to provide plumbing services.,8581,Completed,702,2025-10-19
1112,180,Need Interior Painting,Looking for an experienced interior painting to provide painting services.,8879,Completed,620,2025-08-27
1113,143,Need Tailor,Looking for an experienced tailor to provide tailoring services.,9729,Open,751,2025-10-03
1114,198,Need Bathroom Fitting,Looking for an experienced bathroom fitting to provide plumbing services.,1274,Open,665,2025-02-11
1115,315,Need Wall Painting,Looking for an experienced wall painting to provide painting services.,6403,Open,748,2025-04-08
1116,181,Need Pipe Repair,Looking for an experienced pipe repair to provide plumbing services.,9143,Open,64,2025-03-15
1117,351,Need TV Repair,Looking for an experienced tv repair to provide home appliances services.,2678,Completed,536,2025-12-22
1118,205,Need Bathroom Cleaning,Looking for an experienced bathroom cleaning to provide cleaning services.,5885,Assigned,664,2025-05-26
1119,194,Need Lawn Maintenance,Looking for an experienced lawn maintenance to provide gardening services.,5418,Open,237,2025-02-05
1120,317,Need Fan Installation,Looking for an experienced fan installation to provide electrical services.,7083,Completed,706,2025-05-12
1121,416,Need Hair Stylist,Looking for an experienced hair stylist to provide beauty services.,6672,Completed,266,2025-08-24
1122,430,Need Furniture Assembly,Looking for an experienced furniture assembly to provide carpentry services.,3529,Open,76,2025-07-19
1123,173,Need Hair Stylist,Looking for an experienced hair stylist to provide beauty services.,7199,Open,387,2025-12-07
1124,169,Need Bathroom Cleaning,Looking for an experienced bathroom cleaning to provide cleaning services.,3596,Open,301,2025-09-12
1125,277,Need Pipe Repair,Looking for an experienced pipe repair to provide plumbing services.,1430,Completed,697,2025-05-22
1126,361,Need Leak Detection,Looking for an experienced leak detection to provide plumbing services.,6032,Open,61,2025-07-29
1127,28,Need Exterior Painting,Looking for an experienced exterior painting to provide painting services.,4852,Open,523,2025-12-31
1128,376,Need Cook,Looking for an experienced cook to provide cooking services.,8424,Open,186,2025-03-17
1129,2,Need Exterior Painting,Looking for an experienced exterior painting to provide painting services.,4452,Open,221,2025-10-18
1130,465,Need AC Repair,Looking for an experienced ac repair to provide hvac services.,3836,Open,205,2025-07-19
1131,357,Need Pipe Repair,Looking for an experienced pipe repair to provide plumbing services.,3236,Completed,219,2025-09-29
1132,423,Need Security Guard,Looking for an experienced security guard to provide security services.,5052,Open,78,2025-09-24
1133,146,Need TV Repair,Looking for an experienced tv repair to provide home appliances services.,7499,Open,658,2025-11-12
1134,370,Need Packers,Looking for an experienced packers to provide moving services services.,5811,Assigned,706,2025-04-09
1135,448,Need Concrete Work,Looking for an experienced concrete work to provide construction services.,960,Open,331,2025-04-14
1136,270,Need Washing Machine Repair,Looking for an experienced washing machine repair to provide home appliances services.,8503,Completed,47,2025-05-30
1137,108,Need Pipe Repair,Looking for an experienced pipe repair to provide plumbing services.,4404,Assigned,150,2025-11-01
1138,217,Need Packers,Looking for an experienced packers to provide moving services services.,3621,Completed,134,2025-05-07
1139,30,Need Electrician,Looking for an experienced electrician to provide electrical services.,3023,Completed,312,2025-05-21
1140,266,Need Bathroom Fitting,Looking for an experienced bathroom fitting to provide plumbing services.,4482,Open,695,2025-10-16
1141,150,Need Electrician,Looking for an experienced electrician to provide electrical services.,8960,Assigned,612,2025-09-03
1142,351,Need Microwave Repair,Looking for an experienced microwave repair to provide home appliances services.,8295,Completed,65,2025-03-19
1143,183,Need Cloth Stitching,Looking for an experienced cloth stitching to provide tailoring services.,6247,Assigned,102,2025-10-04
1144,183,Need Tree Trimming,Looking for an experienced tree trimming to provide gardening services.,5210,Completed,439,2025-03-23
1145,56,Need Painter,Looking for an experienced painter to provide painting services.,6695,Open,254,2025-11-18
1146,330,Need Hair Stylist,Looking for an experienced hair stylist to provide beauty services.,8409,Assigned,604,2025-10-30
1147,289,Need Water Tank Installation,Looking for an experienced water tank installation to provide plumbing services.,1981,Assigned,349,2025-10-20
1148,454,Need Leak Detection,Looking for an experienced leak detection to provide plumbing services.,3247,Cancelled,673,2025-05-20
1149,43,Need Furniture Assembly,Looking for an experienced furniture assembly to provide carpentry services.,5962,Open,605,2025-06-14
1150,305,Need Microwave Repair,Looking for an experienced microwave repair to provide home appliances services.,9501,Completed,633,2025-01-05
1151,307,Need Lawn Maintenance,Looking for an experienced lawn maintenance to provide gardening services.,6848,Completed,459,2025-10-06
1152,343,Need Movers,Looking for an experienced movers to provide moving services services.,1214,Open,756,2025-08-11
1153,370,Need Painter,Looking for an experienced painter to provide painting services.,8878,Open,628,2025-07-24
1154,156,Need Plumber,Looking for an experienced plumber to provide plumbing services.,5527,Assigned,90,2025-10-27
1155,22,Need Gardener,Looking for an experienced gardener to provide gardening services.,2724,Completed,472,2025-07-31
1156,401,Need Wood Polishing,Looking for an experienced wood polishing to provide carpentry services.,5375,Completed,316,2025-11-23
1157,45,Need Packers,Looking for an experienced packers to provide moving services services.,3987,Cancelled,149,2025-10-05
1158,12,Need Gardener,Looking for an experienced gardener to provide gardening services.,9512,Open,407,2025-06-03
1159,43,Need Pipe Repair,Looking for an experienced pipe repair to provide plumbing services.,1468,Completed,146,2025-01-25
1160,389,Need Wall Painting,Looking for an experienced wall painting to provide painting services.,3499,Open,756,2025-10-05
1161,167,Need Door Repair,Looking for an experienced door repair to provide carpentry services.,2171,Assigned,505,2025-08-25
1162,127,Need Packers,Looking for an experienced packers to provide moving services services.,3244,Completed,706,2025-04-13
1163,39,Need Packers,Looking for an experienced packers to provide moving services services.,5153,Completed,121,2025-06-11
1164,295,Need Alteration,Looking for an experienced alteration to provide tailoring services.,516,Open,150,2025-07-02
1165,459,Need Mason,Looking for an experienced mason to provide construction services.,8077,Assigned,204,2025-06-29
1166,54,Need Bathroom Fitting,Looking for an experienced bathroom fitting to provide plumbing services.,2433,Completed,751,2025-04-19
1167,396,Need Leak Detection,Looking for an experienced leak detection to provide plumbing services.,1804,Open,347,2025-05-07
1168,322,Need Cloth Stitching,Looking for an experienced cloth stitching to provide tailoring services.,9967,Completed,487,2025-08-17
1169,496,Need House Cleaning,Looking for an experienced house cleaning to provide cleaning services.,1854,Assigned,436,2025-10-24
1170,477,Need Refrigerator Repair,Looking for an experienced refrigerator repair to provide hvac services.,9996,Completed,467,2025-01-03
1171,109,Need Microwave Repair,Looking for an experienced microwave repair to provide home appliances services.,9072,Open,404,2025-01-26
1172,470,Need Interior Painting,Looking for an experienced interior painting to provide painting services.,8273,Assigned,542,2025-08-14
1173,149,Need Tile Installation,Looking for an experienced tile installation to provide construction services.,9358,Open,354,2025-12-24
1174,292,Need Lawn Maintenance,Looking for an experienced lawn maintenance to provide gardening services.,1300,Completed,75,2025-03-01
1175,381,Need Interior Painting,Looking for an experienced interior painting to provide painting services.,6132,Completed,238,2025-03-22
1176,310,Need Gardener,Looking for an experienced gardener to provide gardening services.,1291,Open,190,2025-03-31
1177,369,Need Carpenter,Looking for an experienced carpenter to provide carpentry services.,8782,Completed,327,2025-01-20
1178,312,Need Wood Polishing,Looking for an experienced wood polishing to provide carpentry services.,989,Completed,700,2025-08-20
1179,153,Need House Cleaning,Looking for an experienced house cleaning to provide cleaning services.,6881,Open,736,2025-03-22
1180,58,Need Makeup Artist,Looking for an experienced makeup artist to provide beauty services.,4588,Open,137,2025-04-14
1181,62,Need Lawn Maintenance,Looking for an experienced lawn maintenance to provide gardening services.,8199,Assigned,333,2025-11-04
1182,111,Need Cloth Stitching,Looking for an experienced cloth stitching to provide tailoring services.,4754,Open,774,2025-09-18
1183,56,Need Microwave Repair,Looking for an experienced microwave repair to provide home appliances services.,1946,Cancelled,630,2025-05-12
1184,230,Need AC Installation,Looking for an experienced ac installation to provide hvac services.,1459,Completed,739,2025-10-01
1185,389,Need Bathroom Cleaning,Looking for an experienced bathroom cleaning to provide cleaning services.,8550,Completed,335,2025-12-05
1186,306,Need Wall Painting,Looking for an experienced wall painting to provide painting services.,5925,Open,382,2025-08-06
1187,319,Need Tree Trimming,Looking for an experienced tree trimming to provide gardening services.,825,Assigned,96,2025-08-19
1188,4,Need Packers,Looking for an experienced packers to provide moving services services.,2849,Completed,303,2025-07-22
1189,17,Need Cook,Looking for an experienced cook to provide cooking services.,7817,Open,745,2025-07-26
1190,380,Need Tile Installation,Looking for an experienced tile installation to provide construction services.,3128,Completed,434,2025-05-17
1191,209,Need Light Installation,Looking for an experienced light installation to provide electrical services.,4114,Open,574,2025-06-05
1192,376,Need Beautician,Looking for an experienced beautician to provide beauty services.,2939,Open,312,2025-11-17
1193,421,Need Plumber,Looking for an experienced plumber to provide plumbing services.,6183,Assigned,534,2025-07-06
1194,100,Need Wood Polishing,Looking for an experienced wood polishing to provide carpentry services.,520,Open,349,2025-12-06
1195,357,Need Security Guard,Looking for an experienced security guard to provide security services.,9677,Completed,271,2025-07-08
1196,362,Need AC Repair,Looking for an experienced ac repair to provide hvac services.,1308,Open,138,2025-04-20
1197,396,Need Carpenter,Looking for an experienced carpenter to provide carpentry services.,3313,Open,229,2025-11-22
1198,309,Need Plumber,Looking for an experienced plumber to provide plumbing services.,3721,Completed,593,2025-03-21
1199,245,Need Wall Painting,Looking for an experienced wall painting to provide painting services.,8366,Assigned,501,2025-10-27
1200,147,Need Door Repair,Looking for an experienced door repair to provide carpentry services.,5344,Completed,748,2025-12-22
1201,480,Need TV Repair,Looking for an experienced tv repair to provide home appliances services.,4471,Completed,159,2025-11-07
1202,31,Need Washing Machine Repair,Looking for an experienced washing machine repair to provide home appliances services.,9098,Open,225,2025-02-28
1203,167,Need Plumber,Looking for an experienced plumber to provide plumbing services.,5039,Open,334,2025-06-23
1204,111,Need Door Repair,Looking for an experienced door repair to provide carpentry services.,920,Assigned,654,2025-07-22
1205,42,Need AC Repair,Looking for an experienced ac repair to provide hvac services.,521,Open,281,2025-12-02
1206,418,Need Microwave Repair,Looking for an experienced microwave repair to provide home appliances services.,4173,Assigned,754,2025-12-10
1207,362,Need Hair Stylist,Looking for an experienced hair stylist to provide beauty services.,9241,Open,145,2025-03-10
1208,406,Need Hair Stylist,Looking for an experienced hair stylist to provide beauty services.,1074,Completed,578,2025-04-11
1209,276,Need AC Technician,Looking for an experienced ac technician to provide hvac services.,3863,Completed,685,2025-01-14
1210,201,Need Gardener,Looking for an experienced gardener to provide gardening services.,1730,Cancelled,94,2025-10-05
1211,119,Need Interior Painting,Looking for an experienced interior painting to provide painting services.,4970,Completed,189,2025-08-31
1212,219,Need Beautician,Looking for an experienced beautician to provide beauty services.,5410,Completed,69,2025-06-19
1213,153,Need Wood Polishing,Looking for an experienced wood polishing to provide carpentry services.,1638,Completed,37,2025-12-22
1214,54,Need Packers,Looking for an experienced packers to provide moving services services.,1107,Open,770,2025-11-03
1215,269,Need Tree Trimming,Looking for an experienced tree trimming to provide gardening services.,9454,Assigned,517,2025-12-25
1216,157,Need Catering,Looking for an experienced catering to provide cooking services.,9453,Assigned,445,2025-03-25
1217,36,Need Kitchen Cleaning,Looking for an experienced kitchen cleaning to provide cleaning services.,1347,Completed,272,2025-12-17
1218,414,Need Brick Work,Looking for an experienced brick work to provide construction services.,3354,Assigned,271,2025-10-05
1219,249,Need Leak Detection,Looking for an experienced leak detection to provide plumbing services.,583,Open,578,2025-11-05
1220,67,Need House Cleaning,Looking for an experienced house cleaning to provide cleaning services.,1473,Open,372,2025-02-19
1221,224,Need Refrigerator Repair,Looking for an experienced refrigerator repair to provide hvac services.,4011,Completed,22,2025-09-21
1222,87,Need Bathroom Fitting,Looking for an experienced bathroom fitting to provide plumbing services.,8130,Completed,618,2025-01-05
1223,331,Need Bathroom Cleaning,Looking for an experienced bathroom cleaning to provide cleaning services.,4928,Open,265,2025-08-20
1224,424,Need Kitchen Cleaning,Looking for an experienced kitchen cleaning to provide cleaning services.,6691,Completed,530,2025-10-14
1225,385,Need Tile Installation,Looking for an experienced tile installation to provide construction services.,2951,Assigned,525,2025-10-03
1226,414,Need Wood Polishing,Looking for an experienced wood polishing to provide carpentry services.,1956,Completed,17,2025-06-05
1227,492,Need Leak Detection,Looking for an experienced leak detection to provide plumbing services.,1700,Open,522,2025-07-28
1228,267,Need Mason,Looking for an experienced mason to provide construction services.,3520,Open,534,2025-10-28
1229,86,Need AC Repair,Looking for an experienced ac repair to provide hvac services.,1050,Completed,491,2025-04-19
1230,205,Need Plumber,Looking for an experienced plumber to provide plumbing services.,8911,Completed,289,2026-01-01
1231,446,Need House Wiring,Looking for an experienced house wiring to provide electrical services.,3232,Completed,109,2025-04-07
1232,375,Need Electrician,Looking for an experienced electrician to provide electrical services.,7572,Completed,299,2025-06-03
1233,154,Need Beautician,Looking for an experienced beautician to provide beauty services.,7151,Open,487,2025-08-29
1234,432,Need Exterior Painting,Looking for an experienced exterior painting to provide painting services.,5809,Completed,489,2025-11-12
1235,472,Need TV Repair,Looking for an experienced tv repair to provide home appliances services.,3645,Open,392,2025-04-14
1236,335,Need Kitchen Cleaning,Looking for an experienced kitchen cleaning to provide cleaning services.,4482,Assigned,448,2025-07-16
1237,225,Need Brick Work,Looking for an experienced brick work to provide construction services.,2080,Open,30,2025-01-08
1238,343,Need Mason,Looking for an experienced mason to provide construction services.,5588,Completed,694,2025-09-30
1239,446,Need Bathroom Fitting,Looking for an experienced bathroom fitting to provide plumbing services.,7735,Open,646,2025-04-28
1240,147,Need Security Guard,Looking for an experienced security guard to provide security services.,2474,Completed,162,2025-06-28
1241,267,Need Bathroom Cleaning,Looking for an experienced bathroom cleaning to provide cleaning services.,4353,Assigned,553,2025-02-04
1242,194,Need Bathroom Fitting,Looking for an experienced bathroom fitting to provide plumbing services.,9569,Completed,616,2025-07-10
1243,260,Need Beautician,Looking for an experienced beautician to provide beauty services.,9338,Completed,37,2025-01-29
1244,489,Need Lawn Maintenance,Looking for an experienced lawn maintenance to provide gardening services.,909,Assigned,450,2025-12-29
1245,458,Need Kitchen Cleaning,Looking for an experienced kitchen cleaning to provide cleaning services.,3997,Completed,116,2025-05-26
1246,97,Need Bathroom Cleaning,Looking for an experienced bathroom cleaning to provide cleaning services.,9947,Cancelled,44,2025-10-09
1247,16,Need Water Tank Installation,Looking for an experienced water tank installation to provide plumbing services.,9537,Open,51,2025-06-11
1248,141,Need Electrician,Looking for an experienced electrician to provide electrical services.,3743,Open,253,2025-05-19
1249,340,Need Furniture Assembly,Looking for an experienced furniture assembly to provide carpentry services.,5362,Completed,489,2025-10-07
1250,199,Need Mason,Looking for an experienced mason to provide construction services.,6097,Assigned,580,2025-03-15
1251,30,Need Hair Stylist,Looking for an experienced hair stylist to provide beauty services.,8531,Assigned,286,2025-11-20
1252,387,Need Painter,Looking for an experienced painter to provide painting services.,6216,Assigned,680,2025-10-17
1253,177,Need House Cleaning,Looking for an experienced house cleaning to provide cleaning services.,3214,Completed,219,2025-06-26
1254,92,Need Plumber,Looking for an experienced plumber to provide plumbing services.,6849,Open,478,2025-09-01
1255,275,Need Brick Work,Looking for an experienced brick work to provide construction services.,5815,Open,725,2025-10-31
1256,437,Need Bathroom Cleaning,Looking for an experienced bathroom cleaning to provide cleaning services.,9554,Assigned,251,2025-05-02
1257,214,Need Cloth Stitching,Looking for an experienced cloth stitching to provide tailoring services.,2746,Completed,150,2025-09-02
1258,116,Need Tree Trimming,Looking for an experienced tree trimming to provide gardening services.,3016,Open,46,2025-08-05
1259,121,Need Furniture Assembly,Looking for an experienced furniture assembly to provide carpentry services.,1527,Assigned,779,2025-05-06
1260,76,Need Makeup Artist,Looking for an experienced makeup artist to provide beauty services.,4589,Completed,554,2025-03-01
1261,236,Need Security Guard,Looking for an experienced security guard to provide security services.,2313,Completed,493,2025-01-24
1262,76,Need Washing Machine Repair,Looking for an experienced washing machine repair to provide home appliances services.,2928,Cancelled,228,2025-10-04
1263,18,Need Catering,Looking for an experienced catering to provide cooking services.,1377,Completed,20,2025-01-28
1264,9,Need Mason,Looking for an experienced mason to provide construction services.,6460,Open,500,2025-12-23
1265,294,Need Interior Painting,Looking for an experienced interior painting to provide painting services.,3830,Completed,638,2025-12-26
1266,212,Need Gardener,Looking for an experienced gardener to provide gardening services.,6298,Completed,350,2025-02-04
1267,238,Need Pipe Repair,Looking for an experienced pipe repair to provide plumbing services.,5437,Open,662,2025-01-16
1268,91,Need Light Installation,Looking for an experienced light installation to provide electrical services.,9336,Open,508,2025-04-14
1269,367,Need Packers,Looking for an experienced packers to provide moving services services.,5562,Completed,727,2025-01-09
1270,101,Need Electrician,Looking for an experienced electrician to provide electrical services.,9161,Open,766,2025-07-22
1271,499,Need Refrigerator Repair,Looking for an experienced refrigerator repair to provide hvac services.,1494,Assigned,377,2025-12-05
1272,153,Need Kitchen Cleaning,Looking for an experienced kitchen cleaning to provide cleaning services.,2348,Open,462,2025-10-25
1273,89,Need AC Repair,Looking for an experienced ac repair to provide hvac services.,9932,Completed,387,2025-08-02
1274,22,Need Wood Polishing,Looking for an experienced wood polishing to provide carpentry services.,1333,Assigned,715,2025-06-13
1275,477,Need Microwave Repair,Looking for an experienced microwave repair to provide home appliances services.,9430,Assigned,749,2025-09-30
1276,297,Need AC Installation,Looking for an experienced ac installation to provide hvac services.,9841,Cancelled,489,2025-11-30
1277,275,Need Fan Installation,Looking for an experienced fan installation to provide electrical services.,872,Open,507,2025-07-21
1278,156,Need Bathroom Cleaning,Looking for an experienced bathroom cleaning to provide cleaning services.,4512,Completed,641,2025-07-16
1279,140,Need AC Technician,Looking for an experienced ac technician to provide hvac services.,3091,Open,575,2025-12-06
1280,228,Need AC Repair,Looking for an experienced ac repair to provide hvac services.,3881,Completed,280,2025-08-13
1281,320,Need Beautician,Looking for an experienced beautician to provide beauty services.,1816,Open,551,2025-12-18
1282,313,Need AC Repair,Looking for an experienced ac repair to provide hvac services.,1378,Cancelled,543,2025-09-16
1283,221,Need Plumber,Looking for an experienced plumber to provide plumbing services.,4088,Cancelled,442,2025-04-01
1284,486,Need Washing Machine Repair,Looking for an experienced washing machine repair to provide home appliances services.,1078,Completed,622,2025-06-18
1285,257,Need Electrician,Looking for an experienced electrician to provide electrical services.,4015,Open,421,2025-08-10
1286,283,Need Leak Detection,Looking for an experienced leak detection to provide plumbing services.,2909,Assigned,119,2025-05-10
1287,242,Need Bathroom Fitting,Looking for an experienced bathroom fitting to provide plumbing services.,1388,Completed,182,2025-12-27
1288,373,Need Deep Cleaning,Looking for an experienced deep cleaning to provide cleaning services.,8252,Cancelled,346,2025-02-27
1289,230,Need Electrician,Looking for an experienced electrician to provide electrical services.,4554,Assigned,68,2025-06-20
1290,11,Need House Cleaning,Looking for an experienced house cleaning to provide cleaning services.,4781,Open,361,2025-03-17
1291,303,Need Bathroom Cleaning,Looking for an experienced bathroom cleaning to provide cleaning services.,2011,Cancelled,23,2025-07-11
1292,415,Need Deep Cleaning,Looking for an experienced deep cleaning to provide cleaning services.,2627,Completed,721,2025-01-21
1293,205,Need Security Guard,Looking for an experienced security guard to provide security services.,3640,Assigned,669,2025-08-25
1294,500,Need Switch Repair,Looking for an experienced switch repair to provide electrical services.,5125,Completed,740,2025-06-22
1295,452,Need Painter,Looking for an experienced painter to provide painting services.,5167,Completed,648,2025-10-03
1296,336,Need House Cleaning,Looking for an experienced house cleaning to provide cleaning services.,5598,Completed,167,2025-03-02
1297,51,Need Cook,Looking for an experienced cook to provide cooking services.,8778,Completed,761,2025-12-26
1298,230,Need Pipe Repair,Looking for an experienced pipe repair to provide plumbing services.,5570,Completed,508,2025-10-25
1299,489,Need Switch Repair,Looking for an experienced switch repair to provide electrical services.,4921,Open,184,2025-06-05
1300,433,Need Tile Installation,Looking for an experienced tile installation to provide construction services.,5440,Completed,324,2025-06-02
1301,407,Need Door Repair,Looking for an experienced door repair to provide carpentry services.,1368,Completed,544,2025-08-12
1302,366,Need Hair Stylist,Looking for an experienced hair stylist to provide beauty services.,2356,Open,784,2025-07-26
1303,74,Need Hair Stylist,Looking for an experienced hair stylist to provide beauty services.,7871,Open,98,2025-10-02
1304,32,Need Fan Installation,Looking for an experienced fan installation to provide electrical services.,2134,Cancelled,591,2025-12-31
1305,395,Need Movers,Looking for an experienced movers to provide moving services services.,7511,Assigned,295,2025-03-10
1306,488,Need Pipe Repair,Looking for an experienced pipe repair to provide plumbing services.,4047,Completed,645,2025-06-19
1307,155,Need Hair Stylist,Looking for an experienced hair stylist to provide beauty services.,9544,Completed,196,2025-06-25
1308,241,Need Alteration,Looking for an experienced alteration to provide tailoring services.,7315,Completed,167,2025-10-21
1309,89,Need Refrigerator Repair,Looking for an experienced refrigerator repair to provide hvac services.,649,Completed,98,2025-03-11
1310,45,Need Catering,Looking for an experienced catering to provide cooking services.,1338,Open,221,2025-05-07
1311,230,Need House Cleaning,Looking for an experienced house cleaning to provide cleaning services.,7168,Open,603,2025-10-10
1312,285,Need Carpenter,Looking for an experienced carpenter to provide carpentry services.,1026,Completed,93,2025-03-04
1313,415,Need Kitchen Cleaning,Looking for an experienced kitchen cleaning to provide cleaning services.,3724,Assigned,719,2025-03-03
1314,369,Need Bathroom Cleaning,Looking for an experienced bathroom cleaning to provide cleaning services.,1193,Assigned,398,2025-11-01
1315,205,Need Light Installation,Looking for an experienced light installation to provide electrical services.,6209,Completed,725,2025-02-25
1316,465,Need Lawn Maintenance,Looking for an experienced lawn maintenance to provide gardening services.,9500,Open,577,2025-07-20
1317,214,Need Deep Cleaning,Looking for an experienced deep cleaning to provide cleaning services.,9747,Open,699,2025-03-05
1318,260,Need House Cleaning,Looking for an experienced house cleaning to provide cleaning services.,5609,Cancelled,127,2025-03-11
1319,155,Need Pipe Repair,Looking for an experienced pipe repair to provide plumbing services.,4413,Assigned,265,2025-01-28
1320,486,Need Door Repair,Looking for an experienced door repair to provide carpentry services.,796,Open,534,2025-06-09
1321,339,Need AC Installation,Looking for an experienced ac installation to provide hvac services.,9329,Completed,597,2025-07-05
1322,427,Need Alteration,Looking for an experienced alteration to provide tailoring services.,2482,Open,696,2025-04-21
1323,198,Need Gardener,Looking for an experienced gardener to provide gardening services.,793,Completed,676,2025-10-29
1324,339,Need AC Technician,Looking for an experienced ac technician to provide hvac services.,4406,Open,781,2025-03-29
1325,235,Need Mason,Looking for an experienced mason to provide construction services.,5247,Open,89,2025-10-14
1326,429,Need Wood Polishing,Looking for an experienced wood polishing to provide carpentry services.,1774,Open,463,2025-01-13
1327,426,Need Bathroom Cleaning,Looking for an experienced bathroom cleaning to provide cleaning services.,3738,Assigned,235,2025-06-19
1328,304,Need AC Installation,Looking for an experienced ac installation to provide hvac services.,9649,Completed,608,2025-07-13
1329,130,Need Leak Detection,Looking for an experienced leak detection to provide plumbing services.,9262,Assigned,525,2025-03-27
1330,403,Need Security Guard,Looking for an experienced security guard to provide security services.,4069,Completed,388,2025-07-15
1331,44,Need Plumber,Looking for an experienced plumber to provide plumbing services.,5843,Open,726,2025-11-22
1332,486,Need Packers,Looking for an experienced packers to provide moving services services.,7420,Completed,9,2025-07-23
1333,369,Need Hair Stylist,Looking for an experienced hair stylist to provide beauty services.,1376,Open,24,2025-06-14
1334,464,Need Kitchen Cleaning,Looking for an experienced kitchen cleaning to provide cleaning services.,5227,Completed,425,2025-03-02
1335,298,Need Painter,Looking for an experienced painter to provide painting services.,3524,Cancelled,573,2025-04-28
1336,499,Need Wall Painting,Looking for an experienced wall painting to provide painting services.,1308,Completed,509,2025-10-22
1337,82,Need Packers,Looking for an experienced packers to provide moving services services.,911,Open,151,2025-01-09
1338,465,Need Driver,Looking for an experienced driver to provide driving services.,2704,Open,691,2025-07-21
1339,462,Need Kitchen Cleaning,Looking for an experienced kitchen cleaning to provide cleaning services.,5459,Completed,438,2025-09-11
1340,142,Need Interior Painting,Looking for an experienced interior painting to provide painting services.,8128,Open,400,2025-06-14
1341,238,Need Movers,Looking for an experienced movers to provide moving services services.,7335,Open,20,2025-04-06
1342,105,Need Brick Work,Looking for an experienced brick work to provide construction services.,911,Assigned,729,2025-01-25
1343,179,Need Cook,Looking for an experienced cook to provide cooking services.,4195,Assigned,221,2025-12-11
1344,134,Need Carpenter,Looking for an experienced carpenter to provide carpentry services.,7610,Open,628,2025-10-16
1345,339,Need Switch Repair,Looking for an experienced switch repair to provide electrical services.,1765,Open,244,2025-07-16
1346,177,Need Lawn Maintenance,Looking for an experienced lawn maintenance to provide gardening services.,2484,Open,709,2025-10-02
1347,244,Need Bathroom Fitting,Looking for an experienced bathroom fitting to provide plumbing services.,3544,Completed,451,2025-06-20
1348,326,Need Exterior Painting,Looking for an experienced exterior painting to provide painting services.,6203,Open,710,2025-02-13
1349,94,Need Water Tank Installation,Looking for an experienced water tank installation to provide plumbing services.,7253,Open,365,2025-10-26
1350,202,Need TV Repair,Looking for an experienced tv repair to provide home appliances services.,9871,Open,671,2025-04-16
1351,408,Need Packers,Looking for an experienced packers to provide moving services services.,2193,Completed,428,2025-04-08
1352,387,Need Brick Work,Looking for an experienced brick work to provide construction services.,888,Completed,532,2025-05-28
1353,128,Need Pipe Repair,Looking for an experienced pipe repair to provide plumbing services.,8079,Completed,641,2025-09-23
1354,76,Need Movers,Looking for an experienced movers to provide moving services services.,9352,Assigned,770,2025-01-25
1355,65,Need Packers,Looking for an experienced packers to provide moving services services.,3369,Completed,608,2025-04-27
1356,442,Need Gardener,Looking for an experienced gardener to provide gardening services.,6071,Completed,84,2025-07-19
1357,325,Need Fan Installation,Looking for an experienced fan installation to provide electrical services.,4857,Completed,678,2025-06-19
1358,400,Need Kitchen Cleaning,Looking for an experienced kitchen cleaning to provide cleaning services.,9353,Assigned,492,2025-02-03
1359,30,Need Wall Painting,Looking for an experienced wall painting to provide painting services.,2945,Open,387,2025-02-22
1360,245,Need Pipe Repair,Looking for an experienced pipe repair to provide plumbing services.,2876,Open,385,2025-01-29
1361,405,Need Water Tank Installation,Looking for an experienced water tank installation to provide plumbing services.,5888,Open,267,2025-10-20
1362,381,Need Catering,Looking for an experienced catering to provide cooking services.,8369,Assigned,609,2025-02-23
1363,355,Need Cloth Stitching,Looking for an experienced cloth stitching to provide tailoring services.,6203,Open,664,2025-05-14
1364,111,Need Bathroom Fitting,Looking for an experienced bathroom fitting to provide plumbing services.,2671,Open,349,2025-04-28
1365,270,Need Bathroom Cleaning,Looking for an experienced bathroom cleaning to provide cleaning services.,5580,Cancelled,143,2025-05-03
1366,57,Need Makeup Artist,Looking for an experienced makeup artist to provide beauty services.,9010,Open,61,2025-11-08
1367,468,Need TV Repair,Looking for an experienced tv repair to provide home appliances services.,4897,Completed,343,2025-07-29
1368,288,Need Microwave Repair,Looking for an experienced microwave repair to provide home appliances services.,6346,Completed,608,2025-03-29
1369,59,Need Door Repair,Looking for an experienced door repair to provide carpentry services.,4129,Open,425,2025-01-27
1370,383,Need AC Repair,Looking for an experienced ac repair to provide hvac services.,9072,Open,725,2025-01-29
1371,337,Need Electrician,Looking for an experienced electrician to provide electrical services.,6172,Open,534,2025-07-20
1372,19,Need Painter,Looking for an experienced painter to provide painting services.,7353,Open,450,2025-04-29
1373,462,Need Mason,Looking for an experienced mason to provide construction services.,1177,Completed,211,2025-10-13
1374,78,Need Switch Repair,Looking for an experienced switch repair to provide electrical services.,9317,Assigned,340,2025-05-21
1375,82,Need Catering,Looking for an experienced catering to provide cooking services.,8342,Open,627,2025-09-08
1376,310,Need Bathroom Fitting,Looking for an experienced bathroom fitting to provide plumbing services.,9772,Open,362,2025-12-03
1377,325,Need Catering,Looking for an experienced catering to provide cooking services.,4603,Completed,269,2025-03-13
1378,390,Need Concrete Work,Looking for an experienced concrete work to provide construction services.,7369,Open,220,2025-08-04
1379,466,Need Painter,Looking for an experienced painter to provide painting services.,913,Completed,246,2025-04-15
1380,301,Need Packers,Looking for an experienced packers to provide moving services services.,3757,Cancelled,619,2025-07-19
1381,107,Need Brick Work,Looking for an experienced brick work to provide construction services.,3703,Completed,530,2025-02-21
1382,159,Need House Wiring,Looking for an experienced house wiring to provide electrical services.,2414,Open,539,2025-07-08
1383,411,Need Tailor,Looking for an experienced tailor to provide tailoring services.,8459,Open,590,2025-09-02
1384,110,Need Hair Stylist,Looking for an experienced hair stylist to provide beauty services.,3901,Assigned,711,2025-11-28
1385,215,Need Kitchen Cleaning,Looking for an experienced kitchen cleaning to provide cleaning services.,7891,Completed,198,2025-08-25
1386,489,Need Cook,Looking for an experienced cook to provide cooking services.,8796,Assigned,762,2025-12-08
1387,235,Need Leak Detection,Looking for an experienced leak detection to provide plumbing services.,9895,Open,382,2025-05-22
1388,133,Need TV Repair,Looking for an experienced tv repair to provide home appliances services.,9005,Open,8,2025-09-15
1389,101,Need Kitchen Cleaning,Looking for an experienced kitchen cleaning to provide cleaning services.,508,Assigned,240,2025-05-03
1390,220,Need Tile Installation,Looking for an experienced tile installation to provide construction services.,3906,Open,164,2025-09-02
1391,428,Need House Wiring,Looking for an experienced house wiring to provide electrical services.,8914,Open,605,2025-05-24
1392,127,Need Fan Installation,Looking for an experienced fan installation to provide electrical services.,6249,Open,783,2025-01-03
1393,181,Need Wall Painting,Looking for an experienced wall painting to provide painting services.,2447,Open,613,2025-07-03
1394,367,Need Plumber,Looking for an experienced plumber to provide plumbing services.,2489,Open,361,2025-09-17
1395,56,Need Carpenter,Looking for an experienced carpenter to provide carpentry services.,6025,Open,721,2025-07-14
1396,96,Need AC Repair,Looking for an experienced ac repair to provide hvac services.,9506,Open,207,2025-01-16
1397,127,Need Cloth Stitching,Looking for an experienced cloth stitching to provide tailoring services.,2202,Open,747,2025-08-17
1398,308,Need Wall Painting,Looking for an experienced wall painting to provide painting services.,3331,Completed,710,2025-11-01
1399,191,Need Refrigerator Repair,Looking for an experienced refrigerator repair to provide hvac services.,1859,Open,746,2025-10-27
1400,204,Need Kitchen Cleaning,Looking for an experienced kitchen cleaning to provide cleaning services.,3458,Assigned,633,2025-09-30
1401,217,Need Furniture Assembly,Looking for an experienced furniture assembly to provide carpentry services.,7890,Completed,437,2025-06-05
1402,498,Need Wall Painting,Looking for an experienced wall painting to provide painting services.,7625,Completed,631,2025-09-06
1403,188,Need Cloth Stitching,Looking for an experienced cloth stitching to provide tailoring services.,9439,Open,663,2025-11-15
1404,151,Need Security Guard,Looking for an experienced security guard to provide security services.,2822,Assigned,705,2025-01-19
1405,121,Need Refrigerator Repair,Looking for an experienced refrigerator repair to provide hvac services.,6107,Completed,472,2025-03-29
1406,290,Need Cloth Stitching,Looking for an experienced cloth stitching to provide tailoring services.,7326,Open,132,2025-02-15
1407,266,Need AC Installation,Looking for an experienced ac installation to provide hvac services.,4869,Completed,716,2025-08-29
1408,267,Need Wall Painting,Looking for an experienced wall painting to provide painting services.,9419,Completed,416,2025-11-05
1409,184,Need Switch Repair,Looking for an experienced switch repair to provide electrical services.,3897,Completed,214,2025-05-28
1410,250,Need Tile Installation,Looking for an experienced tile installation to provide construction services.,2160,Assigned,626,2025-06-11
1411,66,Need Door Repair,Looking for an experienced door repair to provide carpentry services.,8057,Open,32,2025-03-05
1412,348,Need Kitchen Cleaning,Looking for an experienced kitchen cleaning to provide cleaning services.,6361,Open,765,2025-02-20
1413,112,Need Pipe Repair,Looking for an experienced pipe repair to provide plumbing services.,8427,Assigned,369,2025-06-05
1414,460,Need Brick Work,Looking for an experienced brick work to provide construction services.,4555,Assigned,126,2025-07-07
1415,166,Need Hair Stylist,Looking for an experienced hair stylist to provide beauty services.,8957,Assigned,31,2025-08-17
1416,461,Need Washing Machine Repair,Looking for an experienced washing machine repair to provide home appliances services.,6529,Open,150,2025-08-30
1417,285,Need Tailor,Looking for an experienced tailor to provide tailoring services.,5892,Completed,354,2025-08-06
1418,401,Need Wood Polishing,Looking for an experienced wood polishing to provide carpentry services.,2528,Open,780,2025-12-16
1419,317,Need Driver,Looking for an experienced driver to provide driving services.,3248,Assigned,463,2025-03-05
1420,293,Need AC Repair,Looking for an experienced ac repair to provide hvac services.,2305,Completed,375,2025-02-05
1421,478,Need Door Repair,Looking for an experienced door repair to provide carpentry services.,2423,Open,700,2025-10-21
1422,416,Need Microwave Repair,Looking for an experienced microwave repair to provide home appliances services.,1893,Assigned,681,2025-10-21
1423,131,Need Plumber,Looking for an experienced plumber to provide plumbing services.,6401,Completed,752,2025-11-14
1424,52,Need Plumber,Looking for an experienced plumber to provide plumbing services.,3424,Open,501,2025-06-19
1425,88,Need House Cleaning,Looking for an experienced house cleaning to provide cleaning services.,8429,Assigned,211,2025-07-08
1426,392,Need AC Repair,Looking for an experienced ac repair to provide hvac services.,3231,Open,399,2025-05-02
1427,490,Need Refrigerator Repair,Looking for an experienced refrigerator repair to provide hvac services.,3845,Assigned,474,2025-09-08
1428,435,Need Kitchen Cleaning,Looking for an experienced kitchen cleaning to provide cleaning services.,1159,Assigned,783,2025-10-17
1429,86,Need Washing Machine Repair,Looking for an experienced washing machine repair to provide home appliances services.,693,Open,199,2025-08-26
1430,241,Need Wood Polishing,Looking for an experienced wood polishing to provide carpentry services.,609,Completed,718,2025-04-28
1431,459,Need AC Repair,Looking for an experienced ac repair to provide hvac services.,1907,Open,321,2025-01-19
1432,494,Need Electrician,Looking for an experienced electrician to provide electrical services.,4121,Completed,420,2025-10-31
1433,355,Need Brick Work,Looking for an experienced brick work to provide construction services.,1697,Completed,445,2025-11-04
1434,108,Need Driver,Looking for an experienced driver to provide driving services.,7327,Assigned,519,2025-02-22
1435,47,Need Wall Painting,Looking for an experienced wall painting to provide painting services.,5769,Completed,469,2025-08-20
1436,380,Need Plumber,Looking for an experienced plumber to provide plumbing services.,2598,Assigned,446,2025-03-27
1437,375,Need Bathroom Cleaning,Looking for an experienced bathroom cleaning to provide cleaning services.,6974,Open,30,2025-05-21
1438,120,Need Washing Machine Repair,Looking for an experienced washing machine repair to provide home appliances services.,2753,Open,201,2025-09-08
1439,15,Need Washing Machine Repair,Looking for an experienced washing machine repair to provide home appliances services.,3127,Open,731,2025-03-10
1440,372,Need Washing Machine Repair,Looking for an experienced washing machine repair to provide home appliances services.,2894,Open,39,2025-07-27
1441,262,Need Deep Cleaning,Looking for an experienced deep cleaning to provide cleaning services.,836,Assigned,572,2025-08-31
1442,211,Need Refrigerator Repair,Looking for an experienced refrigerator repair to provide hvac services.,6245,Open,371,2025-11-26
1443,400,Need Mason,Looking for an experienced mason to provide construction services.,5427,Assigned,80,2025-07-21
1444,269,Need Security Guard,Looking for an experienced security guard to provide security services.,4084,Open,412,2025-05-11
1445,201,Need Pipe Repair,Looking for an experienced pipe repair to provide plumbing services.,535,Open,448,2025-05-05
1446,22,Need Cook,Looking for an experienced cook to provide cooking services.,7302,Completed,712,2025-12-19
1447,201,Need Hair Stylist,Looking for an experienced hair stylist to provide beauty services.,8475,Open,451,2025-12-27
1448,193,Need Refrigerator Repair,Looking for an experienced refrigerator repair to provide hvac services.,6025,Completed,314,2025-11-06
1449,304,Need Hair Stylist,Looking for an experienced hair stylist to provide beauty services.,7949,Assigned,496,2025-04-22
1450,242,Need House Wiring,Looking for an experienced house wiring to provide electrical services.,3176,Assigned,443,2025-08-07
1451,160,Need Mason,Looking for an experienced mason to provide construction services.,6200,Completed,433,2025-05-20
1452,159,Need AC Technician,Looking for an experienced ac technician to provide hvac services.,9211,Open,577,2025-12-22
1453,246,Need Tile Installation,Looking for an experienced tile installation to provide construction services.,1982,Open,39,2025-10-31
1454,45,Need Interior Painting,Looking for an experienced interior painting to provide painting services.,9247,Open,60,2025-02-09
1455,20,Need Mason,Looking for an experienced mason to provide construction services.,546,Assigned,72,2025-03-01
1456,90,Need Leak Detection,Looking for an experienced leak detection to provide plumbing services.,8621,Open,665,2025-07-10
1457,21,Need Water Tank Installation,Looking for an experienced water tank installation to provide plumbing services.,7618,Completed,388,2025-02-14
1458,309,Need Painter,Looking for an experienced painter to provide painting services.,9045,Completed,9,2025-05-29
1459,179,Need Kitchen Cleaning,Looking for an experienced kitchen cleaning to provide cleaning services.,9596,Open,453,2025-07-13
1460,492,Need House Wiring,Looking for an experienced house wiring to provide electrical services.,8879,Assigned,450,2025-08-10
1461,153,Need House Wiring,Looking for an experienced house wiring to provide electrical services.,1475,Open,433,2025-06-07
1462,477,Need Refrigerator Repair,Looking for an experienced refrigerator repair to provide hvac services.,7075,Open,697,2025-08-05
1463,412,Need Makeup Artist,Looking for an experienced makeup artist to provide beauty services.,1389,Open,437,2025-09-11
1464,190,Need Microwave Repair,Looking for an experienced microwave repair to provide home appliances services.,8120,Completed,197,2025-10-12
1465,227,Need Pipe Repair,Looking for an experienced pipe repair to provide plumbing services.,2328,Completed,527,2025-12-02
1466,459,Need Interior Painting,Looking for an experienced interior painting to provide painting services.,8465,Completed,733,2025-03-05
1467,440,Need Cook,Looking for an experienced cook to provide cooking services.,9712,Completed,247,2025-03-09
1468,86,Need Cloth Stitching,Looking for an experienced cloth stitching to provide tailoring services.,7871,Open,298,2025-09-19
1469,54,Need Cloth Stitching,Looking for an experienced cloth stitching to provide tailoring services.,7509,Assigned,384,2025-06-19
1470,454,Need Door Repair,Looking for an experienced door repair to provide carpentry services.,1256,Completed,619,2025-02-17
1471,331,Need Painter,Looking for an experienced painter to provide painting services.,8732,Completed,774,2025-11-15
1472,62,Need Hair Stylist,Looking for an experienced hair stylist to provide beauty services.,3344,Completed,528,2025-01-29
1473,99,Need House Cleaning,Looking for an experienced house cleaning to provide cleaning services.,6799,Open,504,2025-07-26
1474,464,Need Cloth Stitching,Looking for an experienced cloth stitching to provide tailoring services.,5292,Open,707,2025-12-25
1475,405,Need Carpenter,Looking for an experienced carpenter to provide carpentry services.,9212,Assigned,356,2025-07-16
1476,239,Need Deep Cleaning,Looking for an experienced deep cleaning to provide cleaning services.,1245,Completed,49,2025-07-21
1477,493,Need Lawn Maintenance,Looking for an experienced lawn maintenance to provide gardening services.,4232,Open,146,2025-05-13
1478,36,Need Concrete Work,Looking for an experienced concrete work to provide construction services.,9075,Open,395,2025-01-02
1479,391,Need Door Repair,Looking for an experienced door repair to provide carpentry services.,3889,Completed,591,2025-11-29
1480,470,Need Tailor,Looking for an experienced tailor to provide tailoring services.,3105,Assigned,281,2025-01-25
1481,430,Need Door Repair,Looking for an experienced door repair to provide carpentry services.,6150,Assigned,626,2025-07-03
1482,394,Need Furniture Assembly,Looking for an experienced furniture assembly to provide carpentry services.,5225,Assigned,24,2025-04-10
1483,196,Need Deep Cleaning,Looking for an experienced deep cleaning to provide cleaning services.,7629,Open,713,2025-01-24
1484,283,Need Cloth Stitching,Looking for an experienced cloth stitching to provide tailoring services.,3453,Open,427,2025-12-16
1485,200,Need Wood Polishing,Looking for an experienced wood polishing to provide carpentry services.,792,Assigned,525,2025-10-14
1486,473,Need Lawn Maintenance,Looking for an experienced lawn maintenance to provide gardening services.,3591,Assigned,27,2025-11-18
1487,237,Need AC Installation,Looking for an experienced ac installation to provide hvac services.,4217,Open,389,2025-12-04
1488,455,Need Beautician,Looking for an experienced beautician to provide beauty services.,1633,Cancelled,375,2025-04-03
1489,369,Need Brick Work,Looking for an experienced brick work to provide construction services.,6200,Assigned,742,2025-01-17
1490,475,Need Catering,Looking for an experienced catering to provide cooking services.,8296,Open,181,2025-06-11
1491,379,Need Exterior Painting,Looking for an experienced exterior painting to provide painting services.,2184,Open,22,2025-09-27
1492,391,Need Painter,Looking for an experienced painter to provide painting services.,6206,Assigned,12,2025-09-23
1493,306,Need Tile Installation,Looking for an experienced tile installation to provide construction services.,7636,Completed,13,2025-03-13
1494,345,Need Packers,Looking for an experienced packers to provide moving services services.,6345,Open,269,2025-10-19
1495,456,Need Tailor,Looking for an experienced tailor to provide tailoring services.,9632,Completed,733,2025-10-14
1496,91,Need AC Installation,Looking for an experienced ac installation to provide hvac services.,3029,Cancelled,14,2025-11-01
1497,157,Need Kitchen Cleaning,Looking for an experienced kitchen cleaning to provide cleaning services.,2641,Completed,53,2025-03-07
1498,159,Need Carpenter,Looking for an experienced carpenter to provide carpentry services.,4948,Completed,7,2025-01-07
1499,383,Need Makeup Artist,Looking for an experienced makeup artist to provide beauty services.,8976,Completed,473,2025-05-22
1500,431,Need Exterior Painting,Looking for an experienced exterior painting to provide painting services.,5588,Completed,484,2025-09-20
1501,455,Need AC Installation,Looking for an experienced ac installation to provide hvac services.,1185,Open,315,2025-08-18
1502,216,Need Leak Detection,Looking for an experienced leak detection to provide plumbing services.,9936,Completed,444,2025-10-20
1503,174,Need Leak Detection,Looking for an experienced leak detection to provide plumbing services.,8301,Assigned,265,2025-06-03
1504,109,Need Packers,Looking for an experienced packers to provide moving services services.,6543,Completed,634,2025-09-30
1505,469,Need Fan Installation,Looking for an experienced fan installation to provide electrical services.,4705,Open,738,2025-07-25
1506,81,Need Fan Installation,Looking for an experienced fan installation to provide electrical services.,9940,Completed,50,2025-06-06
1507,247,Need Cloth Stitching,Looking for an experienced cloth stitching to provide tailoring services.,7736,Open,283,2025-10-27
1508,207,Need Washing Machine Repair,Looking for an experienced washing machine repair to provide home appliances services.,9128,Completed,203,2025-09-13
1509,353,Need Deep Cleaning,Looking for an experienced deep cleaning to provide cleaning services.,8540,Open,90,2025-04-22
1510,258,Need Painter,Looking for an experienced painter to provide painting services.,809,Completed,141,2025-03-13
1511,415,Need Door Repair,Looking for an experienced door repair to provide carpentry services.,9471,Open,318,2025-01-27
1512,363,Need Cloth Stitching,Looking for an experienced cloth stitching to provide tailoring services.,3978,Assigned,733,2025-04-11
1513,489,Need Movers,Looking for an experienced movers to provide moving services services.,9507,Open,783,2025-03-10
1514,192,Need Alteration,Looking for an experienced alteration to provide tailoring services.,7797,Open,347,2025-08-07
1515,320,Need Electrician,Looking for an experienced electrician to provide electrical services.,4731,Completed,223,2025-02-26
1516,226,Need Interior Painting,Looking for an experienced interior painting to provide painting services.,5789,Assigned,177,2025-12-04
1517,440,Need Interior Painting,Looking for an experienced interior painting to provide painting services.,6038,Open,687,2025-02-06
1518,90,Need Wall Painting,Looking for an experienced wall painting to provide painting services.,3042,Completed,788,2025-12-18
1519,262,Need Refrigerator Repair,Looking for an experienced refrigerator repair to provide hvac services.,3451,Open,441,2025-07-20
1520,421,Need House Wiring,Looking for an experienced house wiring to provide electrical services.,6673,Completed,401,2025-05-29
1521,35,Need Leak Detection,Looking for an experienced leak detection to provide plumbing services.,9329,Completed,1,2025-08-26
1522,443,Need Pipe Repair,Looking for an experienced pipe repair to provide plumbing services.,5589,Completed,492,2025-07-17
1523,494,Need TV Repair,Looking for an experienced tv repair to provide home appliances services.,3527,Completed,442,2025-12-17
1524,343,Need Deep Cleaning,Looking for an experienced deep cleaning to provide cleaning services.,1916,Assigned,390,2025-03-03
1525,19,Need Packers,Looking for an experienced packers to provide moving services services.,7517,Completed,134,2025-05-10
1526,122,Need Brick Work,Looking for an experienced brick work to provide construction services.,9291,Open,322,2025-01-12
1527,71,Need Gardener,Looking for an experienced gardener to provide gardening services.,2924,Open,205,2025-03-18
1528,35,Need Bathroom Fitting,Looking for an experienced bathroom fitting to provide plumbing services.,2530,Open,442,2025-01-25
1529,198,Need TV Repair,Looking for an experienced tv repair to provide home appliances services.,7486,Completed,32,2025-03-30
1530,99,Need Deep Cleaning,Looking for an experienced deep cleaning to provide cleaning services.,8810,Open,232,2025-05-29
1531,76,Need Tree Trimming,Looking for an experienced tree trimming to provide gardening services.,9565,Completed,255,2025-12-23
1532,454,Need Fan Installation,Looking for an experienced fan installation to provide electrical services.,8782,Assigned,59,2025-05-13
1533,147,Need Bathroom Fitting,Looking for an experienced bathroom fitting to provide plumbing services.,6188,Completed,45,2025-11-17
1534,1,Need Mason,Looking for an experienced mason to provide construction services.,7153,Assigned,653,2025-03-21
1535,96,Need Bathroom Cleaning,Looking for an experienced bathroom cleaning to provide cleaning services.,8894,Open,498,2025-11-15
1536,188,Need House Wiring,Looking for an experienced house wiring to provide electrical services.,9827,Assigned,127,2025-07-11
1537,446,Need Wood Polishing,Looking for an experienced wood polishing to provide carpentry services.,4973,Open,339,2025-02-02
1538,376,Need Pipe Repair,Looking for an experienced pipe repair to provide plumbing services.,5158,Open,472,2025-07-16
1539,7,Need Makeup Artist,Looking for an experienced makeup artist to provide beauty services.,7615,Open,401,2025-05-23
1540,392,Need Plumber,Looking for an experienced plumber to provide plumbing services.,2309,Completed,748,2025-01-19
1541,174,Need Tree Trimming,Looking for an experienced tree trimming to provide gardening services.,7235,Open,124,2025-08-12
1542,70,Need Exterior Painting,Looking for an experienced exterior painting to provide painting services.,4802,Assigned,753,2025-03-06
1543,277,Need AC Technician,Looking for an experienced ac technician to provide hvac services.,2081,Open,83,2025-10-11
1544,38,Need Security Guard,Looking for an experienced security guard to provide security services.,8476,Open,230,2025-04-17
1545,306,Need Tile Installation,Looking for an experienced tile installation to provide construction services.,6910,Open,586,2025-12-16
1546,415,Need Interior Painting,Looking for an experienced interior painting to provide painting services.,9026,Cancelled,525,2025-06-23
1547,336,Need Door Repair,Looking for an experienced door repair to provide carpentry services.,1209,Open,93,2025-04-23
1548,473,Need Gardener,Looking for an experienced gardener to provide gardening services.,4074,Assigned,725,2025-07-16
1549,371,Need Bathroom Cleaning,Looking for an experienced bathroom cleaning to provide cleaning services.,9238,Assigned,359,2025-04-23
1550,347,Need Makeup Artist,Looking for an experienced makeup artist to provide beauty services.,5348,Completed,567,2025-08-10
1551,98,Need TV Repair,Looking for an experienced tv repair to provide home appliances services.,6863,Completed,311,2025-06-07
1552,349,Need Washing Machine Repair,Looking for an experienced washing machine repair to provide home appliances services.,7344,Completed,40,2025-11-20
1553,203,Need Security Guard,Looking for an experienced security guard to provide security services.,4745,Cancelled,642,2025-06-10
1554,193,Need TV Repair,Looking for an experienced tv repair to provide home appliances services.,3869,Open,477,2025-01-23
1555,195,Need Wall Painting,Looking for an experienced wall painting to provide painting services.,6326,Completed,513,2025-04-04
1556,364,Need Water Tank Installation,Looking for an experienced water tank installation to provide plumbing services.,7025,Open,64,2025-12-21
1557,423,Need Bathroom Fitting,Looking for an experienced bathroom fitting to provide plumbing services.,3162,Open,265,2025-12-17
1558,241,Need Tree Trimming,Looking for an experienced tree trimming to provide gardening services.,4909,Open,381,2025-08-28
1559,121,Need Concrete Work,Looking for an experienced concrete work to provide construction services.,6203,Completed,140,2025-05-08
1560,244,Need Mason,Looking for an experienced mason to provide construction services.,7543,Completed,269,2025-02-05
1561,200,Need Bathroom Fitting,Looking for an experienced bathroom fitting to provide plumbing services.,6485,Assigned,390,2025-04-08
1562,282,Need AC Repair,Looking for an experienced ac repair to provide hvac services.,5976,Completed,148,2025-06-19
1563,385,Need Tailor,Looking for an experienced tailor to provide tailoring services.,8250,Open,307,2025-11-21
1564,95,Need Washing Machine Repair,Looking for an experienced washing machine repair to provide home appliances services.,1932,Completed,597,2025-03-24
1565,284,Need Water Tank Installation,Looking for an experienced water tank installation to provide plumbing services.,2797,Completed,56,2025-10-01
1566,218,Need House Wiring,Looking for an experienced house wiring to provide electrical services.,6691,Assigned,367,2025-02-04
1567,113,Need House Wiring,Looking for an experienced house wiring to provide electrical services.,4578,Completed,275,2025-02-12
1568,148,Need AC Technician,Looking for an experienced ac technician to provide hvac services.,4332,Completed,192,2025-03-09
1569,154,Need Tree Trimming,Looking for an experienced tree trimming to provide gardening services.,5265,Assigned,280,2025-01-22
1570,235,Need Alteration,Looking for an experienced alteration to provide tailoring services.,1243,Open,490,2025-11-05
1571,53,Need Pipe Repair,Looking for an experienced pipe repair to provide plumbing services.,2452,Assigned,326,2025-12-21
1572,158,Need Wood Polishing,Looking for an experienced wood polishing to provide carpentry services.,9044,Completed,199,2025-02-19
1573,295,Need Electrician,Looking for an experienced electrician to provide electrical services.,8148,Completed,471,2025-02-27
1574,362,Need Light Installation,Looking for an experienced light installation to provide electrical services.,9839,Completed,232,2025-01-19
1575,460,Need Bathroom Fitting,Looking for an experienced bathroom fitting to provide plumbing services.,5268,Completed,280,2025-01-07
1576,20,Need Bathroom Fitting,Looking for an experienced bathroom fitting to provide plumbing services.,4220,Cancelled,730,2025-01-20
1577,473,Need TV Repair,Looking for an experienced tv repair to provide home appliances services.,4623,Assigned,657,2025-09-21
1578,313,Need House Wiring,Looking for an experienced house wiring to provide electrical services.,5844,Completed,720,2025-08-23
1579,52,Need AC Installation,Looking for an experienced ac installation to provide hvac services.,1551,Open,316,2025-08-04
1580,129,Need Deep Cleaning,Looking for an experienced deep cleaning to provide cleaning services.,1422,Completed,709,2025-01-14
1581,313,Need Makeup Artist,Looking for an experienced makeup artist to provide beauty services.,1360,Assigned,47,2025-04-23
1582,99,Need Pipe Repair,Looking for an experienced pipe repair to provide plumbing services.,5245,Open,288,2025-01-30
1583,15,Need Alteration,Looking for an experienced alteration to provide tailoring services.,8251,Completed,592,2025-04-26
1584,170,Need Leak Detection,Looking for an experienced leak detection to provide plumbing services.,3898,Open,409,2025-04-12
1585,491,Need Refrigerator Repair,Looking for an experienced refrigerator repair to provide hvac services.,9811,Completed,649,2025-03-01
1586,274,Need Catering,Looking for an experienced catering to provide cooking services.,3708,Completed,156,2025-05-26
1587,205,Need Concrete Work,Looking for an experienced concrete work to provide construction services.,5134,Open,527,2025-09-09
1588,433,Need Exterior Painting,Looking for an experienced exterior painting to provide painting services.,6643,Completed,30,2025-05-01
1589,215,Need Tile Installation,Looking for an experienced tile installation to provide construction services.,5557,Completed,779,2025-10-16
1590,326,Need Catering,Looking for an experienced catering to provide cooking services.,2519,Open,171,2025-11-26
1591,19,Need Movers,Looking for an experienced movers to provide moving services services.,5054,Completed,277,2025-10-12
1592,33,Need Wood Polishing,Looking for an experienced wood polishing to provide carpentry services.,3449,Open,190,2025-03-14
1593,62,Need Makeup Artist,Looking for an experienced makeup artist to provide beauty services.,4558,Open,550,2025-12-01
1594,482,Need AC Installation,Looking for an experienced ac installation to provide hvac services.,5063,Completed,96,2025-11-26
1595,166,Need Tile Installation,Looking for an experienced tile installation to provide construction services.,6146,Open,272,2025-08-04
1596,288,Need Water Tank Installation,Looking for an experienced water tank installation to provide plumbing services.,9775,Completed,184,2025-08-14
1597,5,Need Tile Installation,Looking for an experienced tile installation to provide construction services.,8242,Completed,438,2025-04-16
1598,50,Need AC Installation,Looking for an experienced ac installation to provide hvac services.,1283,Open,630,2025-11-22
1599,460,Need Wood Polishing,Looking for an experienced wood polishing to provide carpentry services.,2211,Open,786,2025-03-12
1600,352,Need Light Installation,Looking for an experienced light installation to provide electrical services.,3952,Completed,768,2025-12-27
1601,358,Need Alteration,Looking for an experienced alteration to provide tailoring services.,4794,Open,657,2025-07-26
1602,180,Need AC Installation,Looking for an experienced ac installation to provide hvac services.,8694,Completed,126,2025-04-08
1603,379,Need Bathroom Fitting,Looking for an experienced bathroom fitting to provide plumbing services.,7352,Open,743,2025-03-13
1604,473,Need House Wiring,Looking for an experienced house wiring to provide electrical services.,3192,Open,148,2025-12-24
1605,344,Need Switch Repair,Looking for an experienced switch repair to provide electrical services.,5753,Assigned,651,2025-12-21
1606,61,Need Bathroom Cleaning,Looking for an experienced bathroom cleaning to provide cleaning services.,8899,Completed,186,2025-04-10
1607,192,Need Beautician,Looking for an experienced beautician to provide beauty services.,1139,Open,8,2025-08-16
1608,216,Need Gardener,Looking for an experienced gardener to provide gardening services.,4982,Open,335,2025-03-30
1609,26,Need Door Repair,Looking for an experienced door repair to provide carpentry services.,6067,Completed,698,2025-09-25
1610,233,Need Pipe Repair,Looking for an experienced pipe repair to provide plumbing services.,6765,Open,172,2025-09-01
1611,101,Need Gardener,Looking for an experienced gardener to provide gardening services.,2404,Open,3,2025-08-22
1612,64,Need Gardener,Looking for an experienced gardener to provide gardening services.,3227,Open,360,2025-09-17
1613,439,Need Light Installation,Looking for an experienced light installation to provide electrical services.,3183,Open,317,2025-10-30
1614,258,Need Carpenter,Looking for an experienced carpenter to provide carpentry services.,2239,Open,110,2025-01-14
1615,226,Need Tree Trimming,Looking for an experienced tree trimming to provide gardening services.,6205,Cancelled,525,2025-09-09
1616,242,Need Pipe Repair,Looking for an experienced pipe repair to provide plumbing services.,9647,Completed,32,2025-05-03
1617,358,Need Tree Trimming,Looking for an experienced tree trimming to provide gardening services.,9329,Open,168,2025-11-19
1618,48,Need AC Technician,Looking for an experienced ac technician to provide hvac services.,3464,Open,129,2025-10-04
1619,54,Need Carpenter,Looking for an experienced carpenter to provide carpentry services.,3804,Open,772,2025-12-15
1620,159,Need Concrete Work,Looking for an experienced concrete work to provide construction services.,8597,Completed,561,2025-09-22
1621,418,Need Hair Stylist,Looking for an experienced hair stylist to provide beauty services.,4104,Open,623,2025-04-21
1622,69,Need Kitchen Cleaning,Looking for an experienced kitchen cleaning to provide cleaning services.,1774,Assigned,140,2025-07-27
1623,297,Need Mason,Looking for an experienced mason to provide construction services.,9885,Open,759,2025-11-25
1624,179,Need Brick Work,Looking for an experienced brick work to provide construction services.,1862,Open,624,2025-04-01
1625,90,Need AC Technician,Looking for an experienced ac technician to provide hvac services.,9710,Completed,629,2025-09-11
1626,130,Need Interior Painting,Looking for an experienced interior painting to provide painting services.,7304,Completed,656,2025-10-13
1627,6,Need Beautician,Looking for an experienced beautician to provide beauty services.,922,Open,669,2025-06-28
1628,130,Need Packers,Looking for an experienced packers to provide moving services services.,2720,Assigned,105,2025-10-05
1629,138,Need Driver,Looking for an experienced driver to provide driving services.,9250,Assigned,747,2025-10-03
1630,108,Need Hair Stylist,Looking for an experienced hair stylist to provide beauty services.,2271,Assigned,589,2025-01-22
1631,442,Need Packers,Looking for an experienced packers to provide moving services services.,8161,Completed,10,2025-02-03
1632,276,Need TV Repair,Looking for an experienced tv repair to provide home appliances services.,5661,Open,226,2025-10-19
1633,487,Need Carpenter,Looking for an experienced carpenter to provide carpentry services.,1952,Completed,628,2025-01-25
1634,17,Need AC Installation,Looking for an experienced ac installation to provide hvac services.,5019,Assigned,562,2025-01-27
1635,217,Need Kitchen Cleaning,Looking for an experienced kitchen cleaning to provide cleaning services.,5152,Open,193,2025-12-23
1636,29,Need Bathroom Cleaning,Looking for an experienced bathroom cleaning to provide cleaning services.,3419,Open,598,2025-03-16
1637,173,Need Tile Installation,Looking for an experienced tile installation to provide construction services.,1468,Open,698,2025-04-16
1638,495,Need Plumber,Looking for an experienced plumber to provide plumbing services.,6524,Completed,698,2025-08-26
1639,470,Need Kitchen Cleaning,Looking for an experienced kitchen cleaning to provide cleaning services.,5099,Completed,275,2025-11-01
1640,2,Need Light Installation,Looking for an experienced light installation to provide electrical services.,7618,Assigned,681,2025-05-02
1641,496,Need Brick Work,Looking for an experienced brick work to provide construction services.,7758,Open,506,2025-05-25
1642,210,Need Alteration,Looking for an experienced alteration to provide tailoring services.,3821,Open,420,2025-12-08
1643,315,Need Movers,Looking for an experienced movers to provide moving services services.,8930,Assigned,738,2025-01-22
1644,404,Need Mason,Looking for an experienced mason to provide construction services.,9942,Open,388,2025-04-04
1645,286,Need Alteration,Looking for an experienced alteration to provide tailoring services.,1615,Assigned,130,2025-11-27
1646,478,Need Microwave Repair,Looking for an experienced microwave repair to provide home appliances services.,4408,Completed,670,2025-04-13
1647,212,Need Brick Work,Looking for an experienced brick work to provide construction services.,2950,Assigned,559,2025-12-15
1648,85,Need Alteration,Looking for an experienced alteration to provide tailoring services.,1715,Open,455,2025-11-24
1649,147,Need AC Installation,Looking for an experienced ac installation to provide hvac services.,8733,Assigned,770,2025-03-10
1650,127,Need Painter,Looking for an experienced painter to provide painting services.,581,Completed,526,2025-05-28
1651,209,Need Packers,Looking for an experienced packers to provide moving services services.,2291,Cancelled,171,2025-03-13
1652,195,Need TV Repair,Looking for an experienced tv repair to provide home appliances services.,6274,Completed,593,2025-08-04
1653,461,Need Alteration,Looking for an experienced alteration to provide tailoring services.,1917,Open,497,2025-07-29
1654,371,Need Water Tank Installation,Looking for an experienced water tank installation to provide plumbing services.,5443,Open,476,2025-05-26
1655,213,Need Movers,Looking for an experienced movers to provide moving services services.,1996,Open,402,2025-07-26
1656,268,Need Plumber,Looking for an experienced plumber to provide plumbing services.,5159,Completed,176,2025-09-18
1657,211,Need Fan Installation,Looking for an experienced fan installation to provide electrical services.,9278,Assigned,125,2025-03-08
1658,388,Need Deep Cleaning,Looking for an experienced deep cleaning to provide cleaning services.,4055,Open,775,2025-07-09
1659,98,Need Packers,Looking for an experienced packers to provide moving services services.,4593,Completed,297,2025-02-19
1660,254,Need Brick Work,Looking for an experienced brick work to provide construction services.,4300,Completed,151,2025-11-08
1661,420,Need Movers,Looking for an experienced movers to provide moving services services.,997,Completed,611,2025-11-20
1662,237,Need Refrigerator Repair,Looking for an experienced refrigerator repair to provide hvac services.,2927,Assigned,18,2025-02-13
1663,147,Need Plumber,Looking for an experienced plumber to provide plumbing services.,6815,Completed,784,2025-09-23
1664,93,Need Painter,Looking for an experienced painter to provide painting services.,5549,Open,332,2025-03-30
1665,462,Need Exterior Painting,Looking for an experienced exterior painting to provide painting services.,2306,Open,556,2025-11-10
1666,153,Need Mason,Looking for an experienced mason to provide construction services.,2653,Completed,791,2025-06-12
1667,292,Need Water Tank Installation,Looking for an experienced water tank installation to provide plumbing services.,3999,Completed,113,2025-02-02
1668,155,Need Deep Cleaning,Looking for an experienced deep cleaning to provide cleaning services.,605,Assigned,669,2025-01-13
1669,271,Need Painter,Looking for an experienced painter to provide painting services.,7614,Open,204,2025-11-20
1670,116,Need Painter,Looking for an experienced painter to provide painting services.,3794,Assigned,232,2025-09-01
1671,62,Need AC Technician,Looking for an experienced ac technician to provide hvac services.,3424,Open,602,2025-09-01
1672,141,Need Makeup Artist,Looking for an experienced makeup artist to provide beauty services.,6112,Completed,761,2025-07-30
1673,42,Need Water Tank Installation,Looking for an experienced water tank installation to provide plumbing services.,8623,Completed,473,2025-04-15
1674,72,Need Mason,Looking for an experienced mason to provide construction services.,1156,Completed,625,2025-05-02
1675,337,Need Light Installation,Looking for an experienced light installation to provide electrical services.,3583,Open,412,2025-12-27
1676,203,Need AC Technician,Looking for an experienced ac technician to provide hvac services.,6753,Cancelled,212,2025-07-20
1677,216,Need Tree Trimming,Looking for an experienced tree trimming to provide gardening services.,7731,Open,676,2025-07-30
1678,391,Need AC Technician,Looking for an experienced ac technician to provide hvac services.,7903,Completed,491,2025-09-03
1679,265,Need Washing Machine Repair,Looking for an experienced washing machine repair to provide home appliances services.,4167,Assigned,627,2025-04-09
1680,129,Need Security Guard,Looking for an experienced security guard to provide security services.,7371,Assigned,87,2025-02-18
1681,34,Need Leak Detection,Looking for an experienced leak detection to provide plumbing services.,9600,Completed,329,2025-06-13
1682,11,Need Catering,Looking for an experienced catering to provide cooking services.,1609,Open,556,2025-05-23
1683,494,Need Concrete Work,Looking for an experienced concrete work to provide construction services.,8137,Open,657,2025-04-21
1684,486,Need Tile Installation,Looking for an experienced tile installation to provide construction services.,3104,Open,3,2025-07-03
1685,142,Need Interior Painting,Looking for an experienced interior painting to provide painting services.,4291,Open,183,2025-05-29
1686,446,Need Security Guard,Looking for an experienced security guard to provide security services.,7888,Open,634,2025-06-13
1687,338,Need Security Guard,Looking for an experienced security guard to provide security services.,5045,Open,740,2025-10-16
1688,487,Need Beautician,Looking for an experienced beautician to provide beauty services.,1249,Open,57,2025-12-10
1689,194,Need Painter,Looking for an experienced painter to provide painting services.,1781,Open,767,2025-11-30
1690,129,Need Tree Trimming,Looking for an experienced tree trimming to provide gardening services.,9900,Open,504,2025-02-15
1691,74,Need Microwave Repair,Looking for an experienced microwave repair to provide home appliances services.,9159,Open,419,2025-03-04
1692,14,Need Tailor,Looking for an experienced tailor to provide tailoring services.,9603,Open,324,2025-07-02
1693,145,Need Brick Work,Looking for an experienced brick work to provide construction services.,7703,Completed,520,2025-04-23
1694,398,Need Gardener,Looking for an experienced gardener to provide gardening services.,8121,Open,115,2025-11-30
1695,315,Need Cook,Looking for an experienced cook to provide cooking services.,1498,Open,526,2025-11-20
1696,386,Need Tailor,Looking for an experienced tailor to provide tailoring services.,4188,Open,633,2025-11-26
1697,250,Need Exterior Painting,Looking for an experienced exterior painting to provide painting services.,3006,Assigned,411,2025-11-17
1698,400,Need Concrete Work,Looking for an experienced concrete work to provide construction services.,5948,Completed,56,2025-09-08
1699,26,Need Wall Painting,Looking for an experienced wall painting to provide painting services.,7129,Open,437,2025-06-08
1700,273,Need Refrigerator Repair,Looking for an experienced refrigerator repair to provide hvac services.,1735,Completed,117,2025-03-30
1701,183,Need Switch Repair,Looking for an experienced switch repair to provide electrical services.,8233,Cancelled,594,2025-02-18
1702,220,Need Makeup Artist,Looking for an experienced makeup artist to provide beauty services.,8232,Completed,37,2025-09-10
1703,205,Need Movers,Looking for an experienced movers to provide moving services services.,4156,Completed,16,2025-08-16
1704,191,Need Deep Cleaning,Looking for an experienced deep cleaning to provide cleaning services.,7733,Completed,761,2025-10-26
1705,184,Need Security Guard,Looking for an experienced security guard to provide security services.,9629,Completed,251,2025-03-14
1706,236,Need Bathroom Fitting,Looking for an experienced bathroom fitting to provide plumbing services.,7892,Open,784,2025-06-10
1707,247,Need Packers,Looking for an experienced packers to provide moving services services.,7035,Open,61,2025-06-07
1708,212,Need Gardener,Looking for an experienced gardener to provide gardening services.,8227,Assigned,347,2025-09-25
1709,9,Need AC Technician,Looking for an experienced ac technician to provide hvac services.,4212,Open,665,2025-09-04
1710,369,Need AC Repair,Looking for an experienced ac repair to provide hvac services.,9079,Open,183,2025-12-14
1711,436,Need Beautician,Looking for an experienced beautician to provide beauty services.,5007,Cancelled,179,2025-06-17
1712,432,Need Light Installation,Looking for an experienced light installation to provide electrical services.,3902,Open,640,2025-02-07
1713,442,Need TV Repair,Looking for an experienced tv repair to provide home appliances services.,7027,Assigned,674,2025-02-14
1714,206,Need Deep Cleaning,Looking for an experienced deep cleaning to provide cleaning services.,9254,Completed,706,2025-03-09
1715,106,Need Leak Detection,Looking for an experienced leak detection to provide plumbing services.,2895,Open,482,2025-09-23
1716,211,Need House Cleaning,Looking for an experienced house cleaning to provide cleaning services.,8722,Open,614,2025-02-22
1717,14,Need Washing Machine Repair,Looking for an experienced washing machine repair to provide home appliances services.,5876,Open,758,2025-07-17
1718,493,Need Brick Work,Looking for an experienced brick work to provide construction services.,2407,Completed,45,2025-08-24
1719,18,Need Tree Trimming,Looking for an experienced tree trimming to provide gardening services.,8156,Completed,729,2025-10-30
1720,262,Need Water Tank Installation,Looking for an experienced water tank installation to provide plumbing services.,5635,Cancelled,319,2025-06-11
1721,283,Need Carpenter,Looking for an experienced carpenter to provide carpentry services.,7427,Open,673,2025-03-27
1722,221,Need Movers,Looking for an experienced movers to provide moving services services.,1769,Open,559,2025-08-01
1723,500,Need House Cleaning,Looking for an experienced house cleaning to provide cleaning services.,3742,Open,465,2025-12-19
1724,271,Need Kitchen Cleaning,Looking for an experienced kitchen cleaning to provide cleaning services.,6013,Completed,758,2025-08-18
1725,430,Need Security Guard,Looking for an experienced security guard to provide security services.,5146,Completed,706,2025-07-03
1726,348,Need Carpenter,Looking for an experienced carpenter to provide carpentry services.,3115,Open,681,2025-06-20
1727,398,Need Lawn Maintenance,Looking for an experienced lawn maintenance to provide gardening services.,7188,Completed,361,2025-03-02
1728,300,Need House Cleaning,Looking for an experienced house cleaning to provide cleaning services.,8267,Cancelled,362,2025-11-16
1729,344,Need Furniture Assembly,Looking for an experienced furniture assembly to provide carpentry services.,6153,Open,552,2025-05-11
1730,321,Need Wall Painting,Looking for an experienced wall painting to provide painting services.,5749,Completed,436,2025-12-23
1731,490,Need Packers,Looking for an experienced packers to provide moving services services.,2793,Completed,735,2025-09-06
1732,307,Need Furniture Assembly,Looking for an experienced furniture assembly to provide carpentry services.,6047,Open,382,2025-12-30
1733,336,Need Bathroom Fitting,Looking for an experienced bathroom fitting to provide plumbing services.,9845,Assigned,493,2025-12-15
1734,362,Need Lawn Maintenance,Looking for an experienced lawn maintenance to provide gardening services.,2405,Completed,282,2025-09-13
1735,461,Need Tile Installation,Looking for an experienced tile installation to provide construction services.,2885,Open,340,2025-10-04
1736,388,Need Furniture Assembly,Looking for an experienced furniture assembly to provide carpentry services.,9852,Completed,215,2025-07-06
1737,486,Need Exterior Painting,Looking for an experienced exterior painting to provide painting services.,4269,Assigned,415,2025-04-03
1738,313,Need Cook,Looking for an experienced cook to provide cooking services.,3269,Open,523,2025-05-21
1739,86,Need Interior Painting,Looking for an experienced interior painting to provide painting services.,4660,Completed,203,2025-05-18
1740,158,Need Wood Polishing,Looking for an experienced wood polishing to provide carpentry services.,4414,Assigned,34,2025-08-01
1741,462,Need Tree Trimming,Looking for an experienced tree trimming to provide gardening services.,4871,Open,567,2025-06-15
1742,127,Need Hair Stylist,Looking for an experienced hair stylist to provide beauty services.,9895,Open,454,2025-03-03
1743,467,Need Carpenter,Looking for an experienced carpenter to provide carpentry services.,6956,Completed,650,2025-04-21
1744,117,Need Catering,Looking for an experienced catering to provide cooking services.,1262,Completed,9,2025-12-01
1745,50,Need Kitchen Cleaning,Looking for an experienced kitchen cleaning to provide cleaning services.,1246,Completed,363,2025-02-20
1746,107,Need Lawn Maintenance,Looking for an experienced lawn maintenance to provide gardening services.,1378,Completed,592,2025-02-08
1747,40,Need AC Technician,Looking for an experienced ac technician to provide hvac services.,5459,Open,494,2025-11-27
1748,45,Need Brick Work,Looking for an experienced brick work to provide construction services.,3640,Completed,55,2025-05-16
1749,171,Need Wood Polishing,Looking for an experienced wood polishing to provide carpentry services.,6325,Open,183,2025-04-07
1750,314,Need AC Technician,Looking for an experienced ac technician to provide hvac services.,2006,Completed,109,2025-10-30
1751,156,Need Interior Painting,Looking for an experienced interior painting to provide painting services.,6669,Assigned,1,2025-03-20
1752,353,Need Plumber,Looking for an experienced plumber to provide plumbing services.,8719,Assigned,731,2025-06-19
1753,482,Need Tile Installation,Looking for an experienced tile installation to provide construction services.,9928,Assigned,534,2025-08-30
1754,456,Need Deep Cleaning,Looking for an experienced deep cleaning to provide cleaning services.,6787,Open,111,2025-08-29
1755,187,Need Wall Painting,Looking for an experienced wall painting to provide painting services.,9226,Assigned,758,2025-04-29
1756,129,Need Gardener,Looking for an experienced gardener to provide gardening services.,9613,Open,190,2025-02-08
1757,134,Need Bathroom Cleaning,Looking for an experienced bathroom cleaning to provide cleaning services.,9980,Open,610,2025-09-09
1758,126,Need Kitchen Cleaning,Looking for an experienced kitchen cleaning to provide cleaning services.,1197,Cancelled,120,2025-11-03
1759,410,Need Exterior Painting,Looking for an experienced exterior painting to provide painting services.,3227,Completed,777,2025-07-29
1760,229,Need AC Installation,Looking for an experienced ac installation to provide hvac services.,930,Assigned,75,2025-07-15
1761,186,Need Gardener,Looking for an experienced gardener to provide gardening services.,5075,Completed,44,2025-11-05
1762,336,Need Alteration,Looking for an experienced alteration to provide tailoring services.,3760,Assigned,465,2025-12-10
1763,80,Need Kitchen Cleaning,Looking for an experienced kitchen cleaning to provide cleaning services.,767,Completed,614,2025-08-01
1764,196,Need Catering,Looking for an experienced catering to provide cooking services.,7573,Open,511,2025-01-12
1765,227,Need Water Tank Installation,Looking for an experienced water tank installation to provide plumbing services.,4961,Assigned,655,2025-09-02
1766,134,Need Mason,Looking for an experienced mason to provide construction services.,9944,Completed,785,2025-12-22
1767,67,Need Carpenter,Looking for an experienced carpenter to provide carpentry services.,6845,Completed,546,2025-09-18
1768,378,Need House Cleaning,Looking for an experienced house cleaning to provide cleaning services.,8614,Open,121,2025-02-23
1769,133,Need House Cleaning,Looking for an experienced house cleaning to provide cleaning services.,8072,Completed,725,2025-10-14
1770,9,Need AC Technician,Looking for an experienced ac technician to provide hvac services.,3418,Open,420,2025-12-29
1771,201,Need Light Installation,Looking for an experienced light installation to provide electrical services.,7485,Completed,329,2025-11-28
1772,352,Need Alteration,Looking for an experienced alteration to provide tailoring services.,2753,Completed,597,2025-10-19
1773,31,Need Deep Cleaning,Looking for an experienced deep cleaning to provide cleaning services.,9196,Open,123,2025-02-26
1774,455,Need Gardener,Looking for an experienced gardener to provide gardening services.,7254,Open,710,2025-10-12
1775,351,Need Door Repair,Looking for an experienced door repair to provide carpentry services.,4583,Open,392,2025-08-29
1776,461,Need Interior Painting,Looking for an experienced interior painting to provide painting services.,7556,Completed,243,2025-11-07
1777,393,Need Door Repair,Looking for an experienced door repair to provide carpentry services.,5254,Assigned,203,2025-11-22
1778,488,Need Furniture Assembly,Looking for an experienced furniture assembly to provide carpentry services.,3431,Open,387,2025-10-16
1779,163,Need Microwave Repair,Looking for an experienced microwave repair to provide home appliances services.,6638,Open,189,2025-04-09
1780,447,Need Security Guard,Looking for an experienced security guard to provide security services.,2986,Open,253,2025-12-13
1781,197,Need Brick Work,Looking for an experienced brick work to provide construction services.,2965,Completed,734,2025-04-21
1782,287,Need Tree Trimming,Looking for an experienced tree trimming to provide gardening services.,674,Completed,589,2025-05-18
1783,420,Need Fan Installation,Looking for an experienced fan installation to provide electrical services.,9118,Open,16,2025-09-27
1784,287,Need Electrician,Looking for an experienced electrician to provide electrical services.,1632,Cancelled,782,2025-03-21
1785,249,Need Tailor,Looking for an experienced tailor to provide tailoring services.,9026,Assigned,414,2025-04-28
1786,392,Need Refrigerator Repair,Looking for an experienced refrigerator repair to provide hvac services.,4439,Completed,286,2025-04-11
1787,98,Need Furniture Assembly,Looking for an experienced furniture assembly to provide carpentry services.,7850,Completed,452,2025-10-24
1788,376,Need Tile Installation,Looking for an experienced tile installation to provide construction services.,5596,Open,441,2025-12-04
1789,64,Need Cloth Stitching,Looking for an experienced cloth stitching to provide tailoring services.,8994,Cancelled,131,2025-12-25
1790,468,Need Door Repair,Looking for an experienced door repair to provide carpentry services.,6263,Completed,578,2025-04-23
1791,317,Need Cook,Looking for an experienced cook to provide cooking services.,3326,Completed,605,2025-11-26
1792,23,Need Water Tank Installation,Looking for an experienced water tank installation to provide plumbing services.,6182,Completed,273,2025-02-20
1793,489,Need Switch Repair,Looking for an experienced switch repair to provide electrical services.,1722,Completed,207,2025-02-21
1794,312,Need Pipe Repair,Looking for an experienced pipe repair to provide plumbing services.,6489,Open,241,2025-03-06
1795,341,Need Brick Work,Looking for an experienced brick work to provide construction services.,1145,Open,298,2025-09-25
1796,3,Need Plumber,Looking for an experienced plumber to provide plumbing services.,1687,Assigned,474,2025-07-20
1797,37,Need Makeup Artist,Looking for an experienced makeup artist to provide beauty services.,9716,Open,139,2025-10-27
1798,327,Need Cloth Stitching,Looking for an experienced cloth stitching to provide tailoring services.,3575,Assigned,739,2025-01-17
1799,321,Need Catering,Looking for an experienced catering to provide cooking services.,4136,Assigned,349,2025-10-29
1800,392,Need Alteration,Looking for an experienced alteration to provide tailoring services.,5213,Completed,343,2025-11-12
1801,399,Need TV Repair,Looking for an experienced tv repair to provide home appliances services.,5605,Assigned,598,2025-08-19
1802,353,Need Leak Detection,Looking for an experienced leak detection to provide plumbing services.,1224,Completed,10,2025-07-30
1803,24,Need Tailor,Looking for an experienced tailor to provide tailoring services.,6943,Assigned,336,2025-12-09
1804,163,Need Driver,Looking for an experienced driver to provide driving services.,4146,Completed,320,2025-07-28
1805,279,Need Concrete Work,Looking for an experienced concrete work to provide construction services.,9840,Assigned,640,2025-07-19
1806,457,Need House Cleaning,Looking for an experienced house cleaning to provide cleaning services.,871,Completed,611,2025-09-23
1807,232,Need Interior Painting,Looking for an experienced interior painting to provide painting services.,2601,Completed,715,2025-08-08
1808,313,Need AC Installation,Looking for an experienced ac installation to provide hvac services.,7869,Open,73,2025-06-21
1809,341,Need Light Installation,Looking for an experienced light installation to provide electrical services.,6478,Open,147,2025-07-05
1810,66,Need Light Installation,Looking for an experienced light installation to provide electrical services.,5490,Completed,320,2025-08-19
1811,52,Need Washing Machine Repair,Looking for an experienced washing machine repair to provide home appliances services.,700,Open,626,2025-02-18
1812,188,Need Concrete Work,Looking for an experienced concrete work to provide construction services.,9506,Open,414,2025-05-20
1813,59,Need Interior Painting,Looking for an experienced interior painting to provide painting services.,9546,Completed,168,2025-01-11
1814,261,Need Alteration,Looking for an experienced alteration to provide tailoring services.,5193,Cancelled,680,2025-08-06
1815,387,Need Packers,Looking for an experienced packers to provide moving services services.,7094,Completed,264,2025-06-23
1816,389,Need Water Tank Installation,Looking for an experienced water tank installation to provide plumbing services.,3854,Assigned,329,2025-07-20
1817,445,Need Exterior Painting,Looking for an experienced exterior painting to provide painting services.,5131,Open,374,2025-06-16
1818,375,Need Refrigerator Repair,Looking for an experienced refrigerator repair to provide hvac services.,7043,Open,489,2025-09-26
1819,162,Need Beautician,Looking for an experienced beautician to provide beauty services.,5010,Completed,102,2025-11-23
1820,278,Need TV Repair,Looking for an experienced tv repair to provide home appliances services.,4164,Completed,514,2025-03-07
1821,82,Need Deep Cleaning,Looking for an experienced deep cleaning to provide cleaning services.,1541,Open,561,2025-10-22
1822,130,Need Driver,Looking for an experienced driver to provide driving services.,2328,Open,535,2025-04-06
1823,148,Need Switch Repair,Looking for an experienced switch repair to provide electrical services.,4879,Completed,252,2025-09-08
1824,147,Need Painter,Looking for an experienced painter to provide painting services.,900,Open,374,2025-11-01
1825,5,Need Electrician,Looking for an experienced electrician to provide electrical services.,4999,Assigned,781,2025-06-08
1826,103,Need Packers,Looking for an experienced packers to provide moving services services.,8014,Completed,526,2025-05-18
1827,454,Need Electrician,Looking for an experienced electrician to provide electrical services.,7118,Completed,316,2025-06-06
1828,25,Need Brick Work,Looking for an experienced brick work to provide construction services.,7055,Completed,432,2025-12-23
1829,291,Need TV Repair,Looking for an experienced tv repair to provide home appliances services.,6962,Assigned,682,2025-02-17
1830,189,Need Beautician,Looking for an experienced beautician to provide beauty services.,7795,Open,26,2025-04-16
1831,108,Need Wall Painting,Looking for an experienced wall painting to provide painting services.,9262,Open,641,2025-08-13
1832,495,Need House Cleaning,Looking for an experienced house cleaning to provide cleaning services.,9367,Assigned,576,2025-09-21
1833,265,Need Switch Repair,Looking for an experienced switch repair to provide electrical services.,5454,Completed,761,2025-11-07
1834,284,Need Door Repair,Looking for an experienced door repair to provide carpentry services.,6910,Assigned,98,2025-06-30
1835,175,Need Tree Trimming,Looking for an experienced tree trimming to provide gardening services.,8067,Completed,342,2025-05-16
1836,253,Need Kitchen Cleaning,Looking for an experienced kitchen cleaning to provide cleaning services.,6785,Completed,491,2025-01-12
1837,128,Need Driver,Looking for an experienced driver to provide driving services.,9614,Completed,108,2025-01-22
1838,384,Need Brick Work,Looking for an experienced brick work to provide construction services.,9216,Open,34,2025-06-07
1839,336,Need Switch Repair,Looking for an experienced switch repair to provide electrical services.,9168,Assigned,765,2025-04-09
1840,199,Need Light Installation,Looking for an experienced light installation to provide electrical services.,5853,Open,378,2025-09-18
1841,232,Need Deep Cleaning,Looking for an experienced deep cleaning to provide cleaning services.,5234,Open,763,2025-12-05
1842,105,Need Door Repair,Looking for an experienced door repair to provide carpentry services.,4802,Open,67,2025-10-29
1843,376,Need Pipe Repair,Looking for an experienced pipe repair to provide plumbing services.,5631,Open,448,2025-12-24
1844,202,Need Cook,Looking for an experienced cook to provide cooking services.,941,Open,85,2025-09-27
1845,472,Need Packers,Looking for an experienced packers to provide moving services services.,8909,Completed,314,2025-03-29
1846,257,Need Wall Painting,Looking for an experienced wall painting to provide painting services.,1891,Open,565,2025-01-01
1847,312,Need House Cleaning,Looking for an experienced house cleaning to provide cleaning services.,3235,Open,484,2025-08-28
1848,281,Need Bathroom Cleaning,Looking for an experienced bathroom cleaning to provide cleaning services.,3683,Completed,45,2025-11-14
1849,307,Need AC Installation,Looking for an experienced ac installation to provide hvac services.,9600,Open,467,2025-09-28
1850,434,Need Mason,Looking for an experienced mason to provide construction services.,5942,Open,485,2025-03-26
1851,434,Need Refrigerator Repair,Looking for an experienced refrigerator repair to provide hvac services.,8905,Open,426,2025-05-21
1852,117,Need Driver,Looking for an experienced driver to provide driving services.,7932,Completed,174,2025-09-17
1853,333,Need Tile Installation,Looking for an experienced tile installation to provide construction services.,4538,Completed,574,2025-08-31
1854,104,Need Wood Polishing,Looking for an experienced wood polishing to provide carpentry services.,8911,Completed,211,2025-02-14
1855,404,Need Alteration,Looking for an experienced alteration to provide tailoring services.,7857,Open,709,2025-07-04
1856,139,Need Painter,Looking for an experienced painter to provide painting services.,7287,Assigned,272,2025-03-15
1857,359,Need Light Installation,Looking for an experienced light installation to provide electrical services.,7417,Assigned,20,2025-09-15
1858,354,Need Fan Installation,Looking for an experienced fan installation to provide electrical services.,2931,Open,393,2025-01-02
1859,417,Need Catering,Looking for an experienced catering to provide cooking services.,930,Completed,101,2025-10-03
1860,351,Need Painter,Looking for an experienced painter to provide painting services.,5602,Open,152,2025-12-26
1861,65,Need Lawn Maintenance,Looking for an experienced lawn maintenance to provide gardening services.,1153,Open,746,2025-03-16
1862,316,Need Door Repair,Looking for an experienced door repair to provide carpentry services.,1823,Open,326,2025-01-03
1863,27,Need Furniture Assembly,Looking for an experienced furniture assembly to provide carpentry services.,7370,Open,190,2025-03-28
1864,193,Need Door Repair,Looking for an experienced door repair to provide carpentry services.,6659,Assigned,310,2025-01-04
1865,312,Need Tile Installation,Looking for an experienced tile installation to provide construction services.,4581,Completed,483,2025-09-16
1866,415,Need Fan Installation,Looking for an experienced fan installation to provide electrical services.,3088,Open,641,2025-03-05
1867,65,Need Beautician,Looking for an experienced beautician to provide beauty services.,953,Cancelled,142,2025-07-11
1868,341,Need Deep Cleaning,Looking for an experienced deep cleaning to provide cleaning services.,9931,Open,485,2025-09-15
1869,30,Need Painter,Looking for an experienced painter to provide painting services.,4419,Completed,721,2025-01-13
1870,273,Need Wall Painting,Looking for an experienced wall painting to provide painting services.,2407,Assigned,706,2025-06-02
1871,242,Need Water Tank Installation,Looking for an experienced water tank installation to provide plumbing services.,3088,Cancelled,192,2025-09-04
1872,85,Need Exterior Painting,Looking for an experienced exterior painting to provide painting services.,5361,Open,221,2025-05-26
1873,39,Need Tree Trimming,Looking for an experienced tree trimming to provide gardening services.,3987,Completed,570,2025-08-01
1874,484,Need Pipe Repair,Looking for an experienced pipe repair to provide plumbing services.,8938,Open,160,2025-09-09
1875,154,Need Packers,Looking for an experienced packers to provide moving services services.,5460,Assigned,258,2025-03-02
1876,393,Need TV Repair,Looking for an experienced tv repair to provide home appliances services.,2140,Open,495,2025-08-24
1877,398,Need Furniture Assembly,Looking for an experienced furniture assembly to provide carpentry services.,9220,Completed,652,2025-07-22
1878,479,Need Exterior Painting,Looking for an experienced exterior painting to provide painting services.,7115,Assigned,130,2025-10-29
1879,117,Need Wood Polishing,Looking for an experienced wood polishing to provide carpentry services.,9682,Completed,352,2025-09-11
1880,389,Need Light Installation,Looking for an experienced light installation to provide electrical services.,645,Assigned,63,2025-02-27
1881,33,Need Switch Repair,Looking for an experienced switch repair to provide electrical services.,2571,Assigned,542,2025-12-10
1882,189,Need Alteration,Looking for an experienced alteration to provide tailoring services.,4167,Assigned,435,2025-05-23
1883,42,Need TV Repair,Looking for an experienced tv repair to provide home appliances services.,1092,Open,536,2025-01-31
1884,295,Need Bathroom Fitting,Looking for an experienced bathroom fitting to provide plumbing services.,2802,Open,413,2025-10-04
1885,93,Need Wood Polishing,Looking for an experienced wood polishing to provide carpentry services.,3788,Open,315,2025-07-27
1886,185,Need Bathroom Fitting,Looking for an experienced bathroom fitting to provide plumbing services.,6383,Open,594,2025-04-28
1887,91,Need Leak Detection,Looking for an experienced leak detection to provide plumbing services.,9742,Open,735,2025-05-14
1888,481,Need Refrigerator Repair,Looking for an experienced refrigerator repair to provide hvac services.,9043,Open,515,2025-08-31
1889,231,Need Deep Cleaning,Looking for an experienced deep cleaning to provide cleaning services.,1855,Completed,474,2025-09-22
1890,460,Need Pipe Repair,Looking for an experienced pipe repair to provide plumbing services.,3599,Assigned,211,2025-10-21
1891,361,Need AC Repair,Looking for an experienced ac repair to provide hvac services.,3303,Completed,544,2025-07-02
1892,340,Need Tree Trimming,Looking for an experienced tree trimming to provide gardening services.,8207,Completed,479,2025-01-03
1893,341,Need Painter,Looking for an experienced painter to provide painting services.,7738,Completed,250,2025-12-14
1894,272,Need Cook,Looking for an experienced cook to provide cooking services.,4055,Open,238,2025-01-25
1895,302,Need Concrete Work,Looking for an experienced concrete work to provide construction services.,4514,Completed,597,2025-04-27
1896,79,Need AC Installation,Looking for an experienced ac installation to provide hvac services.,9520,Completed,79,2025-12-11
1897,387,Need Exterior Painting,Looking for an experienced exterior painting to provide painting services.,6516,Open,215,2025-03-05
1898,496,Need Tree Trimming,Looking for an experienced tree trimming to provide gardening services.,2189,Completed,477,2025-12-04
1899,402,Need Water Tank Installation,Looking for an experienced water tank installation to provide plumbing services.,9124,Completed,135,2025-11-30
1900,102,Need Concrete Work,Looking for an experienced concrete work to provide construction services.,2217,Assigned,646,2025-09-19
1901,395,Need House Wiring,Looking for an experienced house wiring to provide electrical services.,7303,Assigned,318,2025-07-09
1902,229,Need TV Repair,Looking for an experienced tv repair to provide home appliances services.,5348,Open,71,2025-02-24
1903,269,Need Tailor,Looking for an experienced tailor to provide tailoring services.,6624,Completed,133,2025-11-27
1904,205,Need Plumber,Looking for an experienced plumber to provide plumbing services.,8643,Completed,716,2025-07-20
1905,223,Need Movers,Looking for an experienced movers to provide moving services services.,1322,Open,188,2025-02-19
1906,191,Need Gardener,Looking for an experienced gardener to provide gardening services.,1704,Completed,346,2025-04-28
1907,40,Need Bathroom Fitting,Looking for an experienced bathroom fitting to provide plumbing services.,7104,Assigned,419,2025-03-09
1908,351,Need House Wiring,Looking for an experienced house wiring to provide electrical services.,4377,Open,509,2025-07-02
1909,76,Need Deep Cleaning,Looking for an experienced deep cleaning to provide cleaning services.,8330,Completed,691,2025-09-09
1910,441,Need AC Technician,Looking for an experienced ac technician to provide hvac services.,5445,Completed,133,2025-03-26
1911,456,Need Cook,Looking for an experienced cook to provide cooking services.,4610,Open,722,2025-03-15
1912,354,Need Movers,Looking for an experienced movers to provide moving services services.,4577,Open,358,2025-06-07
1913,333,Need Switch Repair,Looking for an experienced switch repair to provide electrical services.,9834,Completed,212,2025-03-01
1914,102,Need Furniture Assembly,Looking for an experienced furniture assembly to provide carpentry services.,1188,Assigned,148,2025-06-01
1915,256,Need TV Repair,Looking for an experienced tv repair to provide home appliances services.,7741,Completed,345,2025-12-19
1916,414,Need Bathroom Cleaning,Looking for an experienced bathroom cleaning to provide cleaning services.,8954,Completed,170,2025-01-22
1917,487,Need AC Installation,Looking for an experienced ac installation to provide hvac services.,6592,Completed,174,2025-11-21
1918,414,Need Leak Detection,Looking for an experienced leak detection to provide plumbing services.,3554,Open,586,2025-01-14
1919,394,Need Washing Machine Repair,Looking for an experienced washing machine repair to provide home appliances services.,532,Completed,260,2025-08-28
1920,427,Need Pipe Repair,Looking for an experienced pipe repair to provide plumbing services.,9945,Open,71,2025-07-07
1921,277,Need Cloth Stitching,Looking for an experienced cloth stitching to provide tailoring services.,6824,Open,777,2025-03-25
1922,333,Need Exterior Painting,Looking for an experienced exterior painting to provide painting services.,6381,Open,449,2025-08-24
1923,323,Need Concrete Work,Looking for an experienced concrete work to provide construction services.,4746,Open,319,2025-08-04
1924,287,Need Alteration,Looking for an experienced alteration to provide tailoring services.,8961,Open,100,2025-04-01
1925,492,Need Movers,Looking for an experienced movers to provide moving services services.,8538,Open,14,2025-09-16
1926,249,Need Mason,Looking for an experienced mason to provide construction services.,5100,Completed,15,2025-01-20
1927,112,Need AC Technician,Looking for an experienced ac technician to provide hvac services.,4223,Open,604,2025-10-29
1928,54,Need Tree Trimming,Looking for an experienced tree trimming to provide gardening services.,9171,Open,408,2025-09-28
1929,337,Need Plumber,Looking for an experienced plumber to provide plumbing services.,2651,Assigned,84,2025-03-22
1930,172,Need Packers,Looking for an experienced packers to provide moving services services.,4322,Assigned,17,2025-10-05
1931,424,Need Bathroom Fitting,Looking for an experienced bathroom fitting to provide plumbing services.,6439,Assigned,350,2025-02-20
1932,278,Need Alteration,Looking for an experienced alteration to provide tailoring services.,7194,Open,186,2025-08-06
1933,435,Need Interior Painting,Looking for an experienced interior painting to provide painting services.,7733,Completed,685,2025-02-11
1934,482,Need Painter,Looking for an experienced painter to provide painting services.,1804,Completed,70,2025-12-17
1935,342,Need Tree Trimming,Looking for an experienced tree trimming to provide gardening services.,4739,Cancelled,433,2025-04-17
1936,338,Need AC Technician,Looking for an experienced ac technician to provide hvac services.,2630,Completed,217,2025-04-12
1937,221,Need Catering,Looking for an experienced catering to provide cooking services.,5712,Open,328,2025-06-23
1938,271,Need Deep Cleaning,Looking for an experienced deep cleaning to provide cleaning services.,4869,Open,29,2025-01-10
1939,249,Need AC Installation,Looking for an experienced ac installation to provide hvac services.,7591,Cancelled,503,2025-03-26
1940,98,Need Gardener,Looking for an experienced gardener to provide gardening services.,8396,Completed,541,2025-05-12
1941,419,Need Cook,Looking for an experienced cook to provide cooking services.,8317,Open,107,2025-12-24
1942,405,Need Deep Cleaning,Looking for an experienced deep cleaning to provide cleaning services.,6852,Open,614,2025-01-13
1943,366,Need Bathroom Cleaning,Looking for an experienced bathroom cleaning to provide cleaning services.,8911,Completed,602,2025-05-12
1944,139,Need Light Installation,Looking for an experienced light installation to provide electrical services.,1183,Assigned,601,2025-08-25
1945,483,Need Packers,Looking for an experienced packers to provide moving services services.,9195,Completed,44,2025-08-24
1946,433,Need Brick Work,Looking for an experienced brick work to provide construction services.,7856,Assigned,145,2025-02-10
1947,264,Need Interior Painting,Looking for an experienced interior painting to provide painting services.,1154,Open,550,2025-03-08
1948,315,Need Plumber,Looking for an experienced plumber to provide plumbing services.,3765,Completed,279,2025-09-25
1949,488,Need Makeup Artist,Looking for an experienced makeup artist to provide beauty services.,7841,Completed,60,2025-02-18
1950,105,Need Plumber,Looking for an experienced plumber to provide plumbing services.,1261,Cancelled,241,2025-12-20
1951,332,Need Fan Installation,Looking for an experienced fan installation to provide electrical services.,9581,Completed,120,2025-08-25
1952,252,Need Driver,Looking for an experienced driver to provide driving services.,9868,Completed,375,2025-04-30
1953,106,Need Catering,Looking for an experienced catering to provide cooking services.,8952,Open,416,2025-04-22
1954,40,Need Plumber,Looking for an experienced plumber to provide plumbing services.,8972,Completed,756,2025-06-02
1955,24,Need Makeup Artist,Looking for an experienced makeup artist to provide beauty services.,5591,Open,359,2025-07-20
1956,272,Need Bathroom Fitting,Looking for an experienced bathroom fitting to provide plumbing services.,7801,Completed,572,2025-05-22
1957,141,Need Lawn Maintenance,Looking for an experienced lawn maintenance to provide gardening services.,7656,Cancelled,702,2025-12-15
1958,7,Need Tile Installation,Looking for an experienced tile installation to provide construction services.,8371,Assigned,483,2025-02-04
1959,122,Need House Cleaning,Looking for an experienced house cleaning to provide cleaning services.,4116,Open,204,2025-11-06
1960,174,Need Refrigerator Repair,Looking for an experienced refrigerator repair to provide hvac services.,2821,Open,756,2025-08-08
1961,473,Need Wood Polishing,Looking for an experienced wood polishing to provide carpentry services.,5919,Open,155,2025-12-19
1962,237,Need Security Guard,Looking for an experienced security guard to provide security services.,8243,Open,63,2025-12-05
1963,120,Need Tile Installation,Looking for an experienced tile installation to provide construction services.,3246,Completed,775,2025-01-25
1964,436,Need Cloth Stitching,Looking for an experienced cloth stitching to provide tailoring services.,884,Open,334,2025-03-09
1965,276,Need TV Repair,Looking for an experienced tv repair to provide home appliances services.,9952,Completed,453,2025-09-26
1966,285,Need Hair Stylist,Looking for an experienced hair stylist to provide beauty services.,2418,Open,354,2025-06-19
1967,206,Need Makeup Artist,Looking for an experienced makeup artist to provide beauty services.,5665,Open,196,2025-07-21
1968,327,Need Wood Polishing,Looking for an experienced wood polishing to provide carpentry services.,7027,Cancelled,758,2025-10-09
1969,476,Need Light Installation,Looking for an experienced light installation to provide electrical services.,781,Completed,376,2025-10-28
1970,161,Need Water Tank Installation,Looking for an experienced water tank installation to provide plumbing services.,1907,Assigned,456,2025-05-14
1971,360,Need Lawn Maintenance,Looking for an experienced lawn maintenance to provide gardening services.,1821,Completed,15,2025-02-23
1972,307,Need Wood Polishing,Looking for an experienced wood polishing to provide carpentry services.,7291,Open,706,2025-02-01
1973,283,Need Movers,Looking for an experienced movers to provide moving services services.,3077,Completed,215,2025-04-24
1974,346,Need Kitchen Cleaning,Looking for an experienced kitchen cleaning to provide cleaning services.,6707,Completed,278,2025-01-26
1975,44,Need Washing Machine Repair,Looking for an experienced washing machine repair to provide home appliances services.,1653,Completed,577,2025-09-17
1976,27,Need Washing Machine Repair,Looking for an experienced washing machine repair to provide home appliances services.,5786,Open,688,2025-09-07
1977,154,Need Tree Trimming,Looking for an experienced tree trimming to provide gardening services.,2677,Assigned,591,2025-05-22
1978,213,Need AC Repair,Looking for an experienced ac repair to provide hvac services.,2452,Assigned,550,2025-01-28
1979,383,Need Water Tank Installation,Looking for an experienced water tank installation to provide plumbing services.,1610,Completed,755,2025-09-18
1980,449,Need TV Repair,Looking for an experienced tv repair to provide home appliances services.,1161,Open,790,2025-05-06
1981,1,Need Lawn Maintenance,Looking for an experienced lawn maintenance to provide gardening services.,6331,Open,608,2025-08-11
1982,486,Need Hair Stylist,Looking for an experienced hair stylist to provide beauty services.,6387,Completed,485,2025-03-07
1983,310,Need Furniture Assembly,Looking for an experienced furniture assembly to provide carpentry services.,3904,Open,157,2025-06-25
1984,136,Need Movers,Looking for an experienced movers to provide moving services services.,7299,Assigned,139,2025-04-07
1985,195,Need Electrician,Looking for an experienced electrician to provide electrical services.,8573,Cancelled,217,2025-07-28
1986,120,Need Water Tank Installation,Looking for an experienced water tank installation to provide plumbing services.,3807,Open,604,2025-06-02
1987,498,Need Tailor,Looking for an experienced tailor to provide tailoring services.,9140,Open,383,2025-11-12
1988,428,Need Refrigerator Repair,Looking for an experienced refrigerator repair to provide hvac services.,4892,Cancelled,86,2025-05-08
1989,192,Need Refrigerator Repair,Looking for an experienced refrigerator repair to provide hvac services.,2303,Completed,253,2025-03-09
1990,175,Need Wall Painting,Looking for an experienced wall painting to provide painting services.,1432,Completed,638,2025-05-04
1991,285,Need Wood Polishing,Looking for an experienced wood polishing to provide carpentry services.,4948,Completed,240,2025-10-03
1992,172,Need Gardener,Looking for an experienced gardener to provide gardening services.,841,Open,288,2025-07-23
1993,33,Need Makeup Artist,Looking for an experienced makeup artist to provide beauty services.,5246,Completed,338,2025-01-15
1994,269,Need Electrician,Looking for an experienced electrician to provide electrical services.,8277,Completed,341,2025-04-01
1995,296,Need Bathroom Cleaning,Looking for an experienced bathroom cleaning to provide cleaning services.,1838,Open,183,2025-07-18
1996,378,Need House Wiring,Looking for an experienced house wiring to provide electrical services.,1492,Assigned,477,2025-04-08
1997,112,Need Lawn Maintenance,Looking for an experienced lawn maintenance to provide gardening services.,3645,Completed,51,2025-01-12
1998,442,Need Tailor,Looking for an experienced tailor to provide tailoring services.,5371,Open,35,2025-02-09
1999,231,Need Leak Detection,Looking for an experienced leak detection to provide plumbing services.,7502,Open,623,2025-09-08
2000,475,Need House Wiring,Looking for an experienced house wiring to provide electrical services.,5700,Open,420,2025-08-18
