notification_id,booking_id,recipient_type,recipient_id,notification_type,message,is_read,created_at
1,1,Worker,3351,Booking,Job completed successfully. Payment will be processed shortly.,True,2025-07-25
2,1,Employer,315,Booking,Your service has been completed. Please rate the worker.,False,2025-07-25
3,2,Worker,6128,Booking,You have accepted a new booking.,False,2025-10-20
4,2,Employer,374,Booking,A worker has accepted your booking.,False,2025-10-20
5,3,Worker,5565,Booking,You have accepted a new booking.,False,2025-07-10
6,3,Employer,404,Booking,A worker has accepted your booking.,True,2025-07-10
7,4,Worker,2674,Booking,Job completed successfully. Payment will be processed shortly.,False,2025-03-15
8,4,Employer,485,Booking,Your service has been completed. Please rate the worker.,False,2025-03-15
9,5,Worker,2769,Booking,Job completed successfully. Payment will be processed shortly.,False,2025-09-25
10,5,Employer,237,Booking,Your service has been completed. Please rate the worker.,True,2025-09-25
11,6,Worker,2959,Booking,You have accepted a new booking.,False,2025-05-06
12,6,Employer,24,Booking,A worker has accepted your booking.,True,2025-05-06
13,7,Worker,4890,Booking,You have accepted a new booking.,False,2025-11-06
14,7,Employer,481,Booking,A worker has accepted your booking.,True,2025-11-06
15,8,Worker,2423,Booking,You have accepted a new booking.,True,2025-10-10
16,8,Employer,474,Booking,A worker has accepted your booking.,True,2025-10-10
17,9,Worker,572,Booking,A new booking request is waiting for your response.,False,2025-09-29
18,9,Employer,396,Booking,Your booking request is pending.,True,2025-09-29
19,10,Worker,4476,Booking,You have accepted a new booking.,True,2025-11-05
20,10,Employer,143,Booking,A worker has accepted your booking.,False,2025-11-05
21,11,Worker,38,Booking,Job completed successfully. Payment will be processed shortly.,False,2025-07-06
22,11,Employer,329,Booking,Your service has been completed. Please rate the worker.,True,2025-07-06
23,12,Worker,4060,Booking,Job completed successfully. Payment will be processed shortly.,False,2025-03-03
24,12,Employer,489,Booking,Your service has been completed. Please rate the worker.,False,2025-03-03
25,13,Worker,1253,Booking,Job completed successfully. Payment will be processed shortly.,False,2025-05-24
26,13,Employer,396,Booking,Your service has been completed. Please rate the worker.,False,2025-05-24
27,14,Worker,5884,Booking,Job completed successfully. Payment will be processed shortly.,False,2025-03-12
28,14,Employer,94,Booking,Your service has been completed. Please rate the worker.,True,2025-03-12
29,15,Worker,3817,Booking,Job completed successfully. Payment will be processed shortly.,False,2025-04-30
30,15,Employer,42,Booking,Your service has been completed. Please rate the worker.,False,2025-04-30
31,16,Worker,337,Booking,A new booking request is waiting for your response.,False,2025-04-11
32,16,Employer,500,Booking,Your booking request is pending.,False,2025-04-11
33,17,Worker,3564,Booking,Job completed successfully. Payment will be processed shortly.,True,2025-09-28
34,17,Employer,257,Booking,Your service has been completed. Please rate the worker.,True,2025-09-28
35,18,Worker,4342,Booking,You have accepted a new booking.,False,2025-06-23
36,18,Employer,62,Booking,A worker has accepted your booking.,False,2025-06-23
37,19,Worker,817,Booking,A new booking request is waiting for your response.,False,2025-05-30
38,19,Employer,374,Booking,Your booking request is pending.,False,2025-05-30
39,20,Worker,3178,Booking,A new booking request is waiting for your response.,True,2025-06-11
40,20,Employer,294,Booking,Your booking request is pending.,False,2025-06-11
41,21,Worker,5250,Booking,A new booking request is waiting for your response.,True,2025-08-19
42,21,Employer,129,Booking,Your booking request is pending.,False,2025-08-19
43,22,Worker,2852,Booking,Job completed successfully. Payment will be processed shortly.,False,2025-04-18
44,22,Employer,35,Booking,Your service has been completed. Please rate the worker.,False,2025-04-18
45,23,Worker,4709,Booking,Job completed successfully. Payment will be processed shortly.,True,2025-06-29
46,23,Employer,89,Booking,Your service has been completed. Please rate the worker.,False,2025-06-29
47,24,Worker,5539,Booking,A new booking request is waiting for your response.,False,2025-06-05
48,24,Employer,458,Booking,Your booking request is pending.,False,2025-06-05
49,25,Worker,3585,Booking,The booking has been cancelled.,True,2025-10-04
50,25,Employer,495,Booking,Your booking has been cancelled.,False,2025-10-04
51,26,Worker,5269,Booking,A new booking request is waiting for your response.,False,2025-01-08
52,26,Employer,117,Booking,Your booking request is pending.,False,2025-01-08
53,27,Worker,1762,Booking,Job completed successfully. Payment will be processed shortly.,False,2025-06-07
54,27,Employer,73,Booking,Your service has been completed. Please rate the worker.,False,2025-06-07
55,28,Worker,464,Booking,You have accepted a new booking.,True,2025-08-27
56,28,Employer,252,Booking,A worker has accepted your booking.,True,2025-08-27
57,29,Worker,6379,Booking,Job completed successfully. Payment will be processed shortly.,False,2025-04-04
58,29,Employer,469,Booking,Your service has been completed. Please rate the worker.,False,2025-04-04
59,30,Worker,39,Booking,You have accepted a new booking.,True,2025-02-15
60,30,Employer,144,Booking,A worker has accepted your booking.,True,2025-02-15
61,31,Worker,582,Booking,Job completed successfully. Payment will be processed shortly.,True,2025-07-14
62,31,Employer,463,Booking,Your service has been completed. Please rate the worker.,False,2025-07-14
63,32,Worker,5895,Booking,You have accepted a new booking.,True,2025-09-09
64,32,Employer,292,Booking,A worker has accepted your booking.,True,2025-09-09
65,33,Worker,259,Booking,You have accepted a new booking.,False,2025-10-31
66,33,Employer,313,Booking,A worker has accepted your booking.,True,2025-10-31
67,34,Worker,6480,Booking,The booking has been cancelled.,True,2025-04-06
68,34,Employer,24,Booking,Your booking has been cancelled.,True,2025-04-06
69,35,Worker,3101,Booking,Job completed successfully. Payment will be processed shortly.,False,2025-08-01
70,35,Employer,307,Booking,Your service has been completed. Please rate the worker.,False,2025-08-01
71,36,Worker,4178,Booking,You have accepted a new booking.,False,2025-10-07
72,36,Employer,99,Booking,A worker has accepted your booking.,True,2025-10-07
73,37,Worker,4342,Booking,Job completed successfully. Payment will be processed shortly.,True,2025-03-04
74,37,Employer,476,Booking,Your service has been completed. Please rate the worker.,False,2025-03-04
75,38,Worker,4769,Booking,Job completed successfully. Payment will be processed shortly.,False,2025-10-11
76,38,Employer,86,Booking,Your service has been completed. Please rate the worker.,False,2025-10-11
77,39,Worker,259,Booking,A new booking request is waiting for your response.,False,2025-07-13
78,39,Employer,417,Booking,Your booking request is pending.,True,2025-07-13
79,40,Worker,85,Booking,Job completed successfully. Payment will be processed shortly.,False,2025-03-23
80,40,Employer,137,Booking,Your service has been completed. Please rate the worker.,False,2025-03-23
81,41,Worker,5806,Booking,Job completed successfully. Payment will be processed shortly.,True,2025-02-28
82,41,Employer,417,Booking,Your service has been completed. Please rate the worker.,False,2025-02-28
83,42,Worker,2030,Booking,You have accepted a new booking.,False,2025-01-05
84,42,Employer,17,Booking,A worker has accepted your booking.,True,2025-01-05
85,43,Worker,1778,Booking,Job completed successfully. Payment will be processed shortly.,True,2025-07-25
86,43,Employer,293,Booking,Your service has been completed. Please rate the worker.,False,2025-07-25
87,44,Worker,2298,Booking,A new booking request is waiting for your response.,True,2025-01-15
88,44,Employer,421,Booking,Your booking request is pending.,True,2025-01-15
89,45,Worker,2006,Booking,A new booking request is waiting for your response.,False,2025-11-20
90,45,Employer,411,Booking,Your booking request is pending.,True,2025-11-20
91,46,Worker,1934,Booking,Job completed successfully. Payment will be processed shortly.,True,2025-12-24
92,46,Employer,402,Booking,Your service has been completed. Please rate the worker.,False,2025-12-24
93,47,Worker,527,Booking,Job completed successfully. Payment will be processed shortly.,False,2025-07-26
94,47,Employer,168,Booking,Your service has been completed. Please rate the worker.,True,2025-07-26
95,48,Worker,3699,Booking,A new booking request is waiting for your response.,False,2025-01-24
96,48,Employer,321,Booking,Your booking request is pending.,True,2025-01-24
97,49,Worker,2594,Booking,The booking has been cancelled.,True,2025-06-10
98,49,Employer,455,Booking,Your booking has been cancelled.,False,2025-06-10
99,50,Worker,4434,Booking,Job completed successfully. Payment will be processed shortly.,False,2025-11-06
100,50,Employer,397,Booking,Your service has been completed. Please rate the worker.,False,2025-11-06
101,51,Worker,3819,Booking,Job completed successfully. Payment will be processed shortly.,False,2025-08-22
102,51,Employer,170,Booking,Your service has been completed. Please rate the worker.,True,2025-08-22
103,52,Worker,1977,Booking,A new booking request is waiting for your response.,True,2025-08-08
104,52,Employer,259,Booking,Your booking request is pending.,True,2025-08-08
105,53,Worker,1183,Booking,Job completed successfully. Payment will be processed shortly.,True,2025-10-08
106,53,Employer,363,Booking,Your service has been completed. Please rate the worker.,False,2025-10-08
107,54,Worker,1766,Booking,Job completed successfully. Payment will be processed shortly.,True,2025-06-25
108,54,Employer,39,Booking,Your service has been completed. Please rate the worker.,False,2025-06-25
109,55,Worker,4476,Booking,The booking has been cancelled.,False,2025-11-05
110,55,Employer,176,Booking,Your booking has been cancelled.,True,2025-11-05
111,56,Worker,5024,Booking,You have accepted a new booking.,True,2025-06-15
112,56,Employer,100,Booking,A worker has accepted your booking.,False,2025-06-15
113,57,Worker,2150,Booking,Job completed successfully. Payment will be processed shortly.,True,2025-05-29
114,57,Employer,191,Booking,Your service has been completed. Please rate the worker.,True,2025-05-29
115,58,Worker,6360,Booking,Job completed successfully. Payment will be processed shortly.,True,2025-03-27
116,58,Employer,70,Booking,Your service has been completed. Please rate the worker.,True,2025-03-27
117,59,Worker,5735,Booking,Job completed successfully. Payment will be processed shortly.,True,2025-07-04
118,59,Employer,185,Booking,Your service has been completed. Please rate the worker.,False,2025-07-04
119,60,Worker,5719,Booking,Job completed successfully. Payment will be processed shortly.,True,2025-09-21
120,60,Employer,420,Booking,Your service has been completed. Please rate the worker.,True,2025-09-21
121,61,Worker,5259,Booking,You have accepted a new booking.,True,2025-02-13
122,61,Employer,49,Booking,A worker has accepted your booking.,True,2025-02-13
123,62,Worker,6099,Booking,Job completed successfully. Payment will be processed shortly.,True,2025-04-20
124,62,Employer,30,Booking,Your service has been completed. Please rate the worker.,True,2025-04-20
125,63,Worker,3325,Booking,Job completed successfully. Payment will be processed shortly.,False,2025-08-15
126,63,Employer,306,Booking,Your service has been completed. Please rate the worker.,False,2025-08-15
127,64,Worker,3391,Booking,Job completed successfully. Payment will be processed shortly.,False,2025-06-05
128,64,Employer,189,Booking,Your service has been completed. Please rate the worker.,True,2025-06-05
129,65,Worker,5409,Booking,Job completed successfully. Payment will be processed shortly.,True,2025-10-06
130,65,Employer,261,Booking,Your service has been completed. Please rate the worker.,True,2025-10-06
131,66,Worker,1848,Booking,The booking has been cancelled.,True,2025-05-24
132,66,Employer,445,Booking,Your booking has been cancelled.,False,2025-05-24
133,67,Worker,3554,Booking,Job completed successfully. Payment will be processed shortly.,True,2025-12-03
134,67,Employer,83,Booking,Your service has been completed. Please rate the worker.,False,2025-12-03
135,68,Worker,5007,Booking,The booking has been cancelled.,True,2025-02-27
136,68,Employer,323,Booking,Your booking has been cancelled.,True,2025-02-27
137,69,Worker,317,Booking,Job completed successfully. Payment will be processed shortly.,True,2025-04-28
138,69,Employer,345,Booking,Your service has been completed. Please rate the worker.,True,2025-04-28
139,70,Worker,1639,Booking,Job completed successfully. Payment will be processed shortly.,True,2025-08-13
140,70,Employer,339,Booking,Your service has been completed. Please rate the worker.,False,2025-08-13
141,71,Worker,1439,Booking,Job completed successfully. Payment will be processed shortly.,False,2025-05-10
142,71,Employer,379,Booking,Your service has been completed. Please rate the worker.,True,2025-05-10
143,72,Worker,4539,Booking,Job completed successfully. Payment will be processed shortly.,False,2025-11-21
144,72,Employer,179,Booking,Your service has been completed. Please rate the worker.,False,2025-11-21
145,73,Worker,3703,Booking,You have accepted a new booking.,True,2025-07-26
146,73,Employer,139,Booking,A worker has accepted your booking.,True,2025-07-26
147,74,Worker,4343,Booking,A new booking request is waiting for your response.,True,2025-11-29
148,74,Employer,239,Booking,Your booking request is pending.,False,2025-11-29
149,75,Worker,6218,Booking,You have accepted a new booking.,False,2025-10-30
150,75,Employer,353,Booking,A worker has accepted your booking.,True,2025-10-30
151,76,Worker,3017,Booking,The booking has been cancelled.,False,2025-05-20
152,76,Employer,230,Booking,Your booking has been cancelled.,False,2025-05-20
153,77,Worker,5467,Booking,A new booking request is waiting for your response.,False,2025-09-05
154,77,Employer,267,Booking,Your booking request is pending.,True,2025-09-05
155,78,Worker,5112,Booking,Job completed successfully. Payment will be processed shortly.,True,2025-05-01
156,78,Employer,258,Booking,Your service has been completed. Please rate the worker.,False,2025-05-01
157,79,Worker,2285,Booking,Job completed successfully. Payment will be processed shortly.,True,2025-04-15
158,79,Employer,120,Booking,Your service has been completed. Please rate the worker.,True,2025-04-15
159,80,Worker,1286,Booking,A new booking request is waiting for your response.,True,2025-07-15
160,80,Employer,278,Booking,Your booking request is pending.,False,2025-07-15
161,81,Worker,4700,Booking,Job completed successfully. Payment will be processed shortly.,True,2025-09-28
162,81,Employer,429,Booking,Your service has been completed. Please rate the worker.,True,2025-09-28
163,82,Worker,6127,Booking,Job completed successfully. Payment will be processed shortly.,False,2025-02-19
164,82,Employer,427,Booking,Your service has been completed. Please rate the worker.,True,2025-02-19
165,83,Worker,5832,Booking,A new booking request is waiting for your response.,False,2025-07-17
166,83,Employer,415,Booking,Your booking request is pending.,True,2025-07-17
167,84,Worker,1473,Booking,You have accepted a new booking.,True,2025-10-19
168,84,Employer,488,Booking,A worker has accepted your booking.,False,2025-10-19
169,85,Worker,3869,Booking,You have accepted a new booking.,True,2025-02-19
170,85,Employer,482,Booking,A worker has accepted your booking.,True,2025-02-19
171,86,Worker,126,Booking,Job completed successfully. Payment will be processed shortly.,False,2025-11-29
172,86,Employer,467,Booking,Your service has been completed. Please rate the worker.,True,2025-11-29
173,87,Worker,5669,Booking,Job completed successfully. Payment will be processed shortly.,False,2025-11-20
174,87,Employer,450,Booking,Your service has been completed. Please rate the worker.,False,2025-11-20
175,88,Worker,2830,Booking,Job completed successfully. Payment will be processed shortly.,False,2025-01-11
176,88,Employer,397,Booking,Your service has been completed. Please rate the worker.,True,2025-01-11
177,89,Worker,2437,Booking,Job completed successfully. Payment will be processed shortly.,False,2025-07-25
178,89,Employer,177,Booking,Your service has been completed. Please rate the worker.,True,2025-07-25
179,90,Worker,2520,Booking,You have accepted a new booking.,True,2025-01-15
180,90,Employer,311,Booking,A worker has accepted your booking.,True,2025-01-15
181,91,Worker,2065,Booking,Job completed successfully. Payment will be processed shortly.,True,2025-03-05
182,91,Employer,260,Booking,Your service has been completed. Please rate the worker.,False,2025-03-05
183,92,Worker,4903,Booking,Job completed successfully. Payment will be processed shortly.,True,2025-04-15
184,92,Employer,451,Booking,Your service has been completed. Please rate the worker.,False,2025-04-15
185,93,Worker,295,Booking,Job completed successfully. Payment will be processed shortly.,False,2025-08-04
186,93,Employer,186,Booking,Your service has been completed. Please rate the worker.,False,2025-08-04
187,94,Worker,1460,Booking,Job completed successfully. Payment will be processed shortly.,True,2025-12-07
188,94,Employer,471,Booking,Your service has been completed. Please rate the worker.,True,2025-12-07
189,95,Worker,3461,Booking,Job completed successfully. Payment will be processed shortly.,True,2025-05-03
190,95,Employer,343,Booking,Your service has been completed. Please rate the worker.,False,2025-05-03
191,96,Worker,1598,Booking,Job completed successfully. Payment will be processed shortly.,False,2025-10-17
192,96,Employer,41,Booking,Your service has been completed. Please rate the worker.,False,2025-10-17
193,97,Worker,1552,Booking,You have accepted a new booking.,True,2025-12-08
194,97,Employer,264,Booking,A worker has accepted your booking.,True,2025-12-08
195,98,Worker,3135,Booking,You have accepted a new booking.,False,2025-05-13
196,98,Employer,310,Booking,A worker has accepted your booking.,True,2025-05-13
197,99,Worker,115,Booking,You have accepted a new booking.,True,2025-04-20
198,99,Employer,264,Booking,A worker has accepted your booking.,True,2025-04-20
199,100,Worker,5533,Booking,Job completed successfully. Payment will be processed shortly.,True,2025-04-26
200,100,Employer,240,Booking,Your service has been completed. Please rate the worker.,False,2025-04-26
201,101,Worker,369,Booking,The booking has been cancelled.,True,2025-07-22
202,101,Employer,205,Booking,Your booking has been cancelled.,True,2025-07-22
203,102,Worker,4622,Booking,Job completed successfully. Payment will be processed shortly.,True,2025-02-04
204,102,Employer,199,Booking,Your service has been completed. Please rate the worker.,False,2025-02-04
205,103,Worker,6399,Booking,Job completed successfully. Payment will be processed shortly.,False,2025-07-20
206,103,Employer,298,Booking,Your service has been completed. Please rate the worker.,True,2025-07-20
207,104,Worker,5328,Booking,Job completed successfully. Payment will be processed shortly.,True,2025-10-24
208,104,Employer,120,Booking,Your service has been completed. Please rate the worker.,True,2025-10-24
209,105,Worker,3433,Booking,Job completed successfully. Payment will be processed shortly.,True,2025-07-10
210,105,Employer,81,Booking,Your service has been completed. Please rate the worker.,True,2025-07-10
211,106,Worker,5836,Booking,Job completed successfully. Payment will be processed shortly.,True,2025-04-27
212,106,Employer,349,Booking,Your service has been completed. Please rate the worker.,True,2025-04-27
213,107,Worker,2820,Booking,You have accepted a new booking.,False,2025-04-04
214,107,Employer,140,Booking,A worker has accepted your booking.,False,2025-04-04
215,108,Worker,2129,Booking,Job completed successfully. Payment will be processed shortly.,True,2025-10-14
216,108,Employer,451,Booking,Your service has been completed. Please rate the worker.,True,2025-10-14
217,109,Worker,4914,Booking,You have accepted a new booking.,False,2025-02-07
218,109,Employer,379,Booking,A worker has accepted your booking.,True,2025-02-07
219,110,Worker,1844,Booking,You have accepted a new booking.,True,2025-09-01
220,110,Employer,396,Booking,A worker has accepted your booking.,False,2025-09-01
221,111,Worker,2946,Booking,A new booking request is waiting for your response.,True,2025-09-06
222,111,Employer,234,Booking,Your booking request is pending.,True,2025-09-06
223,112,Worker,4759,Booking,A new booking request is waiting for your response.,False,2025-07-23
224,112,Employer,154,Booking,Your booking request is pending.,False,2025-07-23
225,113,Worker,4757,Booking,A new booking request is waiting for your response.,True,2025-04-18
226,113,Employer,8,Booking,Your booking request is pending.,False,2025-04-18
227,114,Worker,4488,Booking,Job completed successfully. Payment will be processed shortly.,True,2025-12-23
228,114,Employer,106,Booking,Your service has been completed. Please rate the worker.,True,2025-12-23
229,115,Worker,6260,Booking,You have accepted a new booking.,True,2025-05-13
230,115,Employer,26,Booking,A worker has accepted your booking.,False,2025-05-13
231,116,Worker,6122,Booking,Job completed successfully. Payment will be processed shortly.,False,2025-07-15
232,116,Employer,489,Booking,Your service has been completed. Please rate the worker.,False,2025-07-15
233,117,Worker,6132,Booking,You have accepted a new booking.,True,2025-06-16
234,117,Employer,462,Booking,A worker has accepted your booking.,False,2025-06-16
235,118,Worker,2142,Booking,Job completed successfully. Payment will be processed shortly.,False,2025-07-30
236,118,Employer,286,Booking,Your service has been completed. Please rate the worker.,True,2025-07-30
237,119,Worker,2268,Booking,Job completed successfully. Payment will be processed shortly.,True,2025-08-01
238,119,Employer,259,Booking,Your service has been completed. Please rate the worker.,True,2025-08-01
239,120,Worker,3523,Booking,Job completed successfully. Payment will be processed shortly.,True,2025-11-15
240,120,Employer,368,Booking,Your service has been completed. Please rate the worker.,True,2025-11-15
241,121,Worker,375,Booking,Job completed successfully. Payment will be processed shortly.,True,2025-03-03
242,121,Employer,169,Booking,Your service has been completed. Please rate the worker.,False,2025-03-03
243,122,Worker,1052,Booking,The booking has been cancelled.,False,2025-10-20
244,122,Employer,206,Booking,Your booking has been cancelled.,True,2025-10-20
245,123,Worker,5092,Booking,Job completed successfully. Payment will be processed shortly.,True,2025-03-11
246,123,Employer,338,Booking,Your service has been completed. Please rate the worker.,True,2025-03-11
247,124,Worker,5759,Booking,Job completed successfully. Payment will be processed shortly.,True,2025-08-09
248,124,Employer,241,Booking,Your service has been completed. Please rate the worker.,True,2025-08-09
249,125,Worker,3508,Booking,You have accepted a new booking.,False,2025-08-24
250,125,Employer,415,Booking,A worker has accepted your booking.,True,2025-08-24
251,126,Worker,1498,Booking,Job completed successfully. Payment will be processed shortly.,False,2025-11-18
252,126,Employer,320,Booking,Your service has been completed. Please rate the worker.,True,2025-11-18
253,127,Worker,1595,Booking,Job completed successfully. Payment will be processed shortly.,True,2025-02-05
254,127,Employer,462,Booking,Your service has been completed. Please rate the worker.,True,2025-02-05
255,128,Worker,6378,Booking,Job completed successfully. Payment will be processed shortly.,False,2025-05-01
256,128,Employer,30,Booking,Your service has been completed. Please rate the worker.,True,2025-05-01
257,129,Worker,2500,Booking,Job completed successfully. Payment will be processed shortly.,False,2025-11-27
258,129,Employer,192,Booking,Your service has been completed. Please rate the worker.,True,2025-11-27
259,130,Worker,5816,Booking,A new booking request is waiting for your response.,True,2025-03-16
260,130,Employer,121,Booking,Your booking request is pending.,False,2025-03-16
261,131,Worker,4523,Booking,A new booking request is waiting for your response.,True,2025-04-20
262,131,Employer,246,Booking,Your booking request is pending.,True,2025-04-20
263,132,Worker,1541,Booking,You have accepted a new booking.,True,2025-05-01
264,132,Employer,15,Booking,A worker has accepted your booking.,True,2025-05-01
265,133,Worker,1961,Booking,Job completed successfully. Payment will be processed shortly.,True,2025-08-26
266,133,Employer,213,Booking,Your service has been completed. Please rate the worker.,True,2025-08-26
267,134,Worker,5629,Booking,A new booking request is waiting for your response.,False,2025-12-02
268,134,Employer,385,Booking,Your booking request is pending.,False,2025-12-02
269,135,Worker,4038,Booking,Job completed successfully. Payment will be processed shortly.,True,2025-03-04
270,135,Employer,30,Booking,Your service has been completed. Please rate the worker.,False,2025-03-04
271,136,Worker,2299,Booking,A new booking request is waiting for your response.,True,2025-11-20
272,136,Employer,45,Booking,Your booking request is pending.,True,2025-11-20
273,137,Worker,590,Booking,You have accepted a new booking.,True,2025-02-10
274,137,Employer,87,Booking,A worker has accepted your booking.,False,2025-02-10
275,138,Worker,2500,Booking,Job completed successfully. Payment will be processed shortly.,True,2025-10-25
276,138,Employer,336,Booking,Your service has been completed. Please rate the worker.,False,2025-10-25
277,139,Worker,4244,Booking,You have accepted a new booking.,True,2025-06-25
278,139,Employer,379,Booking,A worker has accepted your booking.,True,2025-06-25
279,140,Worker,3938,Booking,A new booking request is waiting for your response.,False,2025-10-25
280,140,Employer,364,Booking,Your booking request is pending.,True,2025-10-25
281,141,Worker,2343,Booking,A new booking request is waiting for your response.,False,2025-12-29
282,141,Employer,241,Booking,Your booking request is pending.,True,2025-12-29
283,142,Worker,3053,Booking,Job completed successfully. Payment will be processed shortly.,True,2025-08-17
284,142,Employer,455,Booking,Your service has been completed. Please rate the worker.,False,2025-08-17
285,143,Worker,3143,Booking,You have accepted a new booking.,False,2025-05-27
286,143,Employer,244,Booking,A worker has accepted your booking.,False,2025-05-27
287,144,Worker,3690,Booking,Job completed successfully. Payment will be processed shortly.,True,2025-11-20
288,144,Employer,384,Booking,Your service has been completed. Please rate the worker.,True,2025-11-20
289,145,Worker,6472,Booking,You have accepted a new booking.,False,2025-07-30
290,145,Employer,340,Booking,A worker has accepted your booking.,True,2025-07-30
291,146,Worker,4,Booking,Job completed successfully. Payment will be processed shortly.,False,2025-02-08
292,146,Employer,7,Booking,Your service has been completed. Please rate the worker.,False,2025-02-08
293,147,Worker,250,Booking,Job completed successfully. Payment will be processed shortly.,True,2025-12-10
294,147,Employer,233,Booking,Your service has been completed. Please rate the worker.,True,2025-12-10
295,148,Worker,5725,Booking,Job completed successfully. Payment will be processed shortly.,True,2025-09-19
296,148,Employer,339,Booking,Your service has been completed. Please rate the worker.,False,2025-09-19
297,149,Worker,1036,Booking,You have accepted a new booking.,False,2025-03-27
298,149,Employer,45,Booking,A worker has accepted your booking.,False,2025-03-27
299,150,Worker,3535,Booking,Job completed successfully. Payment will be processed shortly.,True,2025-05-18
300,150,Employer,195,Booking,Your service has been completed. Please rate the worker.,True,2025-05-18
301,151,Worker,1100,Booking,Job completed successfully. Payment will be processed shortly.,True,2025-05-20
302,151,Employer,289,Booking,Your service has been completed. Please rate the worker.,True,2025-05-20
303,152,Worker,1085,Booking,You have accepted a new booking.,False,2025-10-02
304,152,Employer,407,Booking,A worker has accepted your booking.,False,2025-10-02
305,153,Worker,6479,Booking,Job completed successfully. Payment will be processed shortly.,True,2025-06-23
306,153,Employer,341,Booking,Your service has been completed. Please rate the worker.,True,2025-06-23
307,154,Worker,3565,Booking,Job completed successfully. Payment will be processed shortly.,False,2025-11-10
308,154,Employer,60,Booking,Your service has been completed. Please rate the worker.,False,2025-11-10
309,155,Worker,623,Booking,Job completed successfully. Payment will be processed shortly.,False,2025-12-08
310,155,Employer,4,Booking,Your service has been completed. Please rate the worker.,False,2025-12-08
311,156,Worker,2843,Booking,You have accepted a new booking.,True,2025-08-24
312,156,Employer,256,Booking,A worker has accepted your booking.,True,2025-08-24
313,157,Worker,5208,Booking,The booking has been cancelled.,False,2025-10-29
314,157,Employer,11,Booking,Your booking has been cancelled.,True,2025-10-29
315,158,Worker,3669,Booking,The booking has been cancelled.,True,2025-12-21
316,158,Employer,224,Booking,Your booking has been cancelled.,True,2025-12-21
317,159,Worker,3032,Booking,Job completed successfully. Payment will be processed shortly.,False,2025-06-01
318,159,Employer,174,Booking,Your service has been completed. Please rate the worker.,True,2025-06-01
319,160,Worker,3828,Booking,You have accepted a new booking.,True,2025-11-06
320,160,Employer,230,Booking,A worker has accepted your booking.,False,2025-11-06
321,161,Worker,2603,Booking,Job completed successfully. Payment will be processed shortly.,False,2025-12-10
322,161,Employer,198,Booking,Your service has been completed. Please rate the worker.,False,2025-12-10
323,162,Worker,303,Booking,You have accepted a new booking.,False,2025-12-15
324,162,Employer,109,Booking,A worker has accepted your booking.,False,2025-12-15
325,163,Worker,943,Booking,Job completed successfully. Payment will be processed shortly.,False,2025-09-23
326,163,Employer,132,Booking,Your service has been completed. Please rate the worker.,True,2025-09-23
327,164,Worker,1254,Booking,Job completed successfully. Payment will be processed shortly.,False,2025-01-22
328,164,Employer,30,Booking,Your service has been completed. Please rate the worker.,True,2025-01-22
329,165,Worker,3606,Booking,Job completed successfully. Payment will be processed shortly.,False,2025-06-05
330,165,Employer,274,Booking,Your service has been completed. Please rate the worker.,False,2025-06-05
331,166,Worker,377,Booking,You have accepted a new booking.,True,2025-05-05
332,166,Employer,261,Booking,A worker has accepted your booking.,False,2025-05-05
333,167,Worker,1176,Booking,Job completed successfully. Payment will be processed shortly.,True,2025-06-20
334,167,Employer,325,Booking,Your service has been completed. Please rate the worker.,True,2025-06-20
335,168,Worker,3107,Booking,Job completed successfully. Payment will be processed shortly.,True,2025-12-24
336,168,Employer,421,Booking,Your service has been completed. Please rate the worker.,False,2025-12-24
337,169,Worker,6383,Booking,A new booking request is waiting for your response.,False,2025-11-24
338,169,Employer,343,Booking,Your booking request is pending.,False,2025-11-24
339,170,Worker,2338,Booking,You have accepted a new booking.,False,2025-08-13
340,170,Employer,138,Booking,A worker has accepted your booking.,True,2025-08-13
341,171,Worker,319,Booking,Job completed successfully. Payment will be processed shortly.,False,2025-04-08
342,171,Employer,356,Booking,Your service has been completed. Please rate the worker.,True,2025-04-08
343,172,Worker,899,Booking,Job completed successfully. Payment will be processed shortly.,False,2025-08-04
344,172,Employer,319,Booking,Your service has been completed. Please rate the worker.,True,2025-08-04
345,173,Worker,3769,Booking,You have accepted a new booking.,True,2025-07-10
346,173,Employer,397,Booking,A worker has accepted your booking.,True,2025-07-10
347,174,Worker,452,Booking,You have accepted a new booking.,True,2025-02-24
348,174,Employer,155,Booking,A worker has accepted your booking.,True,2025-02-24
349,175,Worker,4428,Booking,You have accepted a new booking.,False,2025-07-09
350,175,Employer,223,Booking,A worker has accepted your booking.,False,2025-07-09
351,176,Worker,5364,Booking,You have accepted a new booking.,False,2025-04-05
352,176,Employer,64,Booking,A worker has accepted your booking.,True,2025-04-05
353,177,Worker,710,Booking,A new booking request is waiting for your response.,False,2025-06-10
354,177,Employer,410,Booking,Your booking request is pending.,False,2025-06-10
355,178,Worker,5091,Booking,Job completed successfully. Payment will be processed shortly.,True,2025-07-03
356,178,Employer,42,Booking,Your service has been completed. Please rate the worker.,True,2025-07-03
357,179,Worker,4242,Booking,Job completed successfully. Payment will be processed shortly.,True,2025-07-23
358,179,Employer,352,Booking,Your service has been completed. Please rate the worker.,False,2025-07-23
359,180,Worker,4898,Booking,Job completed successfully. Payment will be processed shortly.,True,2025-08-08
360,180,Employer,396,Booking,Your service has been completed. Please rate the worker.,False,2025-08-08
361,181,Worker,1827,Booking,A new booking request is waiting for your response.,True,2025-06-22
362,181,Employer,104,Booking,Your booking request is pending.,False,2025-06-22
363,182,Worker,4318,Booking,Job completed successfully. Payment will be processed shortly.,False,2025-08-12
364,182,Employer,11,Booking,Your service has been completed. Please rate the worker.,True,2025-08-12
365,183,Worker,6000,Booking,Job completed successfully. Payment will be processed shortly.,True,2025-06-17
366,183,Employer,325,Booking,Your service has been completed. Please rate the worker.,False,2025-06-17
367,184,Worker,4330,Booking,Job completed successfully. Payment will be processed shortly.,True,2025-02-02
368,184,Employer,32,Booking,Your service has been completed. Please rate the worker.,True,2025-02-02
369,185,Worker,4900,Booking,Job completed successfully. Payment will be processed shortly.,True,2025-06-14
370,185,Employer,306,Booking,Your service has been completed. Please rate the worker.,False,2025-06-14
371,186,Worker,1756,Booking,A new booking request is waiting for your response.,True,2025-06-08
372,186,Employer,228,Booking,Your booking request is pending.,False,2025-06-08
373,187,Worker,632,Booking,Job completed successfully. Payment will be processed shortly.,True,2025-09-14
374,187,Employer,38,Booking,Your service has been completed. Please rate the worker.,False,2025-09-14
375,188,Worker,5429,Booking,You have accepted a new booking.,False,2025-04-25
376,188,Employer,252,Booking,A worker has accepted your booking.,False,2025-04-25
377,189,Worker,4564,Booking,Job completed successfully. Payment will be processed shortly.,False,2025-06-10
378,189,Employer,485,Booking,Your service has been completed. Please rate the worker.,False,2025-06-10
379,190,Worker,3280,Booking,Job completed successfully. Payment will be processed shortly.,False,2025-04-22
380,190,Employer,375,Booking,Your service has been completed. Please rate the worker.,True,2025-04-22
381,191,Worker,1544,Booking,A new booking request is waiting for your response.,True,2025-10-19
382,191,Employer,355,Booking,Your booking request is pending.,True,2025-10-19
383,192,Worker,5454,Booking,Job completed successfully. Payment will be processed shortly.,True,2025-03-06
384,192,Employer,469,Booking,Your service has been completed. Please rate the worker.,True,2025-03-06
385,193,Worker,2601,Booking,Job completed successfully. Payment will be processed shortly.,False,2025-02-06
386,193,Employer,147,Booking,Your service has been completed. Please rate the worker.,True,2025-02-06
387,194,Worker,3280,Booking,You have accepted a new booking.,True,2025-06-02
388,194,Employer,27,Booking,A worker has accepted your booking.,False,2025-06-02
389,195,Worker,248,Booking,Job completed successfully. Payment will be processed shortly.,False,2025-01-29
390,195,Employer,414,Booking,Your service has been completed. Please rate the worker.,True,2025-01-29
391,196,Worker,228,Booking,You have accepted a new booking.,False,2025-04-16
392,196,Employer,195,Booking,A worker has accepted your booking.,False,2025-04-16
393,197,Worker,3147,Booking,Job completed successfully. Payment will be processed shortly.,True,2025-01-04
394,197,Employer,340,Booking,Your service has been completed. Please rate the worker.,False,2025-01-04
395,198,Worker,4357,Booking,The booking has been cancelled.,False,2025-05-27
396,198,Employer,452,Booking,Your booking has been cancelled.,True,2025-05-27
397,199,Worker,4022,Booking,Job completed successfully. Payment will be processed shortly.,False,2025-03-14
398,199,Employer,305,Booking,Your service has been completed. Please rate the worker.,True,2025-03-14
399,200,Worker,2278,Booking,Job completed successfully. Payment will be processed shortly.,False,2025-09-22
400,200,Employer,325,Booking,Your service has been completed. Please rate the worker.,True,2025-09-22
401,201,Worker,3915,Booking,Job completed successfully. Payment will be processed shortly.,True,2025-03-04
402,201,Employer,499,Booking,Your service has been completed. Please rate the worker.,False,2025-03-04
403,202,Worker,2603,Booking,Job completed successfully. Payment will be processed shortly.,True,2025-11-09
404,202,Employer,382,Booking,Your service has been completed. Please rate the worker.,False,2025-11-09
405,203,Worker,303,Booking,You have accepted a new booking.,True,2025-11-13
406,203,Employer,355,Booking,A worker has accepted your booking.,False,2025-11-13
407,204,Worker,5989,Booking,Job completed successfully. Payment will be processed shortly.,False,2025-04-01
408,204,Employer,127,Booking,Your service has been completed. Please rate the worker.,False,2025-04-01
409,205,Worker,6264,Booking,A new booking request is waiting for your response.,False,2025-11-20
410,205,Employer,242,Booking,Your booking request is pending.,False,2025-11-20
411,206,Worker,6086,Booking,Job completed successfully. Payment will be processed shortly.,True,2025-04-21
412,206,Employer,366,Booking,Your service has been completed. Please rate the worker.,False,2025-04-21
413,207,Worker,5495,Booking,The booking has been cancelled.,False,2025-04-05
414,207,Employer,318,Booking,Your booking has been cancelled.,False,2025-04-05
415,208,Worker,3129,Booking,The booking has been cancelled.,False,2025-09-09
416,208,Employer,314,Booking,Your booking has been cancelled.,True,2025-09-09
417,209,Worker,908,Booking,Job completed successfully. Payment will be processed shortly.,False,2025-06-03
418,209,Employer,62,Booking,Your service has been completed. Please rate the worker.,False,2025-06-03
419,210,Worker,2114,Booking,Job completed successfully. Payment will be processed shortly.,False,2025-06-17
420,210,Employer,499,Booking,Your service has been completed. Please rate the worker.,True,2025-06-17
421,211,Worker,2337,Booking,Job completed successfully. Payment will be processed shortly.,True,2025-09-12
422,211,Employer,335,Booking,Your service has been completed. Please rate the worker.,False,2025-09-12
423,212,Worker,2910,Booking,You have accepted a new booking.,True,2025-09-13
424,212,Employer,375,Booking,A worker has accepted your booking.,True,2025-09-13
425,213,Worker,4152,Booking,Job completed successfully. Payment will be processed shortly.,False,2025-12-20
426,213,Employer,148,Booking,Your service has been completed. Please rate the worker.,False,2025-12-20
427,214,Worker,507,Booking,Job completed successfully. Payment will be processed shortly.,False,2025-08-25
428,214,Employer,231,Booking,Your service has been completed. Please rate the worker.,False,2025-08-25
429,215,Worker,964,Booking,Job completed successfully. Payment will be processed shortly.,False,2025-01-17
430,215,Employer,220,Booking,Your service has been completed. Please rate the worker.,True,2025-01-17
431,216,Worker,5172,Booking,You have accepted a new booking.,False,2025-05-01
432,216,Employer,214,Booking,A worker has accepted your booking.,True,2025-05-01
433,217,Worker,6437,Booking,You have accepted a new booking.,True,2025-01-29
434,217,Employer,302,Booking,A worker has accepted your booking.,True,2025-01-29
435,218,Worker,2745,Booking,A new booking request is waiting for your response.,True,2025-09-30
436,218,Employer,494,Booking,Your booking request is pending.,False,2025-09-30
437,219,Worker,2073,Booking,A new booking request is waiting for your response.,False,2025-06-28
438,219,Employer,52,Booking,Your booking request is pending.,True,2025-06-28
439,220,Worker,1056,Booking,Job completed successfully. Payment will be processed shortly.,False,2025-01-14
440,220,Employer,367,Booking,Your service has been completed. Please rate the worker.,False,2025-01-14
441,221,Worker,1841,Booking,Job completed successfully. Payment will be processed shortly.,True,2025-06-16
442,221,Employer,166,Booking,Your service has been completed. Please rate the worker.,False,2025-06-16
443,222,Worker,4391,Booking,Job completed successfully. Payment will be processed shortly.,False,2025-05-11
444,222,Employer,417,Booking,Your service has been completed. Please rate the worker.,True,2025-05-11
445,223,Worker,3111,Booking,Job completed successfully. Payment will be processed shortly.,True,2025-11-22
446,223,Employer,248,Booking,Your service has been completed. Please rate the worker.,False,2025-11-22
447,224,Worker,1413,Booking,Job completed successfully. Payment will be processed shortly.,True,2025-11-30
448,224,Employer,413,Booking,Your service has been completed. Please rate the worker.,False,2025-11-30
449,225,Worker,5010,Booking,A new booking request is waiting for your response.,True,2025-12-31
450,225,Employer,127,Booking,Your booking request is pending.,True,2025-12-31
451,226,Worker,3997,Booking,A new booking request is waiting for your response.,False,2025-03-11
452,226,Employer,432,Booking,Your booking request is pending.,True,2025-03-11
453,227,Worker,3857,Booking,You have accepted a new booking.,True,2025-02-22
454,227,Employer,426,Booking,A worker has accepted your booking.,True,2025-02-22
455,228,Worker,1899,Booking,Job completed successfully. Payment will be processed shortly.,False,2025-12-23
456,228,Employer,111,Booking,Your service has been completed. Please rate the worker.,False,2025-12-23
457,229,Worker,368,Booking,You have accepted a new booking.,False,2025-01-02
458,229,Employer,203,Booking,A worker has accepted your booking.,False,2025-01-02
459,230,Worker,4329,Booking,Job completed successfully. Payment will be processed shortly.,False,2025-03-22
460,230,Employer,493,Booking,Your service has been completed. Please rate the worker.,True,2025-03-22
461,231,Worker,1892,Booking,Job completed successfully. Payment will be processed shortly.,False,2025-06-09
462,231,Employer,437,Booking,Your service has been completed. Please rate the worker.,True,2025-06-09
463,232,Worker,4906,Booking,You have accepted a new booking.,True,2025-12-14
464,232,Employer,477,Booking,A worker has accepted your booking.,True,2025-12-14
465,233,Worker,5265,Booking,Job completed successfully. Payment will be processed shortly.,True,2025-12-18
466,233,Employer,149,Booking,Your service has been completed. Please rate the worker.,False,2025-12-18
467,234,Worker,2614,Booking,Job completed successfully. Payment will be processed shortly.,False,2025-09-07
468,234,Employer,284,Booking,Your service has been completed. Please rate the worker.,True,2025-09-07
469,235,Worker,3954,Booking,Job completed successfully. Payment will be processed shortly.,True,2025-01-05
470,235,Employer,413,Booking,Your service has been completed. Please rate the worker.,True,2025-01-05
471,236,Worker,6076,Booking,A new booking request is waiting for your response.,True,2025-03-01
472,236,Employer,231,Booking,Your booking request is pending.,True,2025-03-01
473,237,Worker,595,Booking,Job completed successfully. Payment will be processed shortly.,False,2025-01-15
474,237,Employer,252,Booking,Your service has been completed. Please rate the worker.,True,2025-01-15
475,238,Worker,4509,Booking,Job completed successfully. Payment will be processed shortly.,True,2025-07-18
476,238,Employer,219,Booking,Your service has been completed. Please rate the worker.,False,2025-07-18
477,239,Worker,4923,Booking,Job completed successfully. Payment will be processed shortly.,False,2025-04-04
478,239,Employer,347,Booking,Your service has been completed. Please rate the worker.,True,2025-04-04
479,240,Worker,6367,Booking,You have accepted a new booking.,False,2025-06-03
480,240,Employer,462,Booking,A worker has accepted your booking.,True,2025-06-03
481,241,Worker,5255,Booking,You have accepted a new booking.,False,2025-04-28
482,241,Employer,400,Booking,A worker has accepted your booking.,True,2025-04-28
483,242,Worker,1734,Booking,Job completed successfully. Payment will be processed shortly.,True,2025-06-04
484,242,Employer,326,Booking,Your service has been completed. Please rate the worker.,True,2025-06-04
485,243,Worker,5099,Booking,Job completed successfully. Payment will be processed shortly.,True,2025-05-14
486,243,Employer,120,Booking,Your service has been completed. Please rate the worker.,False,2025-05-14
487,244,Worker,2825,Booking,Job completed successfully. Payment will be processed shortly.,False,2025-09-11
488,244,Employer,439,Booking,Your service has been completed. Please rate the worker.,True,2025-09-11
489,245,Worker,6366,Booking,Job completed successfully. Payment will be processed shortly.,False,2025-10-19
490,245,Employer,102,Booking,Your service has been completed. Please rate the worker.,False,2025-10-19
491,246,Worker,5772,Booking,You have accepted a new booking.,False,2025-04-27
492,246,Employer,102,Booking,A worker has accepted your booking.,False,2025-04-27
493,247,Worker,4969,Booking,You have accepted a new booking.,False,2025-06-15
494,247,Employer,101,Booking,A worker has accepted your booking.,True,2025-06-15
495,248,Worker,5237,Booking,You have accepted a new booking.,False,2025-10-13
496,248,Employer,478,Booking,A worker has accepted your booking.,False,2025-10-13
497,249,Worker,116,Booking,Job completed successfully. Payment will be processed shortly.,False,2025-08-07
498,249,Employer,139,Booking,Your service has been completed. Please rate the worker.,True,2025-08-07
499,250,Worker,6400,Booking,A new booking request is waiting for your response.,True,2025-09-14
500,250,Employer,189,Booking,Your booking request is pending.,False,2025-09-14
501,251,Worker,2107,Booking,Job completed successfully. Payment will be processed shortly.,True,2025-05-19
502,251,Employer,322,Booking,Your service has been completed. Please rate the worker.,False,2025-05-19
503,252,Worker,5723,Booking,The booking has been cancelled.,False,2025-10-23
504,252,Employer,306,Booking,Your booking has been cancelled.,True,2025-10-23
505,253,Worker,3696,Booking,You have accepted a new booking.,True,2025-07-22
506,253,Employer,292,Booking,A worker has accepted your booking.,False,2025-07-22
507,254,Worker,6071,Booking,A new booking request is waiting for your response.,True,2025-11-11
508,254,Employer,391,Booking,Your booking request is pending.,False,2025-11-11
509,255,Worker,2815,Booking,Job completed successfully. Payment will be processed shortly.,True,2025-08-29
510,255,Employer,304,Booking,Your service has been completed. Please rate the worker.,False,2025-08-29
511,256,Worker,86,Booking,Job completed successfully. Payment will be processed shortly.,True,2025-12-15
512,256,Employer,106,Booking,Your service has been completed. Please rate the worker.,True,2025-12-15
513,257,Worker,4428,Booking,Job completed successfully. Payment will be processed shortly.,False,2025-12-26
514,257,Employer,447,Booking,Your service has been completed. Please rate the worker.,True,2025-12-26
515,258,Worker,989,Booking,A new booking request is waiting for your response.,False,2025-03-16
516,258,Employer,414,Booking,Your booking request is pending.,False,2025-03-16
517,259,Worker,6121,Booking,Job completed successfully. Payment will be processed shortly.,False,2025-12-13
518,259,Employer,425,Booking,Your service has been completed. Please rate the worker.,True,2025-12-13
519,260,Worker,4788,Booking,Job completed successfully. Payment will be processed shortly.,True,2025-02-12
520,260,Employer,325,Booking,Your service has been completed. Please rate the worker.,False,2025-02-12
521,261,Worker,1648,Booking,You have accepted a new booking.,True,2025-03-10
522,261,Employer,218,Booking,A worker has accepted your booking.,True,2025-03-10
523,262,Worker,6099,Booking,Job completed successfully. Payment will be processed shortly.,False,2025-05-30
524,262,Employer,120,Booking,Your service has been completed. Please rate the worker.,False,2025-05-30
525,263,Worker,2514,Booking,You have accepted a new booking.,False,2025-07-12
526,263,Employer,345,Booking,A worker has accepted your booking.,True,2025-07-12
527,264,Worker,2805,Booking,You have accepted a new booking.,True,2025-10-08
528,264,Employer,309,Booking,A worker has accepted your booking.,False,2025-10-08
529,265,Worker,668,Booking,You have accepted a new booking.,True,2025-01-17
530,265,Employer,423,Booking,A worker has accepted your booking.,False,2025-01-17
531,266,Worker,6359,Booking,Job completed successfully. Payment will be processed shortly.,False,2025-05-21
532,266,Employer,461,Booking,Your service has been completed. Please rate the worker.,True,2025-05-21
533,267,Worker,433,Booking,A new booking request is waiting for your response.,False,2025-05-29
534,267,Employer,433,Booking,Your booking request is pending.,False,2025-05-29
535,268,Worker,4146,Booking,Job completed successfully. Payment will be processed shortly.,True,2025-05-10
536,268,Employer,215,Booking,Your service has been completed. Please rate the worker.,False,2025-05-10
537,269,Worker,1069,Booking,Job completed successfully. Payment will be processed shortly.,True,2025-11-26
538,269,Employer,76,Booking,Your service has been completed. Please rate the worker.,False,2025-11-26
539,270,Worker,2168,Booking,Job completed successfully. Payment will be processed shortly.,False,2025-12-18
540,270,Employer,341,Booking,Your service has been completed. Please rate the worker.,True,2025-12-18
541,271,Worker,6444,Booking,Job completed successfully. Payment will be processed shortly.,True,2025-06-23
542,271,Employer,198,Booking,Your service has been completed. Please rate the worker.,True,2025-06-23
543,272,Worker,477,Booking,Job completed successfully. Payment will be processed shortly.,True,2025-09-27
544,272,Employer,119,Booking,Your service has been completed. Please rate the worker.,True,2025-09-27
545,273,Worker,5250,Booking,Job completed successfully. Payment will be processed shortly.,False,2025-10-13
546,273,Employer,311,Booking,Your service has been completed. Please rate the worker.,False,2025-10-13
547,274,Worker,5641,Booking,Job completed successfully. Payment will be processed shortly.,False,2025-01-15
548,274,Employer,499,Booking,Your service has been completed. Please rate the worker.,False,2025-01-15
549,275,Worker,444,Booking,Job completed successfully. Payment will be processed shortly.,False,2025-11-14
550,275,Employer,10,Booking,Your service has been completed. Please rate the worker.,False,2025-11-14
551,276,Worker,5016,Booking,Job completed successfully. Payment will be processed shortly.,False,2025-06-16
552,276,Employer,271,Booking,Your service has been completed. Please rate the worker.,True,2025-06-16
553,277,Worker,4828,Booking,Job completed successfully. Payment will be processed shortly.,True,2025-10-06
554,277,Employer,260,Booking,Your service has been completed. Please rate the worker.,False,2025-10-06
555,278,Worker,5931,Booking,Job completed successfully. Payment will be processed shortly.,False,2025-04-07
556,278,Employer,491,Booking,Your service has been completed. Please rate the worker.,False,2025-04-07
557,279,Worker,3966,Booking,You have accepted a new booking.,True,2025-09-17
558,279,Employer,32,Booking,A worker has accepted your booking.,True,2025-09-17
559,280,Worker,755,Booking,A new booking request is waiting for your response.,True,2025-12-13
560,280,Employer,248,Booking,Your booking request is pending.,False,2025-12-13
561,281,Worker,33,Booking,Job completed successfully. Payment will be processed shortly.,False,2025-05-21
562,281,Employer,25,Booking,Your service has been completed. Please rate the worker.,True,2025-05-21
563,282,Worker,711,Booking,You have accepted a new booking.,True,2025-11-17
564,282,Employer,356,Booking,A worker has accepted your booking.,False,2025-11-17
565,283,Worker,2456,Booking,You have accepted a new booking.,False,2025-07-25
566,283,Employer,246,Booking,A worker has accepted your booking.,False,2025-07-25
567,284,Worker,2236,Booking,Job completed successfully. Payment will be processed shortly.,True,2025-11-12
568,284,Employer,19,Booking,Your service has been completed. Please rate the worker.,False,2025-11-12
569,285,Worker,2077,Booking,Job completed successfully. Payment will be processed shortly.,True,2025-04-03
570,285,Employer,115,Booking,Your service has been completed. Please rate the worker.,False,2025-04-03
571,286,Worker,3409,Booking,Job completed successfully. Payment will be processed shortly.,False,2025-09-15
572,286,Employer,493,Booking,Your service has been completed. Please rate the worker.,True,2025-09-15
573,287,Worker,4208,Booking,A new booking request is waiting for your response.,True,2025-04-13
574,287,Employer,88,Booking,Your booking request is pending.,False,2025-04-13
575,288,Worker,1650,Booking,Job completed successfully. Payment will be processed shortly.,True,2025-05-10
576,288,Employer,219,Booking,Your service has been completed. Please rate the worker.,True,2025-05-10
577,289,Worker,441,Booking,You have accepted a new booking.,False,2025-07-21
578,289,Employer,121,Booking,A worker has accepted your booking.,True,2025-07-21
579,290,Worker,356,Booking,A new booking request is waiting for your response.,True,2025-05-09
580,290,Employer,33,Booking,Your booking request is pending.,True,2025-05-09
581,291,Worker,4495,Booking,The booking has been cancelled.,True,2025-05-21
582,291,Employer,415,Booking,Your booking has been cancelled.,True,2025-05-21
583,292,Worker,491,Booking,Job completed successfully. Payment will be processed shortly.,True,2025-05-31
584,292,Employer,63,Booking,Your service has been completed. Please rate the worker.,True,2025-05-31
585,293,Worker,5036,Booking,Job completed successfully. Payment will be processed shortly.,True,2025-12-05
586,293,Employer,24,Booking,Your service has been completed. Please rate the worker.,True,2025-12-05
587,294,Worker,336,Booking,You have accepted a new booking.,False,2025-03-08
588,294,Employer,425,Booking,A worker has accepted your booking.,True,2025-03-08
589,295,Worker,5908,Booking,Job completed successfully. Payment will be processed shortly.,False,2025-03-10
590,295,Employer,161,Booking,Your service has been completed. Please rate the worker.,True,2025-03-10
591,296,Worker,5177,Booking,Job completed successfully. Payment will be processed shortly.,True,2025-02-22
592,296,Employer,135,Booking,Your service has been completed. Please rate the worker.,True,2025-02-22
593,297,Worker,3921,Booking,A new booking request is waiting for your response.,True,2025-07-20
594,297,Employer,199,Booking,Your booking request is pending.,True,2025-07-20
595,298,Worker,1098,Booking,The booking has been cancelled.,False,2025-06-17
596,298,Employer,108,Booking,Your booking has been cancelled.,True,2025-06-17
597,299,Worker,3390,Booking,Job completed successfully. Payment will be processed shortly.,True,2025-07-05
598,299,Employer,305,Booking,Your service has been completed. Please rate the worker.,False,2025-07-05
599,300,Worker,1510,Booking,You have accepted a new booking.,True,2025-12-24
600,300,Employer,155,Booking,A worker has accepted your booking.,False,2025-12-24
601,301,Worker,1177,Booking,A new booking request is waiting for your response.,True,2025-10-15
602,301,Employer,480,Booking,Your booking request is pending.,False,2025-10-15
603,302,Worker,1848,Booking,Job completed successfully. Payment will be processed shortly.,True,2025-08-15
604,302,Employer,368,Booking,Your service has been completed. Please rate the worker.,False,2025-08-15
605,303,Worker,3504,Booking,Job completed successfully. Payment will be processed shortly.,False,2025-03-30
606,303,Employer,8,Booking,Your service has been completed. Please rate the worker.,False,2025-03-30
607,304,Worker,3511,Booking,You have accepted a new booking.,False,2025-06-12
608,304,Employer,96,Booking,A worker has accepted your booking.,False,2025-06-12
609,305,Worker,3055,Booking,You have accepted a new booking.,True,2025-03-15
610,305,Employer,490,Booking,A worker has accepted your booking.,False,2025-03-15
611,306,Worker,2291,Booking,You have accepted a new booking.,True,2025-02-14
612,306,Employer,240,Booking,A worker has accepted your booking.,True,2025-02-14
613,307,Worker,1180,Booking,Job completed successfully. Payment will be processed shortly.,True,2025-02-06
614,307,Employer,110,Booking,Your service has been completed. Please rate the worker.,False,2025-02-06
615,308,Worker,3494,Booking,You have accepted a new booking.,False,2025-12-19
616,308,Employer,335,Booking,A worker has accepted your booking.,True,2025-12-19
617,309,Worker,5802,Booking,Job completed successfully. Payment will be processed shortly.,False,2025-04-02
618,309,Employer,114,Booking,Your service has been completed. Please rate the worker.,False,2025-04-02
619,310,Worker,5376,Booking,Job completed successfully. Payment will be processed shortly.,False,2025-03-16
620,310,Employer,304,Booking,Your service has been completed. Please rate the worker.,True,2025-03-16
621,311,Worker,5211,Booking,Job completed successfully. Payment will be processed shortly.,False,2025-07-11
622,311,Employer,261,Booking,Your service has been completed. Please rate the worker.,True,2025-07-11
623,312,Worker,5646,Booking,Job completed successfully. Payment will be processed shortly.,False,2025-10-13
624,312,Employer,9,Booking,Your service has been completed. Please rate the worker.,False,2025-10-13
625,313,Worker,5763,Booking,You have accepted a new booking.,True,2025-07-02
626,313,Employer,186,Booking,A worker has accepted your booking.,True,2025-07-02
627,314,Worker,5501,Booking,Job completed successfully. Payment will be processed shortly.,True,2025-08-12
628,314,Employer,384,Booking,Your service has been completed. Please rate the worker.,False,2025-08-12
629,315,Worker,3162,Booking,Job completed successfully. Payment will be processed shortly.,False,2025-01-09
630,315,Employer,23,Booking,Your service has been completed. Please rate the worker.,True,2025-01-09
631,316,Worker,4664,Booking,Job completed successfully. Payment will be processed shortly.,True,2025-08-14
632,316,Employer,304,Booking,Your service has been completed. Please rate the worker.,True,2025-08-14
633,317,Worker,310,Booking,Job completed successfully. Payment will be processed shortly.,False,2025-10-01
634,317,Employer,100,Booking,Your service has been completed. Please rate the worker.,True,2025-10-01
635,318,Worker,916,Booking,A new booking request is waiting for your response.,False,2025-04-10
636,318,Employer,426,Booking,Your booking request is pending.,False,2025-04-10
637,319,Worker,4290,Booking,Job completed successfully. Payment will be processed shortly.,True,2025-09-14
638,319,Employer,125,Booking,Your service has been completed. Please rate the worker.,False,2025-09-14
639,320,Worker,3057,Booking,Job completed successfully. Payment will be processed shortly.,True,2025-08-19
640,320,Employer,368,Booking,Your service has been completed. Please rate the worker.,True,2025-08-19
641,321,Worker,6019,Booking,Job completed successfully. Payment will be processed shortly.,False,2025-08-07
642,321,Employer,331,Booking,Your service has been completed. Please rate the worker.,True,2025-08-07
643,322,Worker,2803,Booking,Job completed successfully. Payment will be processed shortly.,False,2025-09-24
644,322,Employer,33,Booking,Your service has been completed. Please rate the worker.,True,2025-09-24
645,323,Worker,3192,Booking,Job completed successfully. Payment will be processed shortly.,True,2025-09-16
646,323,Employer,344,Booking,Your service has been completed. Please rate the worker.,True,2025-09-16
647,324,Worker,1047,Booking,Job completed successfully. Payment will be processed shortly.,True,2025-10-06
648,324,Employer,493,Booking,Your service has been completed. Please rate the worker.,True,2025-10-06
649,325,Worker,4541,Booking,A new booking request is waiting for your response.,True,2025-05-28
650,325,Employer,21,Booking,Your booking request is pending.,False,2025-05-28
651,326,Worker,1263,Booking,Job completed successfully. Payment will be processed shortly.,False,2025-02-08
652,326,Employer,496,Booking,Your service has been completed. Please rate the worker.,False,2025-02-08
653,327,Worker,2796,Booking,Job completed successfully. Payment will be processed shortly.,False,2025-06-08
654,327,Employer,98,Booking,Your service has been completed. Please rate the worker.,False,2025-06-08
655,328,Worker,5183,Booking,A new booking request is waiting for your response.,False,2025-05-18
656,328,Employer,287,Booking,Your booking request is pending.,False,2025-05-18
657,329,Worker,1827,Booking,Job completed successfully. Payment will be processed shortly.,False,2025-06-13
658,329,Employer,53,Booking,Your service has been completed. Please rate the worker.,True,2025-06-13
659,330,Worker,5400,Booking,Job completed successfully. Payment will be processed shortly.,False,2025-06-23
660,330,Employer,346,Booking,Your service has been completed. Please rate the worker.,True,2025-06-23
661,331,Worker,570,Booking,Job completed successfully. Payment will be processed shortly.,False,2025-06-13
662,331,Employer,279,Booking,Your service has been completed. Please rate the worker.,False,2025-06-13
663,332,Worker,2573,Booking,You have accepted a new booking.,True,2025-05-01
664,332,Employer,85,Booking,A worker has accepted your booking.,False,2025-05-01
665,333,Worker,729,Booking,Job completed successfully. Payment will be processed shortly.,False,2025-08-17
666,333,Employer,227,Booking,Your service has been completed. Please rate the worker.,True,2025-08-17
667,334,Worker,2095,Booking,Job completed successfully. Payment will be processed shortly.,False,2025-03-06
668,334,Employer,6,Booking,Your service has been completed. Please rate the worker.,False,2025-03-06
669,335,Worker,2515,Booking,A new booking request is waiting for your response.,False,2025-05-04
670,335,Employer,146,Booking,Your booking request is pending.,True,2025-05-04
671,336,Worker,4506,Booking,Job completed successfully. Payment will be processed shortly.,False,2025-03-08
672,336,Employer,114,Booking,Your service has been completed. Please rate the worker.,True,2025-03-08
673,337,Worker,551,Booking,A new booking request is waiting for your response.,False,2025-09-05
674,337,Employer,319,Booking,Your booking request is pending.,True,2025-09-05
675,338,Worker,628,Booking,You have accepted a new booking.,True,2025-10-26
676,338,Employer,407,Booking,A worker has accepted your booking.,True,2025-10-26
677,339,Worker,3616,Booking,Job completed successfully. Payment will be processed shortly.,True,2025-02-04
678,339,Employer,54,Booking,Your service has been completed. Please rate the worker.,False,2025-02-04
679,340,Worker,2015,Booking,A new booking request is waiting for your response.,True,2025-05-15
680,340,Employer,397,Booking,Your booking request is pending.,False,2025-05-15
681,341,Worker,2898,Booking,You have accepted a new booking.,False,2025-11-27
682,341,Employer,243,Booking,A worker has accepted your booking.,False,2025-11-27
683,342,Worker,3364,Booking,You have accepted a new booking.,False,2025-12-24
684,342,Employer,395,Booking,A worker has accepted your booking.,True,2025-12-24
685,343,Worker,339,Booking,Job completed successfully. Payment will be processed shortly.,False,2025-08-12
686,343,Employer,222,Booking,Your service has been completed. Please rate the worker.,True,2025-08-12
687,344,Worker,1852,Booking,Job completed successfully. Payment will be processed shortly.,True,2025-04-04
688,344,Employer,451,Booking,Your service has been completed. Please rate the worker.,False,2025-04-04
689,345,Worker,3622,Booking,You have accepted a new booking.,True,2025-08-25
690,345,Employer,132,Booking,A worker has accepted your booking.,False,2025-08-25
691,346,Worker,5070,Booking,Job completed successfully. Payment will be processed shortly.,False,2025-12-24
692,346,Employer,301,Booking,Your service has been completed. Please rate the worker.,True,2025-12-24
693,347,Worker,2273,Booking,Job completed successfully. Payment will be processed shortly.,True,2025-04-22
694,347,Employer,472,Booking,Your service has been completed. Please rate the worker.,True,2025-04-22
695,348,Worker,243,Booking,You have accepted a new booking.,True,2025-11-04
696,348,Employer,61,Booking,A worker has accepted your booking.,False,2025-11-04
697,349,Worker,6033,Booking,Job completed successfully. Payment will be processed shortly.,False,2025-10-01
698,349,Employer,287,Booking,Your service has been completed. Please rate the worker.,False,2025-10-01
699,350,Worker,515,Booking,The booking has been cancelled.,True,2025-07-13
700,350,Employer,12,Booking,Your booking has been cancelled.,True,2025-07-13
701,351,Worker,2723,Booking,A new booking request is waiting for your response.,True,2025-01-02
702,351,Employer,449,Booking,Your booking request is pending.,True,2025-01-02
703,352,Worker,2246,Booking,Job completed successfully. Payment will be processed shortly.,True,2025-07-30
704,352,Employer,353,Booking,Your service has been completed. Please rate the worker.,True,2025-07-30
705,353,Worker,4818,Booking,Job completed successfully. Payment will be processed shortly.,True,2025-10-16
706,353,Employer,299,Booking,Your service has been completed. Please rate the worker.,True,2025-10-16
707,354,Worker,5852,Booking,Job completed successfully. Payment will be processed shortly.,False,2025-08-18
708,354,Employer,437,Booking,Your service has been completed. Please rate the worker.,False,2025-08-18
709,355,Worker,4315,Booking,A new booking request is waiting for your response.,True,2025-07-13
710,355,Employer,400,Booking,Your booking request is pending.,False,2025-07-13
711,356,Worker,2117,Booking,You have accepted a new booking.,False,2025-09-26
712,356,Employer,273,Booking,A worker has accepted your booking.,True,2025-09-26
713,357,Worker,106,Booking,Job completed successfully. Payment will be processed shortly.,True,2025-11-22
714,357,Employer,198,Booking,Your service has been completed. Please rate the worker.,False,2025-11-22
715,358,Worker,6415,Booking,Job completed successfully. Payment will be processed shortly.,True,2025-12-20
716,358,Employer,128,Booking,Your service has been completed. Please rate the worker.,False,2025-12-20
717,359,Worker,4099,Booking,Job completed successfully. Payment will be processed shortly.,False,2025-02-08
718,359,Employer,214,Booking,Your service has been completed. Please rate the worker.,True,2025-02-08
719,360,Worker,4970,Booking,A new booking request is waiting for your response.,True,2025-02-25
720,360,Employer,181,Booking,Your booking request is pending.,False,2025-02-25
721,361,Worker,858,Booking,A new booking request is waiting for your response.,False,2025-01-26
722,361,Employer,21,Booking,Your booking request is pending.,False,2025-01-26
723,362,Worker,1765,Booking,Job completed successfully. Payment will be processed shortly.,True,2025-01-11
724,362,Employer,368,Booking,Your service has been completed. Please rate the worker.,False,2025-01-11
725,363,Worker,3786,Booking,A new booking request is waiting for your response.,False,2025-12-23
726,363,Employer,355,Booking,Your booking request is pending.,True,2025-12-23
727,364,Worker,1085,Booking,Job completed successfully. Payment will be processed shortly.,False,2025-10-17
728,364,Employer,143,Booking,Your service has been completed. Please rate the worker.,True,2025-10-17
729,365,Worker,6119,Booking,Job completed successfully. Payment will be processed shortly.,True,2025-02-20
730,365,Employer,454,Booking,Your service has been completed. Please rate the worker.,True,2025-02-20
731,366,Worker,3739,Booking,A new booking request is waiting for your response.,False,2025-04-13
732,366,Employer,144,Booking,Your booking request is pending.,True,2025-04-13
733,367,Worker,6288,Booking,Job completed successfully. Payment will be processed shortly.,False,2025-10-26
734,367,Employer,363,Booking,Your service has been completed. Please rate the worker.,True,2025-10-26
735,368,Worker,4335,Booking,Job completed successfully. Payment will be processed shortly.,False,2025-07-23
736,368,Employer,107,Booking,Your service has been completed. Please rate the worker.,True,2025-07-23
737,369,Worker,1226,Booking,The booking has been cancelled.,True,2025-08-23
738,369,Employer,292,Booking,Your booking has been cancelled.,True,2025-08-23
739,370,Worker,5048,Booking,Job completed successfully. Payment will be processed shortly.,True,2025-08-04
740,370,Employer,233,Booking,Your service has been completed. Please rate the worker.,True,2025-08-04
741,371,Worker,3979,Booking,Job completed successfully. Payment will be processed shortly.,True,2025-04-21
742,371,Employer,462,Booking,Your service has been completed. Please rate the worker.,False,2025-04-21
743,372,Worker,3571,Booking,Job completed successfully. Payment will be processed shortly.,True,2025-08-17
744,372,Employer,403,Booking,Your service has been completed. Please rate the worker.,False,2025-08-17
745,373,Worker,1632,Booking,You have accepted a new booking.,True,2025-02-02
746,373,Employer,136,Booking,A worker has accepted your booking.,False,2025-02-02
747,374,Worker,3179,Booking,The booking has been cancelled.,True,2025-12-17
748,374,Employer,72,Booking,Your booking has been cancelled.,False,2025-12-17
749,375,Worker,1692,Booking,A new booking request is waiting for your response.,True,2025-09-13
750,375,Employer,177,Booking,Your booking request is pending.,True,2025-09-13
751,376,Worker,375,Booking,Job completed successfully. Payment will be processed shortly.,True,2025-11-16
752,376,Employer,239,Booking,Your service has been completed. Please rate the worker.,False,2025-11-16
753,377,Worker,2217,Booking,Job completed successfully. Payment will be processed shortly.,False,2025-08-02
754,377,Employer,245,Booking,Your service has been completed. Please rate the worker.,True,2025-08-02
755,378,Worker,786,Booking,You have accepted a new booking.,True,2025-06-03
756,378,Employer,41,Booking,A worker has accepted your booking.,False,2025-06-03
757,379,Worker,6034,Booking,Job completed successfully. Payment will be processed shortly.,True,2025-09-25
758,379,Employer,97,Booking,Your service has been completed. Please rate the worker.,True,2025-09-25
759,380,Worker,4721,Booking,Job completed successfully. Payment will be processed shortly.,False,2025-07-09
760,380,Employer,159,Booking,Your service has been completed. Please rate the worker.,True,2025-07-09
761,381,Worker,5038,Booking,Job completed successfully. Payment will be processed shortly.,True,2025-09-26
762,381,Employer,120,Booking,Your service has been completed. Please rate the worker.,False,2025-09-26
763,382,Worker,1900,Booking,You have accepted a new booking.,False,2025-05-21
764,382,Employer,292,Booking,A worker has accepted your booking.,True,2025-05-21
765,383,Worker,4608,Booking,You have accepted a new booking.,False,2025-12-27
766,383,Employer,133,Booking,A worker has accepted your booking.,False,2025-12-27
767,384,Worker,3967,Booking,You have accepted a new booking.,True,2025-01-06
768,384,Employer,329,Booking,A worker has accepted your booking.,False,2025-01-06
769,385,Worker,3756,Booking,Job completed successfully. Payment will be processed shortly.,True,2025-04-24
770,385,Employer,275,Booking,Your service has been completed. Please rate the worker.,True,2025-04-24
771,386,Worker,3402,Booking,A new booking request is waiting for your response.,False,2025-06-03
772,386,Employer,275,Booking,Your booking request is pending.,False,2025-06-03
773,387,Worker,835,Booking,Job completed successfully. Payment will be processed shortly.,False,2025-10-23
774,387,Employer,446,Booking,Your service has been completed. Please rate the worker.,False,2025-10-23
775,388,Worker,6374,Booking,You have accepted a new booking.,True,2025-03-20
776,388,Employer,233,Booking,A worker has accepted your booking.,True,2025-03-20
777,389,Worker,3785,Booking,The booking has been cancelled.,False,2025-05-30
778,389,Employer,120,Booking,Your booking has been cancelled.,False,2025-05-30
779,390,Worker,4057,Booking,You have accepted a new booking.,False,2025-11-07
780,390,Employer,249,Booking,A worker has accepted your booking.,True,2025-11-07
781,391,Worker,6261,Booking,Job completed successfully. Payment will be processed shortly.,True,2025-09-02
782,391,Employer,329,Booking,Your service has been completed. Please rate the worker.,False,2025-09-02
783,392,Worker,2846,Booking,Job completed successfully. Payment will be processed shortly.,False,2025-08-23
784,392,Employer,55,Booking,Your service has been completed. Please rate the worker.,True,2025-08-23
785,393,Worker,5293,Booking,You have accepted a new booking.,False,2025-04-21
786,393,Employer,341,Booking,A worker has accepted your booking.,False,2025-04-21
787,394,Worker,5750,Booking,Job completed successfully. Payment will be processed shortly.,True,2025-09-07
788,394,Employer,487,Booking,Your service has been completed. Please rate the worker.,False,2025-09-07
789,395,Worker,860,Booking,The booking has been cancelled.,False,2025-08-15
790,395,Employer,185,Booking,Your booking has been cancelled.,False,2025-08-15
791,396,Worker,437,Booking,You have accepted a new booking.,True,2025-03-15
792,396,Employer,367,Booking,A worker has accepted your booking.,False,2025-03-15
793,397,Worker,182,Booking,A new booking request is waiting for your response.,True,2025-09-29
794,397,Employer,135,Booking,Your booking request is pending.,True,2025-09-29
795,398,Worker,307,Booking,You have accepted a new booking.,True,2025-06-12
796,398,Employer,181,Booking,A worker has accepted your booking.,True,2025-06-12
797,399,Worker,4580,Booking,You have accepted a new booking.,True,2025-06-17
798,399,Employer,203,Booking,A worker has accepted your booking.,False,2025-06-17
799,400,Worker,1551,Booking,Job completed successfully. Payment will be processed shortly.,True,2025-01-16
800,400,Employer,434,Booking,Your service has been completed. Please rate the worker.,True,2025-01-16
801,401,Worker,1793,Booking,A new booking request is waiting for your response.,True,2025-06-05
802,401,Employer,265,Booking,Your booking request is pending.,False,2025-06-05
803,402,Worker,1543,Booking,Job completed successfully. Payment will be processed shortly.,True,2025-10-29
804,402,Employer,35,Booking,Your service has been completed. Please rate the worker.,False,2025-10-29
805,403,Worker,5088,Booking,Job completed successfully. Payment will be processed shortly.,True,2025-12-30
806,403,Employer,85,Booking,Your service has been completed. Please rate the worker.,True,2025-12-30
807,404,Worker,6021,Booking,A new booking request is waiting for your response.,False,2025-10-23
808,404,Employer,189,Booking,Your booking request is pending.,True,2025-10-23
809,405,Worker,4224,Booking,A new booking request is waiting for your response.,False,2025-12-29
810,405,Employer,32,Booking,Your booking request is pending.,True,2025-12-29
811,406,Worker,4587,Booking,Job completed successfully. Payment will be processed shortly.,False,2025-01-05
812,406,Employer,30,Booking,Your service has been completed. Please rate the worker.,True,2025-01-05
813,407,Worker,4362,Booking,Job completed successfully. Payment will be processed shortly.,False,2025-01-24
814,407,Employer,240,Booking,Your service has been completed. Please rate the worker.,True,2025-01-24
815,408,Worker,2530,Booking,Job completed successfully. Payment will be processed shortly.,True,2025-07-04
816,408,Employer,273,Booking,Your service has been completed. Please rate the worker.,True,2025-07-04
817,409,Worker,1389,Booking,Job completed successfully. Payment will be processed shortly.,False,2025-09-01
818,409,Employer,282,Booking,Your service has been completed. Please rate the worker.,False,2025-09-01
819,410,Worker,6060,Booking,A new booking request is waiting for your response.,False,2025-12-02
820,410,Employer,292,Booking,Your booking request is pending.,True,2025-12-02
821,411,Worker,5336,Booking,A new booking request is waiting for your response.,True,2025-06-27
822,411,Employer,43,Booking,Your booking request is pending.,True,2025-06-27
823,412,Worker,5833,Booking,Job completed successfully. Payment will be processed shortly.,False,2025-10-27
824,412,Employer,414,Booking,Your service has been completed. Please rate the worker.,True,2025-10-27
825,413,Worker,6241,Booking,Job completed successfully. Payment will be processed shortly.,True,2025-12-11
826,413,Employer,149,Booking,Your service has been completed. Please rate the worker.,True,2025-12-11
827,414,Worker,5923,Booking,Job completed successfully. Payment will be processed shortly.,False,2025-02-23
828,414,Employer,278,Booking,Your service has been completed. Please rate the worker.,True,2025-02-23
829,415,Worker,2802,Booking,Job completed successfully. Payment will be processed shortly.,True,2025-08-12
830,415,Employer,330,Booking,Your service has been completed. Please rate the worker.,True,2025-08-12
831,416,Worker,6015,Booking,Job completed successfully. Payment will be processed shortly.,True,2025-01-21
832,416,Employer,40,Booking,Your service has been completed. Please rate the worker.,False,2025-01-21
833,417,Worker,4995,Booking,The booking has been cancelled.,False,2025-11-30
834,417,Employer,158,Booking,Your booking has been cancelled.,False,2025-11-30
835,418,Worker,3240,Booking,You have accepted a new booking.,False,2025-08-15
836,418,Employer,485,Booking,A worker has accepted your booking.,False,2025-08-15
837,419,Worker,4245,Booking,Job completed successfully. Payment will be processed shortly.,True,2025-03-17
838,419,Employer,493,Booking,Your service has been completed. Please rate the worker.,False,2025-03-17
839,420,Worker,4425,Booking,Job completed successfully. Payment will be processed shortly.,True,2025-12-25
840,420,Employer,268,Booking,Your service has been completed. Please rate the worker.,True,2025-12-25
841,421,Worker,5788,Booking,A new booking request is waiting for your response.,True,2025-02-14
842,421,Employer,461,Booking,Your booking request is pending.,False,2025-02-14
843,422,Worker,1058,Booking,Job completed successfully. Payment will be processed shortly.,False,2025-08-20
844,422,Employer,210,Booking,Your service has been completed. Please rate the worker.,True,2025-08-20
845,423,Worker,2734,Booking,A new booking request is waiting for your response.,True,2025-04-03
846,423,Employer,380,Booking,Your booking request is pending.,True,2025-04-03
847,424,Worker,1374,Booking,You have accepted a new booking.,False,2025-07-25
848,424,Employer,396,Booking,A worker has accepted your booking.,True,2025-07-25
849,425,Worker,3528,Booking,Job completed successfully. Payment will be processed shortly.,True,2025-04-28
850,425,Employer,399,Booking,Your service has been completed. Please rate the worker.,True,2025-04-28
851,426,Worker,1540,Booking,Job completed successfully. Payment will be processed shortly.,True,2025-12-25
852,426,Employer,191,Booking,Your service has been completed. Please rate the worker.,True,2025-12-25
853,427,Worker,777,Booking,You have accepted a new booking.,True,2025-10-29
854,427,Employer,191,Booking,A worker has accepted your booking.,True,2025-10-29
855,428,Worker,5515,Booking,You have accepted a new booking.,True,2026-01-01
856,428,Employer,334,Booking,A worker has accepted your booking.,False,2026-01-01
857,429,Worker,1674,Booking,Job completed successfully. Payment will be processed shortly.,True,2025-03-08
858,429,Employer,237,Booking,Your service has been completed. Please rate the worker.,True,2025-03-08
859,430,Worker,5946,Booking,Job completed successfully. Payment will be processed shortly.,True,2025-11-24
860,430,Employer,480,Booking,Your service has been completed. Please rate the worker.,False,2025-11-24
861,431,Worker,40,Booking,You have accepted a new booking.,False,2025-12-07
862,431,Employer,73,Booking,A worker has accepted your booking.,False,2025-12-07
863,432,Worker,2531,Booking,You have accepted a new booking.,True,2025-05-22
864,432,Employer,182,Booking,A worker has accepted your booking.,True,2025-05-22
865,433,Worker,1672,Booking,Job completed successfully. Payment will be processed shortly.,False,2025-12-19
866,433,Employer,128,Booking,Your service has been completed. Please rate the worker.,False,2025-12-19
867,434,Worker,5989,Booking,Job completed successfully. Payment will be processed shortly.,True,2025-06-07
868,434,Employer,158,Booking,Your service has been completed. Please rate the worker.,False,2025-06-07
869,435,Worker,4391,Booking,A new booking request is waiting for your response.,False,2025-10-01
870,435,Employer,187,Booking,Your booking request is pending.,False,2025-10-01
871,436,Worker,4044,Booking,The booking has been cancelled.,False,2025-09-12
872,436,Employer,423,Booking,Your booking has been cancelled.,False,2025-09-12
873,437,Worker,2445,Booking,The booking has been cancelled.,True,2025-01-24
874,437,Employer,122,Booking,Your booking has been cancelled.,True,2025-01-24
875,438,Worker,2536,Booking,A new booking request is waiting for your response.,True,2025-11-23
876,438,Employer,442,Booking,Your booking request is pending.,True,2025-11-23
877,439,Worker,2793,Booking,You have accepted a new booking.,True,2025-04-17
878,439,Employer,50,Booking,A worker has accepted your booking.,False,2025-04-17
879,440,Worker,5941,Booking,Job completed successfully. Payment will be processed shortly.,True,2025-02-15
880,440,Employer,467,Booking,Your service has been completed. Please rate the worker.,False,2025-02-15
881,441,Worker,4636,Booking,Job completed successfully. Payment will be processed shortly.,True,2025-01-29
882,441,Employer,391,Booking,Your service has been completed. Please rate the worker.,False,2025-01-29
883,442,Worker,710,Booking,Job completed successfully. Payment will be processed shortly.,True,2025-03-23
884,442,Employer,290,Booking,Your service has been completed. Please rate the worker.,False,2025-03-23
885,443,Worker,6468,Booking,You have accepted a new booking.,True,2025-09-04
886,443,Employer,386,Booking,A worker has accepted your booking.,False,2025-09-04
887,444,Worker,1942,Booking,A new booking request is waiting for your response.,False,2025-03-22
888,444,Employer,25,Booking,Your booking request is pending.,False,2025-03-22
889,445,Worker,4544,Booking,You have accepted a new booking.,False,2025-11-03
890,445,Employer,257,Booking,A worker has accepted your booking.,False,2025-11-03
891,446,Worker,5585,Booking,You have accepted a new booking.,True,2025-07-31
892,446,Employer,84,Booking,A worker has accepted your booking.,True,2025-07-31
893,447,Worker,4898,Booking,A new booking request is waiting for your response.,False,2025-09-20
894,447,Employer,320,Booking,Your booking request is pending.,False,2025-09-20
895,448,Worker,776,Booking,Job completed successfully. Payment will be processed shortly.,False,2025-08-13
896,448,Employer,24,Booking,Your service has been completed. Please rate the worker.,False,2025-08-13
897,449,Worker,4299,Booking,Job completed successfully. Payment will be processed shortly.,True,2025-07-04
898,449,Employer,276,Booking,Your service has been completed. Please rate the worker.,False,2025-07-04
899,450,Worker,3821,Booking,A new booking request is waiting for your response.,True,2025-10-14
900,450,Employer,428,Booking,Your booking request is pending.,False,2025-10-14
901,451,Worker,259,Booking,Job completed successfully. Payment will be processed shortly.,True,2025-11-18
902,451,Employer,292,Booking,Your service has been completed. Please rate the worker.,False,2025-11-18
903,452,Worker,1058,Booking,A new booking request is waiting for your response.,False,2025-01-24
904,452,Employer,89,Booking,Your booking request is pending.,False,2025-01-24
905,453,Worker,5737,Booking,Job completed successfully. Payment will be processed shortly.,True,2025-06-14
906,453,Employer,442,Booking,Your service has been completed. Please rate the worker.,False,2025-06-14
907,454,Worker,2378,Booking,Job completed successfully. Payment will be processed shortly.,True,2025-05-08
908,454,Employer,171,Booking,Your service has been completed. Please rate the worker.,False,2025-05-08
909,455,Worker,5427,Booking,Job completed successfully. Payment will be processed shortly.,False,2025-03-17
910,455,Employer,292,Booking,Your service has been completed. Please rate the worker.,False,2025-03-17
911,456,Worker,4618,Booking,You have accepted a new booking.,True,2025-08-05
912,456,Employer,7,Booking,A worker has accepted your booking.,False,2025-08-05
913,457,Worker,5896,Booking,Job completed successfully. Payment will be processed shortly.,True,2025-04-14
914,457,Employer,344,Booking,Your service has been completed. Please rate the worker.,False,2025-04-14
915,458,Worker,3078,Booking,Job completed successfully. Payment will be processed shortly.,True,2025-07-28
916,458,Employer,23,Booking,Your service has been completed. Please rate the worker.,True,2025-07-28
917,459,Worker,4476,Booking,The booking has been cancelled.,True,2025-09-08
918,459,Employer,66,Booking,Your booking has been cancelled.,True,2025-09-08
919,460,Worker,4000,Booking,You have accepted a new booking.,True,2025-08-22
920,460,Employer,176,Booking,A worker has accepted your booking.,False,2025-08-22
921,461,Worker,3317,Booking,A new booking request is waiting for your response.,True,2025-02-23
922,461,Employer,12,Booking,Your booking request is pending.,False,2025-02-23
923,462,Worker,5328,Booking,Job completed successfully. Payment will be processed shortly.,True,2025-02-01
924,462,Employer,154,Booking,Your service has been completed. Please rate the worker.,False,2025-02-01
925,463,Worker,2235,Booking,You have accepted a new booking.,True,2025-07-23
926,463,Employer,475,Booking,A worker has accepted your booking.,True,2025-07-23
927,464,Worker,481,Booking,You have accepted a new booking.,True,2025-01-08
928,464,Employer,389,Booking,A worker has accepted your booking.,False,2025-01-08
929,465,Worker,3096,Booking,Job completed successfully. Payment will be processed shortly.,True,2025-09-06
930,465,Employer,134,Booking,Your service has been completed. Please rate the worker.,True,2025-09-06
931,466,Worker,4599,Booking,You have accepted a new booking.,True,2025-04-18
932,466,Employer,140,Booking,A worker has accepted your booking.,False,2025-04-18
933,467,Worker,2403,Booking,You have accepted a new booking.,False,2025-03-13
934,467,Employer,17,Booking,A worker has accepted your booking.,True,2025-03-13
935,468,Worker,3691,Booking,Job completed successfully. Payment will be processed shortly.,True,2025-07-18
936,468,Employer,232,Booking,Your service has been completed. Please rate the worker.,False,2025-07-18
937,469,Worker,1302,Booking,You have accepted a new booking.,True,2025-09-28
938,469,Employer,16,Booking,A worker has accepted your booking.,False,2025-09-28
939,470,Worker,5422,Booking,You have accepted a new booking.,False,2025-04-07
940,470,Employer,2,Booking,A worker has accepted your booking.,False,2025-04-07
941,471,Worker,6050,Booking,You have accepted a new booking.,True,2025-10-16
942,471,Employer,312,Booking,A worker has accepted your booking.,True,2025-10-16
943,472,Worker,5922,Booking,Job completed successfully. Payment will be processed shortly.,False,2025-10-10
944,472,Employer,285,Booking,Your service has been completed. Please rate the worker.,False,2025-10-10
945,473,Worker,2575,Booking,Job completed successfully. Payment will be processed shortly.,False,2025-09-09
946,473,Employer,119,Booking,Your service has been completed. Please rate the worker.,False,2025-09-09
947,474,Worker,3513,Booking,A new booking request is waiting for your response.,True,2025-06-07
948,474,Employer,375,Booking,Your booking request is pending.,True,2025-06-07
949,475,Worker,6425,Booking,Job completed successfully. Payment will be processed shortly.,False,2025-05-28
950,475,Employer,359,Booking,Your service has been completed. Please rate the worker.,True,2025-05-28
951,476,Worker,983,Booking,Job completed successfully. Payment will be processed shortly.,False,2025-10-21
952,476,Employer,400,Booking,Your service has been completed. Please rate the worker.,False,2025-10-21
953,477,Worker,3067,Booking,Job completed successfully. Payment will be processed shortly.,False,2025-02-23
954,477,Employer,80,Booking,Your service has been completed. Please rate the worker.,True,2025-02-23
955,478,Worker,3295,Booking,Job completed successfully. Payment will be processed shortly.,False,2025-05-21
956,478,Employer,374,Booking,Your service has been completed. Please rate the worker.,False,2025-05-21
957,479,Worker,967,Booking,You have accepted a new booking.,True,2025-07-02
958,479,Employer,85,Booking,A worker has accepted your booking.,True,2025-07-02
959,480,Worker,4650,Booking,You have accepted a new booking.,True,2025-02-04
960,480,Employer,439,Booking,A worker has accepted your booking.,False,2025-02-04
961,481,Worker,2136,Booking,Job completed successfully. Payment will be processed shortly.,True,2025-05-06
962,481,Employer,467,Booking,Your service has been completed. Please rate the worker.,False,2025-05-06
963,482,Worker,5804,Booking,You have accepted a new booking.,True,2025-05-24
964,482,Employer,155,Booking,A worker has accepted your booking.,True,2025-05-24
965,483,Worker,6272,Booking,Job completed successfully. Payment will be processed shortly.,True,2025-12-06
966,483,Employer,269,Booking,Your service has been completed. Please rate the worker.,False,2025-12-06
967,484,Worker,621,Booking,You have accepted a new booking.,False,2025-05-20
968,484,Employer,447,Booking,A worker has accepted your booking.,True,2025-05-20
969,485,Worker,3395,Booking,Job completed successfully. Payment will be processed shortly.,False,2025-04-15
970,485,Employer,359,Booking,Your service has been completed. Please rate the worker.,True,2025-04-15
971,486,Worker,3234,Booking,Job completed successfully. Payment will be processed shortly.,True,2025-12-15
972,486,Employer,77,Booking,Your service has been completed. Please rate the worker.,True,2025-12-15
973,487,Worker,669,Booking,The booking has been cancelled.,True,2025-10-08
974,487,Employer,453,Booking,Your booking has been cancelled.,False,2025-10-08
975,488,Worker,429,Booking,You have accepted a new booking.,False,2025-04-16
976,488,Employer,86,Booking,A worker has accepted your booking.,True,2025-04-16
977,489,Worker,4048,Booking,You have accepted a new booking.,True,2025-02-26
978,489,Employer,283,Booking,A worker has accepted your booking.,False,2025-02-26
979,490,Worker,2310,Booking,You have accepted a new booking.,True,2025-08-16
980,490,Employer,26,Booking,A worker has accepted your booking.,True,2025-08-16
981,491,Worker,929,Booking,You have accepted a new booking.,True,2025-02-28
982,491,Employer,2,Booking,A worker has accepted your booking.,True,2025-02-28
983,492,Worker,2798,Booking,Job completed successfully. Payment will be processed shortly.,False,2025-04-01
984,492,Employer,65,Booking,Your service has been completed. Please rate the worker.,True,2025-04-01
985,493,Worker,2969,Booking,Job completed successfully. Payment will be processed shortly.,False,2025-03-22
986,493,Employer,297,Booking,Your service has been completed. Please rate the worker.,False,2025-03-22
987,494,Worker,3672,Booking,A new booking request is waiting for your response.,True,2025-07-02
988,494,Employer,19,Booking,Your booking request is pending.,True,2025-07-02
989,495,Worker,5877,Booking,Job completed successfully. Payment will be processed shortly.,False,2025-10-19
990,495,Employer,490,Booking,Your service has been completed. Please rate the worker.,True,2025-10-19
991,496,Worker,6141,Booking,A new booking request is waiting for your response.,True,2025-10-20
992,496,Employer,142,Booking,Your booking request is pending.,True,2025-10-20
993,497,Worker,1665,Booking,Job completed successfully. Payment will be processed shortly.,False,2025-01-04
994,497,Employer,356,Booking,Your service has been completed. Please rate the worker.,True,2025-01-04
995,498,Worker,4547,Booking,A new booking request is waiting for your response.,True,2025-04-23
996,498,Employer,363,Booking,Your booking request is pending.,False,2025-04-23
997,499,Worker,439,Booking,Job completed successfully. Payment will be processed shortly.,False,2025-03-12
998,499,Employer,480,Booking,Your service has been completed. Please rate the worker.,False,2025-03-12
999,500,Worker,2881,Booking,Job completed successfully. Payment will be processed shortly.,True,2025-01-06
1000,500,Employer,500,Booking,Your service has been completed. Please rate the worker.,True,2025-01-06
1001,501,Worker,1049,Booking,Job completed successfully. Payment will be processed shortly.,False,2025-10-22
1002,501,Employer,5,Booking,Your service has been completed. Please rate the worker.,True,2025-10-22
1003,502,Worker,3059,Booking,You have accepted a new booking.,True,2025-08-14
1004,502,Employer,361,Booking,A worker has accepted your booking.,False,2025-08-14
1005,503,Worker,702,Booking,Job completed successfully. Payment will be processed shortly.,False,2025-11-28
1006,503,Employer,318,Booking,Your service has been completed. Please rate the worker.,True,2025-11-28
1007,504,Worker,5456,Booking,You have accepted a new booking.,False,2025-08-23
1008,504,Employer,363,Booking,A worker has accepted your booking.,True,2025-08-23
1009,505,Worker,4011,Booking,Job completed successfully. Payment will be processed shortly.,True,2025-12-07
1010,505,Employer,490,Booking,Your service has been completed. Please rate the worker.,True,2025-12-07
1011,506,Worker,2555,Booking,Job completed successfully. Payment will be processed shortly.,False,2025-01-20
1012,506,Employer,32,Booking,Your service has been completed. Please rate the worker.,False,2025-01-20
1013,507,Worker,203,Booking,The booking has been cancelled.,False,2025-12-08
1014,507,Employer,445,Booking,Your booking has been cancelled.,True,2025-12-08
1015,508,Worker,641,Booking,Job completed successfully. Payment will be processed shortly.,True,2025-03-25
1016,508,Employer,206,Booking,Your service has been completed. Please rate the worker.,False,2025-03-25
1017,509,Worker,5030,Booking,Job completed successfully. Payment will be processed shortly.,True,2025-06-24
1018,509,Employer,435,Booking,Your service has been completed. Please rate the worker.,False,2025-06-24
1019,510,Worker,1518,Booking,Job completed successfully. Payment will be processed shortly.,True,2025-05-18
1020,510,Employer,242,Booking,Your service has been completed. Please rate the worker.,False,2025-05-18
1021,511,Worker,5351,Booking,You have accepted a new booking.,True,2025-06-22
1022,511,Employer,243,Booking,A worker has accepted your booking.,False,2025-06-22
1023,512,Worker,1977,Booking,You have accepted a new booking.,False,2025-01-24
1024,512,Employer,453,Booking,A worker has accepted your booking.,False,2025-01-24
1025,513,Worker,3978,Booking,You have accepted a new booking.,False,2025-12-17
1026,513,Employer,463,Booking,A worker has accepted your booking.,False,2025-12-17
1027,514,Worker,6118,Booking,Job completed successfully. Payment will be processed shortly.,False,2025-06-14
1028,514,Employer,308,Booking,Your service has been completed. Please rate the worker.,False,2025-06-14
1029,515,Worker,2214,Booking,Job completed successfully. Payment will be processed shortly.,False,2025-11-08
1030,515,Employer,481,Booking,Your service has been completed. Please rate the worker.,False,2025-11-08
1031,516,Worker,2290,Booking,A new booking request is waiting for your response.,True,2025-09-10
1032,516,Employer,370,Booking,Your booking request is pending.,False,2025-09-10
1033,517,Worker,6427,Booking,Job completed successfully. Payment will be processed shortly.,False,2025-10-31
1034,517,Employer,333,Booking,Your service has been completed. Please rate the worker.,False,2025-10-31
1035,518,Worker,1373,Booking,Job completed successfully. Payment will be processed shortly.,False,2025-12-20
1036,518,Employer,28,Booking,Your service has been completed. Please rate the worker.,True,2025-12-20
1037,519,Worker,2616,Booking,The booking has been cancelled.,True,2025-11-26
1038,519,Employer,317,Booking,Your booking has been cancelled.,False,2025-11-26
1039,520,Worker,4541,Booking,Job completed successfully. Payment will be processed shortly.,True,2025-05-08
1040,520,Employer,409,Booking,Your service has been completed. Please rate the worker.,True,2025-05-08
1041,521,Worker,2768,Booking,You have accepted a new booking.,True,2025-05-04
1042,521,Employer,103,Booking,A worker has accepted your booking.,True,2025-05-04
1043,522,Worker,3898,Booking,A new booking request is waiting for your response.,False,2025-08-03
1044,522,Employer,106,Booking,Your booking request is pending.,False,2025-08-03
1045,523,Worker,2622,Booking,Job completed successfully. Payment will be processed shortly.,True,2025-03-31
1046,523,Employer,183,Booking,Your service has been completed. Please rate the worker.,True,2025-03-31
1047,524,Worker,2033,Booking,Job completed successfully. Payment will be processed shortly.,False,2025-01-11
1048,524,Employer,323,Booking,Your service has been completed. Please rate the worker.,True,2025-01-11
1049,525,Worker,2957,Booking,Job completed successfully. Payment will be processed shortly.,False,2025-04-18
1050,525,Employer,183,Booking,Your service has been completed. Please rate the worker.,True,2025-04-18
1051,526,Worker,1596,Booking,Job completed successfully. Payment will be processed shortly.,True,2025-01-06
1052,526,Employer,97,Booking,Your service has been completed. Please rate the worker.,False,2025-01-06
1053,527,Worker,3904,Booking,You have accepted a new booking.,False,2025-06-09
1054,527,Employer,410,Booking,A worker has accepted your booking.,False,2025-06-09
1055,528,Worker,5074,Booking,You have accepted a new booking.,True,2025-03-20
1056,528,Employer,188,Booking,A worker has accepted your booking.,False,2025-03-20
1057,529,Worker,6115,Booking,A new booking request is waiting for your response.,False,2025-09-25
1058,529,Employer,4,Booking,Your booking request is pending.,True,2025-09-25
1059,530,Worker,869,Booking,Job completed successfully. Payment will be processed shortly.,True,2025-03-12
1060,530,Employer,273,Booking,Your service has been completed. Please rate the worker.,True,2025-03-12
1061,531,Worker,9,Booking,Job completed successfully. Payment will be processed shortly.,False,2025-04-08
1062,531,Employer,74,Booking,Your service has been completed. Please rate the worker.,True,2025-04-08
1063,532,Worker,6167,Booking,You have accepted a new booking.,True,2025-09-30
1064,532,Employer,215,Booking,A worker has accepted your booking.,True,2025-09-30
1065,533,Worker,619,Booking,Job completed successfully. Payment will be processed shortly.,False,2025-01-01
1066,533,Employer,91,Booking,Your service has been completed. Please rate the worker.,True,2025-01-01
1067,534,Worker,799,Booking,The booking has been cancelled.,False,2025-03-11
1068,534,Employer,130,Booking,Your booking has been cancelled.,False,2025-03-11
1069,535,Worker,2796,Booking,You have accepted a new booking.,False,2025-07-30
1070,535,Employer,272,Booking,A worker has accepted your booking.,False,2025-07-30
1071,536,Worker,220,Booking,Job completed successfully. Payment will be processed shortly.,False,2025-08-13
1072,536,Employer,472,Booking,Your service has been completed. Please rate the worker.,False,2025-08-13
1073,537,Worker,3762,Booking,A new booking request is waiting for your response.,False,2025-06-11
1074,537,Employer,280,Booking,Your booking request is pending.,False,2025-06-11
1075,538,Worker,6437,Booking,Job completed successfully. Payment will be processed shortly.,False,2025-09-22
1076,538,Employer,423,Booking,Your service has been completed. Please rate the worker.,True,2025-09-22
1077,539,Worker,702,Booking,Job completed successfully. Payment will be processed shortly.,False,2025-10-14
1078,539,Employer,162,Booking,Your service has been completed. Please rate the worker.,False,2025-10-14
1079,540,Worker,307,Booking,You have accepted a new booking.,True,2025-01-23
1080,540,Employer,279,Booking,A worker has accepted your booking.,True,2025-01-23
1081,541,Worker,5970,Booking,Job completed successfully. Payment will be processed shortly.,False,2025-09-29
1082,541,Employer,296,Booking,Your service has been completed. Please rate the worker.,True,2025-09-29
1083,542,Worker,365,Booking,Job completed successfully. Payment will be processed shortly.,False,2025-03-07
1084,542,Employer,152,Booking,Your service has been completed. Please rate the worker.,True,2025-03-07
1085,543,Worker,5069,Booking,Job completed successfully. Payment will be processed shortly.,False,2025-02-02
1086,543,Employer,379,Booking,Your service has been completed. Please rate the worker.,True,2025-02-02
1087,544,Worker,2353,Booking,Job completed successfully. Payment will be processed shortly.,False,2025-08-21
1088,544,Employer,166,Booking,Your service has been completed. Please rate the worker.,False,2025-08-21
1089,545,Worker,2863,Booking,Job completed successfully. Payment will be processed shortly.,False,2025-12-31
1090,545,Employer,426,Booking,Your service has been completed. Please rate the worker.,True,2025-12-31
1091,546,Worker,1581,Booking,Job completed successfully. Payment will be processed shortly.,False,2025-11-26
1092,546,Employer,179,Booking,Your service has been completed. Please rate the worker.,True,2025-11-26
1093,547,Worker,1186,Booking,Job completed successfully. Payment will be processed shortly.,False,2025-12-21
1094,547,Employer,169,Booking,Your service has been completed. Please rate the worker.,False,2025-12-21
1095,548,Worker,6124,Booking,You have accepted a new booking.,False,2025-07-24
1096,548,Employer,252,Booking,A worker has accepted your booking.,False,2025-07-24
1097,549,Worker,2012,Booking,Job completed successfully. Payment will be processed shortly.,False,2025-02-28
1098,549,Employer,96,Booking,Your service has been completed. Please rate the worker.,True,2025-02-28
1099,550,Worker,991,Booking,You have accepted a new booking.,True,2025-01-05
1100,550,Employer,170,Booking,A worker has accepted your booking.,False,2025-01-05
1101,551,Worker,4550,Booking,Job completed successfully. Payment will be processed shortly.,False,2025-04-02
1102,551,Employer,459,Booking,Your service has been completed. Please rate the worker.,False,2025-04-02
1103,552,Worker,1509,Booking,Job completed successfully. Payment will be processed shortly.,True,2025-05-05
1104,552,Employer,216,Booking,Your service has been completed. Please rate the worker.,False,2025-05-05
1105,553,Worker,5198,Booking,Job completed successfully. Payment will be processed shortly.,False,2025-06-13
1106,553,Employer,296,Booking,Your service has been completed. Please rate the worker.,False,2025-06-13
1107,554,Worker,4636,Booking,You have accepted a new booking.,False,2025-12-08
1108,554,Employer,123,Booking,A worker has accepted your booking.,False,2025-12-08
1109,555,Worker,5683,Booking,Job completed successfully. Payment will be processed shortly.,False,2025-11-08
1110,555,Employer,34,Booking,Your service has been completed. Please rate the worker.,False,2025-11-08
1111,556,Worker,3337,Booking,Job completed successfully. Payment will be processed shortly.,True,2025-10-22
1112,556,Employer,351,Booking,Your service has been completed. Please rate the worker.,False,2025-10-22
1113,557,Worker,827,Booking,You have accepted a new booking.,True,2025-01-11
1114,557,Employer,313,Booking,A worker has accepted your booking.,True,2025-01-11
1115,558,Worker,4828,Booking,Job completed successfully. Payment will be processed shortly.,False,2025-02-05
1116,558,Employer,146,Booking,Your service has been completed. Please rate the worker.,True,2025-02-05
1117,559,Worker,1842,Booking,You have accepted a new booking.,True,2025-01-07
1118,559,Employer,172,Booking,A worker has accepted your booking.,True,2025-01-07
1119,560,Worker,943,Booking,Job completed successfully. Payment will be processed shortly.,True,2025-06-11
1120,560,Employer,467,Booking,Your service has been completed. Please rate the worker.,True,2025-06-11
1121,561,Worker,683,Booking,A new booking request is waiting for your response.,False,2025-03-06
1122,561,Employer,2,Booking,Your booking request is pending.,False,2025-03-06
1123,562,Worker,3120,Booking,Job completed successfully. Payment will be processed shortly.,False,2025-10-15
1124,562,Employer,245,Booking,Your service has been completed. Please rate the worker.,False,2025-10-15
1125,563,Worker,5195,Booking,Job completed successfully. Payment will be processed shortly.,False,2025-11-25
1126,563,Employer,44,Booking,Your service has been completed. Please rate the worker.,True,2025-11-25
1127,564,Worker,5790,Booking,Job completed successfully. Payment will be processed shortly.,False,2025-07-25
1128,564,Employer,159,Booking,Your service has been completed. Please rate the worker.,True,2025-07-25
1129,565,Worker,3378,Booking,Job completed successfully. Payment will be processed shortly.,True,2025-04-11
1130,565,Employer,59,Booking,Your service has been completed. Please rate the worker.,False,2025-04-11
1131,566,Worker,4807,Booking,Job completed successfully. Payment will be processed shortly.,True,2025-11-23
1132,566,Employer,287,Booking,Your service has been completed. Please rate the worker.,True,2025-11-23
1133,567,Worker,3350,Booking,A new booking request is waiting for your response.,False,2025-06-17
1134,567,Employer,58,Booking,Your booking request is pending.,True,2025-06-17
1135,568,Worker,331,Booking,Job completed successfully. Payment will be processed shortly.,False,2025-01-26
1136,568,Employer,267,Booking,Your service has been completed. Please rate the worker.,False,2025-01-26
1137,569,Worker,278,Booking,Job completed successfully. Payment will be processed shortly.,False,2025-03-22
1138,569,Employer,72,Booking,Your service has been completed. Please rate the worker.,True,2025-03-22
1139,570,Worker,4791,Booking,Job completed successfully. Payment will be processed shortly.,True,2025-07-06
1140,570,Employer,63,Booking,Your service has been completed. Please rate the worker.,True,2025-07-06
1141,571,Worker,4234,Booking,Job completed successfully. Payment will be processed shortly.,True,2025-04-22
1142,571,Employer,367,Booking,Your service has been completed. Please rate the worker.,True,2025-04-22
1143,572,Worker,1312,Booking,You have accepted a new booking.,False,2025-10-01
1144,572,Employer,145,Booking,A worker has accepted your booking.,True,2025-10-01
1145,573,Worker,2815,Booking,Job completed successfully. Payment will be processed shortly.,False,2025-12-20
1146,573,Employer,363,Booking,Your service has been completed. Please rate the worker.,True,2025-12-20
1147,574,Worker,1292,Booking,Job completed successfully. Payment will be processed shortly.,False,2025-12-09
1148,574,Employer,407,Booking,Your service has been completed. Please rate the worker.,False,2025-12-09
1149,575,Worker,2833,Booking,The booking has been cancelled.,False,2025-07-01
1150,575,Employer,191,Booking,Your booking has been cancelled.,True,2025-07-01
1151,576,Worker,5969,Booking,You have accepted a new booking.,False,2025-07-07
1152,576,Employer,80,Booking,A worker has accepted your booking.,True,2025-07-07
1153,577,Worker,2839,Booking,Job completed successfully. Payment will be processed shortly.,True,2025-01-17
1154,577,Employer,139,Booking,Your service has been completed. Please rate the worker.,True,2025-01-17
1155,578,Worker,3029,Booking,A new booking request is waiting for your response.,True,2025-06-17
1156,578,Employer,457,Booking,Your booking request is pending.,False,2025-06-17
1157,579,Worker,6226,Booking,Job completed successfully. Payment will be processed shortly.,False,2025-04-17
1158,579,Employer,308,Booking,Your service has been completed. Please rate the worker.,True,2025-04-17
1159,580,Worker,1402,Booking,Job completed successfully. Payment will be processed shortly.,True,2025-06-13
1160,580,Employer,284,Booking,Your service has been completed. Please rate the worker.,False,2025-06-13
1161,581,Worker,3608,Booking,A new booking request is waiting for your response.,False,2025-07-10
1162,581,Employer,482,Booking,Your booking request is pending.,True,2025-07-10
1163,582,Worker,3056,Booking,Job completed successfully. Payment will be processed shortly.,False,2025-04-13
1164,582,Employer,326,Booking,Your service has been completed. Please rate the worker.,False,2025-04-13
1165,583,Worker,4180,Booking,The booking has been cancelled.,False,2025-12-11
1166,583,Employer,375,Booking,Your booking has been cancelled.,False,2025-12-11
1167,584,Worker,6183,Booking,Job completed successfully. Payment will be processed shortly.,True,2025-08-19
1168,584,Employer,419,Booking,Your service has been completed. Please rate the worker.,True,2025-08-19
1169,585,Worker,1801,Booking,You have accepted a new booking.,True,2025-02-15
1170,585,Employer,438,Booking,A worker has accepted your booking.,False,2025-02-15
1171,586,Worker,4567,Booking,A new booking request is waiting for your response.,True,2025-04-27
1172,586,Employer,335,Booking,Your booking request is pending.,True,2025-04-27
1173,587,Worker,6174,Booking,Job completed successfully. Payment will be processed shortly.,False,2025-05-23
1174,587,Employer,59,Booking,Your service has been completed. Please rate the worker.,False,2025-05-23
1175,588,Worker,1313,Booking,Job completed successfully. Payment will be processed shortly.,True,2025-02-03
1176,588,Employer,459,Booking,Your service has been completed. Please rate the worker.,True,2025-02-03
1177,589,Worker,5929,Booking,Job completed successfully. Payment will be processed shortly.,True,2025-02-17
1178,589,Employer,458,Booking,Your service has been completed. Please rate the worker.,False,2025-02-17
1179,590,Worker,1263,Booking,Job completed successfully. Payment will be processed shortly.,False,2025-06-15
1180,590,Employer,26,Booking,Your service has been completed. Please rate the worker.,True,2025-06-15
1181,591,Worker,5436,Booking,You have accepted a new booking.,False,2025-01-20
1182,591,Employer,274,Booking,A worker has accepted your booking.,True,2025-01-20
1183,592,Worker,3871,Booking,A new booking request is waiting for your response.,False,2025-10-01
1184,592,Employer,335,Booking,Your booking request is pending.,True,2025-10-01
1185,593,Worker,5735,Booking,You have accepted a new booking.,True,2025-07-26
1186,593,Employer,156,Booking,A worker has accepted your booking.,False,2025-07-26
1187,594,Worker,6186,Booking,Job completed successfully. Payment will be processed shortly.,False,2025-05-22
1188,594,Employer,395,Booking,Your service has been completed. Please rate the worker.,False,2025-05-22
1189,595,Worker,2595,Booking,You have accepted a new booking.,False,2025-02-02
1190,595,Employer,96,Booking,A worker has accepted your booking.,False,2025-02-02
1191,596,Worker,1093,Booking,You have accepted a new booking.,False,2025-10-01
1192,596,Employer,4,Booking,A worker has accepted your booking.,True,2025-10-01
1193,597,Worker,2741,Booking,Job completed successfully. Payment will be processed shortly.,False,2025-01-15
1194,597,Employer,197,Booking,Your service has been completed. Please rate the worker.,False,2025-01-15
1195,598,Worker,4758,Booking,You have accepted a new booking.,False,2025-04-13
1196,598,Employer,480,Booking,A worker has accepted your booking.,True,2025-04-13
1197,599,Worker,1002,Booking,A new booking request is waiting for your response.,True,2025-08-03
1198,599,Employer,12,Booking,Your booking request is pending.,True,2025-08-03
1199,600,Worker,6124,Booking,Job completed successfully. Payment will be processed shortly.,False,2025-09-18
1200,600,Employer,10,Booking,Your service has been completed. Please rate the worker.,True,2025-09-18
1201,601,Worker,3231,Booking,Job completed successfully. Payment will be processed shortly.,False,2025-08-12
1202,601,Employer,434,Booking,Your service has been completed. Please rate the worker.,False,2025-08-12
1203,602,Worker,5215,Booking,You have accepted a new booking.,False,2025-04-07
1204,602,Employer,32,Booking,A worker has accepted your booking.,True,2025-04-07
1205,603,Worker,193,Booking,You have accepted a new booking.,True,2025-07-05
1206,603,Employer,153,Booking,A worker has accepted your booking.,False,2025-07-05
1207,604,Worker,2138,Booking,Job completed successfully. Payment will be processed shortly.,True,2025-12-11
1208,604,Employer,457,Booking,Your service has been completed. Please rate the worker.,False,2025-12-11
1209,605,Worker,2311,Booking,Job completed successfully. Payment will be processed shortly.,False,2025-06-19
1210,605,Employer,411,Booking,Your service has been completed. Please rate the worker.,False,2025-06-19
1211,606,Worker,2061,Booking,Job completed successfully. Payment will be processed shortly.,True,2025-12-26
1212,606,Employer,169,Booking,Your service has been completed. Please rate the worker.,False,2025-12-26
1213,607,Worker,4779,Booking,Job completed successfully. Payment will be processed shortly.,False,2025-11-27
1214,607,Employer,298,Booking,Your service has been completed. Please rate the worker.,False,2025-11-27
1215,608,Worker,4196,Booking,Job completed successfully. Payment will be processed shortly.,False,2025-09-03
1216,608,Employer,384,Booking,Your service has been completed. Please rate the worker.,False,2025-09-03
1217,609,Worker,3866,Booking,Job completed successfully. Payment will be processed shortly.,True,2026-01-01
1218,609,Employer,337,Booking,Your service has been completed. Please rate the worker.,True,2026-01-01
1219,610,Worker,4070,Booking,Job completed successfully. Payment will be processed shortly.,False,2025-02-25
1220,610,Employer,247,Booking,Your service has been completed. Please rate the worker.,True,2025-02-25
1221,611,Worker,5539,Booking,Job completed successfully. Payment will be processed shortly.,True,2025-02-10
1222,611,Employer,18,Booking,Your service has been completed. Please rate the worker.,False,2025-02-10
1223,612,Worker,4250,Booking,Job completed successfully. Payment will be processed shortly.,True,2025-12-27
1224,612,Employer,489,Booking,Your service has been completed. Please rate the worker.,False,2025-12-27
1225,613,Worker,3192,Booking,Job completed successfully. Payment will be processed shortly.,False,2025-11-23
1226,613,Employer,430,Booking,Your service has been completed. Please rate the worker.,False,2025-11-23
1227,614,Worker,4853,Booking,The booking has been cancelled.,True,2025-04-17
1228,614,Employer,102,Booking,Your booking has been cancelled.,True,2025-04-17
1229,615,Worker,427,Booking,Job completed successfully. Payment will be processed shortly.,False,2025-11-13
1230,615,Employer,423,Booking,Your service has been completed. Please rate the worker.,False,2025-11-13
1231,616,Worker,86,Booking,A new booking request is waiting for your response.,False,2025-12-07
1232,616,Employer,43,Booking,Your booking request is pending.,False,2025-12-07
1233,617,Worker,3822,Booking,A new booking request is waiting for your response.,True,2025-02-25
1234,617,Employer,165,Booking,Your booking request is pending.,True,2025-02-25
1235,618,Worker,5610,Booking,Job completed successfully. Payment will be processed shortly.,False,2025-04-29
1236,618,Employer,404,Booking,Your service has been completed. Please rate the worker.,True,2025-04-29
1237,619,Worker,751,Booking,You have accepted a new booking.,False,2025-01-17
1238,619,Employer,109,Booking,A worker has accepted your booking.,False,2025-01-17
1239,620,Worker,3062,Booking,Job completed successfully. Payment will be processed shortly.,True,2025-04-06
1240,620,Employer,99,Booking,Your service has been completed. Please rate the worker.,False,2025-04-06
1241,621,Worker,3639,Booking,You have accepted a new booking.,False,2025-10-08
1242,621,Employer,139,Booking,A worker has accepted your booking.,False,2025-10-08
1243,622,Worker,4697,Booking,Job completed successfully. Payment will be processed shortly.,False,2025-07-25
1244,622,Employer,335,Booking,Your service has been completed. Please rate the worker.,False,2025-07-25
1245,623,Worker,1784,Booking,Job completed successfully. Payment will be processed shortly.,False,2025-03-14
1246,623,Employer,226,Booking,Your service has been completed. Please rate the worker.,True,2025-03-14
1247,624,Worker,4355,Booking,Job completed successfully. Payment will be processed shortly.,False,2025-05-28
1248,624,Employer,390,Booking,Your service has been completed. Please rate the worker.,True,2025-05-28
1249,625,Worker,1604,Booking,The booking has been cancelled.,True,2025-03-13
1250,625,Employer,479,Booking,Your booking has been cancelled.,True,2025-03-13
1251,626,Worker,5252,Booking,Job completed successfully. Payment will be processed shortly.,True,2025-01-10
1252,626,Employer,167,Booking,Your service has been completed. Please rate the worker.,True,2025-01-10
1253,627,Worker,5998,Booking,You have accepted a new booking.,True,2025-11-26
1254,627,Employer,10,Booking,A worker has accepted your booking.,True,2025-11-26
1255,628,Worker,376,Booking,Job completed successfully. Payment will be processed shortly.,True,2025-09-03
1256,628,Employer,289,Booking,Your service has been completed. Please rate the worker.,False,2025-09-03
1257,629,Worker,6070,Booking,Job completed successfully. Payment will be processed shortly.,True,2025-09-17
1258,629,Employer,391,Booking,Your service has been completed. Please rate the worker.,True,2025-09-17
1259,630,Worker,2330,Booking,Job completed successfully. Payment will be processed shortly.,False,2025-12-27
1260,630,Employer,37,Booking,Your service has been completed. Please rate the worker.,True,2025-12-27
1261,631,Worker,1939,Booking,Job completed successfully. Payment will be processed shortly.,True,2025-01-16
1262,631,Employer,466,Booking,Your service has been completed. Please rate the worker.,True,2025-01-16
1263,632,Worker,1624,Booking,You have accepted a new booking.,False,2025-11-28
1264,632,Employer,125,Booking,A worker has accepted your booking.,False,2025-11-28
1265,633,Worker,6458,Booking,Job completed successfully. Payment will be processed shortly.,True,2025-04-06
1266,633,Employer,10,Booking,Your service has been completed. Please rate the worker.,True,2025-04-06
1267,634,Worker,3684,Booking,Job completed successfully. Payment will be processed shortly.,True,2025-09-23
1268,634,Employer,240,Booking,Your service has been completed. Please rate the worker.,True,2025-09-23
1269,635,Worker,5977,Booking,You have accepted a new booking.,False,2025-06-14
1270,635,Employer,216,Booking,A worker has accepted your booking.,True,2025-06-14
1271,636,Worker,1827,Booking,A new booking request is waiting for your response.,False,2025-04-29
1272,636,Employer,112,Booking,Your booking request is pending.,True,2025-04-29
1273,637,Worker,755,Booking,Job completed successfully. Payment will be processed shortly.,True,2025-11-20
1274,637,Employer,478,Booking,Your service has been completed. Please rate the worker.,True,2025-11-20
1275,638,Worker,2313,Booking,Job completed successfully. Payment will be processed shortly.,True,2025-07-28
1276,638,Employer,314,Booking,Your service has been completed. Please rate the worker.,True,2025-07-28
1277,639,Worker,4201,Booking,A new booking request is waiting for your response.,False,2025-12-30
1278,639,Employer,416,Booking,Your booking request is pending.,True,2025-12-30
1279,640,Worker,6434,Booking,You have accepted a new booking.,False,2025-07-20
1280,640,Employer,2,Booking,A worker has accepted your booking.,False,2025-07-20
1281,641,Worker,5342,Booking,Job completed successfully. Payment will be processed shortly.,True,2025-11-01
1282,641,Employer,325,Booking,Your service has been completed. Please rate the worker.,False,2025-11-01
1283,642,Worker,4120,Booking,Job completed successfully. Payment will be processed shortly.,True,2025-11-05
1284,642,Employer,88,Booking,Your service has been completed. Please rate the worker.,False,2025-11-05
1285,643,Worker,1122,Booking,You have accepted a new booking.,True,2025-12-20
1286,643,Employer,420,Booking,A worker has accepted your booking.,True,2025-12-20
1287,644,Worker,4283,Booking,You have accepted a new booking.,True,2025-06-18
1288,644,Employer,119,Booking,A worker has accepted your booking.,False,2025-06-18
1289,645,Worker,4914,Booking,A new booking request is waiting for your response.,True,2025-06-23
1290,645,Employer,391,Booking,Your booking request is pending.,True,2025-06-23
1291,646,Worker,5561,Booking,You have accepted a new booking.,True,2025-02-27
1292,646,Employer,137,Booking,A worker has accepted your booking.,True,2025-02-27
1293,647,Worker,6403,Booking,Job completed successfully. Payment will be processed shortly.,True,2025-07-01
1294,647,Employer,265,Booking,Your service has been completed. Please rate the worker.,True,2025-07-01
1295,648,Worker,420,Booking,Job completed successfully. Payment will be processed shortly.,False,2025-07-25
1296,648,Employer,472,Booking,Your service has been completed. Please rate the worker.,False,2025-07-25
1297,649,Worker,3148,Booking,A new booking request is waiting for your response.,True,2025-01-30
1298,649,Employer,253,Booking,Your booking request is pending.,True,2025-01-30
1299,650,Worker,473,Booking,Job completed successfully. Payment will be processed shortly.,False,2025-07-25
1300,650,Employer,79,Booking,Your service has been completed. Please rate the worker.,True,2025-07-25
1301,651,Worker,3581,Booking,Job completed successfully. Payment will be processed shortly.,True,2025-02-13
1302,651,Employer,391,Booking,Your service has been completed. Please rate the worker.,False,2025-02-13
1303,652,Worker,5785,Booking,You have accepted a new booking.,True,2025-09-07
1304,652,Employer,14,Booking,A worker has accepted your booking.,True,2025-09-07
1305,653,Worker,3269,Booking,Job completed successfully. Payment will be processed shortly.,False,2025-03-04
1306,653,Employer,8,Booking,Your service has been completed. Please rate the worker.,True,2025-03-04
1307,654,Worker,258,Booking,Job completed successfully. Payment will be processed shortly.,False,2025-01-21
1308,654,Employer,136,Booking,Your service has been completed. Please rate the worker.,False,2025-01-21
1309,655,Worker,5345,Booking,A new booking request is waiting for your response.,False,2025-08-05
1310,655,Employer,22,Booking,Your booking request is pending.,True,2025-08-05
1311,656,Worker,592,Booking,Job completed successfully. Payment will be processed shortly.,False,2025-05-03
1312,656,Employer,390,Booking,Your service has been completed. Please rate the worker.,False,2025-05-03
1313,657,Worker,4927,Booking,You have accepted a new booking.,True,2025-10-01
1314,657,Employer,418,Booking,A worker has accepted your booking.,True,2025-10-01
1315,658,Worker,3856,Booking,Job completed successfully. Payment will be processed shortly.,False,2025-04-16
1316,658,Employer,354,Booking,Your service has been completed. Please rate the worker.,True,2025-04-16
1317,659,Worker,1420,Booking,Job completed successfully. Payment will be processed shortly.,True,2025-06-14
1318,659,Employer,51,Booking,Your service has been completed. Please rate the worker.,True,2025-06-14
1319,660,Worker,3121,Booking,Job completed successfully. Payment will be processed shortly.,False,2025-09-03
1320,660,Employer,238,Booking,Your service has been completed. Please rate the worker.,True,2025-09-03
1321,661,Worker,3156,Booking,You have accepted a new booking.,False,2025-07-17
1322,661,Employer,420,Booking,A worker has accepted your booking.,False,2025-07-17
1323,662,Worker,3359,Booking,A new booking request is waiting for your response.,False,2025-11-19
1324,662,Employer,344,Booking,Your booking request is pending.,True,2025-11-19
1325,663,Worker,6413,Booking,Job completed successfully. Payment will be processed shortly.,False,2025-08-05
1326,663,Employer,210,Booking,Your service has been completed. Please rate the worker.,True,2025-08-05
1327,664,Worker,5089,Booking,You have accepted a new booking.,False,2025-06-06
1328,664,Employer,226,Booking,A worker has accepted your booking.,False,2025-06-06
1329,665,Worker,73,Booking,You have accepted a new booking.,True,2025-05-12
1330,665,Employer,47,Booking,A worker has accepted your booking.,True,2025-05-12
1331,666,Worker,2682,Booking,Job completed successfully. Payment will be processed shortly.,False,2025-01-14
1332,666,Employer,83,Booking,Your service has been completed. Please rate the worker.,False,2025-01-14
1333,667,Worker,5623,Booking,You have accepted a new booking.,True,2025-09-30
1334,667,Employer,386,Booking,A worker has accepted your booking.,True,2025-09-30
1335,668,Worker,1417,Booking,A new booking request is waiting for your response.,False,2025-07-19
1336,668,Employer,381,Booking,Your booking request is pending.,False,2025-07-19
1337,669,Worker,3628,Booking,Job completed successfully. Payment will be processed shortly.,False,2025-05-26
1338,669,Employer,73,Booking,Your service has been completed. Please rate the worker.,True,2025-05-26
1339,670,Worker,2360,Booking,Job completed successfully. Payment will be processed shortly.,False,2025-01-22
1340,670,Employer,100,Booking,Your service has been completed. Please rate the worker.,False,2025-01-22
1341,671,Worker,6226,Booking,Job completed successfully. Payment will be processed shortly.,True,2025-04-11
1342,671,Employer,181,Booking,Your service has been completed. Please rate the worker.,False,2025-04-11
1343,672,Worker,981,Booking,Job completed successfully. Payment will be processed shortly.,False,2025-07-30
1344,672,Employer,248,Booking,Your service has been completed. Please rate the worker.,False,2025-07-30
1345,673,Worker,4390,Booking,Job completed successfully. Payment will be processed shortly.,True,2025-03-06
1346,673,Employer,351,Booking,Your service has been completed. Please rate the worker.,False,2025-03-06
1347,674,Worker,3411,Booking,Job completed successfully. Payment will be processed shortly.,False,2025-09-27
1348,674,Employer,296,Booking,Your service has been completed. Please rate the worker.,True,2025-09-27
1349,675,Worker,1365,Booking,A new booking request is waiting for your response.,True,2025-09-29
1350,675,Employer,158,Booking,Your booking request is pending.,True,2025-09-29
1351,676,Worker,3909,Booking,You have accepted a new booking.,True,2025-06-29
1352,676,Employer,209,Booking,A worker has accepted your booking.,False,2025-06-29
1353,677,Worker,4256,Booking,A new booking request is waiting for your response.,True,2025-09-26
1354,677,Employer,479,Booking,Your booking request is pending.,True,2025-09-26
1355,678,Worker,4260,Booking,Job completed successfully. Payment will be processed shortly.,True,2025-09-21
1356,678,Employer,129,Booking,Your service has been completed. Please rate the worker.,True,2025-09-21
1357,679,Worker,818,Booking,The booking has been cancelled.,True,2025-08-04
1358,679,Employer,452,Booking,Your booking has been cancelled.,True,2025-08-04
1359,680,Worker,4815,Booking,Job completed successfully. Payment will be processed shortly.,True,2025-07-05
1360,680,Employer,262,Booking,Your service has been completed. Please rate the worker.,False,2025-07-05
1361,681,Worker,6139,Booking,You have accepted a new booking.,False,2025-07-18
1362,681,Employer,53,Booking,A worker has accepted your booking.,True,2025-07-18
1363,682,Worker,2573,Booking,You have accepted a new booking.,True,2025-01-02
1364,682,Employer,466,Booking,A worker has accepted your booking.,True,2025-01-02
1365,683,Worker,3913,Booking,A new booking request is waiting for your response.,False,2025-05-11
1366,683,Employer,341,Booking,Your booking request is pending.,False,2025-05-11
1367,684,Worker,3177,Booking,Job completed successfully. Payment will be processed shortly.,False,2025-01-26
1368,684,Employer,87,Booking,Your service has been completed. Please rate the worker.,False,2025-01-26
1369,685,Worker,5354,Booking,Job completed successfully. Payment will be processed shortly.,False,2025-06-16
1370,685,Employer,216,Booking,Your service has been completed. Please rate the worker.,False,2025-06-16
1371,686,Worker,228,Booking,Job completed successfully. Payment will be processed shortly.,True,2025-11-01
1372,686,Employer,206,Booking,Your service has been completed. Please rate the worker.,True,2025-11-01
1373,687,Worker,1939,Booking,You have accepted a new booking.,False,2025-12-30
1374,687,Employer,83,Booking,A worker has accepted your booking.,False,2025-12-30
1375,688,Worker,1686,Booking,Job completed successfully. Payment will be processed shortly.,True,2025-02-06
1376,688,Employer,1,Booking,Your service has been completed. Please rate the worker.,True,2025-02-06
1377,689,Worker,4269,Booking,Job completed successfully. Payment will be processed shortly.,True,2025-04-02
1378,689,Employer,131,Booking,Your service has been completed. Please rate the worker.,True,2025-04-02
1379,690,Worker,6099,Booking,Job completed successfully. Payment will be processed shortly.,False,2025-02-16
1380,690,Employer,293,Booking,Your service has been completed. Please rate the worker.,False,2025-02-16
1381,691,Worker,4936,Booking,Job completed successfully. Payment will be processed shortly.,False,2025-03-25
1382,691,Employer,394,Booking,Your service has been completed. Please rate the worker.,True,2025-03-25
1383,692,Worker,5499,Booking,Job completed successfully. Payment will be processed shortly.,True,2025-12-09
1384,692,Employer,286,Booking,Your service has been completed. Please rate the worker.,False,2025-12-09
1385,693,Worker,226,Booking,The booking has been cancelled.,False,2025-02-08
1386,693,Employer,225,Booking,Your booking has been cancelled.,True,2025-02-08
1387,694,Worker,3864,Booking,Job completed successfully. Payment will be processed shortly.,True,2025-03-09
1388,694,Employer,347,Booking,Your service has been completed. Please rate the worker.,True,2025-03-09
1389,695,Worker,1880,Booking,The booking has been cancelled.,False,2025-12-03
1390,695,Employer,168,Booking,Your booking has been cancelled.,False,2025-12-03
1391,696,Worker,6053,Booking,Job completed successfully. Payment will be processed shortly.,True,2025-01-01
1392,696,Employer,141,Booking,Your service has been completed. Please rate the worker.,True,2025-01-01
1393,697,Worker,1897,Booking,Job completed successfully. Payment will be processed shortly.,True,2025-01-18
1394,697,Employer,140,Booking,Your service has been completed. Please rate the worker.,False,2025-01-18
1395,698,Worker,998,Booking,Job completed successfully. Payment will be processed shortly.,True,2025-12-15
1396,698,Employer,36,Booking,Your service has been completed. Please rate the worker.,True,2025-12-15
1397,699,Worker,267,Booking,Job completed successfully. Payment will be processed shortly.,False,2025-02-16
1398,699,Employer,370,Booking,Your service has been completed. Please rate the worker.,False,2025-02-16
1399,700,Worker,4068,Booking,Job completed successfully. Payment will be processed shortly.,True,2025-05-08
1400,700,Employer,93,Booking,Your service has been completed. Please rate the worker.,True,2025-05-08
1401,701,Worker,5658,Booking,You have accepted a new booking.,True,2025-01-04
1402,701,Employer,356,Booking,A worker has accepted your booking.,False,2025-01-04
1403,702,Worker,3573,Booking,Job completed successfully. Payment will be processed shortly.,False,2025-12-17
1404,702,Employer,158,Booking,Your service has been completed. Please rate the worker.,False,2025-12-17
1405,703,Worker,4517,Booking,Job completed successfully. Payment will be processed shortly.,False,2025-01-20
1406,703,Employer,252,Booking,Your service has been completed. Please rate the worker.,False,2025-01-20
1407,704,Worker,4589,Booking,A new booking request is waiting for your response.,False,2025-05-04
1408,704,Employer,419,Booking,Your booking request is pending.,False,2025-05-04
1409,705,Worker,1224,Booking,Job completed successfully. Payment will be processed shortly.,False,2025-03-11
1410,705,Employer,170,Booking,Your service has been completed. Please rate the worker.,False,2025-03-11
1411,706,Worker,5658,Booking,A new booking request is waiting for your response.,True,2025-11-01
1412,706,Employer,56,Booking,Your booking request is pending.,True,2025-11-01
1413,707,Worker,5661,Booking,A new booking request is waiting for your response.,False,2025-03-31
1414,707,Employer,379,Booking,Your booking request is pending.,True,2025-03-31
1415,708,Worker,3967,Booking,You have accepted a new booking.,False,2025-10-18
1416,708,Employer,18,Booking,A worker has accepted your booking.,False,2025-10-18
1417,709,Worker,5595,Booking,Job completed successfully. Payment will be processed shortly.,True,2025-03-28
1418,709,Employer,218,Booking,Your service has been completed. Please rate the worker.,False,2025-03-28
1419,710,Worker,271,Booking,Job completed successfully. Payment will be processed shortly.,True,2025-07-07
1420,710,Employer,163,Booking,Your service has been completed. Please rate the worker.,True,2025-07-07
1421,711,Worker,1815,Booking,A new booking request is waiting for your response.,True,2025-05-01
1422,711,Employer,458,Booking,Your booking request is pending.,True,2025-05-01
1423,712,Worker,3490,Booking,You have accepted a new booking.,True,2025-12-17
1424,712,Employer,227,Booking,A worker has accepted your booking.,True,2025-12-17
1425,713,Worker,4879,Booking,Job completed successfully. Payment will be processed shortly.,False,2025-09-09
1426,713,Employer,201,Booking,Your service has been completed. Please rate the worker.,True,2025-09-09
1427,714,Worker,1143,Booking,Job completed successfully. Payment will be processed shortly.,True,2025-12-10
1428,714,Employer,215,Booking,Your service has been completed. Please rate the worker.,True,2025-12-10
1429,715,Worker,4064,Booking,Job completed successfully. Payment will be processed shortly.,True,2025-12-04
1430,715,Employer,372,Booking,Your service has been completed. Please rate the worker.,True,2025-12-04
1431,716,Worker,3142,Booking,Job completed successfully. Payment will be processed shortly.,False,2025-08-24
1432,716,Employer,388,Booking,Your service has been completed. Please rate the worker.,False,2025-08-24
1433,717,Worker,1453,Booking,Job completed successfully. Payment will be processed shortly.,True,2025-08-22
1434,717,Employer,404,Booking,Your service has been completed. Please rate the worker.,False,2025-08-22
1435,718,Worker,5260,Booking,Job completed successfully. Payment will be processed shortly.,True,2025-05-26
1436,718,Employer,268,Booking,Your service has been completed. Please rate the worker.,True,2025-05-26
1437,719,Worker,948,Booking,Job completed successfully. Payment will be processed shortly.,False,2025-07-24
1438,719,Employer,83,Booking,Your service has been completed. Please rate the worker.,True,2025-07-24
1439,720,Worker,2388,Booking,Job completed successfully. Payment will be processed shortly.,True,2025-05-24
1440,720,Employer,408,Booking,Your service has been completed. Please rate the worker.,False,2025-05-24
1441,721,Worker,1250,Booking,You have accepted a new booking.,False,2025-09-24
1442,721,Employer,32,Booking,A worker has accepted your booking.,True,2025-09-24
1443,722,Worker,3731,Booking,Job completed successfully. Payment will be processed shortly.,True,2025-12-08
1444,722,Employer,87,Booking,Your service has been completed. Please rate the worker.,False,2025-12-08
1445,723,Worker,3005,Booking,You have accepted a new booking.,False,2025-09-15
1446,723,Employer,329,Booking,A worker has accepted your booking.,False,2025-09-15
1447,724,Worker,2602,Booking,A new booking request is waiting for your response.,True,2025-11-18
1448,724,Employer,190,Booking,Your booking request is pending.,False,2025-11-18
1449,725,Worker,1801,Booking,A new booking request is waiting for your response.,False,2025-03-16
1450,725,Employer,92,Booking,Your booking request is pending.,False,2025-03-16
1451,726,Worker,5673,Booking,A new booking request is waiting for your response.,True,2025-02-19
1452,726,Employer,419,Booking,Your booking request is pending.,False,2025-02-19
1453,727,Worker,3773,Booking,You have accepted a new booking.,True,2025-10-21
1454,727,Employer,30,Booking,A worker has accepted your booking.,False,2025-10-21
1455,728,Worker,5185,Booking,You have accepted a new booking.,True,2025-09-14
1456,728,Employer,45,Booking,A worker has accepted your booking.,False,2025-09-14
1457,729,Worker,6246,Booking,Job completed successfully. Payment will be processed shortly.,True,2025-04-27
1458,729,Employer,267,Booking,Your service has been completed. Please rate the worker.,False,2025-04-27
1459,730,Worker,2370,Booking,Job completed successfully. Payment will be processed shortly.,True,2025-11-21
1460,730,Employer,85,Booking,Your service has been completed. Please rate the worker.,False,2025-11-21
1461,731,Worker,4119,Booking,Job completed successfully. Payment will be processed shortly.,True,2025-04-26
1462,731,Employer,240,Booking,Your service has been completed. Please rate the worker.,True,2025-04-26
1463,732,Worker,5103,Booking,You have accepted a new booking.,False,2025-05-02
1464,732,Employer,402,Booking,A worker has accepted your booking.,False,2025-05-02
1465,733,Worker,4697,Booking,Job completed successfully. Payment will be processed shortly.,True,2025-02-08
1466,733,Employer,56,Booking,Your service has been completed. Please rate the worker.,True,2025-02-08
1467,734,Worker,2629,Booking,A new booking request is waiting for your response.,False,2025-11-01
1468,734,Employer,394,Booking,Your booking request is pending.,True,2025-11-01
1469,735,Worker,3565,Booking,Job completed successfully. Payment will be processed shortly.,True,2025-08-07
1470,735,Employer,196,Booking,Your service has been completed. Please rate the worker.,True,2025-08-07
1471,736,Worker,1592,Booking,Job completed successfully. Payment will be processed shortly.,True,2025-10-27
1472,736,Employer,169,Booking,Your service has been completed. Please rate the worker.,False,2025-10-27
1473,737,Worker,3952,Booking,Job completed successfully. Payment will be processed shortly.,False,2025-01-18
1474,737,Employer,367,Booking,Your service has been completed. Please rate the worker.,True,2025-01-18
1475,738,Worker,5883,Booking,The booking has been cancelled.,False,2025-01-25
1476,738,Employer,202,Booking,Your booking has been cancelled.,False,2025-01-25
1477,739,Worker,2161,Booking,A new booking request is waiting for your response.,False,2025-10-25
1478,739,Employer,101,Booking,Your booking request is pending.,False,2025-10-25
1479,740,Worker,5238,Booking,Job completed successfully. Payment will be processed shortly.,True,2025-07-14
1480,740,Employer,241,Booking,Your service has been completed. Please rate the worker.,False,2025-07-14
1481,741,Worker,6303,Booking,Job completed successfully. Payment will be processed shortly.,True,2025-08-30
1482,741,Employer,408,Booking,Your service has been completed. Please rate the worker.,True,2025-08-30
1483,742,Worker,5315,Booking,Job completed successfully. Payment will be processed shortly.,False,2025-03-01
1484,742,Employer,12,Booking,Your service has been completed. Please rate the worker.,True,2025-03-01
1485,743,Worker,4671,Booking,A new booking request is waiting for your response.,True,2025-06-17
1486,743,Employer,281,Booking,Your booking request is pending.,False,2025-06-17
1487,744,Worker,6035,Booking,Job completed successfully. Payment will be processed shortly.,True,2025-08-31
1488,744,Employer,16,Booking,Your service has been completed. Please rate the worker.,True,2025-08-31
1489,745,Worker,2898,Booking,Job completed successfully. Payment will be processed shortly.,True,2025-10-19
1490,745,Employer,440,Booking,Your service has been completed. Please rate the worker.,True,2025-10-19
1491,746,Worker,2802,Booking,Job completed successfully. Payment will be processed shortly.,True,2025-06-13
1492,746,Employer,215,Booking,Your service has been completed. Please rate the worker.,False,2025-06-13
1493,747,Worker,5401,Booking,You have accepted a new booking.,True,2025-10-12
1494,747,Employer,9,Booking,A worker has accepted your booking.,True,2025-10-12
1495,748,Worker,4229,Booking,Job completed successfully. Payment will be processed shortly.,False,2025-08-10
1496,748,Employer,351,Booking,Your service has been completed. Please rate the worker.,True,2025-08-10
1497,749,Worker,3766,Booking,Job completed successfully. Payment will be processed shortly.,False,2025-06-13
1498,749,Employer,311,Booking,Your service has been completed. Please rate the worker.,True,2025-06-13
1499,750,Worker,4385,Booking,A new booking request is waiting for your response.,False,2025-08-30
1500,750,Employer,462,Booking,Your booking request is pending.,True,2025-08-30
1501,751,Worker,2494,Booking,Job completed successfully. Payment will be processed shortly.,True,2025-03-04
1502,751,Employer,335,Booking,Your service has been completed. Please rate the worker.,True,2025-03-04
1503,752,Worker,5594,Booking,You have accepted a new booking.,False,2025-12-31
1504,752,Employer,228,Booking,A worker has accepted your booking.,True,2025-12-31
1505,753,Worker,2980,Booking,Job completed successfully. Payment will be processed shortly.,False,2025-02-03
1506,753,Employer,437,Booking,Your service has been completed. Please rate the worker.,False,2025-02-03
1507,754,Worker,6437,Booking,Job completed successfully. Payment will be processed shortly.,False,2025-07-17
1508,754,Employer,306,Booking,Your service has been completed. Please rate the worker.,True,2025-07-17
1509,755,Worker,5409,Booking,Job completed successfully. Payment will be processed shortly.,False,2025-05-16
1510,755,Employer,461,Booking,Your service has been completed. Please rate the worker.,True,2025-05-16
1511,756,Worker,3776,Booking,Job completed successfully. Payment will be processed shortly.,True,2025-08-31
1512,756,Employer,88,Booking,Your service has been completed. Please rate the worker.,False,2025-08-31
1513,757,Worker,3075,Booking,Job completed successfully. Payment will be processed shortly.,True,2025-06-10
1514,757,Employer,60,Booking,Your service has been completed. Please rate the worker.,False,2025-06-10
1515,758,Worker,6158,Booking,Job completed successfully. Payment will be processed shortly.,True,2025-07-29
1516,758,Employer,140,Booking,Your service has been completed. Please rate the worker.,True,2025-07-29
1517,759,Worker,2731,Booking,A new booking request is waiting for your response.,True,2025-05-18
1518,759,Employer,246,Booking,Your booking request is pending.,True,2025-05-18
1519,760,Worker,115,Booking,Job completed successfully. Payment will be processed shortly.,False,2025-08-23
1520,760,Employer,273,Booking,Your service has been completed. Please rate the worker.,True,2025-08-23
1521,761,Worker,5630,Booking,A new booking request is waiting for your response.,False,2025-06-26
1522,761,Employer,458,Booking,Your booking request is pending.,True,2025-06-26
1523,762,Worker,461,Booking,A new booking request is waiting for your response.,False,2025-08-24
1524,762,Employer,395,Booking,Your booking request is pending.,True,2025-08-24
1525,763,Worker,310,Booking,Job completed successfully. Payment will be processed shortly.,False,2025-02-07
1526,763,Employer,499,Booking,Your service has been completed. Please rate the worker.,True,2025-02-07
1527,764,Worker,3339,Booking,The booking has been cancelled.,True,2025-05-23
1528,764,Employer,280,Booking,Your booking has been cancelled.,False,2025-05-23
1529,765,Worker,2898,Booking,Job completed successfully. Payment will be processed shortly.,False,2025-06-27
1530,765,Employer,240,Booking,Your service has been completed. Please rate the worker.,True,2025-06-27
1531,766,Worker,2540,Booking,Job completed successfully. Payment will be processed shortly.,False,2025-03-21
1532,766,Employer,218,Booking,Your service has been completed. Please rate the worker.,False,2025-03-21
1533,767,Worker,921,Booking,Job completed successfully. Payment will be processed shortly.,True,2025-12-31
1534,767,Employer,209,Booking,Your service has been completed. Please rate the worker.,True,2025-12-31
1535,768,Worker,4991,Booking,Job completed successfully. Payment will be processed shortly.,True,2025-06-05
1536,768,Employer,345,Booking,Your service has been completed. Please rate the worker.,True,2025-06-05
1537,769,Worker,6017,Booking,You have accepted a new booking.,False,2025-03-25
1538,769,Employer,9,Booking,A worker has accepted your booking.,False,2025-03-25
1539,770,Worker,6307,Booking,You have accepted a new booking.,True,2025-11-19
1540,770,Employer,61,Booking,A worker has accepted your booking.,False,2025-11-19
1541,771,Worker,1188,Booking,Job completed successfully. Payment will be processed shortly.,True,2025-02-11
1542,771,Employer,380,Booking,Your service has been completed. Please rate the worker.,True,2025-02-11
1543,772,Worker,2080,Booking,You have accepted a new booking.,False,2025-12-23
1544,772,Employer,225,Booking,A worker has accepted your booking.,True,2025-12-23
1545,773,Worker,2367,Booking,You have accepted a new booking.,False,2025-11-14
1546,773,Employer,3,Booking,A worker has accepted your booking.,False,2025-11-14
1547,774,Worker,4865,Booking,You have accepted a new booking.,False,2025-01-10
1548,774,Employer,71,Booking,A worker has accepted your booking.,False,2025-01-10
1549,775,Worker,5930,Booking,A new booking request is waiting for your response.,True,2025-06-11
1550,775,Employer,372,Booking,Your booking request is pending.,False,2025-06-11
1551,776,Worker,936,Booking,A new booking request is waiting for your response.,True,2025-01-06
1552,776,Employer,218,Booking,Your booking request is pending.,True,2025-01-06
1553,777,Worker,5707,Booking,Job completed successfully. Payment will be processed shortly.,True,2025-01-16
1554,777,Employer,200,Booking,Your service has been completed. Please rate the worker.,False,2025-01-16
1555,778,Worker,3708,Booking,Job completed successfully. Payment will be processed shortly.,True,2025-03-24
1556,778,Employer,203,Booking,Your service has been completed. Please rate the worker.,False,2025-03-24
1557,779,Worker,3488,Booking,Job completed successfully. Payment will be processed shortly.,True,2025-11-14
1558,779,Employer,305,Booking,Your service has been completed. Please rate the worker.,False,2025-11-14
1559,780,Worker,4773,Booking,Job completed successfully. Payment will be processed shortly.,True,2025-06-22
1560,780,Employer,310,Booking,Your service has been completed. Please rate the worker.,False,2025-06-22
1561,781,Worker,3534,Booking,Job completed successfully. Payment will be processed shortly.,True,2025-03-04
1562,781,Employer,231,Booking,Your service has been completed. Please rate the worker.,False,2025-03-04
1563,782,Worker,2495,Booking,Job completed successfully. Payment will be processed shortly.,True,2025-05-24
1564,782,Employer,157,Booking,Your service has been completed. Please rate the worker.,False,2025-05-24
1565,783,Worker,2146,Booking,Job completed successfully. Payment will be processed shortly.,False,2025-02-14
1566,783,Employer,182,Booking,Your service has been completed. Please rate the worker.,True,2025-02-14
1567,784,Worker,5942,Booking,A new booking request is waiting for your response.,False,2025-05-19
1568,784,Employer,56,Booking,Your booking request is pending.,True,2025-05-19
1569,785,Worker,6381,Booking,Job completed successfully. Payment will be processed shortly.,True,2025-02-17
1570,785,Employer,423,Booking,Your service has been completed. Please rate the worker.,True,2025-02-17
1571,786,Worker,6128,Booking,Job completed successfully. Payment will be processed shortly.,True,2025-01-01
1572,786,Employer,466,Booking,Your service has been completed. Please rate the worker.,False,2025-01-01
1573,787,Worker,440,Booking,A new booking request is waiting for your response.,True,2025-01-14
1574,787,Employer,311,Booking,Your booking request is pending.,True,2025-01-14
1575,788,Worker,3272,Booking,Job completed successfully. Payment will be processed shortly.,False,2025-04-01
1576,788,Employer,337,Booking,Your service has been completed. Please rate the worker.,False,2025-04-01
1577,789,Worker,3560,Booking,The booking has been cancelled.,False,2025-04-03
1578,789,Employer,224,Booking,Your booking has been cancelled.,False,2025-04-03
1579,790,Worker,3524,Booking,The booking has been cancelled.,False,2025-11-22
1580,790,Employer,15,Booking,Your booking has been cancelled.,True,2025-11-22
1581,791,Worker,2102,Booking,Job completed successfully. Payment will be processed shortly.,False,2025-01-31
1582,791,Employer,34,Booking,Your service has been completed. Please rate the worker.,True,2025-01-31
1583,792,Worker,321,Booking,You have accepted a new booking.,False,2025-08-24
1584,792,Employer,466,Booking,A worker has accepted your booking.,True,2025-08-24
1585,793,Worker,5205,Booking,You have accepted a new booking.,True,2025-06-25
1586,793,Employer,316,Booking,A worker has accepted your booking.,True,2025-06-25
1587,794,Worker,890,Booking,Job completed successfully. Payment will be processed shortly.,True,2025-11-23
1588,794,Employer,404,Booking,Your service has been completed. Please rate the worker.,True,2025-11-23
1589,795,Worker,2402,Booking,Job completed successfully. Payment will be processed shortly.,True,2025-09-12
1590,795,Employer,400,Booking,Your service has been completed. Please rate the worker.,False,2025-09-12
1591,796,Worker,985,Booking,A new booking request is waiting for your response.,True,2025-06-20
1592,796,Employer,367,Booking,Your booking request is pending.,True,2025-06-20
1593,797,Worker,4608,Booking,Job completed successfully. Payment will be processed shortly.,True,2025-12-09
1594,797,Employer,61,Booking,Your service has been completed. Please rate the worker.,False,2025-12-09
1595,798,Worker,1048,Booking,Job completed successfully. Payment will be processed shortly.,False,2025-07-23
1596,798,Employer,198,Booking,Your service has been completed. Please rate the worker.,True,2025-07-23
1597,799,Worker,5907,Booking,Job completed successfully. Payment will be processed shortly.,False,2025-10-25
1598,799,Employer,150,Booking,Your service has been completed. Please rate the worker.,False,2025-10-25
1599,800,Worker,1168,Booking,You have accepted a new booking.,False,2025-03-28
1600,800,Employer,81,Booking,A worker has accepted your booking.,False,2025-03-28
1601,801,Worker,4634,Booking,Job completed successfully. Payment will be processed shortly.,False,2025-05-17
1602,801,Employer,428,Booking,Your service has been completed. Please rate the worker.,False,2025-05-17
1603,802,Worker,6059,Booking,You have accepted a new booking.,False,2025-01-10
1604,802,Employer,3,Booking,A worker has accepted your booking.,False,2025-01-10
1605,803,Worker,4253,Booking,You have accepted a new booking.,True,2025-02-23
1606,803,Employer,200,Booking,A worker has accepted your booking.,False,2025-02-23
1607,804,Worker,408,Booking,Job completed successfully. Payment will be processed shortly.,False,2025-11-03
1608,804,Employer,198,Booking,Your service has been completed. Please rate the worker.,True,2025-11-03
1609,805,Worker,2102,Booking,The booking has been cancelled.,True,2025-11-16
1610,805,Employer,436,Booking,Your booking has been cancelled.,False,2025-11-16
1611,806,Worker,4601,Booking,Job completed successfully. Payment will be processed shortly.,True,2025-02-07
1612,806,Employer,418,Booking,Your service has been completed. Please rate the worker.,False,2025-02-07
1613,807,Worker,5505,Booking,You have accepted a new booking.,False,2025-01-26
1614,807,Employer,20,Booking,A worker has accepted your booking.,True,2025-01-26
1615,808,Worker,5852,Booking,Job completed successfully. Payment will be processed shortly.,False,2025-10-23
1616,808,Employer,116,Booking,Your service has been completed. Please rate the worker.,True,2025-10-23
1617,809,Worker,2562,Booking,Job completed successfully. Payment will be processed shortly.,False,2025-02-27
1618,809,Employer,182,Booking,Your service has been completed. Please rate the worker.,True,2025-02-27
1619,810,Worker,891,Booking,Job completed successfully. Payment will be processed shortly.,False,2025-04-23
1620,810,Employer,341,Booking,Your service has been completed. Please rate the worker.,True,2025-04-23
1621,811,Worker,5896,Booking,Job completed successfully. Payment will be processed shortly.,True,2025-12-18
1622,811,Employer,277,Booking,Your service has been completed. Please rate the worker.,True,2025-12-18
1623,812,Worker,1640,Booking,You have accepted a new booking.,False,2025-12-26
1624,812,Employer,410,Booking,A worker has accepted your booking.,False,2025-12-26
1625,813,Worker,1045,Booking,Job completed successfully. Payment will be processed shortly.,True,2025-04-16
1626,813,Employer,485,Booking,Your service has been completed. Please rate the worker.,True,2025-04-16
1627,814,Worker,5204,Booking,Job completed successfully. Payment will be processed shortly.,True,2025-09-14
1628,814,Employer,313,Booking,Your service has been completed. Please rate the worker.,False,2025-09-14
1629,815,Worker,3220,Booking,You have accepted a new booking.,True,2025-07-17
1630,815,Employer,56,Booking,A worker has accepted your booking.,True,2025-07-17
1631,816,Worker,540,Booking,A new booking request is waiting for your response.,False,2025-12-21
1632,816,Employer,433,Booking,Your booking request is pending.,True,2025-12-21
1633,817,Worker,557,Booking,Job completed successfully. Payment will be processed shortly.,True,2025-11-21
1634,817,Employer,351,Booking,Your service has been completed. Please rate the worker.,False,2025-11-21
1635,818,Worker,10,Booking,Job completed successfully. Payment will be processed shortly.,False,2025-03-17
1636,818,Employer,364,Booking,Your service has been completed. Please rate the worker.,False,2025-03-17
1637,819,Worker,5608,Booking,Job completed successfully. Payment will be processed shortly.,False,2025-01-03
1638,819,Employer,489,Booking,Your service has been completed. Please rate the worker.,False,2025-01-03
1639,820,Worker,5386,Booking,Job completed successfully. Payment will be processed shortly.,False,2025-06-03
1640,820,Employer,363,Booking,Your service has been completed. Please rate the worker.,False,2025-06-03
1641,821,Worker,5958,Booking,Job completed successfully. Payment will be processed shortly.,False,2025-11-18
1642,821,Employer,463,Booking,Your service has been completed. Please rate the worker.,False,2025-11-18
1643,822,Worker,5110,Booking,Job completed successfully. Payment will be processed shortly.,True,2025-04-10
1644,822,Employer,449,Booking,Your service has been completed. Please rate the worker.,True,2025-04-10
1645,823,Worker,6428,Booking,You have accepted a new booking.,True,2025-01-13
1646,823,Employer,480,Booking,A worker has accepted your booking.,False,2025-01-13
1647,824,Worker,564,Booking,Job completed successfully. Payment will be processed shortly.,False,2025-12-10
1648,824,Employer,33,Booking,Your service has been completed. Please rate the worker.,False,2025-12-10
1649,825,Worker,4125,Booking,Job completed successfully. Payment will be processed shortly.,False,2025-08-22
1650,825,Employer,198,Booking,Your service has been completed. Please rate the worker.,True,2025-08-22
1651,826,Worker,1995,Booking,Job completed successfully. Payment will be processed shortly.,False,2025-03-06
1652,826,Employer,160,Booking,Your service has been completed. Please rate the worker.,False,2025-03-06
1653,827,Worker,2538,Booking,The booking has been cancelled.,False,2025-12-09
1654,827,Employer,200,Booking,Your booking has been cancelled.,False,2025-12-09
1655,828,Worker,3988,Booking,You have accepted a new booking.,False,2025-05-17
1656,828,Employer,263,Booking,A worker has accepted your booking.,True,2025-05-17
1657,829,Worker,4950,Booking,Job completed successfully. Payment will be processed shortly.,False,2025-08-17
1658,829,Employer,143,Booking,Your service has been completed. Please rate the worker.,True,2025-08-17
1659,830,Worker,3701,Booking,Job completed successfully. Payment will be processed shortly.,True,2025-02-09
1660,830,Employer,177,Booking,Your service has been completed. Please rate the worker.,True,2025-02-09
1661,831,Worker,4086,Booking,Job completed successfully. Payment will be processed shortly.,True,2025-11-26
1662,831,Employer,162,Booking,Your service has been completed. Please rate the worker.,False,2025-11-26
1663,832,Worker,1939,Booking,Job completed successfully. Payment will be processed shortly.,False,2025-12-12
1664,832,Employer,92,Booking,Your service has been completed. Please rate the worker.,False,2025-12-12
1665,833,Worker,4273,Booking,You have accepted a new booking.,True,2025-05-29
1666,833,Employer,309,Booking,A worker has accepted your booking.,False,2025-05-29
1667,834,Worker,5988,Booking,A new booking request is waiting for your response.,False,2025-12-11
1668,834,Employer,461,Booking,Your booking request is pending.,False,2025-12-11
1669,835,Worker,680,Booking,A new booking request is waiting for your response.,True,2025-09-28
1670,835,Employer,55,Booking,Your booking request is pending.,True,2025-09-28
1671,836,Worker,3130,Booking,You have accepted a new booking.,False,2025-12-02
1672,836,Employer,207,Booking,A worker has accepted your booking.,True,2025-12-02
1673,837,Worker,5939,Booking,Job completed successfully. Payment will be processed shortly.,False,2025-08-16
1674,837,Employer,352,Booking,Your service has been completed. Please rate the worker.,False,2025-08-16
1675,838,Worker,4424,Booking,Job completed successfully. Payment will be processed shortly.,False,2025-05-29
1676,838,Employer,499,Booking,Your service has been completed. Please rate the worker.,True,2025-05-29
1677,839,Worker,4422,Booking,Job completed successfully. Payment will be processed shortly.,True,2025-03-23
1678,839,Employer,469,Booking,Your service has been completed. Please rate the worker.,True,2025-03-23
1679,840,Worker,1163,Booking,Job completed successfully. Payment will be processed shortly.,True,2025-09-04
1680,840,Employer,465,Booking,Your service has been completed. Please rate the worker.,False,2025-09-04
1681,841,Worker,1238,Booking,Job completed successfully. Payment will be processed shortly.,True,2025-09-21
1682,841,Employer,272,Booking,Your service has been completed. Please rate the worker.,True,2025-09-21
1683,842,Worker,634,Booking,A new booking request is waiting for your response.,False,2025-03-22
1684,842,Employer,401,Booking,Your booking request is pending.,True,2025-03-22
1685,843,Worker,6400,Booking,You have accepted a new booking.,True,2025-08-15
1686,843,Employer,402,Booking,A worker has accepted your booking.,True,2025-08-15
1687,844,Worker,2916,Booking,Job completed successfully. Payment will be processed shortly.,False,2025-11-07
1688,844,Employer,360,Booking,Your service has been completed. Please rate the worker.,False,2025-11-07
1689,845,Worker,705,Booking,A new booking request is waiting for your response.,True,2025-05-20
1690,845,Employer,277,Booking,Your booking request is pending.,True,2025-05-20
1691,846,Worker,3200,Booking,Job completed successfully. Payment will be processed shortly.,True,2025-11-17
1692,846,Employer,475,Booking,Your service has been completed. Please rate the worker.,False,2025-11-17
1693,847,Worker,6027,Booking,You have accepted a new booking.,False,2025-05-28
1694,847,Employer,455,Booking,A worker has accepted your booking.,True,2025-05-28
1695,848,Worker,6079,Booking,A new booking request is waiting for your response.,True,2025-11-07
1696,848,Employer,480,Booking,Your booking request is pending.,False,2025-11-07
1697,849,Worker,727,Booking,A new booking request is waiting for your response.,True,2025-03-28
1698,849,Employer,99,Booking,Your booking request is pending.,False,2025-03-28
1699,850,Worker,4957,Booking,Job completed successfully. Payment will be processed shortly.,True,2025-05-09
1700,850,Employer,174,Booking,Your service has been completed. Please rate the worker.,False,2025-05-09
1701,851,Worker,2956,Booking,A new booking request is waiting for your response.,True,2025-11-23
1702,851,Employer,454,Booking,Your booking request is pending.,False,2025-11-23
1703,852,Worker,4795,Booking,Job completed successfully. Payment will be processed shortly.,True,2025-01-04
1704,852,Employer,18,Booking,Your service has been completed. Please rate the worker.,False,2025-01-04
1705,853,Worker,4209,Booking,The booking has been cancelled.,False,2025-09-29
1706,853,Employer,98,Booking,Your booking has been cancelled.,True,2025-09-29
1707,854,Worker,557,Booking,Job completed successfully. Payment will be processed shortly.,True,2025-06-01
1708,854,Employer,270,Booking,Your service has been completed. Please rate the worker.,False,2025-06-01
1709,855,Worker,2336,Booking,Job completed successfully. Payment will be processed shortly.,False,2025-07-20
1710,855,Employer,265,Booking,Your service has been completed. Please rate the worker.,True,2025-07-20
1711,856,Worker,2494,Booking,Job completed successfully. Payment will be processed shortly.,True,2025-02-19
1712,856,Employer,121,Booking,Your service has been completed. Please rate the worker.,False,2025-02-19
1713,857,Worker,2241,Booking,You have accepted a new booking.,True,2025-09-09
1714,857,Employer,239,Booking,A worker has accepted your booking.,False,2025-09-09
1715,858,Worker,1135,Booking,A new booking request is waiting for your response.,False,2025-10-05
1716,858,Employer,51,Booking,Your booking request is pending.,False,2025-10-05
1717,859,Worker,3091,Booking,A new booking request is waiting for your response.,True,2025-02-10
1718,859,Employer,126,Booking,Your booking request is pending.,False,2025-02-10
1719,860,Worker,5415,Booking,The booking has been cancelled.,False,2025-11-12
1720,860,Employer,143,Booking,Your booking has been cancelled.,False,2025-11-12
1721,861,Worker,2720,Booking,Job completed successfully. Payment will be processed shortly.,True,2025-09-06
1722,861,Employer,206,Booking,Your service has been completed. Please rate the worker.,True,2025-09-06
1723,862,Worker,4900,Booking,Job completed successfully. Payment will be processed shortly.,False,2025-11-02
1724,862,Employer,333,Booking,Your service has been completed. Please rate the worker.,False,2025-11-02
1725,863,Worker,2437,Booking,A new booking request is waiting for your response.,True,2025-11-04
1726,863,Employer,227,Booking,Your booking request is pending.,True,2025-11-04
1727,864,Worker,1106,Booking,Job completed successfully. Payment will be processed shortly.,True,2025-11-01
1728,864,Employer,488,Booking,Your service has been completed. Please rate the worker.,True,2025-11-01
1729,865,Worker,5473,Booking,Job completed successfully. Payment will be processed shortly.,False,2025-03-01
1730,865,Employer,265,Booking,Your service has been completed. Please rate the worker.,True,2025-03-01
1731,866,Worker,762,Booking,Job completed successfully. Payment will be processed shortly.,True,2025-01-31
1732,866,Employer,270,Booking,Your service has been completed. Please rate the worker.,False,2025-01-31
1733,867,Worker,4065,Booking,Job completed successfully. Payment will be processed shortly.,True,2025-09-03
1734,867,Employer,296,Booking,Your service has been completed. Please rate the worker.,True,2025-09-03
1735,868,Worker,3353,Booking,You have accepted a new booking.,True,2025-04-22
1736,868,Employer,145,Booking,A worker has accepted your booking.,False,2025-04-22
1737,869,Worker,2258,Booking,Job completed successfully. Payment will be processed shortly.,True,2025-01-10
1738,869,Employer,456,Booking,Your service has been completed. Please rate the worker.,True,2025-01-10
1739,870,Worker,2077,Booking,Job completed successfully. Payment will be processed shortly.,False,2025-01-14
1740,870,Employer,298,Booking,Your service has been completed. Please rate the worker.,True,2025-01-14
1741,871,Worker,3538,Booking,Job completed successfully. Payment will be processed shortly.,True,2025-09-28
1742,871,Employer,410,Booking,Your service has been completed. Please rate the worker.,True,2025-09-28
1743,872,Worker,3047,Booking,Job completed successfully. Payment will be processed shortly.,False,2025-09-16
1744,872,Employer,57,Booking,Your service has been completed. Please rate the worker.,True,2025-09-16
1745,873,Worker,3372,Booking,A new booking request is waiting for your response.,False,2025-07-29
1746,873,Employer,108,Booking,Your booking request is pending.,True,2025-07-29
1747,874,Worker,742,Booking,Job completed successfully. Payment will be processed shortly.,False,2025-06-06
1748,874,Employer,78,Booking,Your service has been completed. Please rate the worker.,True,2025-06-06
1749,875,Worker,3208,Booking,You have accepted a new booking.,False,2025-09-11
1750,875,Employer,399,Booking,A worker has accepted your booking.,True,2025-09-11
1751,876,Worker,2218,Booking,Job completed successfully. Payment will be processed shortly.,False,2025-03-19
1752,876,Employer,412,Booking,Your service has been completed. Please rate the worker.,True,2025-03-19
1753,877,Worker,4368,Booking,Job completed successfully. Payment will be processed shortly.,True,2025-07-30
1754,877,Employer,5,Booking,Your service has been completed. Please rate the worker.,True,2025-07-30
1755,878,Worker,6027,Booking,Job completed successfully. Payment will be processed shortly.,True,2025-09-21
1756,878,Employer,439,Booking,Your service has been completed. Please rate the worker.,True,2025-09-21
1757,879,Worker,3509,Booking,Job completed successfully. Payment will be processed shortly.,False,2025-10-09
1758,879,Employer,58,Booking,Your service has been completed. Please rate the worker.,True,2025-10-09
1759,880,Worker,307,Booking,Job completed successfully. Payment will be processed shortly.,True,2025-09-02
1760,880,Employer,17,Booking,Your service has been completed. Please rate the worker.,False,2025-09-02
1761,881,Worker,5233,Booking,You have accepted a new booking.,False,2025-09-21
1762,881,Employer,488,Booking,A worker has accepted your booking.,False,2025-09-21
1763,882,Worker,6046,Booking,Job completed successfully. Payment will be processed shortly.,True,2025-10-06
1764,882,Employer,33,Booking,Your service has been completed. Please rate the worker.,False,2025-10-06
1765,883,Worker,2860,Booking,Job completed successfully. Payment will be processed shortly.,False,2025-12-18
1766,883,Employer,272,Booking,Your service has been completed. Please rate the worker.,True,2025-12-18
1767,884,Worker,6449,Booking,Job completed successfully. Payment will be processed shortly.,True,2025-05-27
1768,884,Employer,115,Booking,Your service has been completed. Please rate the worker.,True,2025-05-27
1769,885,Worker,4221,Booking,You have accepted a new booking.,False,2025-04-20
1770,885,Employer,294,Booking,A worker has accepted your booking.,True,2025-04-20
1771,886,Worker,2889,Booking,A new booking request is waiting for your response.,False,2025-10-09
1772,886,Employer,188,Booking,Your booking request is pending.,False,2025-10-09
1773,887,Worker,5165,Booking,Job completed successfully. Payment will be processed shortly.,False,2025-01-21
1774,887,Employer,187,Booking,Your service has been completed. Please rate the worker.,False,2025-01-21
1775,888,Worker,5629,Booking,You have accepted a new booking.,True,2025-01-15
1776,888,Employer,385,Booking,A worker has accepted your booking.,False,2025-01-15
1777,889,Worker,5998,Booking,Job completed successfully. Payment will be processed shortly.,False,2025-03-10
1778,889,Employer,125,Booking,Your service has been completed. Please rate the worker.,False,2025-03-10
1779,890,Worker,1351,Booking,Job completed successfully. Payment will be processed shortly.,True,2025-08-03
1780,890,Employer,102,Booking,Your service has been completed. Please rate the worker.,True,2025-08-03
1781,891,Worker,4433,Booking,You have accepted a new booking.,True,2025-01-20
1782,891,Employer,483,Booking,A worker has accepted your booking.,True,2025-01-20
1783,892,Worker,4363,Booking,The booking has been cancelled.,False,2025-11-27
1784,892,Employer,478,Booking,Your booking has been cancelled.,False,2025-11-27
1785,893,Worker,4673,Booking,You have accepted a new booking.,False,2025-03-28
1786,893,Employer,348,Booking,A worker has accepted your booking.,True,2025-03-28
1787,894,Worker,5655,Booking,Job completed successfully. Payment will be processed shortly.,True,2025-03-30
1788,894,Employer,53,Booking,Your service has been completed. Please rate the worker.,True,2025-03-30
1789,895,Worker,3866,Booking,Job completed successfully. Payment will be processed shortly.,True,2025-05-26
1790,895,Employer,294,Booking,Your service has been completed. Please rate the worker.,True,2025-05-26
1791,896,Worker,5099,Booking,Job completed successfully. Payment will be processed shortly.,True,2025-06-03
1792,896,Employer,291,Booking,Your service has been completed. Please rate the worker.,True,2025-06-03
1793,897,Worker,157,Booking,You have accepted a new booking.,True,2025-07-07
1794,897,Employer,252,Booking,A worker has accepted your booking.,False,2025-07-07
1795,898,Worker,2067,Booking,Job completed successfully. Payment will be processed shortly.,True,2025-09-12
1796,898,Employer,20,Booking,Your service has been completed. Please rate the worker.,False,2025-09-12
1797,899,Worker,2057,Booking,Job completed successfully. Payment will be processed shortly.,False,2025-12-23
1798,899,Employer,241,Booking,Your service has been completed. Please rate the worker.,False,2025-12-23
1799,900,Worker,1371,Booking,Job completed successfully. Payment will be processed shortly.,False,2025-06-16
1800,900,Employer,176,Booking,Your service has been completed. Please rate the worker.,True,2025-06-16
1801,901,Worker,1229,Booking,Job completed successfully. Payment will be processed shortly.,True,2025-09-13
1802,901,Employer,31,Booking,Your service has been completed. Please rate the worker.,True,2025-09-13
1803,902,Worker,4764,Booking,You have accepted a new booking.,True,2025-09-03
1804,902,Employer,278,Booking,A worker has accepted your booking.,False,2025-09-03
1805,903,Worker,5389,Booking,Job completed successfully. Payment will be processed shortly.,True,2025-08-09
1806,903,Employer,53,Booking,Your service has been completed. Please rate the worker.,False,2025-08-09
1807,904,Worker,3938,Booking,You have accepted a new booking.,True,2025-09-18
1808,904,Employer,404,Booking,A worker has accepted your booking.,False,2025-09-18
1809,905,Worker,3433,Booking,A new booking request is waiting for your response.,True,2025-07-03
1810,905,Employer,51,Booking,Your booking request is pending.,True,2025-07-03
1811,906,Worker,5360,Booking,The booking has been cancelled.,True,2025-12-27
1812,906,Employer,10,Booking,Your booking has been cancelled.,False,2025-12-27
1813,907,Worker,5829,Booking,Job completed successfully. Payment will be processed shortly.,True,2025-03-18
1814,907,Employer,390,Booking,Your service has been completed. Please rate the worker.,True,2025-03-18
1815,908,Worker,5420,Booking,A new booking request is waiting for your response.,True,2025-12-14
1816,908,Employer,272,Booking,Your booking request is pending.,True,2025-12-14
1817,909,Worker,1466,Booking,A new booking request is waiting for your response.,True,2025-11-26
1818,909,Employer,166,Booking,Your booking request is pending.,False,2025-11-26
1819,910,Worker,3573,Booking,Job completed successfully. Payment will be processed shortly.,False,2025-05-05
1820,910,Employer,104,Booking,Your service has been completed. Please rate the worker.,True,2025-05-05
1821,911,Worker,2904,Booking,Job completed successfully. Payment will be processed shortly.,False,2025-07-09
1822,911,Employer,225,Booking,Your service has been completed. Please rate the worker.,False,2025-07-09
1823,912,Worker,6322,Booking,Job completed successfully. Payment will be processed shortly.,True,2025-06-12
1824,912,Employer,384,Booking,Your service has been completed. Please rate the worker.,False,2025-06-12
1825,913,Worker,3081,Booking,Job completed successfully. Payment will be processed shortly.,True,2025-10-06
1826,913,Employer,249,Booking,Your service has been completed. Please rate the worker.,True,2025-10-06
1827,914,Worker,1166,Booking,Job completed successfully. Payment will be processed shortly.,False,2025-10-01
1828,914,Employer,95,Booking,Your service has been completed. Please rate the worker.,True,2025-10-01
1829,915,Worker,1301,Booking,Job completed successfully. Payment will be processed shortly.,True,2025-11-02
1830,915,Employer,136,Booking,Your service has been completed. Please rate the worker.,True,2025-11-02
1831,916,Worker,6261,Booking,Job completed successfully. Payment will be processed shortly.,True,2025-08-13
1832,916,Employer,57,Booking,Your service has been completed. Please rate the worker.,False,2025-08-13
1833,917,Worker,5903,Booking,You have accepted a new booking.,True,2025-05-13
1834,917,Employer,88,Booking,A worker has accepted your booking.,False,2025-05-13
1835,918,Worker,1087,Booking,Job completed successfully. Payment will be processed shortly.,True,2025-05-13
1836,918,Employer,120,Booking,Your service has been completed. Please rate the worker.,False,2025-05-13
1837,919,Worker,6438,Booking,A new booking request is waiting for your response.,True,2025-03-15
1838,919,Employer,125,Booking,Your booking request is pending.,False,2025-03-15
1839,920,Worker,2629,Booking,You have accepted a new booking.,True,2025-03-04
1840,920,Employer,498,Booking,A worker has accepted your booking.,True,2025-03-04
1841,921,Worker,27,Booking,Job completed successfully. Payment will be processed shortly.,False,2025-12-24
1842,921,Employer,197,Booking,Your service has been completed. Please rate the worker.,False,2025-12-24
1843,922,Worker,3013,Booking,A new booking request is waiting for your response.,True,2025-06-24
1844,922,Employer,407,Booking,Your booking request is pending.,False,2025-06-24
1845,923,Worker,2866,Booking,Job completed successfully. Payment will be processed shortly.,False,2025-10-23
1846,923,Employer,305,Booking,Your service has been completed. Please rate the worker.,True,2025-10-23
1847,924,Worker,798,Booking,A new booking request is waiting for your response.,False,2025-04-04
1848,924,Employer,44,Booking,Your booking request is pending.,True,2025-04-04
1849,925,Worker,5523,Booking,Job completed successfully. Payment will be processed shortly.,False,2025-08-12
1850,925,Employer,420,Booking,Your service has been completed. Please rate the worker.,True,2025-08-12
1851,926,Worker,531,Booking,You have accepted a new booking.,True,2025-01-23
1852,926,Employer,27,Booking,A worker has accepted your booking.,False,2025-01-23
1853,927,Worker,5419,Booking,You have accepted a new booking.,False,2025-06-11
1854,927,Employer,400,Booking,A worker has accepted your booking.,True,2025-06-11
1855,928,Worker,6214,Booking,You have accepted a new booking.,True,2025-11-07
1856,928,Employer,380,Booking,A worker has accepted your booking.,False,2025-11-07
1857,929,Worker,1660,Booking,Job completed successfully. Payment will be processed shortly.,True,2025-07-07
1858,929,Employer,165,Booking,Your service has been completed. Please rate the worker.,False,2025-07-07
1859,930,Worker,6230,Booking,The booking has been cancelled.,False,2025-02-04
1860,930,Employer,397,Booking,Your booking has been cancelled.,False,2025-02-04
1861,931,Worker,2755,Booking,You have accepted a new booking.,True,2025-09-29
1862,931,Employer,339,Booking,A worker has accepted your booking.,False,2025-09-29
1863,932,Worker,1982,Booking,Job completed successfully. Payment will be processed shortly.,False,2025-05-04
1864,932,Employer,316,Booking,Your service has been completed. Please rate the worker.,False,2025-05-04
1865,933,Worker,3773,Booking,A new booking request is waiting for your response.,False,2025-04-18
1866,933,Employer,378,Booking,Your booking request is pending.,True,2025-04-18
1867,934,Worker,1508,Booking,The booking has been cancelled.,True,2025-03-16
1868,934,Employer,409,Booking,Your booking has been cancelled.,True,2025-03-16
1869,935,Worker,2633,Booking,Job completed successfully. Payment will be processed shortly.,False,2025-03-19
1870,935,Employer,196,Booking,Your service has been completed. Please rate the worker.,True,2025-03-19
1871,936,Worker,2733,Booking,Job completed successfully. Payment will be processed shortly.,False,2025-05-29
1872,936,Employer,176,Booking,Your service has been completed. Please rate the worker.,False,2025-05-29
1873,937,Worker,5540,Booking,Job completed successfully. Payment will be processed shortly.,False,2025-01-06
1874,937,Employer,480,Booking,Your service has been completed. Please rate the worker.,False,2025-01-06
1875,938,Worker,4053,Booking,Job completed successfully. Payment will be processed shortly.,True,2025-11-23
1876,938,Employer,403,Booking,Your service has been completed. Please rate the worker.,True,2025-11-23
1877,939,Worker,1729,Booking,Job completed successfully. Payment will be processed shortly.,True,2025-07-08
1878,939,Employer,158,Booking,Your service has been completed. Please rate the worker.,False,2025-07-08
1879,940,Worker,3179,Booking,Job completed successfully. Payment will be processed shortly.,True,2025-05-10
1880,940,Employer,204,Booking,Your service has been completed. Please rate the worker.,False,2025-05-10
1881,941,Worker,5146,Booking,Job completed successfully. Payment will be processed shortly.,False,2025-01-04
1882,941,Employer,80,Booking,Your service has been completed. Please rate the worker.,True,2025-01-04
1883,942,Worker,2102,Booking,You have accepted a new booking.,True,2025-09-24
1884,942,Employer,27,Booking,A worker has accepted your booking.,False,2025-09-24
1885,943,Worker,4599,Booking,You have accepted a new booking.,True,2025-11-01
1886,943,Employer,107,Booking,A worker has accepted your booking.,True,2025-11-01
1887,944,Worker,1168,Booking,The booking has been cancelled.,False,2025-12-24
1888,944,Employer,280,Booking,Your booking has been cancelled.,True,2025-12-24
1889,945,Worker,2169,Booking,Job completed successfully. Payment will be processed shortly.,True,2025-07-26
1890,945,Employer,51,Booking,Your service has been completed. Please rate the worker.,True,2025-07-26
1891,946,Worker,696,Booking,A new booking request is waiting for your response.,False,2025-11-06
1892,946,Employer,74,Booking,Your booking request is pending.,False,2025-11-06
1893,947,Worker,5963,Booking,Job completed successfully. Payment will be processed shortly.,False,2025-11-08
1894,947,Employer,52,Booking,Your service has been completed. Please rate the worker.,True,2025-11-08
1895,948,Worker,2077,Booking,Job completed successfully. Payment will be processed shortly.,False,2025-06-29
1896,948,Employer,147,Booking,Your service has been completed. Please rate the worker.,True,2025-06-29
1897,949,Worker,2554,Booking,Job completed successfully. Payment will be processed shortly.,False,2025-06-09
1898,949,Employer,410,Booking,Your service has been completed. Please rate the worker.,True,2025-06-09
1899,950,Worker,4270,Booking,Job completed successfully. Payment will be processed shortly.,False,2025-03-28
1900,950,Employer,430,Booking,Your service has been completed. Please rate the worker.,False,2025-03-28
1901,951,Worker,1888,Booking,Job completed successfully. Payment will be processed shortly.,False,2025-10-01
1902,951,Employer,213,Booking,Your service has been completed. Please rate the worker.,True,2025-10-01
1903,952,Worker,4633,Booking,Job completed successfully. Payment will be processed shortly.,False,2025-12-30
1904,952,Employer,11,Booking,Your service has been completed. Please rate the worker.,True,2025-12-30
1905,953,Worker,236,Booking,Job completed successfully. Payment will be processed shortly.,True,2025-02-21
1906,953,Employer,301,Booking,Your service has been completed. Please rate the worker.,True,2025-02-21
1907,954,Worker,2332,Booking,A new booking request is waiting for your response.,False,2025-08-02
1908,954,Employer,365,Booking,Your booking request is pending.,True,2025-08-02
1909,955,Worker,1731,Booking,Job completed successfully. Payment will be processed shortly.,True,2025-10-14
1910,955,Employer,146,Booking,Your service has been completed. Please rate the worker.,True,2025-10-14
1911,956,Worker,6247,Booking,Job completed successfully. Payment will be processed shortly.,False,2025-10-09
1912,956,Employer,442,Booking,Your service has been completed. Please rate the worker.,True,2025-10-09
1913,957,Worker,2568,Booking,You have accepted a new booking.,True,2025-07-30
1914,957,Employer,166,Booking,A worker has accepted your booking.,False,2025-07-30
1915,958,Worker,1061,Booking,A new booking request is waiting for your response.,False,2025-05-01
1916,958,Employer,192,Booking,Your booking request is pending.,False,2025-05-01
1917,959,Worker,2325,Booking,You have accepted a new booking.,True,2025-10-20
1918,959,Employer,177,Booking,A worker has accepted your booking.,False,2025-10-20
1919,960,Worker,6133,Booking,A new booking request is waiting for your response.,True,2025-03-25
1920,960,Employer,328,Booking,Your booking request is pending.,False,2025-03-25
1921,961,Worker,991,Booking,The booking has been cancelled.,False,2025-03-08
1922,961,Employer,64,Booking,Your booking has been cancelled.,True,2025-03-08
1923,962,Worker,4402,Booking,A new booking request is waiting for your response.,True,2025-12-19
1924,962,Employer,170,Booking,Your booking request is pending.,True,2025-12-19
1925,963,Worker,3558,Booking,Job completed successfully. Payment will be processed shortly.,True,2025-05-16
1926,963,Employer,405,Booking,Your service has been completed. Please rate the worker.,True,2025-05-16
1927,964,Worker,3072,Booking,Job completed successfully. Payment will be processed shortly.,False,2025-08-14
1928,964,Employer,237,Booking,Your service has been completed. Please rate the worker.,True,2025-08-14
1929,965,Worker,3650,Booking,A new booking request is waiting for your response.,False,2025-05-07
1930,965,Employer,52,Booking,Your booking request is pending.,True,2025-05-07
1931,966,Worker,1371,Booking,Job completed successfully. Payment will be processed shortly.,False,2025-12-08
1932,966,Employer,306,Booking,Your service has been completed. Please rate the worker.,True,2025-12-08
1933,967,Worker,4858,Booking,A new booking request is waiting for your response.,False,2025-11-18
1934,967,Employer,388,Booking,Your booking request is pending.,True,2025-11-18
1935,968,Worker,1987,Booking,A new booking request is waiting for your response.,True,2025-06-28
1936,968,Employer,367,Booking,Your booking request is pending.,True,2025-06-28
1937,969,Worker,2713,Booking,The booking has been cancelled.,True,2025-06-20
1938,969,Employer,446,Booking,Your booking has been cancelled.,False,2025-06-20
1939,970,Worker,3728,Booking,You have accepted a new booking.,True,2025-02-20
1940,970,Employer,42,Booking,A worker has accepted your booking.,False,2025-02-20
1941,971,Worker,5582,Booking,Job completed successfully. Payment will be processed shortly.,False,2025-05-09
1942,971,Employer,396,Booking,Your service has been completed. Please rate the worker.,False,2025-05-09
1943,972,Worker,1251,Booking,Job completed successfully. Payment will be processed shortly.,False,2025-09-28
1944,972,Employer,443,Booking,Your service has been completed. Please rate the worker.,False,2025-09-28
1945,973,Worker,5546,Booking,Job completed successfully. Payment will be processed shortly.,True,2025-01-23
1946,973,Employer,289,Booking,Your service has been completed. Please rate the worker.,False,2025-01-23
1947,974,Worker,2375,Booking,You have accepted a new booking.,True,2025-05-26
1948,974,Employer,271,Booking,A worker has accepted your booking.,False,2025-05-26
1949,975,Worker,2976,Booking,Job completed successfully. Payment will be processed shortly.,True,2025-07-17
1950,975,Employer,455,Booking,Your service has been completed. Please rate the worker.,False,2025-07-17
1951,976,Worker,4674,Booking,Job completed successfully. Payment will be processed shortly.,False,2025-09-09
1952,976,Employer,433,Booking,Your service has been completed. Please rate the worker.,True,2025-09-09
1953,977,Worker,1830,Booking,Job completed successfully. Payment will be processed shortly.,True,2025-06-06
1954,977,Employer,29,Booking,Your service has been completed. Please rate the worker.,True,2025-06-06
1955,978,Worker,6166,Booking,Job completed successfully. Payment will be processed shortly.,False,2025-02-11
1956,978,Employer,417,Booking,Your service has been completed. Please rate the worker.,False,2025-02-11
1957,979,Worker,2932,Booking,Job completed successfully. Payment will be processed shortly.,False,2025-03-29
1958,979,Employer,258,Booking,Your service has been completed. Please rate the worker.,True,2025-03-29
1959,980,Worker,387,Booking,Job completed successfully. Payment will be processed shortly.,False,2025-12-24
1960,980,Employer,103,Booking,Your service has been completed. Please rate the worker.,False,2025-12-24
1961,981,Worker,3751,Booking,Job completed successfully. Payment will be processed shortly.,True,2025-10-27
1962,981,Employer,300,Booking,Your service has been completed. Please rate the worker.,False,2025-10-27
1963,982,Worker,5261,Booking,A new booking request is waiting for your response.,False,2025-05-02
1964,982,Employer,271,Booking,Your booking request is pending.,False,2025-05-02
1965,983,Worker,882,Booking,Job completed successfully. Payment will be processed shortly.,False,2025-01-16
1966,983,Employer,342,Booking,Your service has been completed. Please rate the worker.,True,2025-01-16
1967,984,Worker,3092,Booking,Job completed successfully. Payment will be processed shortly.,False,2025-03-10
1968,984,Employer,85,Booking,Your service has been completed. Please rate the worker.,True,2025-03-10
1969,985,Worker,4657,Booking,Job completed successfully. Payment will be processed shortly.,False,2025-07-24
1970,985,Employer,103,Booking,Your service has been completed. Please rate the worker.,False,2025-07-24
1971,986,Worker,536,Booking,Job completed successfully. Payment will be processed shortly.,False,2025-06-30
1972,986,Employer,21,Booking,Your service has been completed. Please rate the worker.,False,2025-06-30
1973,987,Worker,4006,Booking,Job completed successfully. Payment will be processed shortly.,False,2025-07-31
1974,987,Employer,154,Booking,Your service has been completed. Please rate the worker.,False,2025-07-31
1975,988,Worker,3401,Booking,Job completed successfully. Payment will be processed shortly.,True,2025-09-03
1976,988,Employer,160,Booking,Your service has been completed. Please rate the worker.,False,2025-09-03
1977,989,Worker,4627,Booking,A new booking request is waiting for your response.,False,2025-07-06
1978,989,Employer,433,Booking,Your booking request is pending.,True,2025-07-06
1979,990,Worker,2378,Booking,The booking has been cancelled.,False,2025-05-25
1980,990,Employer,256,Booking,Your booking has been cancelled.,False,2025-05-25
1981,991,Worker,5973,Booking,You have accepted a new booking.,True,2025-06-14
1982,991,Employer,130,Booking,A worker has accepted your booking.,True,2025-06-14
1983,992,Worker,879,Booking,Job completed successfully. Payment will be processed shortly.,True,2025-08-23
1984,992,Employer,308,Booking,Your service has been completed. Please rate the worker.,True,2025-08-23
1985,993,Worker,1089,Booking,A new booking request is waiting for your response.,False,2025-10-10
1986,993,Employer,494,Booking,Your booking request is pending.,True,2025-10-10
1987,994,Worker,2412,Booking,Job completed successfully. Payment will be processed shortly.,False,2025-05-09
1988,994,Employer,117,Booking,Your service has been completed. Please rate the worker.,False,2025-05-09
1989,995,Worker,5910,Booking,Job completed successfully. Payment will be processed shortly.,True,2025-11-30
1990,995,Employer,20,Booking,Your service has been completed. Please rate the worker.,True,2025-11-30
1991,996,Worker,1004,Booking,You have accepted a new booking.,True,2025-04-13
1992,996,Employer,96,Booking,A worker has accepted your booking.,False,2025-04-13
1993,997,Worker,3772,Booking,You have accepted a new booking.,True,2025-04-17
1994,997,Employer,171,Booking,A worker has accepted your booking.,True,2025-04-17
1995,998,Worker,1267,Booking,Job completed successfully. Payment will be processed shortly.,False,2025-09-02
1996,998,Employer,208,Booking,Your service has been completed. Please rate the worker.,False,2025-09-02
1997,999,Worker,5634,Booking,Job completed successfully. Payment will be processed shortly.,True,2025-03-24
1998,999,Employer,434,Booking,Your service has been completed. Please rate the worker.,False,2025-03-24
1999,1000,Worker,4601,Booking,You have accepted a new booking.,True,2025-07-29
2000,1000,Employer,156,Booking,A worker has accepted your booking.,False,2025-07-29
2001,1001,Worker,3403,Booking,A new booking request is waiting for your response.,False,2025-05-08
2002,1001,Employer,219,Booking,Your booking request is pending.,True,2025-05-08
2003,1002,Worker,512,Booking,You have accepted a new booking.,True,2025-02-20
2004,1002,Employer,362,Booking,A worker has accepted your booking.,False,2025-02-20
2005,1003,Worker,165,Booking,You have accepted a new booking.,True,2025-12-29
2006,1003,Employer,63,Booking,A worker has accepted your booking.,False,2025-12-29
2007,1004,Worker,4334,Booking,You have accepted a new booking.,False,2025-12-26
2008,1004,Employer,235,Booking,A worker has accepted your booking.,False,2025-12-26
2009,1005,Worker,2000,Booking,You have accepted a new booking.,True,2025-06-18
2010,1005,Employer,158,Booking,A worker has accepted your booking.,True,2025-06-18
2011,1006,Worker,294,Booking,Job completed successfully. Payment will be processed shortly.,False,2025-05-17
2012,1006,Employer,316,Booking,Your service has been completed. Please rate the worker.,False,2025-05-17
2013,1007,Worker,5898,Booking,A new booking request is waiting for your response.,False,2025-01-16
2014,1007,Employer,366,Booking,Your booking request is pending.,True,2025-01-16
2015,1008,Worker,4503,Booking,Job completed successfully. Payment will be processed shortly.,True,2025-05-01
2016,1008,Employer,300,Booking,Your service has been completed. Please rate the worker.,False,2025-05-01
2017,1009,Worker,1847,Booking,Job completed successfully. Payment will be processed shortly.,True,2025-01-01
2018,1009,Employer,10,Booking,Your service has been completed. Please rate the worker.,False,2025-01-01
2019,1010,Worker,2293,Booking,Job completed successfully. Payment will be processed shortly.,True,2025-06-22
2020,1010,Employer,185,Booking,Your service has been completed. Please rate the worker.,True,2025-06-22
2021,1011,Worker,4015,Booking,You have accepted a new booking.,True,2025-08-24
2022,1011,Employer,186,Booking,A worker has accepted your booking.,False,2025-08-24
2023,1012,Worker,3550,Booking,Job completed successfully. Payment will be processed shortly.,False,2025-10-10
2024,1012,Employer,93,Booking,Your service has been completed. Please rate the worker.,False,2025-10-10
2025,1013,Worker,4232,Booking,Job completed successfully. Payment will be processed shortly.,False,2025-04-07
2026,1013,Employer,287,Booking,Your service has been completed. Please rate the worker.,True,2025-04-07
2027,1014,Worker,208,Booking,Job completed successfully. Payment will be processed shortly.,True,2025-04-09
2028,1014,Employer,481,Booking,Your service has been completed. Please rate the worker.,False,2025-04-09
2029,1015,Worker,1362,Booking,Job completed successfully. Payment will be processed shortly.,False,2025-06-23
2030,1015,Employer,476,Booking,Your service has been completed. Please rate the worker.,True,2025-06-23
2031,1016,Worker,5766,Booking,Job completed successfully. Payment will be processed shortly.,True,2025-01-07
2032,1016,Employer,484,Booking,Your service has been completed. Please rate the worker.,False,2025-01-07
2033,1017,Worker,2182,Booking,Job completed successfully. Payment will be processed shortly.,False,2025-06-03
2034,1017,Employer,419,Booking,Your service has been completed. Please rate the worker.,True,2025-06-03
2035,1018,Worker,5163,Booking,The booking has been cancelled.,True,2025-09-05
2036,1018,Employer,373,Booking,Your booking has been cancelled.,False,2025-09-05
2037,1019,Worker,4746,Booking,Job completed successfully. Payment will be processed shortly.,True,2025-05-09
2038,1019,Employer,183,Booking,Your service has been completed. Please rate the worker.,True,2025-05-09
2039,1020,Worker,1168,Booking,Job completed successfully. Payment will be processed shortly.,False,2025-06-25
2040,1020,Employer,195,Booking,Your service has been completed. Please rate the worker.,False,2025-06-25
2041,1021,Worker,4365,Booking,You have accepted a new booking.,True,2025-05-02
2042,1021,Employer,89,Booking,A worker has accepted your booking.,False,2025-05-02
2043,1022,Worker,1781,Booking,Job completed successfully. Payment will be processed shortly.,False,2025-03-27
2044,1022,Employer,135,Booking,Your service has been completed. Please rate the worker.,True,2025-03-27
2045,1023,Worker,4933,Booking,A new booking request is waiting for your response.,False,2025-04-02
2046,1023,Employer,237,Booking,Your booking request is pending.,False,2025-04-02
2047,1024,Worker,2172,Booking,Job completed successfully. Payment will be processed shortly.,False,2025-11-16
2048,1024,Employer,238,Booking,Your service has been completed. Please rate the worker.,False,2025-11-16
2049,1025,Worker,4154,Booking,You have accepted a new booking.,True,2025-02-10
2050,1025,Employer,137,Booking,A worker has accepted your booking.,True,2025-02-10
2051,1026,Worker,3599,Booking,Job completed successfully. Payment will be processed shortly.,False,2025-05-06
2052,1026,Employer,31,Booking,Your service has been completed. Please rate the worker.,True,2025-05-06
2053,1027,Worker,576,Booking,Job completed successfully. Payment will be processed shortly.,True,2025-03-19
2054,1027,Employer,267,Booking,Your service has been completed. Please rate the worker.,True,2025-03-19
2055,1028,Worker,5374,Booking,Job completed successfully. Payment will be processed shortly.,False,2025-10-02
2056,1028,Employer,117,Booking,Your service has been completed. Please rate the worker.,True,2025-10-02
2057,1029,Worker,3162,Booking,Job completed successfully. Payment will be processed shortly.,False,2025-03-19
2058,1029,Employer,105,Booking,Your service has been completed. Please rate the worker.,False,2025-03-19
2059,1030,Worker,6213,Booking,Job completed successfully. Payment will be processed shortly.,False,2025-04-08
2060,1030,Employer,369,Booking,Your service has been completed. Please rate the worker.,True,2025-04-08
2061,1031,Worker,258,Booking,You have accepted a new booking.,True,2025-05-10
2062,1031,Employer,426,Booking,A worker has accepted your booking.,False,2025-05-10
2063,1032,Worker,846,Booking,Job completed successfully. Payment will be processed shortly.,False,2025-03-30
2064,1032,Employer,76,Booking,Your service has been completed. Please rate the worker.,True,2025-03-30
2065,1033,Worker,4932,Booking,Job completed successfully. Payment will be processed shortly.,True,2025-12-05
2066,1033,Employer,432,Booking,Your service has been completed. Please rate the worker.,True,2025-12-05
2067,1034,Worker,4482,Booking,A new booking request is waiting for your response.,True,2025-04-03
2068,1034,Employer,448,Booking,Your booking request is pending.,False,2025-04-03
2069,1035,Worker,5853,Booking,Job completed successfully. Payment will be processed shortly.,False,2025-02-12
2070,1035,Employer,296,Booking,Your service has been completed. Please rate the worker.,False,2025-02-12
2071,1036,Worker,3148,Booking,Job completed successfully. Payment will be processed shortly.,False,2025-01-14
2072,1036,Employer,205,Booking,Your service has been completed. Please rate the worker.,True,2025-01-14
2073,1037,Worker,2590,Booking,Job completed successfully. Payment will be processed shortly.,True,2025-04-28
2074,1037,Employer,205,Booking,Your service has been completed. Please rate the worker.,True,2025-04-28
2075,1038,Worker,4519,Booking,Job completed successfully. Payment will be processed shortly.,False,2025-07-07
2076,1038,Employer,6,Booking,Your service has been completed. Please rate the worker.,False,2025-07-07
2077,1039,Worker,2016,Booking,Job completed successfully. Payment will be processed shortly.,False,2025-08-19
2078,1039,Employer,117,Booking,Your service has been completed. Please rate the worker.,True,2025-08-19
2079,1040,Worker,756,Booking,Job completed successfully. Payment will be processed shortly.,True,2025-07-31
2080,1040,Employer,483,Booking,Your service has been completed. Please rate the worker.,False,2025-07-31
2081,1041,Worker,4602,Booking,Job completed successfully. Payment will be processed shortly.,True,2025-05-02
2082,1041,Employer,332,Booking,Your service has been completed. Please rate the worker.,False,2025-05-02
2083,1042,Worker,3369,Booking,You have accepted a new booking.,True,2025-06-30
2084,1042,Employer,421,Booking,A worker has accepted your booking.,True,2025-06-30
2085,1043,Worker,1010,Booking,Job completed successfully. Payment will be processed shortly.,False,2025-12-02
2086,1043,Employer,342,Booking,Your service has been completed. Please rate the worker.,True,2025-12-02
2087,1044,Worker,1940,Booking,Job completed successfully. Payment will be processed shortly.,True,2025-01-21
2088,1044,Employer,432,Booking,Your service has been completed. Please rate the worker.,False,2025-01-21
2089,1045,Worker,4644,Booking,Job completed successfully. Payment will be processed shortly.,False,2025-01-19
2090,1045,Employer,175,Booking,Your service has been completed. Please rate the worker.,False,2025-01-19
2091,1046,Worker,495,Booking,Job completed successfully. Payment will be processed shortly.,False,2025-05-04
2092,1046,Employer,292,Booking,Your service has been completed. Please rate the worker.,False,2025-05-04
2093,1047,Worker,2193,Booking,A new booking request is waiting for your response.,False,2025-11-22
2094,1047,Employer,320,Booking,Your booking request is pending.,True,2025-11-22
2095,1048,Worker,2999,Booking,Job completed successfully. Payment will be processed shortly.,False,2025-04-12
2096,1048,Employer,246,Booking,Your service has been completed. Please rate the worker.,False,2025-04-12
2097,1049,Worker,3189,Booking,A new booking request is waiting for your response.,True,2025-06-25
2098,1049,Employer,390,Booking,Your booking request is pending.,True,2025-06-25
2099,1050,Worker,392,Booking,You have accepted a new booking.,True,2025-06-18
2100,1050,Employer,113,Booking,A worker has accepted your booking.,True,2025-06-18
2101,1051,Worker,42,Booking,Job completed successfully. Payment will be processed shortly.,False,2025-03-24
2102,1051,Employer,110,Booking,Your service has been completed. Please rate the worker.,False,2025-03-24
2103,1052,Worker,1594,Booking,Job completed successfully. Payment will be processed shortly.,False,2025-06-17
2104,1052,Employer,331,Booking,Your service has been completed. Please rate the worker.,True,2025-06-17
2105,1053,Worker,895,Booking,Job completed successfully. Payment will be processed shortly.,True,2025-12-07
2106,1053,Employer,475,Booking,Your service has been completed. Please rate the worker.,True,2025-12-07
2107,1054,Worker,3396,Booking,The booking has been cancelled.,False,2025-03-15
2108,1054,Employer,87,Booking,Your booking has been cancelled.,True,2025-03-15
2109,1055,Worker,1330,Booking,A new booking request is waiting for your response.,True,2025-08-19
2110,1055,Employer,197,Booking,Your booking request is pending.,False,2025-08-19
2111,1056,Worker,5769,Booking,Job completed successfully. Payment will be processed shortly.,False,2025-10-08
2112,1056,Employer,392,Booking,Your service has been completed. Please rate the worker.,False,2025-10-08
2113,1057,Worker,1408,Booking,You have accepted a new booking.,True,2025-07-19
2114,1057,Employer,8,Booking,A worker has accepted your booking.,False,2025-07-19
2115,1058,Worker,6114,Booking,Job completed successfully. Payment will be processed shortly.,False,2025-06-09
2116,1058,Employer,318,Booking,Your service has been completed. Please rate the worker.,False,2025-06-09
2117,1059,Worker,2530,Booking,You have accepted a new booking.,True,2025-08-13
2118,1059,Employer,4,Booking,A worker has accepted your booking.,True,2025-08-13
2119,1060,Worker,5003,Booking,Job completed successfully. Payment will be processed shortly.,False,2025-03-15
2120,1060,Employer,338,Booking,Your service has been completed. Please rate the worker.,False,2025-03-15
2121,1061,Worker,3143,Booking,Job completed successfully. Payment will be processed shortly.,True,2025-12-19
2122,1061,Employer,172,Booking,Your service has been completed. Please rate the worker.,True,2025-12-19
2123,1062,Worker,5114,Booking,A new booking request is waiting for your response.,True,2025-11-19
2124,1062,Employer,70,Booking,Your booking request is pending.,False,2025-11-19
2125,1063,Worker,1156,Booking,Job completed successfully. Payment will be processed shortly.,True,2025-12-04
2126,1063,Employer,39,Booking,Your service has been completed. Please rate the worker.,True,2025-12-04
2127,1064,Worker,2599,Booking,The booking has been cancelled.,True,2025-12-31
2128,1064,Employer,72,Booking,Your booking has been cancelled.,True,2025-12-31
2129,1065,Worker,4998,Booking,Job completed successfully. Payment will be processed shortly.,True,2025-06-18
2130,1065,Employer,427,Booking,Your service has been completed. Please rate the worker.,False,2025-06-18
2131,1066,Worker,1248,Booking,A new booking request is waiting for your response.,False,2025-08-14
2132,1066,Employer,151,Booking,Your booking request is pending.,False,2025-08-14
2133,1067,Worker,1701,Booking,A new booking request is waiting for your response.,True,2025-04-17
2134,1067,Employer,411,Booking,Your booking request is pending.,False,2025-04-17
2135,1068,Worker,6189,Booking,You have accepted a new booking.,False,2025-11-07
2136,1068,Employer,409,Booking,A worker has accepted your booking.,False,2025-11-07
2137,1069,Worker,497,Booking,Job completed successfully. Payment will be processed shortly.,False,2025-08-11
2138,1069,Employer,111,Booking,Your service has been completed. Please rate the worker.,True,2025-08-11
2139,1070,Worker,1030,Booking,Job completed successfully. Payment will be processed shortly.,True,2025-07-18
2140,1070,Employer,249,Booking,Your service has been completed. Please rate the worker.,False,2025-07-18
2141,1071,Worker,1858,Booking,Job completed successfully. Payment will be processed shortly.,True,2025-02-17
2142,1071,Employer,458,Booking,Your service has been completed. Please rate the worker.,False,2025-02-17
2143,1072,Worker,811,Booking,You have accepted a new booking.,True,2025-07-04
2144,1072,Employer,301,Booking,A worker has accepted your booking.,True,2025-07-04
2145,1073,Worker,1061,Booking,You have accepted a new booking.,True,2025-02-26
2146,1073,Employer,265,Booking,A worker has accepted your booking.,True,2025-02-26
2147,1074,Worker,5045,Booking,You have accepted a new booking.,True,2025-08-30
2148,1074,Employer,201,Booking,A worker has accepted your booking.,False,2025-08-30
2149,1075,Worker,5175,Booking,The booking has been cancelled.,True,2025-03-03
2150,1075,Employer,436,Booking,Your booking has been cancelled.,False,2025-03-03
2151,1076,Worker,3771,Booking,Job completed successfully. Payment will be processed shortly.,True,2025-07-21
2152,1076,Employer,271,Booking,Your service has been completed. Please rate the worker.,True,2025-07-21
2153,1077,Worker,5304,Booking,Job completed successfully. Payment will be processed shortly.,False,2025-06-23
2154,1077,Employer,199,Booking,Your service has been completed. Please rate the worker.,True,2025-06-23
2155,1078,Worker,2575,Booking,You have accepted a new booking.,False,2025-02-04
2156,1078,Employer,415,Booking,A worker has accepted your booking.,False,2025-02-04
2157,1079,Worker,4575,Booking,Job completed successfully. Payment will be processed shortly.,False,2025-03-09
2158,1079,Employer,314,Booking,Your service has been completed. Please rate the worker.,False,2025-03-09
2159,1080,Worker,3105,Booking,A new booking request is waiting for your response.,False,2025-12-27
2160,1080,Employer,451,Booking,Your booking request is pending.,False,2025-12-27
2161,1081,Worker,5970,Booking,Job completed successfully. Payment will be processed shortly.,True,2025-02-03
2162,1081,Employer,439,Booking,Your service has been completed. Please rate the worker.,False,2025-02-03
2163,1082,Worker,2437,Booking,Job completed successfully. Payment will be processed shortly.,False,2025-11-27
2164,1082,Employer,478,Booking,Your service has been completed. Please rate the worker.,False,2025-11-27
2165,1083,Worker,2698,Booking,Job completed successfully. Payment will be processed shortly.,True,2025-07-31
2166,1083,Employer,499,Booking,Your service has been completed. Please rate the worker.,True,2025-07-31
2167,1084,Worker,341,Booking,Job completed successfully. Payment will be processed shortly.,False,2025-12-29
2168,1084,Employer,122,Booking,Your service has been completed. Please rate the worker.,True,2025-12-29
2169,1085,Worker,3841,Booking,A new booking request is waiting for your response.,False,2025-11-02
2170,1085,Employer,274,Booking,Your booking request is pending.,True,2025-11-02
2171,1086,Worker,2889,Booking,Job completed successfully. Payment will be processed shortly.,False,2025-06-03
2172,1086,Employer,314,Booking,Your service has been completed. Please rate the worker.,True,2025-06-03
2173,1087,Worker,3274,Booking,You have accepted a new booking.,True,2025-05-26
2174,1087,Employer,182,Booking,A worker has accepted your booking.,False,2025-05-26
2175,1088,Worker,3162,Booking,You have accepted a new booking.,True,2025-04-08
2176,1088,Employer,10,Booking,A worker has accepted your booking.,False,2025-04-08
2177,1089,Worker,6208,Booking,Job completed successfully. Payment will be processed shortly.,False,2025-08-07
2178,1089,Employer,410,Booking,Your service has been completed. Please rate the worker.,True,2025-08-07
2179,1090,Worker,4078,Booking,Job completed successfully. Payment will be processed shortly.,False,2025-12-29
2180,1090,Employer,383,Booking,Your service has been completed. Please rate the worker.,False,2025-12-29
2181,1091,Worker,1167,Booking,You have accepted a new booking.,False,2025-08-18
2182,1091,Employer,431,Booking,A worker has accepted your booking.,False,2025-08-18
2183,1092,Worker,3910,Booking,You have accepted a new booking.,False,2025-05-14
2184,1092,Employer,437,Booking,A worker has accepted your booking.,False,2025-05-14
2185,1093,Worker,6201,Booking,A new booking request is waiting for your response.,True,2025-06-20
2186,1093,Employer,131,Booking,Your booking request is pending.,False,2025-06-20
2187,1094,Worker,1310,Booking,Job completed successfully. Payment will be processed shortly.,True,2025-04-30
2188,1094,Employer,34,Booking,Your service has been completed. Please rate the worker.,True,2025-04-30
2189,1095,Worker,2192,Booking,You have accepted a new booking.,False,2025-06-12
2190,1095,Employer,141,Booking,A worker has accepted your booking.,True,2025-06-12
2191,1096,Worker,3117,Booking,You have accepted a new booking.,True,2025-03-30
2192,1096,Employer,245,Booking,A worker has accepted your booking.,True,2025-03-30
2193,1097,Worker,721,Booking,Job completed successfully. Payment will be processed shortly.,False,2025-03-04
2194,1097,Employer,166,Booking,Your service has been completed. Please rate the worker.,True,2025-03-04
2195,1098,Worker,753,Booking,Job completed successfully. Payment will be processed shortly.,True,2025-12-17
2196,1098,Employer,82,Booking,Your service has been completed. Please rate the worker.,True,2025-12-17
2197,1099,Worker,67,Booking,You have accepted a new booking.,False,2025-06-30
2198,1099,Employer,155,Booking,A worker has accepted your booking.,True,2025-06-30
2199,1100,Worker,4051,Booking,Job completed successfully. Payment will be processed shortly.,False,2025-12-18
2200,1100,Employer,83,Booking,Your service has been completed. Please rate the worker.,False,2025-12-18
2201,1101,Worker,5456,Booking,Job completed successfully. Payment will be processed shortly.,False,2025-12-02
2202,1101,Employer,443,Booking,Your service has been completed. Please rate the worker.,False,2025-12-02
2203,1102,Worker,3389,Booking,A new booking request is waiting for your response.,True,2025-08-20
2204,1102,Employer,113,Booking,Your booking request is pending.,True,2025-08-20
2205,1103,Worker,5124,Booking,Job completed successfully. Payment will be processed shortly.,False,2025-11-14
2206,1103,Employer,337,Booking,Your service has been completed. Please rate the worker.,True,2025-11-14
2207,1104,Worker,4651,Booking,Job completed successfully. Payment will be processed shortly.,True,2025-02-09
2208,1104,Employer,223,Booking,Your service has been completed. Please rate the worker.,False,2025-02-09
2209,1105,Worker,4355,Booking,Job completed successfully. Payment will be processed shortly.,False,2025-06-30
2210,1105,Employer,139,Booking,Your service has been completed. Please rate the worker.,True,2025-06-30
2211,1106,Worker,3759,Booking,A new booking request is waiting for your response.,False,2025-02-05
2212,1106,Employer,158,Booking,Your booking request is pending.,True,2025-02-05
2213,1107,Worker,2352,Booking,Job completed successfully. Payment will be processed shortly.,True,2025-06-10
2214,1107,Employer,187,Booking,Your service has been completed. Please rate the worker.,False,2025-06-10
2215,1108,Worker,3161,Booking,The booking has been cancelled.,True,2025-01-29
2216,1108,Employer,423,Booking,Your booking has been cancelled.,True,2025-01-29
2217,1109,Worker,1199,Booking,Job completed successfully. Payment will be processed shortly.,True,2025-09-04
2218,1109,Employer,451,Booking,Your service has been completed. Please rate the worker.,True,2025-09-04
2219,1110,Worker,6134,Booking,Job completed successfully. Payment will be processed shortly.,True,2025-11-30
2220,1110,Employer,6,Booking,Your service has been completed. Please rate the worker.,True,2025-11-30
2221,1111,Worker,5881,Booking,A new booking request is waiting for your response.,True,2025-03-12
2222,1111,Employer,96,Booking,Your booking request is pending.,True,2025-03-12
2223,1112,Worker,5428,Booking,Job completed successfully. Payment will be processed shortly.,False,2025-09-07
2224,1112,Employer,180,Booking,Your service has been completed. Please rate the worker.,True,2025-09-07
2225,1113,Worker,900,Booking,You have accepted a new booking.,True,2025-10-27
2226,1113,Employer,143,Booking,A worker has accepted your booking.,False,2025-10-27
2227,1114,Worker,5267,Booking,You have accepted a new booking.,False,2025-05-26
2228,1114,Employer,198,Booking,A worker has accepted your booking.,True,2025-05-26
2229,1115,Worker,6326,Booking,A new booking request is waiting for your response.,False,2025-04-06
2230,1115,Employer,315,Booking,Your booking request is pending.,False,2025-04-06
2231,1116,Worker,3587,Booking,You have accepted a new booking.,True,2025-12-01
2232,1116,Employer,181,Booking,A worker has accepted your booking.,False,2025-12-01
2233,1117,Worker,5887,Booking,Job completed successfully. Payment will be processed shortly.,False,2025-12-02
2234,1117,Employer,351,Booking,Your service has been completed. Please rate the worker.,False,2025-12-02
2235,1118,Worker,1016,Booking,Job completed successfully. Payment will be processed shortly.,False,2025-01-19
2236,1118,Employer,205,Booking,Your service has been completed. Please rate the worker.,False,2025-01-19
2237,1119,Worker,3707,Booking,A new booking request is waiting for your response.,False,2025-09-07
2238,1119,Employer,194,Booking,Your booking request is pending.,True,2025-09-07
2239,1120,Worker,5076,Booking,You have accepted a new booking.,True,2025-09-15
2240,1120,Employer,317,Booking,A worker has accepted your booking.,False,2025-09-15
2241,1121,Worker,5187,Booking,You have accepted a new booking.,True,2025-01-09
2242,1121,Employer,416,Booking,A worker has accepted your booking.,False,2025-01-09
2243,1122,Worker,662,Booking,You have accepted a new booking.,True,2025-02-18
2244,1122,Employer,430,Booking,A worker has accepted your booking.,True,2025-02-18
2245,1123,Worker,810,Booking,Job completed successfully. Payment will be processed shortly.,False,2025-12-17
2246,1123,Employer,173,Booking,Your service has been completed. Please rate the worker.,True,2025-12-17
2247,1124,Worker,2308,Booking,Job completed successfully. Payment will be processed shortly.,True,2025-12-31
2248,1124,Employer,169,Booking,Your service has been completed. Please rate the worker.,True,2025-12-31
2249,1125,Worker,3825,Booking,Job completed successfully. Payment will be processed shortly.,True,2025-11-18
2250,1125,Employer,277,Booking,Your service has been completed. Please rate the worker.,True,2025-11-18
2251,1126,Worker,29,Booking,Job completed successfully. Payment will be processed shortly.,False,2025-08-29
2252,1126,Employer,361,Booking,Your service has been completed. Please rate the worker.,True,2025-08-29
2253,1127,Worker,553,Booking,A new booking request is waiting for your response.,False,2025-02-15
2254,1127,Employer,28,Booking,Your booking request is pending.,True,2025-02-15
2255,1128,Worker,3952,Booking,You have accepted a new booking.,False,2025-10-29
2256,1128,Employer,376,Booking,A worker has accepted your booking.,False,2025-10-29
2257,1129,Worker,1644,Booking,A new booking request is waiting for your response.,False,2025-03-12
2258,1129,Employer,2,Booking,Your booking request is pending.,False,2025-03-12
2259,1130,Worker,2688,Booking,Job completed successfully. Payment will be processed shortly.,True,2025-05-16
2260,1130,Employer,465,Booking,Your service has been completed. Please rate the worker.,True,2025-05-16
2261,1131,Worker,3489,Booking,The booking has been cancelled.,True,2025-08-18
2262,1131,Employer,357,Booking,Your booking has been cancelled.,False,2025-08-18
2263,1132,Worker,1407,Booking,Job completed successfully. Payment will be processed shortly.,False,2025-10-19
2264,1132,Employer,423,Booking,Your service has been completed. Please rate the worker.,False,2025-10-19
2265,1133,Worker,3409,Booking,The booking has been cancelled.,False,2025-03-29
2266,1133,Employer,146,Booking,Your booking has been cancelled.,False,2025-03-29
2267,1134,Worker,1346,Booking,A new booking request is waiting for your response.,False,2025-11-11
2268,1134,Employer,370,Booking,Your booking request is pending.,True,2025-11-11
2269,1135,Worker,386,Booking,Job completed successfully. Payment will be processed shortly.,True,2025-08-08
2270,1135,Employer,448,Booking,Your service has been completed. Please rate the worker.,True,2025-08-08
2271,1136,Worker,3128,Booking,You have accepted a new booking.,True,2025-06-01
2272,1136,Employer,270,Booking,A worker has accepted your booking.,False,2025-06-01
2273,1137,Worker,437,Booking,Job completed successfully. Payment will be processed shortly.,False,2025-10-07
2274,1137,Employer,108,Booking,Your service has been completed. Please rate the worker.,False,2025-10-07
2275,1138,Worker,5729,Booking,Job completed successfully. Payment will be processed shortly.,False,2025-11-09
2276,1138,Employer,217,Booking,Your service has been completed. Please rate the worker.,False,2025-11-09
2277,1139,Worker,1795,Booking,You have accepted a new booking.,False,2025-07-06
2278,1139,Employer,30,Booking,A worker has accepted your booking.,True,2025-07-06
2279,1140,Worker,3515,Booking,You have accepted a new booking.,False,2025-04-03
2280,1140,Employer,266,Booking,A worker has accepted your booking.,False,2025-04-03
2281,1141,Worker,1340,Booking,Job completed successfully. Payment will be processed shortly.,False,2025-06-23
2282,1141,Employer,150,Booking,Your service has been completed. Please rate the worker.,True,2025-06-23
2283,1142,Worker,4162,Booking,Job completed successfully. Payment will be processed shortly.,True,2025-01-25
2284,1142,Employer,351,Booking,Your service has been completed. Please rate the worker.,False,2025-01-25
2285,1143,Worker,4777,Booking,A new booking request is waiting for your response.,False,2025-06-26
2286,1143,Employer,183,Booking,Your booking request is pending.,True,2025-06-26
2287,1144,Worker,3917,Booking,Job completed successfully. Payment will be processed shortly.,False,2025-09-13
2288,1144,Employer,183,Booking,Your service has been completed. Please rate the worker.,True,2025-09-13
2289,1145,Worker,1253,Booking,A new booking request is waiting for your response.,True,2025-01-25
2290,1145,Employer,56,Booking,Your booking request is pending.,False,2025-01-25
2291,1146,Worker,80,Booking,Job completed successfully. Payment will be processed shortly.,True,2025-10-16
2292,1146,Employer,330,Booking,Your service has been completed. Please rate the worker.,False,2025-10-16
2293,1147,Worker,909,Booking,Job completed successfully. Payment will be processed shortly.,False,2025-03-18
2294,1147,Employer,289,Booking,Your service has been completed. Please rate the worker.,False,2025-03-18
2295,1148,Worker,6238,Booking,The booking has been cancelled.,False,2025-03-04
2296,1148,Employer,454,Booking,Your booking has been cancelled.,True,2025-03-04
2297,1149,Worker,4777,Booking,A new booking request is waiting for your response.,True,2025-01-21
2298,1149,Employer,43,Booking,Your booking request is pending.,False,2025-01-21
2299,1150,Worker,1073,Booking,Job completed successfully. Payment will be processed shortly.,True,2025-04-18
2300,1150,Employer,305,Booking,Your service has been completed. Please rate the worker.,False,2025-04-18
2301,1151,Worker,4671,Booking,A new booking request is waiting for your response.,True,2025-07-06
2302,1151,Employer,307,Booking,Your booking request is pending.,True,2025-07-06
2303,1152,Worker,643,Booking,Job completed successfully. Payment will be processed shortly.,False,2025-09-21
2304,1152,Employer,343,Booking,Your service has been completed. Please rate the worker.,True,2025-09-21
2305,1153,Worker,1003,Booking,Job completed successfully. Payment will be processed shortly.,False,2025-05-01
2306,1153,Employer,370,Booking,Your service has been completed. Please rate the worker.,True,2025-05-01
2307,1154,Worker,4280,Booking,A new booking request is waiting for your response.,True,2025-06-23
2308,1154,Employer,156,Booking,Your booking request is pending.,True,2025-06-23
2309,1155,Worker,5660,Booking,Job completed successfully. Payment will be processed shortly.,False,2025-05-28
2310,1155,Employer,22,Booking,Your service has been completed. Please rate the worker.,True,2025-05-28
2311,1156,Worker,4311,Booking,You have accepted a new booking.,False,2025-11-21
2312,1156,Employer,401,Booking,A worker has accepted your booking.,False,2025-11-21
2313,1157,Worker,4749,Booking,You have accepted a new booking.,True,2025-01-26
2314,1157,Employer,45,Booking,A worker has accepted your booking.,False,2025-01-26
2315,1158,Worker,4003,Booking,A new booking request is waiting for your response.,True,2025-01-13
2316,1158,Employer,12,Booking,Your booking request is pending.,True,2025-01-13
2317,1159,Worker,2604,Booking,Job completed successfully. Payment will be processed shortly.,True,2025-01-25
2318,1159,Employer,43,Booking,Your service has been completed. Please rate the worker.,True,2025-01-25
2319,1160,Worker,753,Booking,Job completed successfully. Payment will be processed shortly.,True,2025-06-08
2320,1160,Employer,389,Booking,Your service has been completed. Please rate the worker.,False,2025-06-08
2321,1161,Worker,3862,Booking,A new booking request is waiting for your response.,False,2025-09-12
2322,1161,Employer,167,Booking,Your booking request is pending.,True,2025-09-12
2323,1162,Worker,5895,Booking,Job completed successfully. Payment will be processed shortly.,False,2025-06-27
2324,1162,Employer,127,Booking,Your service has been completed. Please rate the worker.,True,2025-06-27
2325,1163,Worker,4295,Booking,You have accepted a new booking.,True,2025-04-01
2326,1163,Employer,39,Booking,A worker has accepted your booking.,True,2025-04-01
2327,1164,Worker,4019,Booking,Job completed successfully. Payment will be processed shortly.,True,2025-02-02
2328,1164,Employer,295,Booking,Your service has been completed. Please rate the worker.,False,2025-02-02
2329,1165,Worker,1790,Booking,A new booking request is waiting for your response.,True,2025-10-11
2330,1165,Employer,459,Booking,Your booking request is pending.,True,2025-10-11
2331,1166,Worker,1322,Booking,A new booking request is waiting for your response.,False,2025-02-19
2332,1166,Employer,54,Booking,Your booking request is pending.,False,2025-02-19
2333,1167,Worker,3065,Booking,You have accepted a new booking.,True,2025-02-18
2334,1167,Employer,396,Booking,A worker has accepted your booking.,False,2025-02-18
2335,1168,Worker,1142,Booking,A new booking request is waiting for your response.,False,2025-03-12
2336,1168,Employer,322,Booking,Your booking request is pending.,False,2025-03-12
2337,1169,Worker,1494,Booking,A new booking request is waiting for your response.,True,2025-06-28
2338,1169,Employer,496,Booking,Your booking request is pending.,True,2025-06-28
2339,1170,Worker,6002,Booking,You have accepted a new booking.,True,2025-01-07
2340,1170,Employer,477,Booking,A worker has accepted your booking.,True,2025-01-07
2341,1171,Worker,4150,Booking,Job completed successfully. Payment will be processed shortly.,True,2025-04-12
2342,1171,Employer,109,Booking,Your service has been completed. Please rate the worker.,False,2025-04-12
2343,1172,Worker,909,Booking,The booking has been cancelled.,True,2025-12-23
2344,1172,Employer,470,Booking,Your booking has been cancelled.,True,2025-12-23
2345,1173,Worker,3411,Booking,Job completed successfully. Payment will be processed shortly.,True,2025-03-19
2346,1173,Employer,149,Booking,Your service has been completed. Please rate the worker.,False,2025-03-19
2347,1174,Worker,3308,Booking,Job completed successfully. Payment will be processed shortly.,False,2025-04-06
2348,1174,Employer,292,Booking,Your service has been completed. Please rate the worker.,True,2025-04-06
2349,1175,Worker,5349,Booking,You have accepted a new booking.,True,2025-02-01
2350,1175,Employer,381,Booking,A worker has accepted your booking.,True,2025-02-01
2351,1176,Worker,2198,Booking,Job completed successfully. Payment will be processed shortly.,False,2025-12-31
2352,1176,Employer,310,Booking,Your service has been completed. Please rate the worker.,False,2025-12-31
2353,1177,Worker,5797,Booking,A new booking request is waiting for your response.,False,2025-02-13
2354,1177,Employer,369,Booking,Your booking request is pending.,True,2025-02-13
2355,1178,Worker,6384,Booking,Job completed successfully. Payment will be processed shortly.,False,2025-06-27
2356,1178,Employer,312,Booking,Your service has been completed. Please rate the worker.,True,2025-06-27
2357,1179,Worker,5719,Booking,Job completed successfully. Payment will be processed shortly.,True,2025-06-27
2358,1179,Employer,153,Booking,Your service has been completed. Please rate the worker.,False,2025-06-27
2359,1180,Worker,1900,Booking,A new booking request is waiting for your response.,False,2025-12-21
2360,1180,Employer,58,Booking,Your booking request is pending.,True,2025-12-21
2361,1181,Worker,2277,Booking,Job completed successfully. Payment will be processed shortly.,False,2025-05-14
2362,1181,Employer,62,Booking,Your service has been completed. Please rate the worker.,True,2025-05-14
2363,1182,Worker,6478,Booking,A new booking request is waiting for your response.,False,2025-07-16
2364,1182,Employer,111,Booking,Your booking request is pending.,True,2025-07-16
2365,1183,Worker,4143,Booking,The booking has been cancelled.,True,2025-02-03
2366,1183,Employer,56,Booking,Your booking has been cancelled.,False,2025-02-03
2367,1184,Worker,947,Booking,The booking has been cancelled.,False,2025-10-24
2368,1184,Employer,230,Booking,Your booking has been cancelled.,False,2025-10-24
2369,1185,Worker,5203,Booking,A new booking request is waiting for your response.,False,2025-11-02
2370,1185,Employer,389,Booking,Your booking request is pending.,True,2025-11-02
2371,1186,Worker,1582,Booking,You have accepted a new booking.,True,2025-09-28
2372,1186,Employer,306,Booking,A worker has accepted your booking.,True,2025-09-28
2373,1187,Worker,6356,Booking,Job completed successfully. Payment will be processed shortly.,True,2025-07-31
2374,1187,Employer,319,Booking,Your service has been completed. Please rate the worker.,False,2025-07-31
2375,1188,Worker,4037,Booking,Job completed successfully. Payment will be processed shortly.,False,2025-06-06
2376,1188,Employer,4,Booking,Your service has been completed. Please rate the worker.,False,2025-06-06
2377,1189,Worker,6130,Booking,Job completed successfully. Payment will be processed shortly.,False,2025-11-07
2378,1189,Employer,17,Booking,Your service has been completed. Please rate the worker.,True,2025-11-07
2379,1190,Worker,738,Booking,Job completed successfully. Payment will be processed shortly.,False,2025-08-29
2380,1190,Employer,380,Booking,Your service has been completed. Please rate the worker.,False,2025-08-29
2381,1191,Worker,1632,Booking,The booking has been cancelled.,True,2025-09-29
2382,1191,Employer,209,Booking,Your booking has been cancelled.,True,2025-09-29
2383,1192,Worker,1808,Booking,Job completed successfully. Payment will be processed shortly.,False,2025-11-04
2384,1192,Employer,376,Booking,Your service has been completed. Please rate the worker.,False,2025-11-04
2385,1193,Worker,4095,Booking,Job completed successfully. Payment will be processed shortly.,False,2025-09-02
2386,1193,Employer,421,Booking,Your service has been completed. Please rate the worker.,True,2025-09-02
2387,1194,Worker,6249,Booking,You have accepted a new booking.,True,2025-03-06
2388,1194,Employer,100,Booking,A worker has accepted your booking.,False,2025-03-06
2389,1195,Worker,630,Booking,Job completed successfully. Payment will be processed shortly.,True,2025-09-30
2390,1195,Employer,357,Booking,Your service has been completed. Please rate the worker.,False,2025-09-30
2391,1196,Worker,2277,Booking,You have accepted a new booking.,True,2025-07-03
2392,1196,Employer,362,Booking,A worker has accepted your booking.,True,2025-07-03
2393,1197,Worker,4487,Booking,Job completed successfully. Payment will be processed shortly.,True,2025-11-08
2394,1197,Employer,396,Booking,Your service has been completed. Please rate the worker.,True,2025-11-08
2395,1198,Worker,5024,Booking,Job completed successfully. Payment will be processed shortly.,False,2025-12-16
2396,1198,Employer,309,Booking,Your service has been completed. Please rate the worker.,False,2025-12-16
2397,1199,Worker,4926,Booking,Job completed successfully. Payment will be processed shortly.,True,2025-12-29
2398,1199,Employer,245,Booking,Your service has been completed. Please rate the worker.,True,2025-12-29
2399,1200,Worker,236,Booking,A new booking request is waiting for your response.,True,2025-08-15
2400,1200,Employer,147,Booking,Your booking request is pending.,True,2025-08-15
2401,1201,Worker,3483,Booking,A new booking request is waiting for your response.,False,2025-11-23
2402,1201,Employer,480,Booking,Your booking request is pending.,False,2025-11-23
2403,1202,Worker,6452,Booking,Job completed successfully. Payment will be processed shortly.,True,2025-10-16
2404,1202,Employer,31,Booking,Your service has been completed. Please rate the worker.,False,2025-10-16
2405,1203,Worker,2414,Booking,A new booking request is waiting for your response.,True,2025-10-28
2406,1203,Employer,167,Booking,Your booking request is pending.,False,2025-10-28
2407,1204,Worker,2808,Booking,You have accepted a new booking.,False,2025-04-17
2408,1204,Employer,111,Booking,A worker has accepted your booking.,True,2025-04-17
2409,1205,Worker,6041,Booking,A new booking request is waiting for your response.,False,2025-06-22
2410,1205,Employer,42,Booking,Your booking request is pending.,False,2025-06-22
2411,1206,Worker,417,Booking,A new booking request is waiting for your response.,True,2025-02-27
2412,1206,Employer,418,Booking,Your booking request is pending.,False,2025-02-27
2413,1207,Worker,3619,Booking,A new booking request is waiting for your response.,True,2025-10-04
2414,1207,Employer,362,Booking,Your booking request is pending.,True,2025-10-04
2415,1208,Worker,2967,Booking,Job completed successfully. Payment will be processed shortly.,True,2025-10-23
2416,1208,Employer,406,Booking,Your service has been completed. Please rate the worker.,True,2025-10-23
2417,1209,Worker,2694,Booking,You have accepted a new booking.,False,2025-08-04
2418,1209,Employer,276,Booking,A worker has accepted your booking.,True,2025-08-04
2419,1210,Worker,3193,Booking,Job completed successfully. Payment will be processed shortly.,True,2025-02-08
2420,1210,Employer,201,Booking,Your service has been completed. Please rate the worker.,True,2025-02-08
2421,1211,Worker,5789,Booking,Job completed successfully. Payment will be processed shortly.,True,2025-04-11
2422,1211,Employer,119,Booking,Your service has been completed. Please rate the worker.,True,2025-04-11
2423,1212,Worker,453,Booking,Job completed successfully. Payment will be processed shortly.,True,2025-09-27
2424,1212,Employer,219,Booking,Your service has been completed. Please rate the worker.,False,2025-09-27
2425,1213,Worker,4121,Booking,You have accepted a new booking.,False,2025-06-09
2426,1213,Employer,153,Booking,A worker has accepted your booking.,True,2025-06-09
2427,1214,Worker,2239,Booking,Job completed successfully. Payment will be processed shortly.,False,2025-12-15
2428,1214,Employer,54,Booking,Your service has been completed. Please rate the worker.,True,2025-12-15
2429,1215,Worker,3349,Booking,You have accepted a new booking.,True,2025-01-01
2430,1215,Employer,269,Booking,A worker has accepted your booking.,True,2025-01-01
2431,1216,Worker,6031,Booking,You have accepted a new booking.,True,2025-01-26
2432,1216,Employer,157,Booking,A worker has accepted your booking.,True,2025-01-26
2433,1217,Worker,5915,Booking,You have accepted a new booking.,False,2025-12-12
2434,1217,Employer,36,Booking,A worker has accepted your booking.,False,2025-12-12
2435,1218,Worker,64,Booking,Job completed successfully. Payment will be processed shortly.,False,2025-03-31
2436,1218,Employer,414,Booking,Your service has been completed. Please rate the worker.,False,2025-03-31
2437,1219,Worker,5837,Booking,Job completed successfully. Payment will be processed shortly.,True,2025-11-29
2438,1219,Employer,249,Booking,Your service has been completed. Please rate the worker.,False,2025-11-29
2439,1220,Worker,1314,Booking,You have accepted a new booking.,True,2025-08-03
2440,1220,Employer,67,Booking,A worker has accepted your booking.,False,2025-08-03
2441,1221,Worker,4673,Booking,You have accepted a new booking.,False,2025-09-27
2442,1221,Employer,224,Booking,A worker has accepted your booking.,True,2025-09-27
2443,1222,Worker,2150,Booking,Job completed successfully. Payment will be processed shortly.,True,2025-05-29
2444,1222,Employer,87,Booking,Your service has been completed. Please rate the worker.,True,2025-05-29
2445,1223,Worker,573,Booking,You have accepted a new booking.,False,2025-12-25
2446,1223,Employer,331,Booking,A worker has accepted your booking.,True,2025-12-25
2447,1224,Worker,4599,Booking,You have accepted a new booking.,False,2025-10-12
2448,1224,Employer,424,Booking,A worker has accepted your booking.,True,2025-10-12
2449,1225,Worker,5918,Booking,Job completed successfully. Payment will be processed shortly.,False,2025-05-10
2450,1225,Employer,385,Booking,Your service has been completed. Please rate the worker.,False,2025-05-10
2451,1226,Worker,1406,Booking,Job completed successfully. Payment will be processed shortly.,False,2025-07-29
2452,1226,Employer,414,Booking,Your service has been completed. Please rate the worker.,False,2025-07-29
2453,1227,Worker,2619,Booking,Job completed successfully. Payment will be processed shortly.,True,2025-02-23
2454,1227,Employer,492,Booking,Your service has been completed. Please rate the worker.,False,2025-02-23
2455,1228,Worker,370,Booking,Job completed successfully. Payment will be processed shortly.,True,2025-05-10
2456,1228,Employer,267,Booking,Your service has been completed. Please rate the worker.,False,2025-05-10
2457,1229,Worker,3112,Booking,Job completed successfully. Payment will be processed shortly.,False,2025-01-12
2458,1229,Employer,86,Booking,Your service has been completed. Please rate the worker.,False,2025-01-12
2459,1230,Worker,6148,Booking,Job completed successfully. Payment will be processed shortly.,True,2025-12-14
2460,1230,Employer,205,Booking,Your service has been completed. Please rate the worker.,False,2025-12-14
2461,1231,Worker,5720,Booking,You have accepted a new booking.,True,2025-02-19
2462,1231,Employer,446,Booking,A worker has accepted your booking.,False,2025-02-19
2463,1232,Worker,2313,Booking,You have accepted a new booking.,True,2025-07-06
2464,1232,Employer,375,Booking,A worker has accepted your booking.,True,2025-07-06
2465,1233,Worker,2233,Booking,Job completed successfully. Payment will be processed shortly.,True,2025-08-02
2466,1233,Employer,154,Booking,Your service has been completed. Please rate the worker.,True,2025-08-02
2467,1234,Worker,4747,Booking,You have accepted a new booking.,True,2025-06-06
2468,1234,Employer,432,Booking,A worker has accepted your booking.,True,2025-06-06
2469,1235,Worker,5742,Booking,Job completed successfully. Payment will be processed shortly.,False,2025-07-23
2470,1235,Employer,472,Booking,Your service has been completed. Please rate the worker.,True,2025-07-23
2471,1236,Worker,4136,Booking,Job completed successfully. Payment will be processed shortly.,False,2025-10-24
2472,1236,Employer,335,Booking,Your service has been completed. Please rate the worker.,True,2025-10-24
2473,1237,Worker,2241,Booking,You have accepted a new booking.,True,2025-04-07
2474,1237,Employer,225,Booking,A worker has accepted your booking.,True,2025-04-07
2475,1238,Worker,5857,Booking,Job completed successfully. Payment will be processed shortly.,True,2025-03-12
2476,1238,Employer,343,Booking,Your service has been completed. Please rate the worker.,False,2025-03-12
2477,1239,Worker,4839,Booking,Job completed successfully. Payment will be processed shortly.,False,2025-02-18
2478,1239,Employer,446,Booking,Your service has been completed. Please rate the worker.,True,2025-02-18
2479,1240,Worker,4096,Booking,Job completed successfully. Payment will be processed shortly.,False,2025-09-02
2480,1240,Employer,147,Booking,Your service has been completed. Please rate the worker.,False,2025-09-02
2481,1241,Worker,1007,Booking,Job completed successfully. Payment will be processed shortly.,False,2025-04-24
2482,1241,Employer,267,Booking,Your service has been completed. Please rate the worker.,True,2025-04-24
2483,1242,Worker,2704,Booking,Job completed successfully. Payment will be processed shortly.,True,2025-05-11
2484,1242,Employer,194,Booking,Your service has been completed. Please rate the worker.,False,2025-05-11
2485,1243,Worker,5534,Booking,Job completed successfully. Payment will be processed shortly.,False,2025-05-12
2486,1243,Employer,260,Booking,Your service has been completed. Please rate the worker.,False,2025-05-12
2487,1244,Worker,2882,Booking,A new booking request is waiting for your response.,False,2025-03-24
2488,1244,Employer,489,Booking,Your booking request is pending.,False,2025-03-24
2489,1245,Worker,1954,Booking,Job completed successfully. Payment will be processed shortly.,True,2025-11-28
2490,1245,Employer,458,Booking,Your service has been completed. Please rate the worker.,True,2025-11-28
2491,1246,Worker,1104,Booking,You have accepted a new booking.,False,2025-02-16
2492,1246,Employer,97,Booking,A worker has accepted your booking.,True,2025-02-16
2493,1247,Worker,1874,Booking,Job completed successfully. Payment will be processed shortly.,False,2025-03-03
2494,1247,Employer,16,Booking,Your service has been completed. Please rate the worker.,True,2025-03-03
2495,1248,Worker,1347,Booking,Job completed successfully. Payment will be processed shortly.,False,2025-09-04
2496,1248,Employer,141,Booking,Your service has been completed. Please rate the worker.,True,2025-09-04
2497,1249,Worker,5358,Booking,Job completed successfully. Payment will be processed shortly.,True,2025-10-26
2498,1249,Employer,340,Booking,Your service has been completed. Please rate the worker.,True,2025-10-26
2499,1250,Worker,649,Booking,Job completed successfully. Payment will be processed shortly.,False,2025-09-03
2500,1250,Employer,199,Booking,Your service has been completed. Please rate the worker.,True,2025-09-03
2501,1251,Worker,6383,Booking,Job completed successfully. Payment will be processed shortly.,True,2025-04-18
2502,1251,Employer,30,Booking,Your service has been completed. Please rate the worker.,False,2025-04-18
2503,1252,Worker,5036,Booking,You have accepted a new booking.,True,2025-02-11
2504,1252,Employer,387,Booking,A worker has accepted your booking.,False,2025-02-11
2505,1253,Worker,3537,Booking,You have accepted a new booking.,True,2025-05-04
2506,1253,Employer,177,Booking,A worker has accepted your booking.,False,2025-05-04
2507,1254,Worker,5945,Booking,You have accepted a new booking.,True,2025-05-27
2508,1254,Employer,92,Booking,A worker has accepted your booking.,False,2025-05-27
2509,1255,Worker,3732,Booking,Job completed successfully. Payment will be processed shortly.,True,2025-06-13
2510,1255,Employer,275,Booking,Your service has been completed. Please rate the worker.,True,2025-06-13
2511,1256,Worker,4179,Booking,You have accepted a new booking.,True,2025-04-02
2512,1256,Employer,437,Booking,A worker has accepted your booking.,True,2025-04-02
2513,1257,Worker,5481,Booking,Job completed successfully. Payment will be processed shortly.,True,2025-04-06
2514,1257,Employer,214,Booking,Your service has been completed. Please rate the worker.,False,2025-04-06
2515,1258,Worker,4268,Booking,Job completed successfully. Payment will be processed shortly.,False,2025-04-09
2516,1258,Employer,116,Booking,Your service has been completed. Please rate the worker.,False,2025-04-09
2517,1259,Worker,5644,Booking,A new booking request is waiting for your response.,True,2025-05-20
2518,1259,Employer,121,Booking,Your booking request is pending.,True,2025-05-20
2519,1260,Worker,4853,Booking,Job completed successfully. Payment will be processed shortly.,True,2025-09-25
2520,1260,Employer,76,Booking,Your service has been completed. Please rate the worker.,True,2025-09-25
2521,1261,Worker,4292,Booking,You have accepted a new booking.,False,2025-03-16
2522,1261,Employer,236,Booking,A worker has accepted your booking.,False,2025-03-16
2523,1262,Worker,4947,Booking,Job completed successfully. Payment will be processed shortly.,False,2025-01-19
2524,1262,Employer,76,Booking,Your service has been completed. Please rate the worker.,True,2025-01-19
2525,1263,Worker,17,Booking,Job completed successfully. Payment will be processed shortly.,True,2025-04-03
2526,1263,Employer,18,Booking,Your service has been completed. Please rate the worker.,False,2025-04-03
2527,1264,Worker,865,Booking,Job completed successfully. Payment will be processed shortly.,True,2025-08-27
2528,1264,Employer,9,Booking,Your service has been completed. Please rate the worker.,False,2025-08-27
2529,1265,Worker,6363,Booking,You have accepted a new booking.,False,2025-01-31
2530,1265,Employer,294,Booking,A worker has accepted your booking.,False,2025-01-31
2531,1266,Worker,3567,Booking,Job completed successfully. Payment will be processed shortly.,False,2025-06-30
2532,1266,Employer,212,Booking,Your service has been completed. Please rate the worker.,False,2025-06-30
2533,1267,Worker,1724,Booking,Job completed successfully. Payment will be processed shortly.,False,2025-10-13
2534,1267,Employer,238,Booking,Your service has been completed. Please rate the worker.,True,2025-10-13
2535,1268,Worker,5538,Booking,Job completed successfully. Payment will be processed shortly.,False,2025-03-09
2536,1268,Employer,91,Booking,Your service has been completed. Please rate the worker.,False,2025-03-09
2537,1269,Worker,1858,Booking,You have accepted a new booking.,True,2025-04-07
2538,1269,Employer,367,Booking,A worker has accepted your booking.,False,2025-04-07
2539,1270,Worker,3737,Booking,You have accepted a new booking.,True,2025-06-11
2540,1270,Employer,101,Booking,A worker has accepted your booking.,True,2025-06-11
2541,1271,Worker,6418,Booking,Job completed successfully. Payment will be processed shortly.,True,2025-06-02
2542,1271,Employer,499,Booking,Your service has been completed. Please rate the worker.,False,2025-06-02
2543,1272,Worker,1857,Booking,Job completed successfully. Payment will be processed shortly.,False,2025-01-18
2544,1272,Employer,153,Booking,Your service has been completed. Please rate the worker.,False,2025-01-18
2545,1273,Worker,4503,Booking,A new booking request is waiting for your response.,True,2025-01-21
2546,1273,Employer,89,Booking,Your booking request is pending.,True,2025-01-21
2547,1274,Worker,2775,Booking,Job completed successfully. Payment will be processed shortly.,False,2025-10-08
2548,1274,Employer,22,Booking,Your service has been completed. Please rate the worker.,True,2025-10-08
2549,1275,Worker,1859,Booking,Job completed successfully. Payment will be processed shortly.,False,2025-10-02
2550,1275,Employer,477,Booking,Your service has been completed. Please rate the worker.,False,2025-10-02
2551,1276,Worker,3272,Booking,A new booking request is waiting for your response.,False,2025-10-25
2552,1276,Employer,297,Booking,Your booking request is pending.,False,2025-10-25
2553,1277,Worker,2534,Booking,A new booking request is waiting for your response.,False,2025-03-13
2554,1277,Employer,275,Booking,Your booking request is pending.,True,2025-03-13
2555,1278,Worker,4539,Booking,The booking has been cancelled.,False,2025-12-13
2556,1278,Employer,156,Booking,Your booking has been cancelled.,False,2025-12-13
2557,1279,Worker,4372,Booking,A new booking request is waiting for your response.,False,2025-11-06
2558,1279,Employer,140,Booking,Your booking request is pending.,False,2025-11-06
2559,1280,Worker,3818,Booking,You have accepted a new booking.,True,2025-08-17
2560,1280,Employer,228,Booking,A worker has accepted your booking.,True,2025-08-17
2561,1281,Worker,119,Booking,You have accepted a new booking.,False,2025-05-07
2562,1281,Employer,320,Booking,A worker has accepted your booking.,True,2025-05-07
2563,1282,Worker,3864,Booking,Job completed successfully. Payment will be processed shortly.,False,2025-01-07
2564,1282,Employer,313,Booking,Your service has been completed. Please rate the worker.,True,2025-01-07
2565,1283,Worker,2300,Booking,The booking has been cancelled.,False,2025-09-06
2566,1283,Employer,221,Booking,Your booking has been cancelled.,False,2025-09-06
2567,1284,Worker,6049,Booking,Job completed successfully. Payment will be processed shortly.,True,2025-12-28
2568,1284,Employer,486,Booking,Your service has been completed. Please rate the worker.,True,2025-12-28
2569,1285,Worker,5749,Booking,The booking has been cancelled.,False,2025-04-28
2570,1285,Employer,257,Booking,Your booking has been cancelled.,False,2025-04-28
2571,1286,Worker,493,Booking,Job completed successfully. Payment will be processed shortly.,False,2025-09-29
2572,1286,Employer,283,Booking,Your service has been completed. Please rate the worker.,True,2025-09-29
2573,1287,Worker,3436,Booking,A new booking request is waiting for your response.,True,2025-06-03
2574,1287,Employer,242,Booking,Your booking request is pending.,False,2025-06-03
2575,1288,Worker,4830,Booking,Job completed successfully. Payment will be processed shortly.,False,2025-03-10
2576,1288,Employer,373,Booking,Your service has been completed. Please rate the worker.,True,2025-03-10
2577,1289,Worker,2261,Booking,You have accepted a new booking.,True,2025-01-29
2578,1289,Employer,230,Booking,A worker has accepted your booking.,False,2025-01-29
2579,1290,Worker,4463,Booking,A new booking request is waiting for your response.,False,2025-03-19
2580,1290,Employer,11,Booking,Your booking request is pending.,False,2025-03-19
2581,1291,Worker,2630,Booking,Job completed successfully. Payment will be processed shortly.,True,2025-05-07
2582,1291,Employer,303,Booking,Your service has been completed. Please rate the worker.,False,2025-05-07
2583,1292,Worker,775,Booking,Job completed successfully. Payment will be processed shortly.,False,2025-10-28
2584,1292,Employer,415,Booking,Your service has been completed. Please rate the worker.,True,2025-10-28
2585,1293,Worker,1853,Booking,Job completed successfully. Payment will be processed shortly.,True,2025-08-01
2586,1293,Employer,205,Booking,Your service has been completed. Please rate the worker.,True,2025-08-01
2587,1294,Worker,4504,Booking,Job completed successfully. Payment will be processed shortly.,True,2025-02-04
2588,1294,Employer,500,Booking,Your service has been completed. Please rate the worker.,True,2025-02-04
2589,1295,Worker,3266,Booking,Job completed successfully. Payment will be processed shortly.,True,2025-09-28
2590,1295,Employer,452,Booking,Your service has been completed. Please rate the worker.,True,2025-09-28
2591,1296,Worker,208,Booking,A new booking request is waiting for your response.,False,2025-10-04
2592,1296,Employer,336,Booking,Your booking request is pending.,True,2025-10-04
2593,1297,Worker,5675,Booking,A new booking request is waiting for your response.,False,2025-07-13
2594,1297,Employer,51,Booking,Your booking request is pending.,True,2025-07-13
2595,1298,Worker,447,Booking,Job completed successfully. Payment will be processed shortly.,False,2025-03-06
2596,1298,Employer,230,Booking,Your service has been completed. Please rate the worker.,False,2025-03-06
2597,1299,Worker,4032,Booking,Job completed successfully. Payment will be processed shortly.,True,2025-07-24
2598,1299,Employer,489,Booking,Your service has been completed. Please rate the worker.,False,2025-07-24
2599,1300,Worker,1290,Booking,You have accepted a new booking.,False,2025-02-13
2600,1300,Employer,433,Booking,A worker has accepted your booking.,False,2025-02-13
2601,1301,Worker,2586,Booking,Job completed successfully. Payment will be processed shortly.,False,2025-02-25
2602,1301,Employer,407,Booking,Your service has been completed. Please rate the worker.,True,2025-02-25
2603,1302,Worker,80,Booking,You have accepted a new booking.,True,2025-06-26
2604,1302,Employer,366,Booking,A worker has accepted your booking.,False,2025-06-26
2605,1303,Worker,2967,Booking,Job completed successfully. Payment will be processed shortly.,True,2025-02-27
2606,1303,Employer,74,Booking,Your service has been completed. Please rate the worker.,False,2025-02-27
2607,1304,Worker,112,Booking,Job completed successfully. Payment will be processed shortly.,False,2025-09-17
2608,1304,Employer,32,Booking,Your service has been completed. Please rate the worker.,False,2025-09-17
2609,1305,Worker,187,Booking,Job completed successfully. Payment will be processed shortly.,True,2025-08-01
2610,1305,Employer,395,Booking,Your service has been completed. Please rate the worker.,True,2025-08-01
2611,1306,Worker,3410,Booking,A new booking request is waiting for your response.,False,2025-09-12
2612,1306,Employer,488,Booking,Your booking request is pending.,False,2025-09-12
2613,1307,Worker,3813,Booking,Job completed successfully. Payment will be processed shortly.,True,2025-11-20
2614,1307,Employer,155,Booking,Your service has been completed. Please rate the worker.,False,2025-11-20
2615,1308,Worker,2226,Booking,Job completed successfully. Payment will be processed shortly.,True,2025-03-10
2616,1308,Employer,241,Booking,Your service has been completed. Please rate the worker.,True,2025-03-10
2617,1309,Worker,698,Booking,Job completed successfully. Payment will be processed shortly.,True,2025-08-28
2618,1309,Employer,89,Booking,Your service has been completed. Please rate the worker.,False,2025-08-28
2619,1310,Worker,126,Booking,Job completed successfully. Payment will be processed shortly.,True,2025-12-20
2620,1310,Employer,45,Booking,Your service has been completed. Please rate the worker.,True,2025-12-20
2621,1311,Worker,1964,Booking,Job completed successfully. Payment will be processed shortly.,False,2025-10-17
2622,1311,Employer,230,Booking,Your service has been completed. Please rate the worker.,True,2025-10-17
2623,1312,Worker,346,Booking,Job completed successfully. Payment will be processed shortly.,True,2025-07-03
2624,1312,Employer,285,Booking,Your service has been completed. Please rate the worker.,True,2025-07-03
2625,1313,Worker,3456,Booking,Job completed successfully. Payment will be processed shortly.,False,2025-09-13
2626,1313,Employer,415,Booking,Your service has been completed. Please rate the worker.,True,2025-09-13
2627,1314,Worker,2527,Booking,Job completed successfully. Payment will be processed shortly.,True,2025-05-22
2628,1314,Employer,369,Booking,Your service has been completed. Please rate the worker.,True,2025-05-22
2629,1315,Worker,5914,Booking,A new booking request is waiting for your response.,True,2025-08-31
2630,1315,Employer,205,Booking,Your booking request is pending.,True,2025-08-31
2631,1316,Worker,2812,Booking,Job completed successfully. Payment will be processed shortly.,False,2025-08-31
2632,1316,Employer,465,Booking,Your service has been completed. Please rate the worker.,False,2025-08-31
2633,1317,Worker,2273,Booking,Job completed successfully. Payment will be processed shortly.,False,2025-12-03
2634,1317,Employer,214,Booking,Your service has been completed. Please rate the worker.,False,2025-12-03
2635,1318,Worker,5282,Booking,Job completed successfully. Payment will be processed shortly.,False,2025-02-12
2636,1318,Employer,260,Booking,Your service has been completed. Please rate the worker.,False,2025-02-12
2637,1319,Worker,6408,Booking,Job completed successfully. Payment will be processed shortly.,False,2025-04-09
2638,1319,Employer,155,Booking,Your service has been completed. Please rate the worker.,False,2025-04-09
2639,1320,Worker,2385,Booking,You have accepted a new booking.,False,2025-03-29
2640,1320,Employer,486,Booking,A worker has accepted your booking.,True,2025-03-29
2641,1321,Worker,2388,Booking,You have accepted a new booking.,True,2025-06-06
2642,1321,Employer,339,Booking,A worker has accepted your booking.,True,2025-06-06
2643,1322,Worker,3752,Booking,Job completed successfully. Payment will be processed shortly.,False,2025-08-30
2644,1322,Employer,427,Booking,Your service has been completed. Please rate the worker.,True,2025-08-30
2645,1323,Worker,590,Booking,Job completed successfully. Payment will be processed shortly.,False,2025-09-09
2646,1323,Employer,198,Booking,Your service has been completed. Please rate the worker.,False,2025-09-09
2647,1324,Worker,1807,Booking,You have accepted a new booking.,False,2025-08-14
2648,1324,Employer,339,Booking,A worker has accepted your booking.,False,2025-08-14
2649,1325,Worker,697,Booking,Job completed successfully. Payment will be processed shortly.,False,2025-02-14
2650,1325,Employer,235,Booking,Your service has been completed. Please rate the worker.,False,2025-02-14
2651,1326,Worker,3286,Booking,Job completed successfully. Payment will be processed shortly.,False,2025-08-03
2652,1326,Employer,429,Booking,Your service has been completed. Please rate the worker.,True,2025-08-03
2653,1327,Worker,264,Booking,Job completed successfully. Payment will be processed shortly.,True,2025-08-24
2654,1327,Employer,426,Booking,Your service has been completed. Please rate the worker.,True,2025-08-24
2655,1328,Worker,975,Booking,Job completed successfully. Payment will be processed shortly.,False,2025-11-15
2656,1328,Employer,304,Booking,Your service has been completed. Please rate the worker.,False,2025-11-15
2657,1329,Worker,3781,Booking,Job completed successfully. Payment will be processed shortly.,True,2025-02-17
2658,1329,Employer,130,Booking,Your service has been completed. Please rate the worker.,False,2025-02-17
2659,1330,Worker,5717,Booking,Job completed successfully. Payment will be processed shortly.,True,2025-05-16
2660,1330,Employer,403,Booking,Your service has been completed. Please rate the worker.,False,2025-05-16
2661,1331,Worker,2992,Booking,Job completed successfully. Payment will be processed shortly.,False,2025-12-27
2662,1331,Employer,44,Booking,Your service has been completed. Please rate the worker.,True,2025-12-27
2663,1332,Worker,484,Booking,You have accepted a new booking.,False,2025-11-01
2664,1332,Employer,486,Booking,A worker has accepted your booking.,True,2025-11-01
2665,1333,Worker,3233,Booking,You have accepted a new booking.,True,2025-04-23
2666,1333,Employer,369,Booking,A worker has accepted your booking.,False,2025-04-23
2667,1334,Worker,1865,Booking,A new booking request is waiting for your response.,False,2025-07-12
2668,1334,Employer,464,Booking,Your booking request is pending.,False,2025-07-12
2669,1335,Worker,2373,Booking,Job completed successfully. Payment will be processed shortly.,True,2025-11-16
2670,1335,Employer,298,Booking,Your service has been completed. Please rate the worker.,False,2025-11-16
2671,1336,Worker,5044,Booking,You have accepted a new booking.,False,2025-08-15
2672,1336,Employer,499,Booking,A worker has accepted your booking.,False,2025-08-15
2673,1337,Worker,5677,Booking,Job completed successfully. Payment will be processed shortly.,True,2025-09-20
2674,1337,Employer,82,Booking,Your service has been completed. Please rate the worker.,False,2025-09-20
2675,1338,Worker,2472,Booking,Job completed successfully. Payment will be processed shortly.,True,2025-05-26
2676,1338,Employer,465,Booking,Your service has been completed. Please rate the worker.,False,2025-05-26
2677,1339,Worker,30,Booking,You have accepted a new booking.,True,2025-12-27
2678,1339,Employer,462,Booking,A worker has accepted your booking.,True,2025-12-27
2679,1340,Worker,3186,Booking,Job completed successfully. Payment will be processed shortly.,True,2025-12-10
2680,1340,Employer,142,Booking,Your service has been completed. Please rate the worker.,True,2025-12-10
2681,1341,Worker,1160,Booking,Job completed successfully. Payment will be processed shortly.,True,2025-06-01
2682,1341,Employer,238,Booking,Your service has been completed. Please rate the worker.,False,2025-06-01
2683,1342,Worker,659,Booking,Job completed successfully. Payment will be processed shortly.,True,2025-11-13
2684,1342,Employer,105,Booking,Your service has been completed. Please rate the worker.,True,2025-11-13
2685,1343,Worker,4642,Booking,Job completed successfully. Payment will be processed shortly.,True,2025-05-17
2686,1343,Employer,179,Booking,Your service has been completed. Please rate the worker.,True,2025-05-17
2687,1344,Worker,4349,Booking,Job completed successfully. Payment will be processed shortly.,False,2025-03-06
2688,1344,Employer,134,Booking,Your service has been completed. Please rate the worker.,True,2025-03-06
2689,1345,Worker,6099,Booking,Job completed successfully. Payment will be processed shortly.,True,2025-05-24
2690,1345,Employer,339,Booking,Your service has been completed. Please rate the worker.,False,2025-05-24
2691,1346,Worker,1790,Booking,The booking has been cancelled.,True,2025-07-20
2692,1346,Employer,177,Booking,Your booking has been cancelled.,True,2025-07-20
2693,1347,Worker,5121,Booking,Job completed successfully. Payment will be processed shortly.,True,2025-05-13
2694,1347,Employer,244,Booking,Your service has been completed. Please rate the worker.,False,2025-05-13
2695,1348,Worker,6326,Booking,A new booking request is waiting for your response.,True,2025-07-08
2696,1348,Employer,326,Booking,Your booking request is pending.,True,2025-07-08
2697,1349,Worker,6119,Booking,Job completed successfully. Payment will be processed shortly.,False,2025-04-23
2698,1349,Employer,94,Booking,Your service has been completed. Please rate the worker.,True,2025-04-23
2699,1350,Worker,297,Booking,A new booking request is waiting for your response.,False,2025-12-03
2700,1350,Employer,202,Booking,Your booking request is pending.,True,2025-12-03
2701,1351,Worker,1346,Booking,The booking has been cancelled.,True,2025-09-12
2702,1351,Employer,408,Booking,Your booking has been cancelled.,False,2025-09-12
2703,1352,Worker,1024,Booking,Job completed successfully. Payment will be processed shortly.,True,2025-04-18
2704,1352,Employer,387,Booking,Your service has been completed. Please rate the worker.,True,2025-04-18
2705,1353,Worker,3311,Booking,Job completed successfully. Payment will be processed shortly.,False,2025-01-25
2706,1353,Employer,128,Booking,Your service has been completed. Please rate the worker.,True,2025-01-25
2707,1354,Worker,216,Booking,Job completed successfully. Payment will be processed shortly.,False,2025-01-02
2708,1354,Employer,76,Booking,Your service has been completed. Please rate the worker.,True,2025-01-02
2709,1355,Worker,2820,Booking,Job completed successfully. Payment will be processed shortly.,True,2025-02-18
2710,1355,Employer,65,Booking,Your service has been completed. Please rate the worker.,False,2025-02-18
2711,1356,Worker,4248,Booking,Job completed successfully. Payment will be processed shortly.,False,2025-08-18
2712,1356,Employer,442,Booking,Your service has been completed. Please rate the worker.,True,2025-08-18
2713,1357,Worker,1441,Booking,Job completed successfully. Payment will be processed shortly.,False,2025-05-10
2714,1357,Employer,325,Booking,Your service has been completed. Please rate the worker.,True,2025-05-10
2715,1358,Worker,6050,Booking,You have accepted a new booking.,False,2025-01-08
2716,1358,Employer,400,Booking,A worker has accepted your booking.,False,2025-01-08
2717,1359,Worker,3974,Booking,Job completed successfully. Payment will be processed shortly.,True,2025-03-08
2718,1359,Employer,30,Booking,Your service has been completed. Please rate the worker.,False,2025-03-08
2719,1360,Worker,409,Booking,Job completed successfully. Payment will be processed shortly.,False,2025-02-27
2720,1360,Employer,245,Booking,Your service has been completed. Please rate the worker.,True,2025-02-27
2721,1361,Worker,1241,Booking,You have accepted a new booking.,False,2025-07-10
2722,1361,Employer,405,Booking,A worker has accepted your booking.,True,2025-07-10
2723,1362,Worker,4893,Booking,You have accepted a new booking.,True,2025-06-11
2724,1362,Employer,381,Booking,A worker has accepted your booking.,True,2025-06-11
2725,1363,Worker,6478,Booking,You have accepted a new booking.,True,2025-01-16
2726,1363,Employer,355,Booking,A worker has accepted your booking.,False,2025-01-16
2727,1364,Worker,1736,Booking,Job completed successfully. Payment will be processed shortly.,True,2025-07-12
2728,1364,Employer,111,Booking,Your service has been completed. Please rate the worker.,True,2025-07-12
2729,1365,Worker,1500,Booking,A new booking request is waiting for your response.,False,2025-06-06
2730,1365,Employer,270,Booking,Your booking request is pending.,True,2025-06-06
2731,1366,Worker,4969,Booking,Job completed successfully. Payment will be processed shortly.,True,2025-12-21
2732,1366,Employer,57,Booking,Your service has been completed. Please rate the worker.,False,2025-12-21
2733,1367,Worker,4214,Booking,Job completed successfully. Payment will be processed shortly.,False,2025-09-28
2734,1367,Employer,468,Booking,Your service has been completed. Please rate the worker.,False,2025-09-28
2735,1368,Worker,5973,Booking,Job completed successfully. Payment will be processed shortly.,True,2025-03-03
2736,1368,Employer,288,Booking,Your service has been completed. Please rate the worker.,True,2025-03-03
2737,1369,Worker,3691,Booking,Job completed successfully. Payment will be processed shortly.,True,2025-04-05
2738,1369,Employer,59,Booking,Your service has been completed. Please rate the worker.,True,2025-04-05
2739,1370,Worker,4713,Booking,Job completed successfully. Payment will be processed shortly.,True,2025-01-06
2740,1370,Employer,383,Booking,Your service has been completed. Please rate the worker.,False,2025-01-06
2741,1371,Worker,5793,Booking,You have accepted a new booking.,True,2025-09-18
2742,1371,Employer,337,Booking,A worker has accepted your booking.,True,2025-09-18
2743,1372,Worker,3032,Booking,You have accepted a new booking.,False,2025-06-08
2744,1372,Employer,19,Booking,A worker has accepted your booking.,False,2025-06-08
2745,1373,Worker,2422,Booking,You have accepted a new booking.,False,2025-01-19
2746,1373,Employer,462,Booking,A worker has accepted your booking.,False,2025-01-19
2747,1374,Worker,5911,Booking,Job completed successfully. Payment will be processed shortly.,True,2025-07-01
2748,1374,Employer,78,Booking,Your service has been completed. Please rate the worker.,False,2025-07-01
2749,1375,Worker,711,Booking,Job completed successfully. Payment will be processed shortly.,False,2025-01-22
2750,1375,Employer,82,Booking,Your service has been completed. Please rate the worker.,True,2025-01-22
2751,1376,Worker,1224,Booking,Job completed successfully. Payment will be processed shortly.,False,2025-01-21
2752,1376,Employer,310,Booking,Your service has been completed. Please rate the worker.,False,2025-01-21
2753,1377,Worker,198,Booking,Job completed successfully. Payment will be processed shortly.,True,2025-07-31
2754,1377,Employer,325,Booking,Your service has been completed. Please rate the worker.,False,2025-07-31
2755,1378,Worker,545,Booking,A new booking request is waiting for your response.,True,2025-12-31
2756,1378,Employer,390,Booking,Your booking request is pending.,True,2025-12-31
2757,1379,Worker,3213,Booking,Job completed successfully. Payment will be processed shortly.,True,2025-11-19
2758,1379,Employer,466,Booking,Your service has been completed. Please rate the worker.,True,2025-11-19
2759,1380,Worker,3727,Booking,Job completed successfully. Payment will be processed shortly.,False,2025-09-21
2760,1380,Employer,301,Booking,Your service has been completed. Please rate the worker.,True,2025-09-21
2761,1381,Worker,652,Booking,A new booking request is waiting for your response.,False,2025-10-11
2762,1381,Employer,107,Booking,Your booking request is pending.,False,2025-10-11
2763,1382,Worker,4955,Booking,Job completed successfully. Payment will be processed shortly.,False,2025-09-11
2764,1382,Employer,159,Booking,Your service has been completed. Please rate the worker.,False,2025-09-11
2765,1383,Worker,1181,Booking,Job completed successfully. Payment will be processed shortly.,False,2025-03-25
2766,1383,Employer,411,Booking,Your service has been completed. Please rate the worker.,True,2025-03-25
2767,1384,Worker,1048,Booking,Job completed successfully. Payment will be processed shortly.,True,2025-04-01
2768,1384,Employer,110,Booking,Your service has been completed. Please rate the worker.,True,2025-04-01
2769,1385,Worker,4008,Booking,Job completed successfully. Payment will be processed shortly.,True,2025-09-14
2770,1385,Employer,215,Booking,Your service has been completed. Please rate the worker.,False,2025-09-14
2771,1386,Worker,6238,Booking,Job completed successfully. Payment will be processed shortly.,False,2025-10-12
2772,1386,Employer,489,Booking,Your service has been completed. Please rate the worker.,False,2025-10-12
2773,1387,Worker,5273,Booking,A new booking request is waiting for your response.,True,2025-05-09
2774,1387,Employer,235,Booking,Your booking request is pending.,True,2025-05-09
2775,1388,Worker,2421,Booking,Job completed successfully. Payment will be processed shortly.,True,2025-11-13
2776,1388,Employer,133,Booking,Your service has been completed. Please rate the worker.,True,2025-11-13
2777,1389,Worker,6185,Booking,Job completed successfully. Payment will be processed shortly.,False,2025-04-16
2778,1389,Employer,101,Booking,Your service has been completed. Please rate the worker.,False,2025-04-16
2779,1390,Worker,5552,Booking,A new booking request is waiting for your response.,False,2025-06-14
2780,1390,Employer,220,Booking,Your booking request is pending.,True,2025-06-14
2781,1391,Worker,2463,Booking,Job completed successfully. Payment will be processed shortly.,False,2025-08-29
2782,1391,Employer,428,Booking,Your service has been completed. Please rate the worker.,False,2025-08-29
2783,1392,Worker,4148,Booking,Job completed successfully. Payment will be processed shortly.,True,2025-01-26
2784,1392,Employer,127,Booking,Your service has been completed. Please rate the worker.,False,2025-01-26
2785,1393,Worker,4202,Booking,Job completed successfully. Payment will be processed shortly.,True,2025-02-16
2786,1393,Employer,181,Booking,Your service has been completed. Please rate the worker.,False,2025-02-16
2787,1394,Worker,3785,Booking,Job completed successfully. Payment will be processed shortly.,False,2025-09-04
2788,1394,Employer,367,Booking,Your service has been completed. Please rate the worker.,False,2025-09-04
2789,1395,Worker,2070,Booking,Job completed successfully. Payment will be processed shortly.,False,2025-08-01
2790,1395,Employer,56,Booking,Your service has been completed. Please rate the worker.,False,2025-08-01
2791,1396,Worker,1863,Booking,Job completed successfully. Payment will be processed shortly.,True,2025-11-08
2792,1396,Employer,96,Booking,Your service has been completed. Please rate the worker.,True,2025-11-08
2793,1397,Worker,6079,Booking,The booking has been cancelled.,True,2025-07-21
2794,1397,Employer,127,Booking,Your booking has been cancelled.,False,2025-07-21
2795,1398,Worker,4482,Booking,A new booking request is waiting for your response.,True,2025-06-24
2796,1398,Employer,308,Booking,Your booking request is pending.,True,2025-06-24
2797,1399,Worker,2457,Booking,Job completed successfully. Payment will be processed shortly.,False,2025-10-15
2798,1399,Employer,191,Booking,Your service has been completed. Please rate the worker.,True,2025-10-15
2799,1400,Worker,2693,Booking,Job completed successfully. Payment will be processed shortly.,False,2025-02-10
2800,1400,Employer,204,Booking,Your service has been completed. Please rate the worker.,True,2025-02-10
2801,1401,Worker,4616,Booking,A new booking request is waiting for your response.,False,2025-03-25
2802,1401,Employer,217,Booking,Your booking request is pending.,False,2025-03-25
2803,1402,Worker,1061,Booking,Job completed successfully. Payment will be processed shortly.,False,2025-02-28
2804,1402,Employer,498,Booking,Your service has been completed. Please rate the worker.,True,2025-02-28
2805,1403,Worker,767,Booking,Job completed successfully. Payment will be processed shortly.,False,2025-04-27
2806,1403,Employer,188,Booking,Your service has been completed. Please rate the worker.,False,2025-04-27
2807,1404,Worker,1336,Booking,Job completed successfully. Payment will be processed shortly.,False,2025-01-18
2808,1404,Employer,151,Booking,Your service has been completed. Please rate the worker.,True,2025-01-18
2809,1405,Worker,1559,Booking,A new booking request is waiting for your response.,True,2025-11-06
2810,1405,Employer,121,Booking,Your booking request is pending.,False,2025-11-06
2811,1406,Worker,2995,Booking,Job completed successfully. Payment will be processed shortly.,False,2025-09-04
2812,1406,Employer,290,Booking,Your service has been completed. Please rate the worker.,False,2025-09-04
2813,1407,Worker,1180,Booking,Job completed successfully. Payment will be processed shortly.,True,2025-04-16
2814,1407,Employer,266,Booking,Your service has been completed. Please rate the worker.,True,2025-04-16
2815,1408,Worker,5177,Booking,You have accepted a new booking.,False,2025-03-13
2816,1408,Employer,267,Booking,A worker has accepted your booking.,False,2025-03-13
2817,1409,Worker,1473,Booking,Job completed successfully. Payment will be processed shortly.,True,2025-02-27
2818,1409,Employer,184,Booking,Your service has been completed. Please rate the worker.,True,2025-02-27
2819,1410,Worker,3016,Booking,A new booking request is waiting for your response.,True,2025-12-27
2820,1410,Employer,250,Booking,Your booking request is pending.,True,2025-12-27
2821,1411,Worker,3617,Booking,A new booking request is waiting for your response.,True,2025-08-11
2822,1411,Employer,66,Booking,Your booking request is pending.,True,2025-08-11
2823,1412,Worker,4531,Booking,Job completed successfully. Payment will be processed shortly.,True,2025-01-06
2824,1412,Employer,348,Booking,Your service has been completed. Please rate the worker.,False,2025-01-06
2825,1413,Worker,3717,Booking,Job completed successfully. Payment will be processed shortly.,True,2025-08-15
2826,1413,Employer,112,Booking,Your service has been completed. Please rate the worker.,False,2025-08-15
2827,1414,Worker,4871,Booking,Job completed successfully. Payment will be processed shortly.,False,2025-04-17
2828,1414,Employer,460,Booking,Your service has been completed. Please rate the worker.,False,2025-04-17
2829,1415,Worker,4544,Booking,Job completed successfully. Payment will be processed shortly.,True,2025-12-20
2830,1415,Employer,166,Booking,Your service has been completed. Please rate the worker.,True,2025-12-20
2831,1416,Worker,5250,Booking,Job completed successfully. Payment will be processed shortly.,False,2025-02-03
2832,1416,Employer,461,Booking,Your service has been completed. Please rate the worker.,True,2025-02-03
2833,1417,Worker,4785,Booking,Job completed successfully. Payment will be processed shortly.,True,2025-09-23
2834,1417,Employer,285,Booking,Your service has been completed. Please rate the worker.,False,2025-09-23
2835,1418,Worker,5437,Booking,Job completed successfully. Payment will be processed shortly.,False,2025-08-29
2836,1418,Employer,401,Booking,Your service has been completed. Please rate the worker.,True,2025-08-29
2837,1419,Worker,1094,Booking,Job completed successfully. Payment will be processed shortly.,False,2025-05-09
2838,1419,Employer,317,Booking,Your service has been completed. Please rate the worker.,True,2025-05-09
2839,1420,Worker,1880,Booking,You have accepted a new booking.,False,2025-06-22
2840,1420,Employer,293,Booking,A worker has accepted your booking.,False,2025-06-22
2841,1421,Worker,6171,Booking,Job completed successfully. Payment will be processed shortly.,False,2025-03-09
2842,1421,Employer,478,Booking,Your service has been completed. Please rate the worker.,False,2025-03-09
2843,1422,Worker,5566,Booking,Job completed successfully. Payment will be processed shortly.,True,2025-04-20
2844,1422,Employer,416,Booking,Your service has been completed. Please rate the worker.,False,2025-04-20
2845,1423,Worker,13,Booking,Job completed successfully. Payment will be processed shortly.,False,2025-03-26
2846,1423,Employer,131,Booking,Your service has been completed. Please rate the worker.,True,2025-03-26
2847,1424,Worker,2312,Booking,You have accepted a new booking.,True,2025-03-31
2848,1424,Employer,52,Booking,A worker has accepted your booking.,True,2025-03-31
2849,1425,Worker,4851,Booking,Job completed successfully. Payment will be processed shortly.,False,2025-04-27
2850,1425,Employer,88,Booking,Your service has been completed. Please rate the worker.,True,2025-04-27
2851,1426,Worker,3989,Booking,A new booking request is waiting for your response.,True,2025-07-11
2852,1426,Employer,392,Booking,Your booking request is pending.,False,2025-07-11
2853,1427,Worker,2875,Booking,You have accepted a new booking.,True,2025-03-14
2854,1427,Employer,490,Booking,A worker has accepted your booking.,False,2025-03-14
2855,1428,Worker,2761,Booking,A new booking request is waiting for your response.,True,2025-08-24
2856,1428,Employer,435,Booking,Your booking request is pending.,True,2025-08-24
2857,1429,Worker,3150,Booking,Job completed successfully. Payment will be processed shortly.,True,2025-06-15
2858,1429,Employer,86,Booking,Your service has been completed. Please rate the worker.,False,2025-06-15
2859,1430,Worker,2412,Booking,Job completed successfully. Payment will be processed shortly.,False,2025-08-12
2860,1430,Employer,241,Booking,Your service has been completed. Please rate the worker.,True,2025-08-12
2861,1431,Worker,786,Booking,Job completed successfully. Payment will be processed shortly.,False,2025-04-16
2862,1431,Employer,459,Booking,Your service has been completed. Please rate the worker.,True,2025-04-16
2863,1432,Worker,2938,Booking,You have accepted a new booking.,False,2025-09-04
2864,1432,Employer,494,Booking,A worker has accepted your booking.,False,2025-09-04
2865,1433,Worker,3075,Booking,Job completed successfully. Payment will be processed shortly.,True,2025-07-30
2866,1433,Employer,355,Booking,Your service has been completed. Please rate the worker.,False,2025-07-30
2867,1434,Worker,2753,Booking,You have accepted a new booking.,True,2025-05-31
2868,1434,Employer,108,Booking,A worker has accepted your booking.,True,2025-05-31
2869,1435,Worker,5547,Booking,Job completed successfully. Payment will be processed shortly.,True,2025-05-18
2870,1435,Employer,47,Booking,Your service has been completed. Please rate the worker.,True,2025-05-18
2871,1436,Worker,4910,Booking,Job completed successfully. Payment will be processed shortly.,False,2025-05-21
2872,1436,Employer,380,Booking,Your service has been completed. Please rate the worker.,False,2025-05-21
2873,1437,Worker,6218,Booking,Job completed successfully. Payment will be processed shortly.,True,2025-06-14
2874,1437,Employer,375,Booking,Your service has been completed. Please rate the worker.,False,2025-06-14
2875,1438,Worker,5542,Booking,A new booking request is waiting for your response.,True,2025-10-08
2876,1438,Employer,120,Booking,Your booking request is pending.,False,2025-10-08
2877,1439,Worker,11,Booking,Job completed successfully. Payment will be processed shortly.,False,2025-09-19
2878,1439,Employer,15,Booking,Your service has been completed. Please rate the worker.,True,2025-09-19
2879,1440,Worker,3989,Booking,A new booking request is waiting for your response.,False,2025-04-13
2880,1440,Employer,372,Booking,Your booking request is pending.,True,2025-04-13
2881,1441,Worker,2315,Booking,A new booking request is waiting for your response.,False,2025-10-26
2882,1441,Employer,262,Booking,Your booking request is pending.,False,2025-10-26
2883,1442,Worker,698,Booking,Job completed successfully. Payment will be processed shortly.,True,2025-06-21
2884,1442,Employer,211,Booking,Your service has been completed. Please rate the worker.,True,2025-06-21
2885,1443,Worker,3021,Booking,You have accepted a new booking.,True,2025-09-21
2886,1443,Employer,400,Booking,A worker has accepted your booking.,True,2025-09-21
2887,1444,Worker,1608,Booking,You have accepted a new booking.,True,2025-08-18
2888,1444,Employer,269,Booking,A worker has accepted your booking.,False,2025-08-18
2889,1445,Worker,2275,Booking,You have accepted a new booking.,True,2025-01-06
2890,1445,Employer,201,Booking,A worker has accepted your booking.,False,2025-01-06
2891,1446,Worker,2932,Booking,Job completed successfully. Payment will be processed shortly.,True,2025-02-22
2892,1446,Employer,22,Booking,Your service has been completed. Please rate the worker.,True,2025-02-22
2893,1447,Worker,5266,Booking,Job completed successfully. Payment will be processed shortly.,False,2025-12-30
2894,1447,Employer,201,Booking,Your service has been completed. Please rate the worker.,True,2025-12-30
2895,1448,Worker,1454,Booking,Job completed successfully. Payment will be processed shortly.,True,2025-10-16
2896,1448,Employer,193,Booking,Your service has been completed. Please rate the worker.,True,2025-10-16
2897,1449,Worker,1053,Booking,Job completed successfully. Payment will be processed shortly.,True,2025-04-04
2898,1449,Employer,304,Booking,Your service has been completed. Please rate the worker.,False,2025-04-04
2899,1450,Worker,1370,Booking,Job completed successfully. Payment will be processed shortly.,False,2025-10-03
2900,1450,Employer,242,Booking,Your service has been completed. Please rate the worker.,True,2025-10-03
2901,1451,Worker,88,Booking,Job completed successfully. Payment will be processed shortly.,False,2025-03-02
2902,1451,Employer,160,Booking,Your service has been completed. Please rate the worker.,True,2025-03-02
2903,1452,Worker,1190,Booking,Job completed successfully. Payment will be processed shortly.,True,2025-09-11
2904,1452,Employer,159,Booking,Your service has been completed. Please rate the worker.,False,2025-09-11
2905,1453,Worker,184,Booking,Job completed successfully. Payment will be processed shortly.,False,2025-08-29
2906,1453,Employer,246,Booking,Your service has been completed. Please rate the worker.,False,2025-08-29
2907,1454,Worker,2051,Booking,Job completed successfully. Payment will be processed shortly.,True,2025-01-24
2908,1454,Employer,45,Booking,Your service has been completed. Please rate the worker.,True,2025-01-24
2909,1455,Worker,5746,Booking,Job completed successfully. Payment will be processed shortly.,False,2025-11-08
2910,1455,Employer,20,Booking,Your service has been completed. Please rate the worker.,False,2025-11-08
2911,1456,Worker,5314,Booking,Job completed successfully. Payment will be processed shortly.,False,2025-09-13
2912,1456,Employer,90,Booking,Your service has been completed. Please rate the worker.,True,2025-09-13
2913,1457,Worker,5910,Booking,You have accepted a new booking.,True,2025-10-14
2914,1457,Employer,21,Booking,A worker has accepted your booking.,True,2025-10-14
2915,1458,Worker,5515,Booking,A new booking request is waiting for your response.,False,2025-11-14
2916,1458,Employer,309,Booking,Your booking request is pending.,True,2025-11-14
2917,1459,Worker,714,Booking,Job completed successfully. Payment will be processed shortly.,True,2025-06-28
2918,1459,Employer,179,Booking,Your service has been completed. Please rate the worker.,True,2025-06-28
2919,1460,Worker,2385,Booking,You have accepted a new booking.,False,2025-05-22
2920,1460,Employer,492,Booking,A worker has accepted your booking.,False,2025-05-22
2921,1461,Worker,3056,Booking,You have accepted a new booking.,True,2025-12-07
2922,1461,Employer,153,Booking,A worker has accepted your booking.,False,2025-12-07
2923,1462,Worker,5724,Booking,You have accepted a new booking.,False,2025-03-13
2924,1462,Employer,477,Booking,A worker has accepted your booking.,True,2025-03-13
2925,1463,Worker,1602,Booking,Job completed successfully. Payment will be processed shortly.,False,2025-09-10
2926,1463,Employer,412,Booking,Your service has been completed. Please rate the worker.,True,2025-09-10
2927,1464,Worker,357,Booking,Job completed successfully. Payment will be processed shortly.,False,2025-01-17
2928,1464,Employer,190,Booking,Your service has been completed. Please rate the worker.,False,2025-01-17
2929,1465,Worker,2171,Booking,Job completed successfully. Payment will be processed shortly.,True,2025-01-05
2930,1465,Employer,227,Booking,Your service has been completed. Please rate the worker.,False,2025-01-05
2931,1466,Worker,2059,Booking,You have accepted a new booking.,False,2025-11-18
2932,1466,Employer,459,Booking,A worker has accepted your booking.,False,2025-11-18
2933,1467,Worker,807,Booking,Job completed successfully. Payment will be processed shortly.,False,2025-07-31
2934,1467,Employer,440,Booking,Your service has been completed. Please rate the worker.,True,2025-07-31
2935,1468,Worker,3220,Booking,Job completed successfully. Payment will be processed shortly.,True,2025-04-29
2936,1468,Employer,86,Booking,Your service has been completed. Please rate the worker.,True,2025-04-29
2937,1469,Worker,4952,Booking,Job completed successfully. Payment will be processed shortly.,False,2025-12-29
2938,1469,Employer,54,Booking,Your service has been completed. Please rate the worker.,False,2025-12-29
2939,1470,Worker,1600,Booking,Job completed successfully. Payment will be processed shortly.,False,2025-03-01
2940,1470,Employer,454,Booking,Your service has been completed. Please rate the worker.,False,2025-03-01
2941,1471,Worker,2356,Booking,A new booking request is waiting for your response.,True,2025-07-29
2942,1471,Employer,331,Booking,Your booking request is pending.,True,2025-07-29
2943,1472,Worker,4474,Booking,Job completed successfully. Payment will be processed shortly.,True,2025-12-20
2944,1472,Employer,62,Booking,Your service has been completed. Please rate the worker.,True,2025-12-20
2945,1473,Worker,1192,Booking,A new booking request is waiting for your response.,False,2025-03-10
2946,1473,Employer,99,Booking,Your booking request is pending.,False,2025-03-10
2947,1474,Worker,4239,Booking,Job completed successfully. Payment will be processed shortly.,True,2025-04-06
2948,1474,Employer,464,Booking,Your service has been completed. Please rate the worker.,False,2025-04-06
2949,1475,Worker,715,Booking,You have accepted a new booking.,False,2025-10-26
2950,1475,Employer,405,Booking,A worker has accepted your booking.,False,2025-10-26
2951,1476,Worker,1389,Booking,A new booking request is waiting for your response.,True,2025-08-21
2952,1476,Employer,239,Booking,Your booking request is pending.,True,2025-08-21
2953,1477,Worker,3249,Booking,Job completed successfully. Payment will be processed shortly.,False,2025-01-15
2954,1477,Employer,493,Booking,Your service has been completed. Please rate the worker.,True,2025-01-15
2955,1478,Worker,4188,Booking,Job completed successfully. Payment will be processed shortly.,False,2025-09-05
2956,1478,Employer,36,Booking,Your service has been completed. Please rate the worker.,False,2025-09-05
2957,1479,Worker,4985,Booking,Job completed successfully. Payment will be processed shortly.,False,2025-01-27
2958,1479,Employer,391,Booking,Your service has been completed. Please rate the worker.,True,2025-01-27
2959,1480,Worker,751,Booking,Job completed successfully. Payment will be processed shortly.,True,2025-08-08
2960,1480,Employer,470,Booking,Your service has been completed. Please rate the worker.,True,2025-08-08
2961,1481,Worker,4719,Booking,Job completed successfully. Payment will be processed shortly.,False,2025-10-16
2962,1481,Employer,430,Booking,Your service has been completed. Please rate the worker.,True,2025-10-16
2963,1482,Worker,5043,Booking,Job completed successfully. Payment will be processed shortly.,True,2025-05-24
2964,1482,Employer,394,Booking,Your service has been completed. Please rate the worker.,True,2025-05-24
2965,1483,Worker,2486,Booking,You have accepted a new booking.,False,2025-12-30
2966,1483,Employer,196,Booking,A worker has accepted your booking.,True,2025-12-30
2967,1484,Worker,5484,Booking,Job completed successfully. Payment will be processed shortly.,True,2025-01-31
2968,1484,Employer,283,Booking,Your service has been completed. Please rate the worker.,False,2025-01-31
2969,1485,Worker,485,Booking,A new booking request is waiting for your response.,False,2025-06-23
2970,1485,Employer,200,Booking,Your booking request is pending.,False,2025-06-23
2971,1486,Worker,941,Booking,Job completed successfully. Payment will be processed shortly.,True,2025-12-04
2972,1486,Employer,473,Booking,Your service has been completed. Please rate the worker.,True,2025-12-04
2973,1487,Worker,6049,Booking,The booking has been cancelled.,True,2025-09-17
2974,1487,Employer,237,Booking,Your booking has been cancelled.,True,2025-09-17
2975,1488,Worker,860,Booking,You have accepted a new booking.,False,2025-12-14
2976,1488,Employer,455,Booking,A worker has accepted your booking.,True,2025-12-14
2977,1489,Worker,174,Booking,You have accepted a new booking.,True,2025-06-28
2978,1489,Employer,369,Booking,A worker has accepted your booking.,False,2025-06-28
2979,1490,Worker,2389,Booking,Job completed successfully. Payment will be processed shortly.,True,2025-07-27
2980,1490,Employer,475,Booking,Your service has been completed. Please rate the worker.,False,2025-07-27
2981,1491,Worker,159,Booking,Job completed successfully. Payment will be processed shortly.,False,2025-07-06
2982,1491,Employer,379,Booking,Your service has been completed. Please rate the worker.,False,2025-07-06
2983,1492,Worker,273,Booking,You have accepted a new booking.,True,2025-01-08
2984,1492,Employer,391,Booking,A worker has accepted your booking.,True,2025-01-08
2985,1493,Worker,1167,Booking,A new booking request is waiting for your response.,True,2025-04-02
2986,1493,Employer,306,Booking,Your booking request is pending.,False,2025-04-02
2987,1494,Worker,4219,Booking,Job completed successfully. Payment will be processed shortly.,True,2025-09-07
2988,1494,Employer,345,Booking,Your service has been completed. Please rate the worker.,True,2025-09-07
2989,1495,Worker,3937,Booking,You have accepted a new booking.,False,2025-10-02
2990,1495,Employer,456,Booking,A worker has accepted your booking.,True,2025-10-02
2991,1496,Worker,1559,Booking,Job completed successfully. Payment will be processed shortly.,False,2025-06-15
2992,1496,Employer,91,Booking,Your service has been completed. Please rate the worker.,True,2025-06-15
2993,1497,Worker,6278,Booking,A new booking request is waiting for your response.,False,2025-01-04
2994,1497,Employer,157,Booking,Your booking request is pending.,True,2025-01-04
2995,1498,Worker,5920,Booking,Job completed successfully. Payment will be processed shortly.,False,2025-05-17
2996,1498,Employer,159,Booking,Your service has been completed. Please rate the worker.,True,2025-05-17
2997,1499,Worker,132,Booking,A new booking request is waiting for your response.,False,2025-04-25
2998,1499,Employer,383,Booking,Your booking request is pending.,False,2025-04-25
2999,1500,Worker,5538,Booking,A new booking request is waiting for your response.,False,2025-12-06
3000,1500,Employer,431,Booking,Your booking request is pending.,False,2025-12-06
3001,1501,Worker,2757,Booking,Job completed successfully. Payment will be processed shortly.,False,2025-12-30
3002,1501,Employer,455,Booking,Your service has been completed. Please rate the worker.,True,2025-12-30
3003,1502,Worker,5993,Booking,You have accepted a new booking.,True,2025-12-23
3004,1502,Employer,216,Booking,A worker has accepted your booking.,True,2025-12-23
3005,1503,Worker,3068,Booking,Job completed successfully. Payment will be processed shortly.,True,2025-03-19
3006,1503,Employer,174,Booking,Your service has been completed. Please rate the worker.,False,2025-03-19
3007,1504,Worker,1618,Booking,Job completed successfully. Payment will be processed shortly.,True,2025-04-23
3008,1504,Employer,109,Booking,Your service has been completed. Please rate the worker.,True,2025-04-23
3009,1505,Worker,3951,Booking,Job completed successfully. Payment will be processed shortly.,True,2025-05-01
3010,1505,Employer,469,Booking,Your service has been completed. Please rate the worker.,True,2025-05-01
3011,1506,Worker,3434,Booking,You have accepted a new booking.,False,2025-11-26
3012,1506,Employer,81,Booking,A worker has accepted your booking.,True,2025-11-26
3013,1507,Worker,767,Booking,Job completed successfully. Payment will be processed shortly.,True,2025-03-03
3014,1507,Employer,247,Booking,Your service has been completed. Please rate the worker.,False,2025-03-03
3015,1508,Worker,6002,Booking,You have accepted a new booking.,False,2025-11-07
3016,1508,Employer,207,Booking,A worker has accepted your booking.,False,2025-11-07
3017,1509,Worker,107,Booking,You have accepted a new booking.,True,2025-12-23
3018,1509,Employer,353,Booking,A worker has accepted your booking.,True,2025-12-23
3019,1510,Worker,1253,Booking,Job completed successfully. Payment will be processed shortly.,False,2025-01-07
3020,1510,Employer,258,Booking,Your service has been completed. Please rate the worker.,True,2025-01-07
3021,1511,Worker,6063,Booking,Job completed successfully. Payment will be processed shortly.,True,2025-09-22
3022,1511,Employer,415,Booking,Your service has been completed. Please rate the worker.,False,2025-09-22
3023,1512,Worker,619,Booking,Job completed successfully. Payment will be processed shortly.,False,2025-12-01
3024,1512,Employer,363,Booking,Your service has been completed. Please rate the worker.,False,2025-12-01
3025,1513,Worker,4610,Booking,You have accepted a new booking.,False,2025-07-04
3026,1513,Employer,489,Booking,A worker has accepted your booking.,False,2025-07-04
3027,1514,Worker,5449,Booking,The booking has been cancelled.,True,2025-03-14
3028,1514,Employer,192,Booking,Your booking has been cancelled.,False,2025-03-14
3029,1515,Worker,2508,Booking,Job completed successfully. Payment will be processed shortly.,True,2025-12-30
3030,1515,Employer,320,Booking,Your service has been completed. Please rate the worker.,False,2025-12-30
3031,1516,Worker,4106,Booking,Job completed successfully. Payment will be processed shortly.,False,2025-07-12
3032,1516,Employer,226,Booking,Your service has been completed. Please rate the worker.,False,2025-07-12
3033,1517,Worker,3701,Booking,You have accepted a new booking.,False,2025-06-20
3034,1517,Employer,440,Booking,A worker has accepted your booking.,True,2025-06-20
3035,1518,Worker,1740,Booking,Job completed successfully. Payment will be processed shortly.,True,2025-11-10
3036,1518,Employer,90,Booking,Your service has been completed. Please rate the worker.,True,2025-11-10
3037,1519,Worker,981,Booking,Job completed successfully. Payment will be processed shortly.,False,2025-09-05
3038,1519,Employer,262,Booking,Your service has been completed. Please rate the worker.,True,2025-09-05
3039,1520,Worker,2327,Booking,You have accepted a new booking.,True,2025-04-08
3040,1520,Employer,421,Booking,A worker has accepted your booking.,True,2025-04-08
3041,1521,Worker,944,Booking,Job completed successfully. Payment will be processed shortly.,True,2025-12-25
3042,1521,Employer,35,Booking,Your service has been completed. Please rate the worker.,False,2025-12-25
3043,1522,Worker,6353,Booking,You have accepted a new booking.,False,2025-02-10
3044,1522,Employer,443,Booking,A worker has accepted your booking.,True,2025-02-10
3045,1523,Worker,448,Booking,Job completed successfully. Payment will be processed shortly.,True,2025-11-13
3046,1523,Employer,494,Booking,Your service has been completed. Please rate the worker.,False,2025-11-13
3047,1524,Worker,3218,Booking,Job completed successfully. Payment will be processed shortly.,True,2025-11-28
3048,1524,Employer,343,Booking,Your service has been completed. Please rate the worker.,True,2025-11-28
3049,1525,Worker,2629,Booking,You have accepted a new booking.,True,2025-11-18
3050,1525,Employer,19,Booking,A worker has accepted your booking.,True,2025-11-18
3051,1526,Worker,6079,Booking,You have accepted a new booking.,False,2025-03-20
3052,1526,Employer,122,Booking,A worker has accepted your booking.,True,2025-03-20
3053,1527,Worker,2806,Booking,Job completed successfully. Payment will be processed shortly.,True,2025-11-22
3054,1527,Employer,71,Booking,Your service has been completed. Please rate the worker.,False,2025-11-22
3055,1528,Worker,4050,Booking,Job completed successfully. Payment will be processed shortly.,True,2025-12-30
3056,1528,Employer,35,Booking,Your service has been completed. Please rate the worker.,False,2025-12-30
3057,1529,Worker,3917,Booking,You have accepted a new booking.,True,2025-05-03
3058,1529,Employer,198,Booking,A worker has accepted your booking.,True,2025-05-03
3059,1530,Worker,2693,Booking,The booking has been cancelled.,True,2025-11-11
3060,1530,Employer,99,Booking,Your booking has been cancelled.,False,2025-11-11
3061,1531,Worker,4104,Booking,Job completed successfully. Payment will be processed shortly.,True,2025-03-12
3062,1531,Employer,76,Booking,Your service has been completed. Please rate the worker.,True,2025-03-12
3063,1532,Worker,2594,Booking,Job completed successfully. Payment will be processed shortly.,True,2025-01-06
3064,1532,Employer,454,Booking,Your service has been completed. Please rate the worker.,True,2025-01-06
3065,1533,Worker,3912,Booking,Job completed successfully. Payment will be processed shortly.,True,2025-09-18
3066,1533,Employer,147,Booking,Your service has been completed. Please rate the worker.,False,2025-09-18
3067,1534,Worker,4271,Booking,Job completed successfully. Payment will be processed shortly.,True,2025-05-01
3068,1534,Employer,1,Booking,Your service has been completed. Please rate the worker.,True,2025-05-01
3069,1535,Worker,673,Booking,Job completed successfully. Payment will be processed shortly.,False,2025-06-02
3070,1535,Employer,96,Booking,Your service has been completed. Please rate the worker.,False,2025-06-02
3071,1536,Worker,3008,Booking,Job completed successfully. Payment will be processed shortly.,True,2025-07-30
3072,1536,Employer,188,Booking,Your service has been completed. Please rate the worker.,True,2025-07-30
3073,1537,Worker,1596,Booking,Job completed successfully. Payment will be processed shortly.,True,2025-06-08
3074,1537,Employer,446,Booking,Your service has been completed. Please rate the worker.,False,2025-06-08
3075,1538,Worker,1772,Booking,You have accepted a new booking.,False,2025-01-21
3076,1538,Employer,376,Booking,A worker has accepted your booking.,False,2025-01-21
3077,1539,Worker,5254,Booking,Job completed successfully. Payment will be processed shortly.,False,2025-07-21
3078,1539,Employer,7,Booking,Your service has been completed. Please rate the worker.,False,2025-07-21
3079,1540,Worker,4075,Booking,Job completed successfully. Payment will be processed shortly.,False,2025-01-10
3080,1540,Employer,392,Booking,Your service has been completed. Please rate the worker.,True,2025-01-10
3081,1541,Worker,5535,Booking,You have accepted a new booking.,True,2025-10-04
3082,1541,Employer,174,Booking,A worker has accepted your booking.,True,2025-10-04
3083,1542,Worker,3852,Booking,A new booking request is waiting for your response.,True,2025-11-18
3084,1542,Employer,70,Booking,Your booking request is pending.,False,2025-11-18
3085,1543,Worker,4890,Booking,A new booking request is waiting for your response.,True,2025-02-15
3086,1543,Employer,277,Booking,Your booking request is pending.,True,2025-02-15
3087,1544,Worker,5291,Booking,Job completed successfully. Payment will be processed shortly.,True,2025-08-15
3088,1544,Employer,38,Booking,Your service has been completed. Please rate the worker.,True,2025-08-15
3089,1545,Worker,1924,Booking,Job completed successfully. Payment will be processed shortly.,False,2025-02-03
3090,1545,Employer,306,Booking,Your service has been completed. Please rate the worker.,True,2025-02-03
3091,1546,Worker,3770,Booking,The booking has been cancelled.,False,2025-09-09
3092,1546,Employer,415,Booking,Your booking has been cancelled.,True,2025-09-09
3093,1547,Worker,3283,Booking,Job completed successfully. Payment will be processed shortly.,False,2025-04-08
3094,1547,Employer,336,Booking,Your service has been completed. Please rate the worker.,False,2025-04-08
3095,1548,Worker,5497,Booking,You have accepted a new booking.,True,2025-07-14
3096,1548,Employer,473,Booking,A worker has accepted your booking.,True,2025-07-14
3097,1549,Worker,4734,Booking,A new booking request is waiting for your response.,False,2025-06-03
3098,1549,Employer,371,Booking,Your booking request is pending.,False,2025-06-03
3099,1550,Worker,134,Booking,Job completed successfully. Payment will be processed shortly.,True,2025-09-09
3100,1550,Employer,347,Booking,Your service has been completed. Please rate the worker.,False,2025-09-09
3101,1551,Worker,2042,Booking,The booking has been cancelled.,True,2025-01-13
3102,1551,Employer,98,Booking,Your booking has been cancelled.,True,2025-01-13
3103,1552,Worker,1844,Booking,Job completed successfully. Payment will be processed shortly.,False,2025-08-11
3104,1552,Employer,349,Booking,Your service has been completed. Please rate the worker.,False,2025-08-11
3105,1553,Worker,3714,Booking,Job completed successfully. Payment will be processed shortly.,False,2025-07-08
3106,1553,Employer,203,Booking,Your service has been completed. Please rate the worker.,True,2025-07-08
3107,1554,Worker,5403,Booking,You have accepted a new booking.,False,2025-07-17
3108,1554,Employer,193,Booking,A worker has accepted your booking.,False,2025-07-17
3109,1555,Worker,5789,Booking,Job completed successfully. Payment will be processed shortly.,False,2025-06-07
3110,1555,Employer,195,Booking,Your service has been completed. Please rate the worker.,False,2025-06-07
3111,1556,Worker,3547,Booking,Job completed successfully. Payment will be processed shortly.,False,2025-11-04
3112,1556,Employer,364,Booking,Your service has been completed. Please rate the worker.,False,2025-11-04
3113,1557,Worker,2085,Booking,A new booking request is waiting for your response.,True,2025-09-19
3114,1557,Employer,423,Booking,Your booking request is pending.,True,2025-09-19
3115,1558,Worker,4423,Booking,Job completed successfully. Payment will be processed shortly.,True,2025-09-18
3116,1558,Employer,241,Booking,Your service has been completed. Please rate the worker.,False,2025-09-18
3117,1559,Worker,713,Booking,Job completed successfully. Payment will be processed shortly.,False,2025-04-11
3118,1559,Employer,121,Booking,Your service has been completed. Please rate the worker.,False,2025-04-11
3119,1560,Worker,1351,Booking,Job completed successfully. Payment will be processed shortly.,True,2025-01-02
3120,1560,Employer,244,Booking,Your service has been completed. Please rate the worker.,False,2025-01-02
3121,1561,Worker,2172,Booking,Job completed successfully. Payment will be processed shortly.,False,2025-03-06
3122,1561,Employer,200,Booking,Your service has been completed. Please rate the worker.,True,2025-03-06
3123,1562,Worker,4415,Booking,You have accepted a new booking.,True,2025-11-11
3124,1562,Employer,282,Booking,A worker has accepted your booking.,True,2025-11-11
3125,1563,Worker,471,Booking,Job completed successfully. Payment will be processed shortly.,False,2025-03-09
3126,1563,Employer,385,Booking,Your service has been completed. Please rate the worker.,True,2025-03-09
3127,1564,Worker,3152,Booking,Job completed successfully. Payment will be processed shortly.,False,2025-10-02
3128,1564,Employer,95,Booking,Your service has been completed. Please rate the worker.,True,2025-10-02
3129,1565,Worker,5529,Booking,Job completed successfully. Payment will be processed shortly.,False,2025-06-17
3130,1565,Employer,284,Booking,Your service has been completed. Please rate the worker.,True,2025-06-17
3131,1566,Worker,2765,Booking,Job completed successfully. Payment will be processed shortly.,False,2025-01-05
3132,1566,Employer,218,Booking,Your service has been completed. Please rate the worker.,False,2025-01-05
3133,1567,Worker,4330,Booking,A new booking request is waiting for your response.,False,2025-02-21
3134,1567,Employer,113,Booking,Your booking request is pending.,True,2025-02-21
3135,1568,Worker,353,Booking,You have accepted a new booking.,False,2025-08-05
3136,1568,Employer,148,Booking,A worker has accepted your booking.,True,2025-08-05
3137,1569,Worker,3448,Booking,You have accepted a new booking.,True,2026-01-01
3138,1569,Employer,154,Booking,A worker has accepted your booking.,True,2026-01-01
3139,1570,Worker,118,Booking,Job completed successfully. Payment will be processed shortly.,False,2025-08-23
3140,1570,Employer,235,Booking,Your service has been completed. Please rate the worker.,True,2025-08-23
3141,1571,Worker,5310,Booking,Job completed successfully. Payment will be processed shortly.,True,2025-05-19
3142,1571,Employer,53,Booking,Your service has been completed. Please rate the worker.,False,2025-05-19
3143,1572,Worker,609,Booking,Job completed successfully. Payment will be processed shortly.,False,2025-02-09
3144,1572,Employer,158,Booking,Your service has been completed. Please rate the worker.,False,2025-02-09
3145,1573,Worker,6027,Booking,Job completed successfully. Payment will be processed shortly.,True,2025-12-30
3146,1573,Employer,295,Booking,Your service has been completed. Please rate the worker.,True,2025-12-30
3147,1574,Worker,255,Booking,A new booking request is waiting for your response.,False,2025-04-07
3148,1574,Employer,362,Booking,Your booking request is pending.,False,2025-04-07
3149,1575,Worker,1850,Booking,You have accepted a new booking.,False,2025-08-29
3150,1575,Employer,460,Booking,A worker has accepted your booking.,False,2025-08-29
3151,1576,Worker,48,Booking,The booking has been cancelled.,False,2025-10-10
3152,1576,Employer,20,Booking,Your booking has been cancelled.,False,2025-10-10
3153,1577,Worker,5669,Booking,You have accepted a new booking.,False,2025-05-04
3154,1577,Employer,473,Booking,A worker has accepted your booking.,False,2025-05-04
3155,1578,Worker,501,Booking,Job completed successfully. Payment will be processed shortly.,False,2025-12-10
3156,1578,Employer,313,Booking,Your service has been completed. Please rate the worker.,False,2025-12-10
3157,1579,Worker,1755,Booking,Job completed successfully. Payment will be processed shortly.,True,2025-04-30
3158,1579,Employer,52,Booking,Your service has been completed. Please rate the worker.,False,2025-04-30
3159,1580,Worker,714,Booking,The booking has been cancelled.,False,2025-05-15
3160,1580,Employer,129,Booking,Your booking has been cancelled.,False,2025-05-15
3161,1581,Worker,6383,Booking,Job completed successfully. Payment will be processed shortly.,False,2025-07-29
3162,1581,Employer,313,Booking,Your service has been completed. Please rate the worker.,False,2025-07-29
3163,1582,Worker,4323,Booking,A new booking request is waiting for your response.,False,2025-12-28
3164,1582,Employer,99,Booking,Your booking request is pending.,False,2025-12-28
3165,1583,Worker,1196,Booking,Job completed successfully. Payment will be processed shortly.,True,2025-06-27
3166,1583,Employer,15,Booking,Your service has been completed. Please rate the worker.,True,2025-06-27
3167,1584,Worker,3848,Booking,A new booking request is waiting for your response.,True,2025-07-25
3168,1584,Employer,170,Booking,Your booking request is pending.,True,2025-07-25
3169,1585,Worker,1208,Booking,Job completed successfully. Payment will be processed shortly.,False,2025-09-15
3170,1585,Employer,491,Booking,Your service has been completed. Please rate the worker.,True,2025-09-15
3171,1586,Worker,2986,Booking,Job completed successfully. Payment will be processed shortly.,True,2025-06-10
3172,1586,Employer,274,Booking,Your service has been completed. Please rate the worker.,False,2025-06-10
3173,1587,Worker,6117,Booking,A new booking request is waiting for your response.,True,2025-05-11
3174,1587,Employer,205,Booking,Your booking request is pending.,True,2025-05-11
3175,1588,Worker,2745,Booking,Job completed successfully. Payment will be processed shortly.,True,2025-01-27
3176,1588,Employer,433,Booking,Your service has been completed. Please rate the worker.,False,2025-01-27
3177,1589,Worker,1674,Booking,Job completed successfully. Payment will be processed shortly.,False,2025-10-22
3178,1589,Employer,215,Booking,Your service has been completed. Please rate the worker.,False,2025-10-22
3179,1590,Worker,5449,Booking,Job completed successfully. Payment will be processed shortly.,False,2025-12-10
3180,1590,Employer,326,Booking,Your service has been completed. Please rate the worker.,False,2025-12-10
3181,1591,Worker,2828,Booking,Job completed successfully. Payment will be processed shortly.,True,2025-11-05
3182,1591,Employer,19,Booking,Your service has been completed. Please rate the worker.,True,2025-11-05
3183,1592,Worker,949,Booking,Job completed successfully. Payment will be processed shortly.,False,2025-08-05
3184,1592,Employer,33,Booking,Your service has been completed. Please rate the worker.,False,2025-08-05
3185,1593,Worker,824,Booking,You have accepted a new booking.,False,2025-10-04
3186,1593,Employer,62,Booking,A worker has accepted your booking.,True,2025-10-04
3187,1594,Worker,1010,Booking,Job completed successfully. Payment will be processed shortly.,False,2025-08-19
3188,1594,Employer,482,Booking,Your service has been completed. Please rate the worker.,True,2025-08-19
3189,1595,Worker,2135,Booking,A new booking request is waiting for your response.,False,2025-01-10
3190,1595,Employer,166,Booking,Your booking request is pending.,False,2025-01-10
3191,1596,Worker,5424,Booking,Job completed successfully. Payment will be processed shortly.,True,2025-01-12
3192,1596,Employer,288,Booking,Your service has been completed. Please rate the worker.,False,2025-01-12
3193,1597,Worker,2097,Booking,A new booking request is waiting for your response.,True,2025-01-01
3194,1597,Employer,5,Booking,Your booking request is pending.,False,2025-01-01
3195,1598,Worker,2330,Booking,Job completed successfully. Payment will be processed shortly.,False,2025-01-30
3196,1598,Employer,50,Booking,Your service has been completed. Please rate the worker.,False,2025-01-30
3197,1599,Worker,2249,Booking,You have accepted a new booking.,True,2025-01-16
3198,1599,Employer,460,Booking,A worker has accepted your booking.,True,2025-01-16
3199,1600,Worker,6456,Booking,A new booking request is waiting for your response.,True,2025-03-18
3200,1600,Employer,352,Booking,Your booking request is pending.,False,2025-03-18
3201,1601,Worker,2973,Booking,Job completed successfully. Payment will be processed shortly.,True,2025-07-16
3202,1601,Employer,358,Booking,Your service has been completed. Please rate the worker.,True,2025-07-16
3203,1602,Worker,5981,Booking,Job completed successfully. Payment will be processed shortly.,False,2025-12-02
3204,1602,Employer,180,Booking,Your service has been completed. Please rate the worker.,True,2025-12-02
3205,1603,Worker,5374,Booking,You have accepted a new booking.,True,2025-11-10
3206,1603,Employer,379,Booking,A worker has accepted your booking.,False,2025-11-10
3207,1604,Worker,1961,Booking,Job completed successfully. Payment will be processed shortly.,False,2025-09-24
3208,1604,Employer,473,Booking,Your service has been completed. Please rate the worker.,False,2025-09-24
3209,1605,Worker,5782,Booking,Job completed successfully. Payment will be processed shortly.,False,2025-09-26
3210,1605,Employer,344,Booking,Your service has been completed. Please rate the worker.,False,2025-09-26
3211,1606,Worker,856,Booking,Job completed successfully. Payment will be processed shortly.,False,2025-09-20
3212,1606,Employer,61,Booking,Your service has been completed. Please rate the worker.,False,2025-09-20
3213,1607,Worker,5595,Booking,Job completed successfully. Payment will be processed shortly.,True,2025-04-12
3214,1607,Employer,192,Booking,Your service has been completed. Please rate the worker.,False,2025-04-12
3215,1608,Worker,4516,Booking,You have accepted a new booking.,True,2025-10-06
3216,1608,Employer,216,Booking,A worker has accepted your booking.,True,2025-10-06
3217,1609,Worker,612,Booking,Job completed successfully. Payment will be processed shortly.,True,2025-12-17
3218,1609,Employer,26,Booking,Your service has been completed. Please rate the worker.,True,2025-12-17
3219,1610,Worker,2902,Booking,Job completed successfully. Payment will be processed shortly.,False,2025-05-13
3220,1610,Employer,233,Booking,Your service has been completed. Please rate the worker.,True,2025-05-13
3221,1611,Worker,1000,Booking,A new booking request is waiting for your response.,False,2025-04-14
3222,1611,Employer,101,Booking,Your booking request is pending.,True,2025-04-14
3223,1612,Worker,5894,Booking,Job completed successfully. Payment will be processed shortly.,True,2025-04-11
3224,1612,Employer,64,Booking,Your service has been completed. Please rate the worker.,True,2025-04-11
3225,1613,Worker,5544,Booking,You have accepted a new booking.,False,2025-11-15
3226,1613,Employer,439,Booking,A worker has accepted your booking.,True,2025-11-15
3227,1614,Worker,521,Booking,Job completed successfully. Payment will be processed shortly.,False,2025-04-08
3228,1614,Employer,258,Booking,Your service has been completed. Please rate the worker.,False,2025-04-08
3229,1615,Worker,2645,Booking,Job completed successfully. Payment will be processed shortly.,False,2025-01-31
3230,1615,Employer,226,Booking,Your service has been completed. Please rate the worker.,True,2025-01-31
3231,1616,Worker,2312,Booking,Job completed successfully. Payment will be processed shortly.,True,2025-11-08
3232,1616,Employer,242,Booking,Your service has been completed. Please rate the worker.,False,2025-11-08
3233,1617,Worker,4861,Booking,Job completed successfully. Payment will be processed shortly.,True,2025-02-18
3234,1617,Employer,358,Booking,Your service has been completed. Please rate the worker.,False,2025-02-18
3235,1618,Worker,2298,Booking,Job completed successfully. Payment will be processed shortly.,True,2025-08-08
3236,1618,Employer,48,Booking,Your service has been completed. Please rate the worker.,False,2025-08-08
3237,1619,Worker,6227,Booking,Job completed successfully. Payment will be processed shortly.,True,2025-10-09
3238,1619,Employer,54,Booking,Your service has been completed. Please rate the worker.,True,2025-10-09
3239,1620,Worker,258,Booking,A new booking request is waiting for your response.,True,2025-09-01
3240,1620,Employer,159,Booking,Your booking request is pending.,True,2025-09-01
3241,1621,Worker,5968,Booking,Job completed successfully. Payment will be processed shortly.,True,2025-07-24
3242,1621,Employer,418,Booking,Your service has been completed. Please rate the worker.,False,2025-07-24
3243,1622,Worker,4014,Booking,You have accepted a new booking.,False,2025-05-09
3244,1622,Employer,69,Booking,A worker has accepted your booking.,True,2025-05-09
3245,1623,Worker,4774,Booking,Job completed successfully. Payment will be processed shortly.,True,2025-10-05
3246,1623,Employer,297,Booking,Your service has been completed. Please rate the worker.,False,2025-10-05
3247,1624,Worker,2078,Booking,Job completed successfully. Payment will be processed shortly.,True,2025-07-26
3248,1624,Employer,179,Booking,Your service has been completed. Please rate the worker.,False,2025-07-26
3249,1625,Worker,4275,Booking,You have accepted a new booking.,True,2025-11-03
3250,1625,Employer,90,Booking,A worker has accepted your booking.,False,2025-11-03
3251,1626,Worker,1998,Booking,You have accepted a new booking.,True,2025-04-25
3252,1626,Employer,130,Booking,A worker has accepted your booking.,False,2025-04-25
3253,1627,Worker,1525,Booking,Job completed successfully. Payment will be processed shortly.,True,2025-09-23
3254,1627,Employer,6,Booking,Your service has been completed. Please rate the worker.,False,2025-09-23
3255,1628,Worker,5496,Booking,Job completed successfully. Payment will be processed shortly.,False,2025-12-12
3256,1628,Employer,130,Booking,Your service has been completed. Please rate the worker.,False,2025-12-12
3257,1629,Worker,1335,Booking,You have accepted a new booking.,False,2025-03-13
3258,1629,Employer,138,Booking,A worker has accepted your booking.,False,2025-03-13
3259,1630,Worker,4608,Booking,Job completed successfully. Payment will be processed shortly.,True,2025-04-28
3260,1630,Employer,108,Booking,Your service has been completed. Please rate the worker.,True,2025-04-28
3261,1631,Worker,3150,Booking,Job completed successfully. Payment will be processed shortly.,False,2025-11-17
3262,1631,Employer,442,Booking,Your service has been completed. Please rate the worker.,False,2025-11-17
3263,1632,Worker,1270,Booking,Job completed successfully. Payment will be processed shortly.,False,2025-09-19
3264,1632,Employer,276,Booking,Your service has been completed. Please rate the worker.,False,2025-09-19
3265,1633,Worker,5479,Booking,The booking has been cancelled.,False,2026-01-01
3266,1633,Employer,487,Booking,Your booking has been cancelled.,True,2026-01-01
3267,1634,Worker,4284,Booking,Job completed successfully. Payment will be processed shortly.,False,2025-12-25
3268,1634,Employer,17,Booking,Your service has been completed. Please rate the worker.,True,2025-12-25
3269,1635,Worker,3173,Booking,Job completed successfully. Payment will be processed shortly.,True,2025-05-04
3270,1635,Employer,217,Booking,Your service has been completed. Please rate the worker.,False,2025-05-04
3271,1636,Worker,6266,Booking,Job completed successfully. Payment will be processed shortly.,False,2025-08-09
3272,1636,Employer,29,Booking,Your service has been completed. Please rate the worker.,False,2025-08-09
3273,1637,Worker,3042,Booking,Job completed successfully. Payment will be processed shortly.,False,2025-12-13
3274,1637,Employer,173,Booking,Your service has been completed. Please rate the worker.,True,2025-12-13
3275,1638,Worker,1198,Booking,Job completed successfully. Payment will be processed shortly.,True,2025-05-12
3276,1638,Employer,495,Booking,Your service has been completed. Please rate the worker.,False,2025-05-12
3277,1639,Worker,3218,Booking,Job completed successfully. Payment will be processed shortly.,False,2025-02-09
3278,1639,Employer,470,Booking,Your service has been completed. Please rate the worker.,True,2025-02-09
3279,1640,Worker,2131,Booking,You have accepted a new booking.,True,2025-10-14
3280,1640,Employer,2,Booking,A worker has accepted your booking.,True,2025-10-14
3281,1641,Worker,4979,Booking,Job completed successfully. Payment will be processed shortly.,True,2025-10-01
3282,1641,Employer,496,Booking,Your service has been completed. Please rate the worker.,True,2025-10-01
3283,1642,Worker,6029,Booking,Job completed successfully. Payment will be processed shortly.,True,2025-03-02
3284,1642,Employer,210,Booking,Your service has been completed. Please rate the worker.,False,2025-03-02
3285,1643,Worker,5544,Booking,A new booking request is waiting for your response.,True,2025-12-20
3286,1643,Employer,315,Booking,Your booking request is pending.,True,2025-12-20
3287,1644,Worker,5557,Booking,Job completed successfully. Payment will be processed shortly.,True,2025-09-23
3288,1644,Employer,404,Booking,Your service has been completed. Please rate the worker.,False,2025-09-23
3289,1645,Worker,3363,Booking,A new booking request is waiting for your response.,True,2025-03-24
3290,1645,Employer,286,Booking,Your booking request is pending.,True,2025-03-24
3291,1646,Worker,235,Booking,You have accepted a new booking.,True,2025-08-04
3292,1646,Employer,478,Booking,A worker has accepted your booking.,False,2025-08-04
3293,1647,Worker,5720,Booking,Job completed successfully. Payment will be processed shortly.,True,2025-04-30
3294,1647,Employer,212,Booking,Your service has been completed. Please rate the worker.,False,2025-04-30
3295,1648,Worker,5999,Booking,You have accepted a new booking.,True,2025-08-26
3296,1648,Employer,85,Booking,A worker has accepted your booking.,False,2025-08-26
3297,1649,Worker,6452,Booking,Job completed successfully. Payment will be processed shortly.,False,2025-10-10
3298,1649,Employer,147,Booking,Your service has been completed. Please rate the worker.,True,2025-10-10
3299,1650,Worker,5047,Booking,You have accepted a new booking.,True,2025-05-23
3300,1650,Employer,127,Booking,A worker has accepted your booking.,True,2025-05-23
3301,1651,Worker,2534,Booking,A new booking request is waiting for your response.,True,2025-03-01
3302,1651,Employer,209,Booking,Your booking request is pending.,False,2025-03-01
3303,1652,Worker,1400,Booking,Job completed successfully. Payment will be processed shortly.,True,2025-10-06
3304,1652,Employer,195,Booking,Your service has been completed. Please rate the worker.,False,2025-10-06
3305,1653,Worker,5432,Booking,A new booking request is waiting for your response.,False,2025-01-13
3306,1653,Employer,461,Booking,Your booking request is pending.,True,2025-01-13
3307,1654,Worker,608,Booking,You have accepted a new booking.,False,2025-06-12
3308,1654,Employer,371,Booking,A worker has accepted your booking.,True,2025-06-12
3309,1655,Worker,144,Booking,A new booking request is waiting for your response.,True,2025-10-18
3310,1655,Employer,213,Booking,Your booking request is pending.,False,2025-10-18
3311,1656,Worker,1669,Booking,The booking has been cancelled.,True,2025-07-04
3312,1656,Employer,268,Booking,Your booking has been cancelled.,True,2025-07-04
3313,1657,Worker,5950,Booking,Job completed successfully. Payment will be processed shortly.,False,2025-04-19
3314,1657,Employer,211,Booking,Your service has been completed. Please rate the worker.,False,2025-04-19
3315,1658,Worker,4014,Booking,Job completed successfully. Payment will be processed shortly.,True,2025-01-02
3316,1658,Employer,388,Booking,Your service has been completed. Please rate the worker.,True,2025-01-02
3317,1659,Worker,6395,Booking,Job completed successfully. Payment will be processed shortly.,False,2025-12-24
3318,1659,Employer,98,Booking,Your service has been completed. Please rate the worker.,False,2025-12-24
3319,1660,Worker,3147,Booking,Job completed successfully. Payment will be processed shortly.,False,2025-10-16
3320,1660,Employer,254,Booking,Your service has been completed. Please rate the worker.,False,2025-10-16
3321,1661,Worker,2547,Booking,A new booking request is waiting for your response.,True,2025-06-24
3322,1661,Employer,420,Booking,Your booking request is pending.,True,2025-06-24
3323,1662,Worker,2529,Booking,Job completed successfully. Payment will be processed shortly.,False,2025-02-20
3324,1662,Employer,237,Booking,Your service has been completed. Please rate the worker.,False,2025-02-20
3325,1663,Worker,4094,Booking,A new booking request is waiting for your response.,False,2025-01-04
3326,1663,Employer,147,Booking,Your booking request is pending.,False,2025-01-04
3327,1664,Worker,636,Booking,You have accepted a new booking.,True,2025-08-10
3328,1664,Employer,93,Booking,A worker has accepted your booking.,False,2025-08-10
3329,1665,Worker,4951,Booking,You have accepted a new booking.,False,2025-01-05
3330,1665,Employer,462,Booking,A worker has accepted your booking.,True,2025-01-05
3331,1666,Worker,4056,Booking,Job completed successfully. Payment will be processed shortly.,True,2025-08-12
3332,1666,Employer,153,Booking,Your service has been completed. Please rate the worker.,True,2025-08-12
3333,1667,Worker,1090,Booking,A new booking request is waiting for your response.,False,2025-09-23
3334,1667,Employer,292,Booking,Your booking request is pending.,True,2025-09-23
3335,1668,Worker,1699,Booking,A new booking request is waiting for your response.,True,2025-06-21
3336,1668,Employer,155,Booking,Your booking request is pending.,False,2025-06-21
3337,1669,Worker,1615,Booking,A new booking request is waiting for your response.,False,2025-02-11
3338,1669,Employer,271,Booking,Your booking request is pending.,False,2025-02-11
3339,1670,Worker,1660,Booking,Job completed successfully. Payment will be processed shortly.,True,2025-03-18
3340,1670,Employer,116,Booking,Your service has been completed. Please rate the worker.,False,2025-03-18
3341,1671,Worker,5642,Booking,Job completed successfully. Payment will be processed shortly.,False,2025-04-27
3342,1671,Employer,62,Booking,Your service has been completed. Please rate the worker.,True,2025-04-27
3343,1672,Worker,4222,Booking,Job completed successfully. Payment will be processed shortly.,True,2025-03-26
3344,1672,Employer,141,Booking,Your service has been completed. Please rate the worker.,False,2025-03-26
3345,1673,Worker,5243,Booking,Job completed successfully. Payment will be processed shortly.,True,2025-03-19
3346,1673,Employer,42,Booking,Your service has been completed. Please rate the worker.,True,2025-03-19
3347,1674,Worker,4445,Booking,Job completed successfully. Payment will be processed shortly.,False,2025-09-30
3348,1674,Employer,72,Booking,Your service has been completed. Please rate the worker.,False,2025-09-30
3349,1675,Worker,4437,Booking,A new booking request is waiting for your response.,True,2025-04-11
3350,1675,Employer,337,Booking,Your booking request is pending.,True,2025-04-11
3351,1676,Worker,3784,Booking,Job completed successfully. Payment will be processed shortly.,True,2025-05-08
3352,1676,Employer,203,Booking,Your service has been completed. Please rate the worker.,True,2025-05-08
3353,1677,Worker,3821,Booking,Job completed successfully. Payment will be processed shortly.,False,2025-01-10
3354,1677,Employer,216,Booking,Your service has been completed. Please rate the worker.,True,2025-01-10
3355,1678,Worker,6395,Booking,A new booking request is waiting for your response.,False,2025-03-31
3356,1678,Employer,391,Booking,Your booking request is pending.,False,2025-03-31
3357,1679,Worker,2169,Booking,The booking has been cancelled.,False,2025-11-18
3358,1679,Employer,265,Booking,Your booking has been cancelled.,False,2025-11-18
3359,1680,Worker,1396,Booking,Job completed successfully. Payment will be processed shortly.,True,2025-03-22
3360,1680,Employer,129,Booking,Your service has been completed. Please rate the worker.,False,2025-03-22
3361,1681,Worker,2100,Booking,Job completed successfully. Payment will be processed shortly.,True,2025-11-09
3362,1681,Employer,34,Booking,Your service has been completed. Please rate the worker.,True,2025-11-09
3363,1682,Worker,3613,Booking,Job completed successfully. Payment will be processed shortly.,True,2025-01-16
3364,1682,Employer,11,Booking,Your service has been completed. Please rate the worker.,True,2025-01-16
3365,1683,Worker,13,Booking,Job completed successfully. Payment will be processed shortly.,False,2025-02-21
3366,1683,Employer,494,Booking,Your service has been completed. Please rate the worker.,False,2025-02-21
3367,1684,Worker,855,Booking,Job completed successfully. Payment will be processed shortly.,True,2025-04-02
3368,1684,Employer,486,Booking,Your service has been completed. Please rate the worker.,True,2025-04-02
3369,1685,Worker,5277,Booking,You have accepted a new booking.,False,2025-03-29
3370,1685,Employer,142,Booking,A worker has accepted your booking.,False,2025-03-29
3371,1686,Worker,3022,Booking,Job completed successfully. Payment will be processed shortly.,True,2025-03-15
3372,1686,Employer,446,Booking,Your service has been completed. Please rate the worker.,True,2025-03-15
3373,1687,Worker,6355,Booking,Job completed successfully. Payment will be processed shortly.,True,2025-10-21
3374,1687,Employer,338,Booking,Your service has been completed. Please rate the worker.,False,2025-10-21
3375,1688,Worker,5266,Booking,Job completed successfully. Payment will be processed shortly.,True,2025-03-30
3376,1688,Employer,487,Booking,Your service has been completed. Please rate the worker.,True,2025-03-30
3377,1689,Worker,82,Booking,Job completed successfully. Payment will be processed shortly.,False,2025-08-30
3378,1689,Employer,194,Booking,Your service has been completed. Please rate the worker.,True,2025-08-30
3379,1690,Worker,2502,Booking,The booking has been cancelled.,False,2025-02-12
3380,1690,Employer,129,Booking,Your booking has been cancelled.,True,2025-02-12
3381,1691,Worker,8,Booking,You have accepted a new booking.,False,2025-10-11
3382,1691,Employer,74,Booking,A worker has accepted your booking.,False,2025-10-11
3383,1692,Worker,634,Booking,Job completed successfully. Payment will be processed shortly.,False,2025-06-08
3384,1692,Employer,14,Booking,Your service has been completed. Please rate the worker.,False,2025-06-08
3385,1693,Worker,1460,Booking,You have accepted a new booking.,True,2025-04-17
3386,1693,Employer,145,Booking,A worker has accepted your booking.,False,2025-04-17
3387,1694,Worker,35,Booking,Job completed successfully. Payment will be processed shortly.,True,2025-09-24
3388,1694,Employer,398,Booking,Your service has been completed. Please rate the worker.,True,2025-09-24
3389,1695,Worker,198,Booking,Job completed successfully. Payment will be processed shortly.,False,2025-01-25
3390,1695,Employer,315,Booking,Your service has been completed. Please rate the worker.,True,2025-01-25
3391,1696,Worker,3379,Booking,Job completed successfully. Payment will be processed shortly.,False,2025-09-22
3392,1696,Employer,386,Booking,Your service has been completed. Please rate the worker.,False,2025-09-22
3393,1697,Worker,4482,Booking,You have accepted a new booking.,True,2025-01-16
3394,1697,Employer,250,Booking,A worker has accepted your booking.,True,2025-01-16
3395,1698,Worker,2339,Booking,Job completed successfully. Payment will be processed shortly.,True,2025-11-20
3396,1698,Employer,400,Booking,Your service has been completed. Please rate the worker.,False,2025-11-20
3397,1699,Worker,5153,Booking,A new booking request is waiting for your response.,False,2025-03-25
3398,1699,Employer,26,Booking,Your booking request is pending.,False,2025-03-25
3399,1700,Worker,220,Booking,You have accepted a new booking.,True,2025-12-05
3400,1700,Employer,273,Booking,A worker has accepted your booking.,True,2025-12-05
3401,1701,Worker,4333,Booking,A new booking request is waiting for your response.,False,2025-12-03
3402,1701,Employer,183,Booking,Your booking request is pending.,False,2025-12-03
3403,1702,Worker,230,Booking,A new booking request is waiting for your response.,True,2025-12-05
3404,1702,Employer,220,Booking,Your booking request is pending.,False,2025-12-05
3405,1703,Worker,3256,Booking,Job completed successfully. Payment will be processed shortly.,False,2025-06-10
3406,1703,Employer,205,Booking,Your service has been completed. Please rate the worker.,True,2025-06-10
3407,1704,Worker,3103,Booking,Job completed successfully. Payment will be processed shortly.,True,2025-12-17
3408,1704,Employer,191,Booking,Your service has been completed. Please rate the worker.,False,2025-12-17
3409,1705,Worker,3159,Booking,The booking has been cancelled.,True,2025-10-13
3410,1705,Employer,184,Booking,Your booking has been cancelled.,True,2025-10-13
3411,1706,Worker,5950,Booking,Job completed successfully. Payment will be processed shortly.,False,2025-05-03
3412,1706,Employer,236,Booking,Your service has been completed. Please rate the worker.,True,2025-05-03
3413,1707,Worker,6338,Booking,Job completed successfully. Payment will be processed shortly.,True,2025-10-28
3414,1707,Employer,247,Booking,Your service has been completed. Please rate the worker.,False,2025-10-28
3415,1708,Worker,5766,Booking,You have accepted a new booking.,False,2025-06-17
3416,1708,Employer,212,Booking,A worker has accepted your booking.,False,2025-06-17
3417,1709,Worker,4931,Booking,Job completed successfully. Payment will be processed shortly.,True,2025-11-30
3418,1709,Employer,9,Booking,Your service has been completed. Please rate the worker.,True,2025-11-30
3419,1710,Worker,5119,Booking,Job completed successfully. Payment will be processed shortly.,True,2025-12-29
3420,1710,Employer,369,Booking,Your service has been completed. Please rate the worker.,False,2025-12-29
3421,1711,Worker,4729,Booking,Job completed successfully. Payment will be processed shortly.,False,2025-01-31
3422,1711,Employer,436,Booking,Your service has been completed. Please rate the worker.,False,2025-01-31
3423,1712,Worker,2135,Booking,Job completed successfully. Payment will be processed shortly.,False,2025-11-28
3424,1712,Employer,432,Booking,Your service has been completed. Please rate the worker.,True,2025-11-28
3425,1713,Worker,3415,Booking,Job completed successfully. Payment will be processed shortly.,True,2026-01-01
3426,1713,Employer,442,Booking,Your service has been completed. Please rate the worker.,True,2026-01-01
3427,1714,Worker,336,Booking,Job completed successfully. Payment will be processed shortly.,True,2025-01-22
3428,1714,Employer,206,Booking,Your service has been completed. Please rate the worker.,True,2025-01-22
3429,1715,Worker,2059,Booking,Job completed successfully. Payment will be processed shortly.,True,2025-03-21
3430,1715,Employer,106,Booking,Your service has been completed. Please rate the worker.,True,2025-03-21
3431,1716,Worker,4634,Booking,Job completed successfully. Payment will be processed shortly.,False,2025-03-10
3432,1716,Employer,211,Booking,Your service has been completed. Please rate the worker.,True,2025-03-10
3433,1717,Worker,635,Booking,Job completed successfully. Payment will be processed shortly.,False,2025-07-30
3434,1717,Employer,14,Booking,Your service has been completed. Please rate the worker.,False,2025-07-30
3435,1718,Worker,2142,Booking,Job completed successfully. Payment will be processed shortly.,True,2025-01-01
3436,1718,Employer,493,Booking,Your service has been completed. Please rate the worker.,True,2025-01-01
3437,1719,Worker,3053,Booking,The booking has been cancelled.,False,2025-04-05
3438,1719,Employer,18,Booking,Your booking has been cancelled.,True,2025-04-05
3439,1720,Worker,55,Booking,Job completed successfully. Payment will be processed shortly.,True,2025-11-08
3440,1720,Employer,262,Booking,Your service has been completed. Please rate the worker.,False,2025-11-08
3441,1721,Worker,1303,Booking,Job completed successfully. Payment will be processed shortly.,True,2025-04-25
3442,1721,Employer,283,Booking,Your service has been completed. Please rate the worker.,False,2025-04-25
3443,1722,Worker,4760,Booking,Job completed successfully. Payment will be processed shortly.,False,2025-01-06
3444,1722,Employer,221,Booking,Your service has been completed. Please rate the worker.,False,2025-01-06
3445,1723,Worker,3004,Booking,Job completed successfully. Payment will be processed shortly.,True,2025-02-16
3446,1723,Employer,500,Booking,Your service has been completed. Please rate the worker.,False,2025-02-16
3447,1724,Worker,6283,Booking,Job completed successfully. Payment will be processed shortly.,True,2025-03-11
3448,1724,Employer,271,Booking,Your service has been completed. Please rate the worker.,False,2025-03-11
3449,1725,Worker,171,Booking,Job completed successfully. Payment will be processed shortly.,False,2025-03-02
3450,1725,Employer,430,Booking,Your service has been completed. Please rate the worker.,False,2025-03-02
3451,1726,Worker,1052,Booking,The booking has been cancelled.,True,2025-01-28
3452,1726,Employer,348,Booking,Your booking has been cancelled.,False,2025-01-28
3453,1727,Worker,5803,Booking,Job completed successfully. Payment will be processed shortly.,True,2025-03-21
3454,1727,Employer,398,Booking,Your service has been completed. Please rate the worker.,False,2025-03-21
3455,1728,Worker,3575,Booking,Job completed successfully. Payment will be processed shortly.,False,2025-02-15
3456,1728,Employer,300,Booking,Your service has been completed. Please rate the worker.,False,2025-02-15
3457,1729,Worker,5199,Booking,Job completed successfully. Payment will be processed shortly.,True,2025-04-08
3458,1729,Employer,344,Booking,Your service has been completed. Please rate the worker.,True,2025-04-08
3459,1730,Worker,5241,Booking,Job completed successfully. Payment will be processed shortly.,True,2025-03-12
3460,1730,Employer,321,Booking,Your service has been completed. Please rate the worker.,True,2025-03-12
3461,1731,Worker,2988,Booking,Job completed successfully. Payment will be processed shortly.,False,2025-01-24
3462,1731,Employer,490,Booking,Your service has been completed. Please rate the worker.,True,2025-01-24
3463,1732,Worker,1771,Booking,A new booking request is waiting for your response.,True,2025-11-12
3464,1732,Employer,307,Booking,Your booking request is pending.,True,2025-11-12
3465,1733,Worker,1090,Booking,Job completed successfully. Payment will be processed shortly.,False,2025-08-28
3466,1733,Employer,336,Booking,Your service has been completed. Please rate the worker.,False,2025-08-28
3467,1734,Worker,2197,Booking,Job completed successfully. Payment will be processed shortly.,False,2025-08-06
3468,1734,Employer,362,Booking,Your service has been completed. Please rate the worker.,True,2025-08-06
3469,1735,Worker,2422,Booking,Job completed successfully. Payment will be processed shortly.,True,2025-11-15
3470,1735,Employer,461,Booking,Your service has been completed. Please rate the worker.,False,2025-11-15
3471,1736,Worker,2201,Booking,Job completed successfully. Payment will be processed shortly.,True,2025-11-03
3472,1736,Employer,388,Booking,Your service has been completed. Please rate the worker.,False,2025-11-03
3473,1737,Worker,2243,Booking,Job completed successfully. Payment will be processed shortly.,False,2025-02-20
3474,1737,Employer,486,Booking,Your service has been completed. Please rate the worker.,False,2025-02-20
3475,1738,Worker,6086,Booking,You have accepted a new booking.,True,2025-06-07
3476,1738,Employer,313,Booking,A worker has accepted your booking.,False,2025-06-07
3477,1739,Worker,859,Booking,A new booking request is waiting for your response.,True,2025-07-26
3478,1739,Employer,86,Booking,Your booking request is pending.,True,2025-07-26
3479,1740,Worker,5094,Booking,A new booking request is waiting for your response.,False,2025-03-20
3480,1740,Employer,158,Booking,Your booking request is pending.,True,2025-03-20
3481,1741,Worker,4456,Booking,Job completed successfully. Payment will be processed shortly.,True,2025-11-14
3482,1741,Employer,462,Booking,Your service has been completed. Please rate the worker.,True,2025-11-14
3483,1742,Worker,3933,Booking,You have accepted a new booking.,True,2025-12-12
3484,1742,Employer,127,Booking,A worker has accepted your booking.,False,2025-12-12
3485,1743,Worker,2913,Booking,Job completed successfully. Payment will be processed shortly.,False,2025-09-05
3486,1743,Employer,467,Booking,Your service has been completed. Please rate the worker.,True,2025-09-05
3487,1744,Worker,3487,Booking,Job completed successfully. Payment will be processed shortly.,True,2025-09-12
3488,1744,Employer,117,Booking,Your service has been completed. Please rate the worker.,True,2025-09-12
3489,1745,Worker,5087,Booking,Job completed successfully. Payment will be processed shortly.,False,2025-11-16
3490,1745,Employer,50,Booking,Your service has been completed. Please rate the worker.,False,2025-11-16
3491,1746,Worker,247,Booking,Job completed successfully. Payment will be processed shortly.,False,2025-10-17
3492,1746,Employer,107,Booking,Your service has been completed. Please rate the worker.,False,2025-10-17
3493,1747,Worker,253,Booking,The booking has been cancelled.,True,2025-03-28
3494,1747,Employer,40,Booking,Your booking has been cancelled.,False,2025-03-28
3495,1748,Worker,1493,Booking,Job completed successfully. Payment will be processed shortly.,True,2025-12-11
3496,1748,Employer,45,Booking,Your service has been completed. Please rate the worker.,False,2025-12-11
3497,1749,Worker,6336,Booking,A new booking request is waiting for your response.,True,2025-04-12
3498,1749,Employer,171,Booking,Your booking request is pending.,True,2025-04-12
3499,1750,Worker,6041,Booking,Job completed successfully. Payment will be processed shortly.,True,2025-04-26
3500,1750,Employer,314,Booking,Your service has been completed. Please rate the worker.,False,2025-04-26
3501,1751,Worker,4242,Booking,A new booking request is waiting for your response.,False,2025-07-19
3502,1751,Employer,156,Booking,Your booking request is pending.,True,2025-07-19
3503,1752,Worker,2878,Booking,Job completed successfully. Payment will be processed shortly.,False,2025-09-14
3504,1752,Employer,353,Booking,Your service has been completed. Please rate the worker.,False,2025-09-14
3505,1753,Worker,3682,Booking,You have accepted a new booking.,True,2025-12-23
3506,1753,Employer,482,Booking,A worker has accepted your booking.,False,2025-12-23
3507,1754,Worker,2550,Booking,Job completed successfully. Payment will be processed shortly.,True,2025-07-26
3508,1754,Employer,456,Booking,Your service has been completed. Please rate the worker.,False,2025-07-26
3509,1755,Worker,3321,Booking,Job completed successfully. Payment will be processed shortly.,False,2025-05-06
3510,1755,Employer,187,Booking,Your service has been completed. Please rate the worker.,False,2025-05-06
3511,1756,Worker,1609,Booking,A new booking request is waiting for your response.,True,2025-10-13
3512,1756,Employer,129,Booking,Your booking request is pending.,False,2025-10-13
3513,1757,Worker,5754,Booking,Job completed successfully. Payment will be processed shortly.,True,2025-02-16
3514,1757,Employer,134,Booking,Your service has been completed. Please rate the worker.,False,2025-02-16
3515,1758,Worker,927,Booking,You have accepted a new booking.,False,2025-11-28
3516,1758,Employer,126,Booking,A worker has accepted your booking.,False,2025-11-28
3517,1759,Worker,5387,Booking,Job completed successfully. Payment will be processed shortly.,True,2025-06-04
3518,1759,Employer,410,Booking,Your service has been completed. Please rate the worker.,True,2025-06-04
3519,1760,Worker,5371,Booking,Job completed successfully. Payment will be processed shortly.,False,2025-04-30
3520,1760,Employer,229,Booking,Your service has been completed. Please rate the worker.,False,2025-04-30
3521,1761,Worker,4705,Booking,You have accepted a new booking.,False,2025-02-17
3522,1761,Employer,186,Booking,A worker has accepted your booking.,True,2025-02-17
3523,1762,Worker,1978,Booking,Job completed successfully. Payment will be processed shortly.,True,2025-02-09
3524,1762,Employer,336,Booking,Your service has been completed. Please rate the worker.,False,2025-02-09
3525,1763,Worker,4119,Booking,Job completed successfully. Payment will be processed shortly.,True,2025-06-28
3526,1763,Employer,80,Booking,Your service has been completed. Please rate the worker.,False,2025-06-28
3527,1764,Worker,4930,Booking,A new booking request is waiting for your response.,False,2025-04-28
3528,1764,Employer,196,Booking,Your booking request is pending.,True,2025-04-28
3529,1765,Worker,1263,Booking,You have accepted a new booking.,True,2025-10-11
3530,1765,Employer,227,Booking,A worker has accepted your booking.,False,2025-10-11
3531,1766,Worker,234,Booking,Job completed successfully. Payment will be processed shortly.,False,2025-01-06
3532,1766,Employer,134,Booking,Your service has been completed. Please rate the worker.,False,2025-01-06
3533,1767,Worker,465,Booking,Job completed successfully. Payment will be processed shortly.,False,2025-12-02
3534,1767,Employer,67,Booking,Your service has been completed. Please rate the worker.,True,2025-12-02
3535,1768,Worker,5543,Booking,Job completed successfully. Payment will be processed shortly.,True,2025-06-26
3536,1768,Employer,378,Booking,Your service has been completed. Please rate the worker.,True,2025-06-26
3537,1769,Worker,1597,Booking,Job completed successfully. Payment will be processed shortly.,False,2025-11-26
3538,1769,Employer,133,Booking,Your service has been completed. Please rate the worker.,True,2025-11-26
3539,1770,Worker,5334,Booking,You have accepted a new booking.,True,2025-08-21
3540,1770,Employer,9,Booking,A worker has accepted your booking.,True,2025-08-21
3541,1771,Worker,669,Booking,Job completed successfully. Payment will be processed shortly.,True,2025-03-09
3542,1771,Employer,201,Booking,Your service has been completed. Please rate the worker.,False,2025-03-09
3543,1772,Worker,1610,Booking,Job completed successfully. Payment will be processed shortly.,True,2025-12-01
3544,1772,Employer,352,Booking,Your service has been completed. Please rate the worker.,False,2025-12-01
3545,1773,Worker,927,Booking,Job completed successfully. Payment will be processed shortly.,False,2025-01-27
3546,1773,Employer,31,Booking,Your service has been completed. Please rate the worker.,True,2025-01-27
3547,1774,Worker,4368,Booking,You have accepted a new booking.,False,2025-07-27
3548,1774,Employer,455,Booking,A worker has accepted your booking.,True,2025-07-27
3549,1775,Worker,6046,Booking,The booking has been cancelled.,True,2025-08-01
3550,1775,Employer,351,Booking,Your booking has been cancelled.,True,2025-08-01
3551,1776,Worker,4202,Booking,A new booking request is waiting for your response.,False,2025-12-21
3552,1776,Employer,461,Booking,Your booking request is pending.,True,2025-12-21
3553,1777,Worker,3395,Booking,Job completed successfully. Payment will be processed shortly.,True,2025-12-18
3554,1777,Employer,393,Booking,Your service has been completed. Please rate the worker.,False,2025-12-18
3555,1778,Worker,4562,Booking,Job completed successfully. Payment will be processed shortly.,False,2025-03-12
3556,1778,Employer,488,Booking,Your service has been completed. Please rate the worker.,False,2025-03-12
3557,1779,Worker,964,Booking,Job completed successfully. Payment will be processed shortly.,False,2025-07-12
3558,1779,Employer,163,Booking,Your service has been completed. Please rate the worker.,True,2025-07-12
3559,1780,Worker,275,Booking,Job completed successfully. Payment will be processed shortly.,True,2025-07-03
3560,1780,Employer,447,Booking,Your service has been completed. Please rate the worker.,False,2025-07-03
3561,1781,Worker,3108,Booking,A new booking request is waiting for your response.,False,2025-05-21
3562,1781,Employer,197,Booking,Your booking request is pending.,True,2025-05-21
3563,1782,Worker,5597,Booking,You have accepted a new booking.,True,2025-02-20
3564,1782,Employer,287,Booking,A worker has accepted your booking.,True,2025-02-20
3565,1783,Worker,4211,Booking,Job completed successfully. Payment will be processed shortly.,True,2025-01-02
3566,1783,Employer,420,Booking,Your service has been completed. Please rate the worker.,False,2025-01-02
3567,1784,Worker,1984,Booking,Job completed successfully. Payment will be processed shortly.,True,2025-08-25
3568,1784,Employer,287,Booking,Your service has been completed. Please rate the worker.,False,2025-08-25
3569,1785,Worker,4426,Booking,Job completed successfully. Payment will be processed shortly.,True,2025-01-05
3570,1785,Employer,249,Booking,Your service has been completed. Please rate the worker.,True,2025-01-05
3571,1786,Worker,5885,Booking,A new booking request is waiting for your response.,False,2025-05-21
3572,1786,Employer,392,Booking,Your booking request is pending.,True,2025-05-21
3573,1787,Worker,116,Booking,Job completed successfully. Payment will be processed shortly.,True,2025-09-27
3574,1787,Employer,98,Booking,Your service has been completed. Please rate the worker.,True,2025-09-27
3575,1788,Worker,1868,Booking,Job completed successfully. Payment will be processed shortly.,False,2025-07-11
3576,1788,Employer,376,Booking,Your service has been completed. Please rate the worker.,True,2025-07-11
3577,1789,Worker,5117,Booking,Job completed successfully. Payment will be processed shortly.,True,2025-05-04
3578,1789,Employer,64,Booking,Your service has been completed. Please rate the worker.,True,2025-05-04
3579,1790,Worker,4631,Booking,Job completed successfully. Payment will be processed shortly.,True,2025-10-23
3580,1790,Employer,468,Booking,Your service has been completed. Please rate the worker.,True,2025-10-23
3581,1791,Worker,2416,Booking,You have accepted a new booking.,True,2025-06-02
3582,1791,Employer,317,Booking,A worker has accepted your booking.,False,2025-06-02
3583,1792,Worker,3252,Booking,Job completed successfully. Payment will be processed shortly.,True,2025-12-13
3584,1792,Employer,23,Booking,Your service has been completed. Please rate the worker.,True,2025-12-13
3585,1793,Worker,5794,Booking,A new booking request is waiting for your response.,True,2025-06-19
3586,1793,Employer,489,Booking,Your booking request is pending.,True,2025-06-19
3587,1794,Worker,3077,Booking,A new booking request is waiting for your response.,True,2025-01-10
3588,1794,Employer,312,Booking,Your booking request is pending.,True,2025-01-10
3589,1795,Worker,4227,Booking,Job completed successfully. Payment will be processed shortly.,True,2025-05-19
3590,1795,Employer,341,Booking,Your service has been completed. Please rate the worker.,False,2025-05-19
3591,1796,Worker,2790,Booking,Job completed successfully. Payment will be processed shortly.,True,2025-05-16
3592,1796,Employer,3,Booking,Your service has been completed. Please rate the worker.,False,2025-05-16
3593,1797,Worker,5342,Booking,Job completed successfully. Payment will be processed shortly.,True,2025-12-06
3594,1797,Employer,37,Booking,Your service has been completed. Please rate the worker.,True,2025-12-06
3595,1798,Worker,1251,Booking,Job completed successfully. Payment will be processed shortly.,False,2025-04-12
3596,1798,Employer,327,Booking,Your service has been completed. Please rate the worker.,True,2025-04-12
3597,1799,Worker,1021,Booking,A new booking request is waiting for your response.,False,2025-11-22
3598,1799,Employer,321,Booking,Your booking request is pending.,True,2025-11-22
3599,1800,Worker,4092,Booking,Job completed successfully. Payment will be processed shortly.,False,2025-03-06
3600,1800,Employer,392,Booking,Your service has been completed. Please rate the worker.,True,2025-03-06
3601,1801,Worker,5821,Booking,Job completed successfully. Payment will be processed shortly.,True,2025-09-04
3602,1801,Employer,399,Booking,Your service has been completed. Please rate the worker.,True,2025-09-04
3603,1802,Worker,3987,Booking,A new booking request is waiting for your response.,False,2025-06-28
3604,1802,Employer,353,Booking,Your booking request is pending.,True,2025-06-28
3605,1803,Worker,542,Booking,A new booking request is waiting for your response.,False,2025-05-10
3606,1803,Employer,24,Booking,Your booking request is pending.,False,2025-05-10
3607,1804,Worker,2190,Booking,You have accepted a new booking.,True,2025-08-08
3608,1804,Employer,163,Booking,A worker has accepted your booking.,False,2025-08-08
3609,1805,Worker,1003,Booking,Job completed successfully. Payment will be processed shortly.,True,2025-08-28
3610,1805,Employer,279,Booking,Your service has been completed. Please rate the worker.,True,2025-08-28
3611,1806,Worker,4119,Booking,Job completed successfully. Payment will be processed shortly.,True,2025-09-06
3612,1806,Employer,457,Booking,Your service has been completed. Please rate the worker.,True,2025-09-06
3613,1807,Worker,4763,Booking,Job completed successfully. Payment will be processed shortly.,True,2025-12-09
3614,1807,Employer,232,Booking,Your service has been completed. Please rate the worker.,True,2025-12-09
3615,1808,Worker,2629,Booking,The booking has been cancelled.,True,2025-11-27
3616,1808,Employer,313,Booking,Your booking has been cancelled.,True,2025-11-27
3617,1809,Worker,3114,Booking,Job completed successfully. Payment will be processed shortly.,False,2025-01-30
3618,1809,Employer,341,Booking,Your service has been completed. Please rate the worker.,False,2025-01-30
3619,1810,Worker,2987,Booking,Job completed successfully. Payment will be processed shortly.,True,2025-10-30
3620,1810,Employer,66,Booking,Your service has been completed. Please rate the worker.,True,2025-10-30
3621,1811,Worker,4064,Booking,A new booking request is waiting for your response.,True,2025-08-17
3622,1811,Employer,52,Booking,Your booking request is pending.,True,2025-08-17
3623,1812,Worker,4505,Booking,Job completed successfully. Payment will be processed shortly.,False,2025-01-10
3624,1812,Employer,188,Booking,Your service has been completed. Please rate the worker.,False,2025-01-10
3625,1813,Worker,3606,Booking,A new booking request is waiting for your response.,False,2025-03-07
3626,1813,Employer,59,Booking,Your booking request is pending.,False,2025-03-07
3627,1814,Worker,4606,Booking,Job completed successfully. Payment will be processed shortly.,True,2025-07-06
3628,1814,Employer,261,Booking,Your service has been completed. Please rate the worker.,False,2025-07-06
3629,1815,Worker,6206,Booking,A new booking request is waiting for your response.,False,2025-04-03
3630,1815,Employer,387,Booking,Your booking request is pending.,False,2025-04-03
3631,1816,Worker,1055,Booking,You have accepted a new booking.,True,2025-08-24
3632,1816,Employer,389,Booking,A worker has accepted your booking.,False,2025-08-24
3633,1817,Worker,2116,Booking,Job completed successfully. Payment will be processed shortly.,False,2025-01-15
3634,1817,Employer,445,Booking,Your service has been completed. Please rate the worker.,True,2025-01-15
3635,1818,Worker,5375,Booking,The booking has been cancelled.,True,2025-01-10
3636,1818,Employer,375,Booking,Your booking has been cancelled.,False,2025-01-10
3637,1819,Worker,398,Booking,Job completed successfully. Payment will be processed shortly.,True,2025-02-03
3638,1819,Employer,162,Booking,Your service has been completed. Please rate the worker.,True,2025-02-03
3639,1820,Worker,6016,Booking,Job completed successfully. Payment will be processed shortly.,False,2025-03-17
3640,1820,Employer,278,Booking,Your service has been completed. Please rate the worker.,False,2025-03-17
3641,1821,Worker,5867,Booking,Job completed successfully. Payment will be processed shortly.,True,2025-04-09
3642,1821,Employer,82,Booking,Your service has been completed. Please rate the worker.,True,2025-04-09
3643,1822,Worker,2188,Booking,Job completed successfully. Payment will be processed shortly.,True,2025-08-25
3644,1822,Employer,130,Booking,Your service has been completed. Please rate the worker.,True,2025-08-25
3645,1823,Worker,5485,Booking,Job completed successfully. Payment will be processed shortly.,False,2025-01-24
3646,1823,Employer,148,Booking,Your service has been completed. Please rate the worker.,False,2025-01-24
3647,1824,Worker,5672,Booking,Job completed successfully. Payment will be processed shortly.,True,2025-10-30
3648,1824,Employer,147,Booking,Your service has been completed. Please rate the worker.,True,2025-10-30
3649,1825,Worker,6044,Booking,A new booking request is waiting for your response.,False,2025-07-14
3650,1825,Employer,5,Booking,Your booking request is pending.,True,2025-07-14
3651,1826,Worker,3650,Booking,Job completed successfully. Payment will be processed shortly.,False,2025-08-14
3652,1826,Employer,103,Booking,Your service has been completed. Please rate the worker.,True,2025-08-14
3653,1827,Worker,1018,Booking,Job completed successfully. Payment will be processed shortly.,False,2025-07-18
3654,1827,Employer,454,Booking,Your service has been completed. Please rate the worker.,True,2025-07-18
3655,1828,Worker,2790,Booking,Job completed successfully. Payment will be processed shortly.,False,2025-11-08
3656,1828,Employer,25,Booking,Your service has been completed. Please rate the worker.,True,2025-11-08
3657,1829,Worker,4381,Booking,Job completed successfully. Payment will be processed shortly.,False,2025-12-05
3658,1829,Employer,291,Booking,Your service has been completed. Please rate the worker.,False,2025-12-05
3659,1830,Worker,2114,Booking,Job completed successfully. Payment will be processed shortly.,True,2025-01-19
3660,1830,Employer,189,Booking,Your service has been completed. Please rate the worker.,True,2025-01-19
3661,1831,Worker,3465,Booking,Job completed successfully. Payment will be processed shortly.,False,2025-08-25
3662,1831,Employer,108,Booking,Your service has been completed. Please rate the worker.,True,2025-08-25
3663,1832,Worker,1712,Booking,A new booking request is waiting for your response.,False,2025-07-28
3664,1832,Employer,495,Booking,Your booking request is pending.,False,2025-07-28
3665,1833,Worker,2598,Booking,Job completed successfully. Payment will be processed shortly.,True,2025-10-15
3666,1833,Employer,265,Booking,Your service has been completed. Please rate the worker.,False,2025-10-15
3667,1834,Worker,2279,Booking,You have accepted a new booking.,True,2025-12-19
3668,1834,Employer,284,Booking,A worker has accepted your booking.,False,2025-12-19
3669,1835,Worker,300,Booking,A new booking request is waiting for your response.,False,2025-12-13
3670,1835,Employer,175,Booking,Your booking request is pending.,False,2025-12-13
3671,1836,Worker,5087,Booking,You have accepted a new booking.,True,2025-04-03
3672,1836,Employer,253,Booking,A worker has accepted your booking.,False,2025-04-03
3673,1837,Worker,2773,Booking,Job completed successfully. Payment will be processed shortly.,True,2025-03-27
3674,1837,Employer,128,Booking,Your service has been completed. Please rate the worker.,True,2025-03-27
3675,1838,Worker,4448,Booking,Job completed successfully. Payment will be processed shortly.,True,2025-05-06
3676,1838,Employer,384,Booking,Your service has been completed. Please rate the worker.,True,2025-05-06
3677,1839,Worker,1748,Booking,You have accepted a new booking.,False,2025-11-02
3678,1839,Employer,336,Booking,A worker has accepted your booking.,False,2025-11-02
3679,1840,Worker,2354,Booking,Job completed successfully. Payment will be processed shortly.,False,2025-11-18
3680,1840,Employer,199,Booking,Your service has been completed. Please rate the worker.,False,2025-11-18
3681,1841,Worker,2301,Booking,You have accepted a new booking.,True,2025-06-19
3682,1841,Employer,232,Booking,A worker has accepted your booking.,False,2025-06-19
3683,1842,Worker,1863,Booking,Job completed successfully. Payment will be processed shortly.,True,2025-10-11
3684,1842,Employer,105,Booking,Your service has been completed. Please rate the worker.,False,2025-10-11
3685,1843,Worker,4783,Booking,A new booking request is waiting for your response.,True,2025-05-03
3686,1843,Employer,376,Booking,Your booking request is pending.,True,2025-05-03
3687,1844,Worker,3247,Booking,Job completed successfully. Payment will be processed shortly.,False,2025-09-01
3688,1844,Employer,202,Booking,Your service has been completed. Please rate the worker.,True,2025-09-01
3689,1845,Worker,2336,Booking,You have accepted a new booking.,False,2025-05-13
3690,1845,Employer,472,Booking,A worker has accepted your booking.,False,2025-05-13
3691,1846,Worker,2591,Booking,Job completed successfully. Payment will be processed shortly.,False,2025-06-16
3692,1846,Employer,257,Booking,Your service has been completed. Please rate the worker.,True,2025-06-16
3693,1847,Worker,1954,Booking,You have accepted a new booking.,True,2025-07-15
3694,1847,Employer,312,Booking,A worker has accepted your booking.,True,2025-07-15
3695,1848,Worker,626,Booking,Job completed successfully. Payment will be processed shortly.,True,2025-08-26
3696,1848,Employer,281,Booking,Your service has been completed. Please rate the worker.,False,2025-08-26
3697,1849,Worker,1168,Booking,Job completed successfully. Payment will be processed shortly.,True,2025-09-14
3698,1849,Employer,307,Booking,Your service has been completed. Please rate the worker.,False,2025-09-14
3699,1850,Worker,2322,Booking,You have accepted a new booking.,False,2025-04-07
3700,1850,Employer,434,Booking,A worker has accepted your booking.,False,2025-04-07
3701,1851,Worker,5709,Booking,Job completed successfully. Payment will be processed shortly.,False,2025-11-06
3702,1851,Employer,434,Booking,Your service has been completed. Please rate the worker.,True,2025-11-06
3703,1852,Worker,2713,Booking,Job completed successfully. Payment will be processed shortly.,False,2025-07-24
3704,1852,Employer,117,Booking,Your service has been completed. Please rate the worker.,True,2025-07-24
3705,1853,Worker,5926,Booking,Job completed successfully. Payment will be processed shortly.,True,2025-10-17
3706,1853,Employer,333,Booking,Your service has been completed. Please rate the worker.,False,2025-10-17
3707,1854,Worker,3895,Booking,Job completed successfully. Payment will be processed shortly.,False,2025-02-07
3708,1854,Employer,104,Booking,Your service has been completed. Please rate the worker.,False,2025-02-07
3709,1855,Worker,2891,Booking,Job completed successfully. Payment will be processed shortly.,False,2025-10-23
3710,1855,Employer,404,Booking,Your service has been completed. Please rate the worker.,True,2025-10-23
3711,1856,Worker,248,Booking,The booking has been cancelled.,False,2025-08-15
3712,1856,Employer,139,Booking,Your booking has been cancelled.,True,2025-08-15
3713,1857,Worker,6247,Booking,Job completed successfully. Payment will be processed shortly.,False,2025-11-04
3714,1857,Employer,359,Booking,Your service has been completed. Please rate the worker.,True,2025-11-04
3715,1858,Worker,5469,Booking,Job completed successfully. Payment will be processed shortly.,False,2025-05-28
3716,1858,Employer,354,Booking,Your service has been completed. Please rate the worker.,True,2025-05-28
3717,1859,Worker,2948,Booking,You have accepted a new booking.,True,2025-04-03
3718,1859,Employer,417,Booking,A worker has accepted your booking.,False,2025-04-03
3719,1860,Worker,3138,Booking,You have accepted a new booking.,False,2025-08-17
3720,1860,Employer,351,Booking,A worker has accepted your booking.,False,2025-08-17
3721,1861,Worker,3832,Booking,Job completed successfully. Payment will be processed shortly.,False,2025-06-05
3722,1861,Employer,65,Booking,Your service has been completed. Please rate the worker.,True,2025-06-05
3723,1862,Worker,5595,Booking,A new booking request is waiting for your response.,False,2025-10-23
3724,1862,Employer,316,Booking,Your booking request is pending.,True,2025-10-23
3725,1863,Worker,3009,Booking,Job completed successfully. Payment will be processed shortly.,False,2025-04-04
3726,1863,Employer,27,Booking,Your service has been completed. Please rate the worker.,False,2025-04-04
3727,1864,Worker,2583,Booking,Job completed successfully. Payment will be processed shortly.,True,2025-02-15
3728,1864,Employer,193,Booking,Your service has been completed. Please rate the worker.,True,2025-02-15
3729,1865,Worker,5963,Booking,Job completed successfully. Payment will be processed shortly.,True,2025-05-19
3730,1865,Employer,312,Booking,Your service has been completed. Please rate the worker.,True,2025-05-19
3731,1866,Worker,5530,Booking,Job completed successfully. Payment will be processed shortly.,True,2025-05-10
3732,1866,Employer,415,Booking,Your service has been completed. Please rate the worker.,True,2025-05-10
3733,1867,Worker,230,Booking,A new booking request is waiting for your response.,False,2025-04-12
3734,1867,Employer,65,Booking,Your booking request is pending.,False,2025-04-12
3735,1868,Worker,426,Booking,Job completed successfully. Payment will be processed shortly.,True,2025-01-10
3736,1868,Employer,341,Booking,Your service has been completed. Please rate the worker.,True,2025-01-10
3737,1869,Worker,1410,Booking,Job completed successfully. Payment will be processed shortly.,True,2025-11-26
3738,1869,Employer,30,Booking,Your service has been completed. Please rate the worker.,False,2025-11-26
3739,1870,Worker,4291,Booking,Job completed successfully. Payment will be processed shortly.,False,2025-04-23
3740,1870,Employer,273,Booking,Your service has been completed. Please rate the worker.,True,2025-04-23
3741,1871,Worker,997,Booking,Job completed successfully. Payment will be processed shortly.,False,2025-09-26
3742,1871,Employer,242,Booking,Your service has been completed. Please rate the worker.,False,2025-09-26
3743,1872,Worker,501,Booking,A new booking request is waiting for your response.,False,2025-01-26
3744,1872,Employer,85,Booking,Your booking request is pending.,False,2025-01-26
3745,1873,Worker,1341,Booking,Job completed successfully. Payment will be processed shortly.,True,2025-04-03
3746,1873,Employer,39,Booking,Your service has been completed. Please rate the worker.,False,2025-04-03
3747,1874,Worker,4269,Booking,Job completed successfully. Payment will be processed shortly.,False,2025-03-26
3748,1874,Employer,484,Booking,Your service has been completed. Please rate the worker.,False,2025-03-26
3749,1875,Worker,2682,Booking,You have accepted a new booking.,True,2025-02-15
3750,1875,Employer,154,Booking,A worker has accepted your booking.,True,2025-02-15
3751,1876,Worker,3163,Booking,You have accepted a new booking.,False,2025-12-03
3752,1876,Employer,393,Booking,A worker has accepted your booking.,True,2025-12-03
3753,1877,Worker,3735,Booking,Job completed successfully. Payment will be processed shortly.,True,2025-03-17
3754,1877,Employer,398,Booking,Your service has been completed. Please rate the worker.,True,2025-03-17
3755,1878,Worker,598,Booking,Job completed successfully. Payment will be processed shortly.,True,2025-08-27
3756,1878,Employer,479,Booking,Your service has been completed. Please rate the worker.,False,2025-08-27
3757,1879,Worker,2996,Booking,Job completed successfully. Payment will be processed shortly.,True,2025-04-29
3758,1879,Employer,117,Booking,Your service has been completed. Please rate the worker.,True,2025-04-29
3759,1880,Worker,3565,Booking,Job completed successfully. Payment will be processed shortly.,False,2025-12-16
3760,1880,Employer,389,Booking,Your service has been completed. Please rate the worker.,True,2025-12-16
3761,1881,Worker,1255,Booking,A new booking request is waiting for your response.,False,2025-10-13
3762,1881,Employer,33,Booking,Your booking request is pending.,True,2025-10-13
3763,1882,Worker,4013,Booking,Job completed successfully. Payment will be processed shortly.,False,2025-06-07
3764,1882,Employer,189,Booking,Your service has been completed. Please rate the worker.,False,2025-06-07
3765,1883,Worker,5341,Booking,Job completed successfully. Payment will be processed shortly.,False,2025-04-12
3766,1883,Employer,42,Booking,Your service has been completed. Please rate the worker.,True,2025-04-12
3767,1884,Worker,151,Booking,A new booking request is waiting for your response.,False,2025-06-13
3768,1884,Employer,295,Booking,Your booking request is pending.,False,2025-06-13
3769,1885,Worker,1879,Booking,Job completed successfully. Payment will be processed shortly.,True,2025-04-23
3770,1885,Employer,93,Booking,Your service has been completed. Please rate the worker.,False,2025-04-23
3771,1886,Worker,1793,Booking,A new booking request is waiting for your response.,True,2025-08-28
3772,1886,Employer,185,Booking,Your booking request is pending.,True,2025-08-28
3773,1887,Worker,338,Booking,A new booking request is waiting for your response.,False,2025-12-12
3774,1887,Employer,91,Booking,Your booking request is pending.,False,2025-12-12
3775,1888,Worker,906,Booking,You have accepted a new booking.,True,2025-07-19
3776,1888,Employer,481,Booking,A worker has accepted your booking.,True,2025-07-19
3777,1889,Worker,1020,Booking,Job completed successfully. Payment will be processed shortly.,True,2025-07-21
3778,1889,Employer,231,Booking,Your service has been completed. Please rate the worker.,False,2025-07-21
3779,1890,Worker,437,Booking,Job completed successfully. Payment will be processed shortly.,False,2025-08-09
3780,1890,Employer,460,Booking,Your service has been completed. Please rate the worker.,True,2025-08-09
3781,1891,Worker,4650,Booking,You have accepted a new booking.,True,2025-06-15
3782,1891,Employer,361,Booking,A worker has accepted your booking.,True,2025-06-15
3783,1892,Worker,2610,Booking,Job completed successfully. Payment will be processed shortly.,False,2025-01-04
3784,1892,Employer,340,Booking,Your service has been completed. Please rate the worker.,True,2025-01-04
3785,1893,Worker,6234,Booking,You have accepted a new booking.,True,2025-05-18
3786,1893,Employer,341,Booking,A worker has accepted your booking.,False,2025-05-18
3787,1894,Worker,3499,Booking,Job completed successfully. Payment will be processed shortly.,False,2025-09-22
3788,1894,Employer,272,Booking,Your service has been completed. Please rate the worker.,False,2025-09-22
3789,1895,Worker,2738,Booking,Job completed successfully. Payment will be processed shortly.,False,2025-12-02
3790,1895,Employer,302,Booking,Your service has been completed. Please rate the worker.,True,2025-12-02
3791,1896,Worker,2715,Booking,Job completed successfully. Payment will be processed shortly.,False,2025-10-19
3792,1896,Employer,79,Booking,Your service has been completed. Please rate the worker.,False,2025-10-19
3793,1897,Worker,5261,Booking,Job completed successfully. Payment will be processed shortly.,False,2025-08-03
3794,1897,Employer,387,Booking,Your service has been completed. Please rate the worker.,True,2025-08-03
3795,1898,Worker,5230,Booking,Job completed successfully. Payment will be processed shortly.,False,2025-01-30
3796,1898,Employer,496,Booking,Your service has been completed. Please rate the worker.,False,2025-01-30
3797,1899,Worker,3583,Booking,A new booking request is waiting for your response.,False,2025-03-09
3798,1899,Employer,402,Booking,Your booking request is pending.,False,2025-03-09
3799,1900,Worker,4669,Booking,A new booking request is waiting for your response.,True,2025-08-08
3800,1900,Employer,102,Booking,Your booking request is pending.,True,2025-08-08
3801,1901,Worker,5153,Booking,Job completed successfully. Payment will be processed shortly.,False,2025-04-14
3802,1901,Employer,395,Booking,Your service has been completed. Please rate the worker.,True,2025-04-14
3803,1902,Worker,1141,Booking,Job completed successfully. Payment will be processed shortly.,False,2025-01-11
3804,1902,Employer,229,Booking,Your service has been completed. Please rate the worker.,False,2025-01-11
3805,1903,Worker,4399,Booking,Job completed successfully. Payment will be processed shortly.,False,2025-03-30
3806,1903,Employer,269,Booking,Your service has been completed. Please rate the worker.,False,2025-03-30
3807,1904,Worker,4199,Booking,A new booking request is waiting for your response.,True,2025-02-24
3808,1904,Employer,205,Booking,Your booking request is pending.,True,2025-02-24
3809,1905,Worker,1397,Booking,Job completed successfully. Payment will be processed shortly.,False,2025-06-06
3810,1905,Employer,223,Booking,Your service has been completed. Please rate the worker.,False,2025-06-06
3811,1906,Worker,3642,Booking,Job completed successfully. Payment will be processed shortly.,True,2025-12-24
3812,1906,Employer,191,Booking,Your service has been completed. Please rate the worker.,True,2025-12-24
3813,1907,Worker,3059,Booking,Job completed successfully. Payment will be processed shortly.,False,2025-09-25
3814,1907,Employer,40,Booking,Your service has been completed. Please rate the worker.,True,2025-09-25
3815,1908,Worker,962,Booking,Job completed successfully. Payment will be processed shortly.,False,2025-12-13
3816,1908,Employer,351,Booking,Your service has been completed. Please rate the worker.,True,2025-12-13
3817,1909,Worker,1930,Booking,You have accepted a new booking.,False,2025-10-17
3818,1909,Employer,76,Booking,A worker has accepted your booking.,True,2025-10-17
3819,1910,Worker,721,Booking,Job completed successfully. Payment will be processed shortly.,False,2025-04-11
3820,1910,Employer,441,Booking,Your service has been completed. Please rate the worker.,True,2025-04-11
3821,1911,Worker,6013,Booking,You have accepted a new booking.,True,2025-04-13
3822,1911,Employer,456,Booking,A worker has accepted your booking.,True,2025-04-13
3823,1912,Worker,5555,Booking,Job completed successfully. Payment will be processed shortly.,False,2025-04-10
3824,1912,Employer,354,Booking,Your service has been completed. Please rate the worker.,False,2025-04-10
3825,1913,Worker,77,Booking,A new booking request is waiting for your response.,False,2025-05-08
3826,1913,Employer,333,Booking,Your booking request is pending.,True,2025-05-08
3827,1914,Worker,1276,Booking,Job completed successfully. Payment will be processed shortly.,True,2025-09-20
3828,1914,Employer,102,Booking,Your service has been completed. Please rate the worker.,True,2025-09-20
3829,1915,Worker,1682,Booking,Job completed successfully. Payment will be processed shortly.,False,2025-06-13
3830,1915,Employer,256,Booking,Your service has been completed. Please rate the worker.,True,2025-06-13
3831,1916,Worker,2567,Booking,Job completed successfully. Payment will be processed shortly.,True,2025-10-19
3832,1916,Employer,414,Booking,Your service has been completed. Please rate the worker.,True,2025-10-19
3833,1917,Worker,5853,Booking,Job completed successfully. Payment will be processed shortly.,True,2025-05-16
3834,1917,Employer,487,Booking,Your service has been completed. Please rate the worker.,True,2025-05-16
3835,1918,Worker,4342,Booking,You have accepted a new booking.,False,2025-11-12
3836,1918,Employer,414,Booking,A worker has accepted your booking.,True,2025-11-12
3837,1919,Worker,424,Booking,You have accepted a new booking.,False,2025-07-24
3838,1919,Employer,394,Booking,A worker has accepted your booking.,True,2025-07-24
3839,1920,Worker,3859,Booking,A new booking request is waiting for your response.,True,2025-01-08
3840,1920,Employer,427,Booking,Your booking request is pending.,False,2025-01-08
3841,1921,Worker,542,Booking,Job completed successfully. Payment will be processed shortly.,True,2025-11-02
3842,1921,Employer,277,Booking,Your service has been completed. Please rate the worker.,True,2025-11-02
3843,1922,Worker,323,Booking,Job completed successfully. Payment will be processed shortly.,False,2025-02-17
3844,1922,Employer,333,Booking,Your service has been completed. Please rate the worker.,True,2025-02-17
3845,1923,Worker,909,Booking,A new booking request is waiting for your response.,False,2025-06-05
3846,1923,Employer,323,Booking,Your booking request is pending.,False,2025-06-05
3847,1924,Worker,5867,Booking,You have accepted a new booking.,False,2025-10-24
3848,1924,Employer,287,Booking,A worker has accepted your booking.,False,2025-10-24
3849,1925,Worker,5480,Booking,Job completed successfully. Payment will be processed shortly.,False,2025-06-06
3850,1925,Employer,492,Booking,Your service has been completed. Please rate the worker.,False,2025-06-06
3851,1926,Worker,5512,Booking,Job completed successfully. Payment will be processed shortly.,True,2025-06-05
3852,1926,Employer,249,Booking,Your service has been completed. Please rate the worker.,True,2025-06-05
3853,1927,Worker,4465,Booking,Job completed successfully. Payment will be processed shortly.,True,2025-01-27
3854,1927,Employer,112,Booking,Your service has been completed. Please rate the worker.,False,2025-01-27
3855,1928,Worker,244,Booking,Job completed successfully. Payment will be processed shortly.,True,2025-05-08
3856,1928,Employer,54,Booking,Your service has been completed. Please rate the worker.,False,2025-05-08
3857,1929,Worker,6147,Booking,Job completed successfully. Payment will be processed shortly.,False,2025-05-17
3858,1929,Employer,337,Booking,Your service has been completed. Please rate the worker.,False,2025-05-17
3859,1930,Worker,5152,Booking,Job completed successfully. Payment will be processed shortly.,True,2025-08-20
3860,1930,Employer,172,Booking,Your service has been completed. Please rate the worker.,False,2025-08-20
3861,1931,Worker,3005,Booking,A new booking request is waiting for your response.,True,2025-12-09
3862,1931,Employer,424,Booking,Your booking request is pending.,True,2025-12-09
3863,1932,Worker,5881,Booking,Job completed successfully. Payment will be processed shortly.,False,2025-10-04
3864,1932,Employer,278,Booking,Your service has been completed. Please rate the worker.,False,2025-10-04
3865,1933,Worker,3863,Booking,Job completed successfully. Payment will be processed shortly.,True,2025-07-19
3866,1933,Employer,435,Booking,Your service has been completed. Please rate the worker.,False,2025-07-19
3867,1934,Worker,4446,Booking,Job completed successfully. Payment will be processed shortly.,False,2025-06-21
3868,1934,Employer,482,Booking,Your service has been completed. Please rate the worker.,False,2025-06-21
3869,1935,Worker,4016,Booking,Job completed successfully. Payment will be processed shortly.,True,2025-12-11
3870,1935,Employer,342,Booking,Your service has been completed. Please rate the worker.,True,2025-12-11
3871,1936,Worker,991,Booking,A new booking request is waiting for your response.,False,2025-12-26
3872,1936,Employer,338,Booking,Your booking request is pending.,False,2025-12-26
3873,1937,Worker,2703,Booking,Job completed successfully. Payment will be processed shortly.,True,2025-07-17
3874,1937,Employer,221,Booking,Your service has been completed. Please rate the worker.,True,2025-07-17
3875,1938,Worker,436,Booking,You have accepted a new booking.,True,2025-06-04
3876,1938,Employer,271,Booking,A worker has accepted your booking.,False,2025-06-04
3877,1939,Worker,1346,Booking,Job completed successfully. Payment will be processed shortly.,True,2025-05-13
3878,1939,Employer,249,Booking,Your service has been completed. Please rate the worker.,True,2025-05-13
3879,1940,Worker,6274,Booking,Job completed successfully. Payment will be processed shortly.,False,2025-10-29
3880,1940,Employer,98,Booking,Your service has been completed. Please rate the worker.,True,2025-10-29
3881,1941,Worker,2150,Booking,Job completed successfully. Payment will be processed shortly.,False,2025-12-15
3882,1941,Employer,419,Booking,Your service has been completed. Please rate the worker.,False,2025-12-15
3883,1942,Worker,4146,Booking,Job completed successfully. Payment will be processed shortly.,True,2025-03-27
3884,1942,Employer,405,Booking,Your service has been completed. Please rate the worker.,False,2025-03-27
3885,1943,Worker,5082,Booking,You have accepted a new booking.,False,2025-03-18
3886,1943,Employer,366,Booking,A worker has accepted your booking.,True,2025-03-18
3887,1944,Worker,2405,Booking,Job completed successfully. Payment will be processed shortly.,False,2025-11-04
3888,1944,Employer,139,Booking,Your service has been completed. Please rate the worker.,False,2025-11-04
3889,1945,Worker,3520,Booking,The booking has been cancelled.,False,2025-12-11
3890,1945,Employer,483,Booking,Your booking has been cancelled.,False,2025-12-11
3891,1946,Worker,865,Booking,A new booking request is waiting for your response.,False,2025-03-11
3892,1946,Employer,433,Booking,Your booking request is pending.,False,2025-03-11
3893,1947,Worker,859,Booking,Job completed successfully. Payment will be processed shortly.,False,2025-11-17
3894,1947,Employer,264,Booking,Your service has been completed. Please rate the worker.,True,2025-11-17
3895,1948,Worker,1968,Booking,A new booking request is waiting for your response.,False,2025-03-05
3896,1948,Employer,315,Booking,Your booking request is pending.,False,2025-03-05
3897,1949,Worker,4905,Booking,You have accepted a new booking.,True,2025-03-18
3898,1949,Employer,488,Booking,A worker has accepted your booking.,False,2025-03-18
3899,1950,Worker,1531,Booking,A new booking request is waiting for your response.,True,2025-11-02
3900,1950,Employer,105,Booking,Your booking request is pending.,False,2025-11-02
3901,1951,Worker,573,Booking,A new booking request is waiting for your response.,True,2025-11-16
3902,1951,Employer,332,Booking,Your booking request is pending.,True,2025-11-16
3903,1952,Worker,674,Booking,Job completed successfully. Payment will be processed shortly.,True,2025-12-07
3904,1952,Employer,252,Booking,Your service has been completed. Please rate the worker.,True,2025-12-07
3905,1953,Worker,963,Booking,Job completed successfully. Payment will be processed shortly.,False,2025-05-18
3906,1953,Employer,106,Booking,Your service has been completed. Please rate the worker.,True,2025-05-18
3907,1954,Worker,3416,Booking,You have accepted a new booking.,False,2025-02-24
3908,1954,Employer,40,Booking,A worker has accepted your booking.,True,2025-02-24
3909,1955,Worker,905,Booking,You have accepted a new booking.,True,2025-02-28
3910,1955,Employer,24,Booking,A worker has accepted your booking.,False,2025-02-28
3911,1956,Worker,1780,Booking,A new booking request is waiting for your response.,True,2025-09-19
3912,1956,Employer,272,Booking,Your booking request is pending.,False,2025-09-19
3913,1957,Worker,5104,Booking,Job completed successfully. Payment will be processed shortly.,False,2025-06-17
3914,1957,Employer,141,Booking,Your service has been completed. Please rate the worker.,False,2025-06-17
3915,1958,Worker,2322,Booking,Job completed successfully. Payment will be processed shortly.,True,2025-01-24
3916,1958,Employer,7,Booking,Your service has been completed. Please rate the worker.,False,2025-01-24
3917,1959,Worker,676,Booking,Job completed successfully. Payment will be processed shortly.,True,2025-08-31
3918,1959,Employer,122,Booking,Your service has been completed. Please rate the worker.,True,2025-08-31
3919,1960,Worker,6172,Booking,Job completed successfully. Payment will be processed shortly.,True,2025-12-04
3920,1960,Employer,174,Booking,Your service has been completed. Please rate the worker.,False,2025-12-04
3921,1961,Worker,5400,Booking,Job completed successfully. Payment will be processed shortly.,False,2025-10-23
3922,1961,Employer,473,Booking,Your service has been completed. Please rate the worker.,True,2025-10-23
3923,1962,Worker,3657,Booking,Job completed successfully. Payment will be processed shortly.,False,2025-03-26
3924,1962,Employer,237,Booking,Your service has been completed. Please rate the worker.,False,2025-03-26
3925,1963,Worker,2686,Booking,A new booking request is waiting for your response.,False,2025-02-03
3926,1963,Employer,120,Booking,Your booking request is pending.,False,2025-02-03
3927,1964,Worker,4848,Booking,A new booking request is waiting for your response.,True,2025-06-03
3928,1964,Employer,436,Booking,Your booking request is pending.,False,2025-06-03
3929,1965,Worker,6337,Booking,Job completed successfully. Payment will be processed shortly.,True,2025-02-20
3930,1965,Employer,276,Booking,Your service has been completed. Please rate the worker.,False,2025-02-20
3931,1966,Worker,3223,Booking,A new booking request is waiting for your response.,True,2025-04-01
3932,1966,Employer,285,Booking,Your booking request is pending.,False,2025-04-01
3933,1967,Worker,680,Booking,Job completed successfully. Payment will be processed shortly.,True,2025-07-22
3934,1967,Employer,206,Booking,Your service has been completed. Please rate the worker.,False,2025-07-22
3935,1968,Worker,5812,Booking,You have accepted a new booking.,True,2025-10-20
3936,1968,Employer,327,Booking,A worker has accepted your booking.,True,2025-10-20
3937,1969,Worker,248,Booking,Job completed successfully. Payment will be processed shortly.,False,2025-06-13
3938,1969,Employer,476,Booking,Your service has been completed. Please rate the worker.,False,2025-06-13
3939,1970,Worker,1958,Booking,Job completed successfully. Payment will be processed shortly.,False,2025-11-23
3940,1970,Employer,161,Booking,Your service has been completed. Please rate the worker.,True,2025-11-23
3941,1971,Worker,465,Booking,Job completed successfully. Payment will be processed shortly.,True,2025-02-23
3942,1971,Employer,360,Booking,Your service has been completed. Please rate the worker.,False,2025-02-23
3943,1972,Worker,4688,Booking,Job completed successfully. Payment will be processed shortly.,True,2025-07-17
3944,1972,Employer,307,Booking,Your service has been completed. Please rate the worker.,False,2025-07-17
3945,1973,Worker,6236,Booking,A new booking request is waiting for your response.,True,2025-12-19
3946,1973,Employer,283,Booking,Your booking request is pending.,True,2025-12-19
3947,1974,Worker,3185,Booking,Job completed successfully. Payment will be processed shortly.,False,2025-07-12
3948,1974,Employer,346,Booking,Your service has been completed. Please rate the worker.,False,2025-07-12
3949,1975,Worker,4470,Booking,Job completed successfully. Payment will be processed shortly.,False,2025-07-03
3950,1975,Employer,44,Booking,Your service has been completed. Please rate the worker.,False,2025-07-03
3951,1976,Worker,4376,Booking,Job completed successfully. Payment will be processed shortly.,True,2025-12-02
3952,1976,Employer,27,Booking,Your service has been completed. Please rate the worker.,True,2025-12-02
3953,1977,Worker,3494,Booking,The booking has been cancelled.,False,2025-04-16
3954,1977,Employer,154,Booking,Your booking has been cancelled.,False,2025-04-16
3955,1978,Worker,5994,Booking,You have accepted a new booking.,True,2025-10-06
3956,1978,Employer,213,Booking,A worker has accepted your booking.,True,2025-10-06
3957,1979,Worker,4211,Booking,Job completed successfully. Payment will be processed shortly.,False,2025-07-26
3958,1979,Employer,383,Booking,Your service has been completed. Please rate the worker.,True,2025-07-26
3959,1980,Worker,4416,Booking,You have accepted a new booking.,True,2025-12-24
3960,1980,Employer,449,Booking,A worker has accepted your booking.,True,2025-12-24
3961,1981,Worker,4897,Booking,Job completed successfully. Payment will be processed shortly.,False,2025-01-23
3962,1981,Employer,1,Booking,Your service has been completed. Please rate the worker.,False,2025-01-23
3963,1982,Worker,688,Booking,The booking has been cancelled.,True,2025-03-13
3964,1982,Employer,486,Booking,Your booking has been cancelled.,True,2025-03-13
3965,1983,Worker,1561,Booking,A new booking request is waiting for your response.,True,2025-05-29
3966,1983,Employer,310,Booking,Your booking request is pending.,True,2025-05-29
3967,1984,Worker,6307,Booking,Job completed successfully. Payment will be processed shortly.,True,2025-12-10
3968,1984,Employer,136,Booking,Your service has been completed. Please rate the worker.,True,2025-12-10
3969,1985,Worker,4543,Booking,Job completed successfully. Payment will be processed shortly.,False,2025-10-11
3970,1985,Employer,195,Booking,Your service has been completed. Please rate the worker.,False,2025-10-11
3971,1986,Worker,1899,Booking,Job completed successfully. Payment will be processed shortly.,True,2025-09-02
3972,1986,Employer,120,Booking,Your service has been completed. Please rate the worker.,False,2025-09-02
3973,1987,Worker,5862,Booking,You have accepted a new booking.,True,2025-06-06
3974,1987,Employer,498,Booking,A worker has accepted your booking.,False,2025-06-06
3975,1988,Worker,4933,Booking,Job completed successfully. Payment will be processed shortly.,True,2025-02-26
3976,1988,Employer,428,Booking,Your service has been completed. Please rate the worker.,True,2025-02-26
3977,1989,Worker,218,Booking,Job completed successfully. Payment will be processed shortly.,False,2025-07-23
3978,1989,Employer,192,Booking,Your service has been completed. Please rate the worker.,True,2025-07-23
3979,1990,Worker,5080,Booking,Job completed successfully. Payment will be processed shortly.,True,2025-07-20
3980,1990,Employer,175,Booking,Your service has been completed. Please rate the worker.,False,2025-07-20
3981,1991,Worker,4272,Booking,Job completed successfully. Payment will be processed shortly.,False,2025-08-24
3982,1991,Employer,285,Booking,Your service has been completed. Please rate the worker.,True,2025-08-24
3983,1992,Worker,1886,Booking,You have accepted a new booking.,False,2025-01-25
3984,1992,Employer,172,Booking,A worker has accepted your booking.,True,2025-01-25
3985,1993,Worker,4057,Booking,The booking has been cancelled.,True,2025-08-06
3986,1993,Employer,33,Booking,Your booking has been cancelled.,True,2025-08-06
3987,1994,Worker,1905,Booking,Job completed successfully. Payment will be processed shortly.,True,2025-05-25
3988,1994,Employer,269,Booking,Your service has been completed. Please rate the worker.,False,2025-05-25
3989,1995,Worker,2484,Booking,Job completed successfully. Payment will be processed shortly.,False,2025-01-24
3990,1995,Employer,296,Booking,Your service has been completed. Please rate the worker.,True,2025-01-24
3991,1996,Worker,465,Booking,Job completed successfully. Payment will be processed shortly.,True,2025-10-12
3992,1996,Employer,378,Booking,Your service has been completed. Please rate the worker.,False,2025-10-12
3993,1997,Worker,1151,Booking,Job completed successfully. Payment will be processed shortly.,True,2025-04-04
3994,1997,Employer,112,Booking,Your service has been completed. Please rate the worker.,True,2025-04-04
3995,1998,Worker,816,Booking,Job completed successfully. Payment will be processed shortly.,False,2025-11-28
3996,1998,Employer,442,Booking,Your service has been completed. Please rate the worker.,True,2025-11-28
3997,1999,Worker,5978,Booking,You have accepted a new booking.,False,2025-09-08
3998,1999,Employer,231,Booking,A worker has accepted your booking.,True,2025-09-08
3999,2000,Worker,4191,Booking,You have accepted a new booking.,True,2025-03-31
4000,2000,Employer,475,Booking,A worker has accepted your booking.,False,2025-03-31
4001,34,Employer,24,Dispute,Your dispute is currently 'In Review'.,False,2025-04-07
4002,34,Worker,6480,Dispute,A dispute has been raised regarding one of your completed jobs.,False,2025-04-07
4003,50,Employer,397,Dispute,Your dispute is currently 'Rejected'.,False,2025-11-07
4004,50,Worker,4434,Dispute,A dispute has been raised regarding one of your completed jobs.,False,2025-11-07
4005,55,Employer,176,Dispute,Your dispute is currently 'Resolved'.,False,2025-11-12
4006,55,Worker,4476,Dispute,A dispute has been raised regarding one of your completed jobs.,False,2025-11-12
4007,66,Employer,445,Dispute,Your dispute is currently 'Resolved'.,False,2025-05-30
4008,66,Worker,1848,Dispute,A dispute has been raised regarding one of your completed jobs.,False,2025-05-30
4009,68,Employer,323,Dispute,Your dispute is currently 'Resolved'.,True,2025-03-03
4010,68,Worker,5007,Dispute,A dispute has been raised regarding one of your completed jobs.,False,2025-03-03
4011,126,Employer,320,Dispute,Your dispute is currently 'Resolved'.,False,2025-11-22
4012,126,Worker,1498,Dispute,A dispute has been raised regarding one of your completed jobs.,False,2025-11-22
4013,129,Employer,192,Dispute,Your dispute is currently 'Resolved'.,True,2025-12-02
4014,129,Worker,2500,Dispute,A dispute has been raised regarding one of your completed jobs.,False,2025-12-02
4015,158,Employer,224,Dispute,Your dispute is currently 'Resolved'.,False,2025-12-28
4016,158,Worker,3669,Dispute,A dispute has been raised regarding one of your completed jobs.,True,2025-12-28
4017,189,Employer,485,Dispute,Your dispute is currently 'Resolved'.,False,2025-06-16
4018,189,Worker,4564,Dispute,A dispute has been raised regarding one of your completed jobs.,True,2025-06-16
4019,192,Employer,469,Dispute,Your dispute is currently 'Rejected'.,True,2025-03-09
4020,192,Worker,5454,Dispute,A dispute has been raised regarding one of your completed jobs.,True,2025-03-09
4021,220,Employer,367,Dispute,Your dispute is currently 'Resolved'.,False,2025-01-15
4022,220,Worker,1056,Dispute,A dispute has been raised regarding one of your completed jobs.,False,2025-01-15
4023,238,Employer,219,Dispute,Your dispute is currently 'In Review'.,True,2025-07-19
4024,238,Worker,4509,Dispute,A dispute has been raised regarding one of your completed jobs.,False,2025-07-19
4025,243,Employer,120,Dispute,Your dispute is currently 'In Review'.,True,2025-05-21
4026,243,Worker,5099,Dispute,A dispute has been raised regarding one of your completed jobs.,True,2025-05-21
4027,256,Employer,106,Dispute,Your dispute is currently 'Resolved'.,True,2025-12-17
4028,256,Worker,86,Dispute,A dispute has been raised regarding one of your completed jobs.,False,2025-12-17
4029,268,Employer,215,Dispute,Your dispute is currently 'Resolved'.,False,2025-05-13
4030,268,Worker,4146,Dispute,A dispute has been raised regarding one of your completed jobs.,False,2025-05-13
4031,276,Employer,271,Dispute,Your dispute is currently 'Resolved'.,False,2025-06-21
4032,276,Worker,5016,Dispute,A dispute has been raised regarding one of your completed jobs.,False,2025-06-21
4033,298,Employer,108,Dispute,Your dispute is currently 'In Review'.,True,2025-06-19
4034,298,Worker,1098,Dispute,A dispute has been raised regarding one of your completed jobs.,True,2025-06-19
4035,303,Employer,8,Dispute,Your dispute is currently 'In Review'.,True,2025-04-01
4036,303,Worker,3504,Dispute,A dispute has been raised regarding one of your completed jobs.,True,2025-04-01
4037,317,Employer,100,Dispute,Your dispute is currently 'In Review'.,True,2025-10-08
4038,317,Worker,310,Dispute,A dispute has been raised regarding one of your completed jobs.,False,2025-10-08
4039,319,Employer,125,Dispute,Your dispute is currently 'Resolved'.,True,2025-09-15
4040,319,Worker,4290,Dispute,A dispute has been raised regarding one of your completed jobs.,True,2025-09-15
4041,350,Employer,12,Dispute,Your dispute is currently 'Resolved'.,False,2025-07-17
4042,350,Worker,515,Dispute,A dispute has been raised regarding one of your completed jobs.,False,2025-07-17
4043,374,Employer,72,Dispute,Your dispute is currently 'Rejected'.,True,2025-12-21
4044,374,Worker,3179,Dispute,A dispute has been raised regarding one of your completed jobs.,True,2025-12-21
4045,381,Employer,120,Dispute,Your dispute is currently 'Resolved'.,False,2025-09-29
4046,381,Worker,5038,Dispute,A dispute has been raised regarding one of your completed jobs.,False,2025-09-29
4047,389,Employer,120,Dispute,Your dispute is currently 'Resolved'.,False,2025-06-03
4048,389,Worker,3785,Dispute,A dispute has been raised regarding one of your completed jobs.,False,2025-06-03
4049,394,Employer,487,Dispute,Your dispute is currently 'Resolved'.,True,2025-09-08
4050,394,Worker,5750,Dispute,A dispute has been raised regarding one of your completed jobs.,False,2025-09-08
4051,425,Employer,399,Dispute,Your dispute is currently 'Resolved'.,False,2025-04-30
4052,425,Worker,3528,Dispute,A dispute has been raised regarding one of your completed jobs.,True,2025-04-30
4053,434,Employer,158,Dispute,Your dispute is currently 'Resolved'.,True,2025-06-14
4054,434,Worker,5989,Dispute,A dispute has been raised regarding one of your completed jobs.,False,2025-06-14
4055,436,Employer,423,Dispute,Your dispute is currently 'Resolved'.,True,2025-09-14
4056,436,Worker,4044,Dispute,A dispute has been raised regarding one of your completed jobs.,False,2025-09-14
4057,442,Employer,290,Dispute,Your dispute is currently 'In Review'.,False,2025-03-30
4058,442,Worker,710,Dispute,A dispute has been raised regarding one of your completed jobs.,True,2025-03-30
4059,448,Employer,24,Dispute,Your dispute is currently 'Resolved'.,False,2025-08-19
4060,448,Worker,776,Dispute,A dispute has been raised regarding one of your completed jobs.,False,2025-08-19
4061,459,Employer,66,Dispute,Your dispute is currently 'Resolved'.,False,2025-09-09
4062,459,Worker,4476,Dispute,A dispute has been raised regarding one of your completed jobs.,False,2025-09-09
4063,468,Employer,232,Dispute,Your dispute is currently 'Resolved'.,True,2025-07-23
4064,468,Worker,3691,Dispute,A dispute has been raised regarding one of your completed jobs.,False,2025-07-23
4065,477,Employer,80,Dispute,Your dispute is currently 'Resolved'.,True,2025-02-26
4066,477,Worker,3067,Dispute,A dispute has been raised regarding one of your completed jobs.,False,2025-02-26
4067,495,Employer,490,Dispute,Your dispute is currently 'Resolved'.,False,2025-10-26
4068,495,Worker,5877,Dispute,A dispute has been raised regarding one of your completed jobs.,True,2025-10-26
4069,525,Employer,183,Dispute,Your dispute is currently 'In Review'.,True,2025-04-24
4070,525,Worker,2957,Dispute,A dispute has been raised regarding one of your completed jobs.,False,2025-04-24
4071,526,Employer,97,Dispute,Your dispute is currently 'In Review'.,True,2025-01-09
4072,526,Worker,1596,Dispute,A dispute has been raised regarding one of your completed jobs.,True,2025-01-09
4073,531,Employer,74,Dispute,Your dispute is currently 'Rejected'.,False,2025-04-10
4074,531,Worker,9,Dispute,A dispute has been raised regarding one of your completed jobs.,True,2025-04-10
4075,534,Employer,130,Dispute,Your dispute is currently 'Resolved'.,True,2025-03-18
4076,534,Worker,799,Dispute,A dispute has been raised regarding one of your completed jobs.,False,2025-03-18
4077,546,Employer,179,Dispute,Your dispute is currently 'Resolved'.,True,2025-12-02
4078,546,Worker,1581,Dispute,A dispute has been raised regarding one of your completed jobs.,True,2025-12-02
4079,565,Employer,59,Dispute,Your dispute is currently 'Open'.,True,2025-04-16
4080,565,Worker,3378,Dispute,A dispute has been raised regarding one of your completed jobs.,False,2025-04-16
4081,566,Employer,287,Dispute,Your dispute is currently 'Rejected'.,True,2025-11-28
4082,566,Worker,4807,Dispute,A dispute has been raised regarding one of your completed jobs.,True,2025-11-28
4083,577,Employer,139,Dispute,Your dispute is currently 'Rejected'.,False,2025-01-24
4084,577,Worker,2839,Dispute,A dispute has been raised regarding one of your completed jobs.,True,2025-01-24
4085,583,Employer,375,Dispute,Your dispute is currently 'Resolved'.,False,2025-12-13
4086,583,Worker,4180,Dispute,A dispute has been raised regarding one of your completed jobs.,False,2025-12-13
4087,614,Employer,102,Dispute,Your dispute is currently 'Rejected'.,False,2025-04-21
4088,614,Worker,4853,Dispute,A dispute has been raised regarding one of your completed jobs.,True,2025-04-21
4089,618,Employer,404,Dispute,Your dispute is currently 'Resolved'.,False,2025-05-05
4090,618,Worker,5610,Dispute,A dispute has been raised regarding one of your completed jobs.,True,2025-05-05
4091,641,Employer,325,Dispute,Your dispute is currently 'Open'.,True,2025-11-07
4092,641,Worker,5342,Dispute,A dispute has been raised regarding one of your completed jobs.,False,2025-11-07
4093,648,Employer,472,Dispute,Your dispute is currently 'Resolved'.,False,2025-07-30
4094,648,Worker,420,Dispute,A dispute has been raised regarding one of your completed jobs.,False,2025-07-30
4095,660,Employer,238,Dispute,Your dispute is currently 'In Review'.,True,2025-09-05
4096,660,Worker,3121,Dispute,A dispute has been raised regarding one of your completed jobs.,False,2025-09-05
4097,669,Employer,73,Dispute,Your dispute is currently 'Resolved'.,True,2025-06-02
4098,669,Worker,3628,Dispute,A dispute has been raised regarding one of your completed jobs.,True,2025-06-02
4099,670,Employer,100,Dispute,Your dispute is currently 'Resolved'.,False,2025-01-23
4100,670,Worker,2360,Dispute,A dispute has been raised regarding one of your completed jobs.,False,2025-01-23
4101,679,Employer,452,Dispute,Your dispute is currently 'Resolved'.,True,2025-08-08
4102,679,Worker,818,Dispute,A dispute has been raised regarding one of your completed jobs.,True,2025-08-08
4103,686,Employer,206,Dispute,Your dispute is currently 'Open'.,True,2025-11-06
4104,686,Worker,228,Dispute,A dispute has been raised regarding one of your completed jobs.,False,2025-11-06
4105,695,Employer,168,Dispute,Your dispute is currently 'Resolved'.,False,2025-12-10
4106,695,Worker,1880,Dispute,A dispute has been raised regarding one of your completed jobs.,True,2025-12-10
4107,699,Employer,370,Dispute,Your dispute is currently 'Rejected'.,True,2025-02-17
4108,699,Worker,267,Dispute,A dispute has been raised regarding one of your completed jobs.,False,2025-02-17
4109,702,Employer,158,Dispute,Your dispute is currently 'Resolved'.,True,2025-12-19
4110,702,Worker,3573,Dispute,A dispute has been raised regarding one of your completed jobs.,False,2025-12-19
4111,710,Employer,163,Dispute,Your dispute is currently 'Resolved'.,False,2025-07-09
4112,710,Worker,271,Dispute,A dispute has been raised regarding one of your completed jobs.,True,2025-07-09
4113,738,Employer,202,Dispute,Your dispute is currently 'Resolved'.,True,2025-02-01
4114,738,Worker,5883,Dispute,A dispute has been raised regarding one of your completed jobs.,False,2025-02-01
4115,753,Employer,437,Dispute,Your dispute is currently 'Resolved'.,True,2025-02-07
4116,753,Worker,2980,Dispute,A dispute has been raised regarding one of your completed jobs.,True,2025-02-07
4117,754,Employer,306,Dispute,Your dispute is currently 'Open'.,False,2025-07-23
4118,754,Worker,6437,Dispute,A dispute has been raised regarding one of your completed jobs.,True,2025-07-23
4119,760,Employer,273,Dispute,Your dispute is currently 'In Review'.,True,2025-08-29
4120,760,Worker,115,Dispute,A dispute has been raised regarding one of your completed jobs.,False,2025-08-29
4121,764,Employer,280,Dispute,Your dispute is currently 'Resolved'.,False,2025-05-27
4122,764,Worker,3339,Dispute,A dispute has been raised regarding one of your completed jobs.,True,2025-05-27
4123,766,Employer,218,Dispute,Your dispute is currently 'In Review'.,True,2025-03-25
4124,766,Worker,2540,Dispute,A dispute has been raised regarding one of your completed jobs.,True,2025-03-25
4125,789,Employer,224,Dispute,Your dispute is currently 'Resolved'.,False,2025-04-05
4126,789,Worker,3560,Dispute,A dispute has been raised regarding one of your completed jobs.,False,2025-04-05
4127,790,Employer,15,Dispute,Your dispute is currently 'Resolved'.,True,2025-11-25
4128,790,Worker,3524,Dispute,A dispute has been raised regarding one of your completed jobs.,True,2025-11-25
4129,797,Employer,61,Dispute,Your dispute is currently 'Resolved'.,False,2025-12-14
4130,797,Worker,4608,Dispute,A dispute has been raised regarding one of your completed jobs.,False,2025-12-14
4131,799,Employer,150,Dispute,Your dispute is currently 'Rejected'.,True,2025-10-30
4132,799,Worker,5907,Dispute,A dispute has been raised regarding one of your completed jobs.,True,2025-10-30
4133,806,Employer,418,Dispute,Your dispute is currently 'Open'.,True,2025-02-10
4134,806,Worker,4601,Dispute,A dispute has been raised regarding one of your completed jobs.,False,2025-02-10
4135,814,Employer,313,Dispute,Your dispute is currently 'Resolved'.,False,2025-09-21
4136,814,Worker,5204,Dispute,A dispute has been raised regarding one of your completed jobs.,False,2025-09-21
4137,827,Employer,200,Dispute,Your dispute is currently 'Rejected'.,False,2025-12-16
4138,827,Worker,2538,Dispute,A dispute has been raised regarding one of your completed jobs.,False,2025-12-16
4139,838,Employer,499,Dispute,Your dispute is currently 'Resolved'.,True,2025-06-01
4140,838,Worker,4424,Dispute,A dispute has been raised regarding one of your completed jobs.,False,2025-06-01
4141,860,Employer,143,Dispute,Your dispute is currently 'Resolved'.,True,2025-11-14
4142,860,Worker,5415,Dispute,A dispute has been raised regarding one of your completed jobs.,True,2025-11-14
4143,862,Employer,333,Dispute,Your dispute is currently 'Resolved'.,True,2025-11-09
4144,862,Worker,4900,Dispute,A dispute has been raised regarding one of your completed jobs.,True,2025-11-09
4145,865,Employer,265,Dispute,Your dispute is currently 'In Review'.,True,2025-03-04
4146,865,Worker,5473,Dispute,A dispute has been raised regarding one of your completed jobs.,False,2025-03-04
4147,901,Employer,31,Dispute,Your dispute is currently 'Resolved'.,True,2025-09-19
4148,901,Worker,1229,Dispute,A dispute has been raised regarding one of your completed jobs.,False,2025-09-19
4149,916,Employer,57,Dispute,Your dispute is currently 'Resolved'.,False,2025-08-17
4150,916,Worker,6261,Dispute,A dispute has been raised regarding one of your completed jobs.,False,2025-08-17
4151,918,Employer,120,Dispute,Your dispute is currently 'Resolved'.,False,2025-05-17
4152,918,Worker,1087,Dispute,A dispute has been raised regarding one of your completed jobs.,False,2025-05-17
4153,935,Employer,196,Dispute,Your dispute is currently 'Rejected'.,True,2025-03-20
4154,935,Worker,2633,Dispute,A dispute has been raised regarding one of your completed jobs.,False,2025-03-20
4155,944,Employer,280,Dispute,Your dispute is currently 'Open'.,False,2025-12-29
4156,944,Worker,1168,Dispute,A dispute has been raised regarding one of your completed jobs.,False,2025-12-29
4157,953,Employer,301,Dispute,Your dispute is currently 'Resolved'.,False,2025-02-23
4158,953,Worker,236,Dispute,A dispute has been raised regarding one of your completed jobs.,True,2025-02-23
4159,961,Employer,64,Dispute,Your dispute is currently 'Open'.,True,2025-03-10
4160,961,Worker,991,Dispute,A dispute has been raised regarding one of your completed jobs.,False,2025-03-10
4161,969,Employer,446,Dispute,Your dispute is currently 'Resolved'.,False,2025-06-22
4162,969,Worker,2713,Dispute,A dispute has been raised regarding one of your completed jobs.,True,2025-06-22
4163,973,Employer,289,Dispute,Your dispute is currently 'Resolved'.,False,2025-01-30
4164,973,Worker,5546,Dispute,A dispute has been raised regarding one of your completed jobs.,False,2025-01-30
4165,1014,Employer,481,Dispute,Your dispute is currently 'Resolved'.,False,2025-04-12
4166,1014,Worker,208,Dispute,A dispute has been raised regarding one of your completed jobs.,False,2025-04-12
4167,1018,Employer,373,Dispute,Your dispute is currently 'Resolved'.,False,2025-09-08
4168,1018,Worker,5163,Dispute,A dispute has been raised regarding one of your completed jobs.,False,2025-09-08
4169,1026,Employer,31,Dispute,Your dispute is currently 'Resolved'.,True,2025-05-09
4170,1026,Worker,3599,Dispute,A dispute has been raised regarding one of your completed jobs.,False,2025-05-09
4171,1029,Employer,105,Dispute,Your dispute is currently 'Resolved'.,True,2025-03-26
4172,1029,Worker,3162,Dispute,A dispute has been raised regarding one of your completed jobs.,True,2025-03-26
4173,1030,Employer,369,Dispute,Your dispute is currently 'Open'.,False,2025-04-11
4174,1030,Worker,6213,Dispute,A dispute has been raised regarding one of your completed jobs.,True,2025-04-11
4175,1036,Employer,205,Dispute,Your dispute is currently 'Resolved'.,True,2025-01-17
4176,1036,Worker,3148,Dispute,A dispute has been raised regarding one of your completed jobs.,True,2025-01-17
4177,1039,Employer,117,Dispute,Your dispute is currently 'In Review'.,True,2025-08-26
4178,1039,Worker,2016,Dispute,A dispute has been raised regarding one of your completed jobs.,False,2025-08-26
4179,1044,Employer,432,Dispute,Your dispute is currently 'In Review'.,True,2025-01-27
4180,1044,Worker,1940,Dispute,A dispute has been raised regarding one of your completed jobs.,True,2025-01-27
4181,1054,Employer,87,Dispute,Your dispute is currently 'In Review'.,True,2025-03-19
4182,1054,Worker,3396,Dispute,A dispute has been raised regarding one of your completed jobs.,False,2025-03-19
4183,1077,Employer,199,Dispute,Your dispute is currently 'Open'.,True,2025-06-24
4184,1077,Worker,5304,Dispute,A dispute has been raised regarding one of your completed jobs.,False,2025-06-24
4185,1079,Employer,314,Dispute,Your dispute is currently 'Open'.,True,2025-03-14
4186,1079,Worker,4575,Dispute,A dispute has been raised regarding one of your completed jobs.,True,2025-03-14
4187,1090,Employer,383,Dispute,Your dispute is currently 'In Review'.,False,2026-01-01
4188,1090,Worker,4078,Dispute,A dispute has been raised regarding one of your completed jobs.,True,2026-01-01
4189,1101,Employer,443,Dispute,Your dispute is currently 'Resolved'.,True,2025-12-04
4190,1101,Worker,5456,Dispute,A dispute has been raised regarding one of your completed jobs.,False,2025-12-04
4191,1107,Employer,187,Dispute,Your dispute is currently 'In Review'.,True,2025-06-15
4192,1107,Worker,2352,Dispute,A dispute has been raised regarding one of your completed jobs.,True,2025-06-15
4193,1108,Employer,423,Dispute,Your dispute is currently 'Resolved'.,False,2025-02-01
4194,1108,Worker,3161,Dispute,A dispute has been raised regarding one of your completed jobs.,False,2025-02-01
4195,1131,Employer,357,Dispute,Your dispute is currently 'Open'.,False,2025-08-19
4196,1131,Worker,3489,Dispute,A dispute has been raised regarding one of your completed jobs.,True,2025-08-19
4197,1153,Employer,370,Dispute,Your dispute is currently 'In Review'.,True,2025-05-07
4198,1153,Worker,1003,Dispute,A dispute has been raised regarding one of your completed jobs.,False,2025-05-07
4199,1160,Employer,389,Dispute,Your dispute is currently 'Resolved'.,True,2025-06-10
4200,1160,Worker,753,Dispute,A dispute has been raised regarding one of your completed jobs.,False,2025-06-10
4201,1162,Employer,127,Dispute,Your dispute is currently 'In Review'.,False,2025-07-04
4202,1162,Worker,5895,Dispute,A dispute has been raised regarding one of your completed jobs.,True,2025-07-04
4203,1172,Employer,470,Dispute,Your dispute is currently 'Open'.,False,2025-12-29
4204,1172,Worker,909,Dispute,A dispute has been raised regarding one of your completed jobs.,False,2025-12-29
4205,1178,Employer,312,Dispute,Your dispute is currently 'Resolved'.,False,2025-06-29
4206,1178,Worker,6384,Dispute,A dispute has been raised regarding one of your completed jobs.,True,2025-06-29
4207,1179,Employer,153,Dispute,Your dispute is currently 'In Review'.,False,2025-07-03
4208,1179,Worker,5719,Dispute,A dispute has been raised regarding one of your completed jobs.,True,2025-07-03
4209,1181,Employer,62,Dispute,Your dispute is currently 'Resolved'.,True,2025-05-21
4210,1181,Worker,2277,Dispute,A dispute has been raised regarding one of your completed jobs.,True,2025-05-21
4211,1183,Employer,56,Dispute,Your dispute is currently 'Resolved'.,False,2025-02-04
4212,1183,Worker,4143,Dispute,A dispute has been raised regarding one of your completed jobs.,False,2025-02-04
4213,1184,Employer,230,Dispute,Your dispute is currently 'Open'.,True,2025-10-27
4214,1184,Worker,947,Dispute,A dispute has been raised regarding one of your completed jobs.,False,2025-10-27
4215,1187,Employer,319,Dispute,Your dispute is currently 'Open'.,False,2025-08-04
4216,1187,Worker,6356,Dispute,A dispute has been raised regarding one of your completed jobs.,False,2025-08-04
4217,1189,Employer,17,Dispute,Your dispute is currently 'Rejected'.,True,2025-11-11
4218,1189,Worker,6130,Dispute,A dispute has been raised regarding one of your completed jobs.,False,2025-11-11
4219,1219,Employer,249,Dispute,Your dispute is currently 'Resolved'.,False,2025-11-30
4220,1219,Worker,5837,Dispute,A dispute has been raised regarding one of your completed jobs.,False,2025-11-30
4221,1236,Employer,335,Dispute,Your dispute is currently 'Resolved'.,True,2025-10-27
4222,1236,Worker,4136,Dispute,A dispute has been raised regarding one of your completed jobs.,False,2025-10-27
4223,1264,Employer,9,Dispute,Your dispute is currently 'Resolved'.,True,2025-08-31
4224,1264,Worker,865,Dispute,A dispute has been raised regarding one of your completed jobs.,True,2025-08-31
4225,1267,Employer,238,Dispute,Your dispute is currently 'Resolved'.,False,2025-10-16
4226,1267,Worker,1724,Dispute,A dispute has been raised regarding one of your completed jobs.,True,2025-10-16
4227,1271,Employer,499,Dispute,Your dispute is currently 'In Review'.,False,2025-06-03
4228,1271,Worker,6418,Dispute,A dispute has been raised regarding one of your completed jobs.,False,2025-06-03
4229,1278,Employer,156,Dispute,Your dispute is currently 'Resolved'.,True,2025-12-15
4230,1278,Worker,4539,Dispute,A dispute has been raised regarding one of your completed jobs.,True,2025-12-15
4231,1282,Employer,313,Dispute,Your dispute is currently 'Rejected'.,False,2025-01-10
4232,1282,Worker,3864,Dispute,A dispute has been raised regarding one of your completed jobs.,False,2025-01-10
4233,1284,Employer,486,Dispute,Your dispute is currently 'Resolved'.,True,2026-01-02
4234,1284,Worker,6049,Dispute,A dispute has been raised regarding one of your completed jobs.,True,2026-01-02
4235,1286,Employer,283,Dispute,Your dispute is currently 'Resolved'.,True,2025-10-03
4236,1286,Worker,493,Dispute,A dispute has been raised regarding one of your completed jobs.,True,2025-10-03
4237,1326,Employer,429,Dispute,Your dispute is currently 'Resolved'.,False,2025-08-09
4238,1326,Worker,3286,Dispute,A dispute has been raised regarding one of your completed jobs.,True,2025-08-09
4239,1330,Employer,403,Dispute,Your dispute is currently 'Resolved'.,True,2025-05-19
4240,1330,Worker,5717,Dispute,A dispute has been raised regarding one of your completed jobs.,False,2025-05-19
4241,1349,Employer,94,Dispute,Your dispute is currently 'Resolved'.,False,2025-04-25
4242,1349,Worker,6119,Dispute,A dispute has been raised regarding one of your completed jobs.,True,2025-04-25
4243,1351,Employer,408,Dispute,Your dispute is currently 'Resolved'.,False,2025-09-13
4244,1351,Worker,1346,Dispute,A dispute has been raised regarding one of your completed jobs.,True,2025-09-13
4245,1370,Employer,383,Dispute,Your dispute is currently 'Resolved'.,False,2025-01-11
4246,1370,Worker,4713,Dispute,A dispute has been raised regarding one of your completed jobs.,False,2025-01-11
4247,1402,Employer,498,Dispute,Your dispute is currently 'Open'.,False,2025-03-07
4248,1402,Worker,1061,Dispute,A dispute has been raised regarding one of your completed jobs.,True,2025-03-07
4249,1433,Employer,355,Dispute,Your dispute is currently 'Open'.,False,2025-07-31
4250,1433,Worker,3075,Dispute,A dispute has been raised regarding one of your completed jobs.,False,2025-07-31
4251,1436,Employer,380,Dispute,Your dispute is currently 'Rejected'.,False,2025-05-23
4252,1436,Worker,4910,Dispute,A dispute has been raised regarding one of your completed jobs.,True,2025-05-23
4253,1437,Employer,375,Dispute,Your dispute is currently 'Resolved'.,True,2025-06-17
4254,1437,Worker,6218,Dispute,A dispute has been raised regarding one of your completed jobs.,True,2025-06-17
4255,1447,Employer,201,Dispute,Your dispute is currently 'Open'.,True,2026-01-04
4256,1447,Worker,5266,Dispute,A dispute has been raised regarding one of your completed jobs.,True,2026-01-04
4257,1478,Employer,36,Dispute,Your dispute is currently 'Resolved'.,False,2025-09-06
4258,1478,Worker,4188,Dispute,A dispute has been raised regarding one of your completed jobs.,False,2025-09-06
4259,1480,Employer,470,Dispute,Your dispute is currently 'Rejected'.,True,2025-08-11
4260,1480,Worker,751,Dispute,A dispute has been raised regarding one of your completed jobs.,True,2025-08-11
4261,1482,Employer,394,Dispute,Your dispute is currently 'Open'.,False,2025-05-28
4262,1482,Worker,5043,Dispute,A dispute has been raised regarding one of your completed jobs.,True,2025-05-28
4263,1487,Employer,237,Dispute,Your dispute is currently 'Rejected'.,False,2025-09-19
4264,1487,Worker,6049,Dispute,A dispute has been raised regarding one of your completed jobs.,False,2025-09-19
4265,1498,Employer,159,Dispute,Your dispute is currently 'Resolved'.,False,2025-05-24
4266,1498,Worker,5920,Dispute,A dispute has been raised regarding one of your completed jobs.,True,2025-05-24
4267,1501,Employer,455,Dispute,Your dispute is currently 'Resolved'.,True,2025-12-31
4268,1501,Worker,2757,Dispute,A dispute has been raised regarding one of your completed jobs.,False,2025-12-31
4269,1514,Employer,192,Dispute,Your dispute is currently 'Rejected'.,False,2025-03-21
4270,1514,Worker,5449,Dispute,A dispute has been raised regarding one of your completed jobs.,True,2025-03-21
4271,1515,Employer,320,Dispute,Your dispute is currently 'Rejected'.,False,2026-01-04
4272,1515,Worker,2508,Dispute,A dispute has been raised regarding one of your completed jobs.,True,2026-01-04
4273,1516,Employer,226,Dispute,Your dispute is currently 'Resolved'.,False,2025-07-16
4274,1516,Worker,4106,Dispute,A dispute has been raised regarding one of your completed jobs.,True,2025-07-16
4275,1530,Employer,99,Dispute,Your dispute is currently 'Rejected'.,True,2025-11-15
4276,1530,Worker,2693,Dispute,A dispute has been raised regarding one of your completed jobs.,True,2025-11-15
4277,1546,Employer,415,Dispute,Your dispute is currently 'In Review'.,False,2025-09-11
4278,1546,Worker,3770,Dispute,A dispute has been raised regarding one of your completed jobs.,False,2025-09-11
4279,1556,Employer,364,Dispute,Your dispute is currently 'In Review'.,True,2025-11-09
4280,1556,Worker,3547,Dispute,A dispute has been raised regarding one of your completed jobs.,True,2025-11-09
4281,1586,Employer,274,Dispute,Your dispute is currently 'Open'.,False,2025-06-14
4282,1586,Worker,2986,Dispute,A dispute has been raised regarding one of your completed jobs.,True,2025-06-14
4283,1605,Employer,344,Dispute,Your dispute is currently 'In Review'.,False,2025-09-28
4284,1605,Worker,5782,Dispute,A dispute has been raised regarding one of your completed jobs.,False,2025-09-28
4285,1606,Employer,61,Dispute,Your dispute is currently 'Resolved'.,False,2025-09-23
4286,1606,Worker,856,Dispute,A dispute has been raised regarding one of your completed jobs.,True,2025-09-23
4287,1632,Employer,276,Dispute,Your dispute is currently 'Resolved'.,True,2025-09-25
4288,1632,Worker,1270,Dispute,A dispute has been raised regarding one of your completed jobs.,True,2025-09-25
4289,1633,Employer,487,Dispute,Your dispute is currently 'Open'.,True,2026-01-03
4290,1633,Worker,5479,Dispute,A dispute has been raised regarding one of your completed jobs.,True,2026-01-03
4291,1636,Employer,29,Dispute,Your dispute is currently 'Resolved'.,True,2025-08-11
4292,1636,Worker,6266,Dispute,A dispute has been raised regarding one of your completed jobs.,False,2025-08-11
4293,1637,Employer,173,Dispute,Your dispute is currently 'Resolved'.,False,2025-12-20
4294,1637,Worker,3042,Dispute,A dispute has been raised regarding one of your completed jobs.,False,2025-12-20
4295,1670,Employer,116,Dispute,Your dispute is currently 'Open'.,True,2025-03-21
4296,1670,Worker,1660,Dispute,A dispute has been raised regarding one of your completed jobs.,True,2025-03-21
4297,1674,Employer,72,Dispute,Your dispute is currently 'Open'.,True,2025-10-02
4298,1674,Worker,4445,Dispute,A dispute has been raised regarding one of your completed jobs.,False,2025-10-02
4299,1679,Employer,265,Dispute,Your dispute is currently 'Resolved'.,False,2025-11-20
4300,1679,Worker,2169,Dispute,A dispute has been raised regarding one of your completed jobs.,False,2025-11-20
4301,1680,Employer,129,Dispute,Your dispute is currently 'Resolved'.,False,2025-03-24
4302,1680,Worker,1396,Dispute,A dispute has been raised regarding one of your completed jobs.,False,2025-03-24
4303,1703,Employer,205,Dispute,Your dispute is currently 'In Review'.,False,2025-06-13
4304,1703,Worker,3256,Dispute,A dispute has been raised regarding one of your completed jobs.,False,2025-06-13
4305,1705,Employer,184,Dispute,Your dispute is currently 'In Review'.,True,2025-10-18
4306,1705,Worker,3159,Dispute,A dispute has been raised regarding one of your completed jobs.,True,2025-10-18
4307,1709,Employer,9,Dispute,Your dispute is currently 'Resolved'.,False,2025-12-01
4308,1709,Worker,4931,Dispute,A dispute has been raised regarding one of your completed jobs.,True,2025-12-01
4309,1720,Employer,262,Dispute,Your dispute is currently 'Resolved'.,True,2025-11-10
4310,1720,Worker,55,Dispute,A dispute has been raised regarding one of your completed jobs.,True,2025-11-10
4311,1726,Employer,348,Dispute,Your dispute is currently 'In Review'.,True,2025-02-01
4312,1726,Worker,1052,Dispute,A dispute has been raised regarding one of your completed jobs.,True,2025-02-01
4313,1747,Employer,40,Dispute,Your dispute is currently 'Resolved'.,False,2025-03-29
4314,1747,Worker,253,Dispute,A dispute has been raised regarding one of your completed jobs.,False,2025-03-29
4315,1771,Employer,201,Dispute,Your dispute is currently 'Resolved'.,False,2025-03-11
4316,1771,Worker,669,Dispute,A dispute has been raised regarding one of your completed jobs.,False,2025-03-11
4317,1773,Employer,31,Dispute,Your dispute is currently 'Open'.,True,2025-02-02
4318,1773,Worker,927,Dispute,A dispute has been raised regarding one of your completed jobs.,True,2025-02-02
4319,1775,Employer,351,Dispute,Your dispute is currently 'Resolved'.,True,2025-08-03
4320,1775,Worker,6046,Dispute,A dispute has been raised regarding one of your completed jobs.,False,2025-08-03
4321,1784,Employer,287,Dispute,Your dispute is currently 'Resolved'.,False,2025-08-26
4322,1784,Worker,1984,Dispute,A dispute has been raised regarding one of your completed jobs.,False,2025-08-26
4323,1797,Employer,37,Dispute,Your dispute is currently 'Resolved'.,True,2025-12-11
4324,1797,Worker,5342,Dispute,A dispute has been raised regarding one of your completed jobs.,False,2025-12-11
4325,1805,Employer,279,Dispute,Your dispute is currently 'Resolved'.,False,2025-09-04
4326,1805,Worker,1003,Dispute,A dispute has been raised regarding one of your completed jobs.,False,2025-09-04
4327,1840,Employer,199,Dispute,Your dispute is currently 'Resolved'.,True,2025-11-25
4328,1840,Worker,2354,Dispute,A dispute has been raised regarding one of your completed jobs.,False,2025-11-25
4329,1866,Employer,415,Dispute,Your dispute is currently 'Resolved'.,False,2025-05-13
4330,1866,Worker,5530,Dispute,A dispute has been raised regarding one of your completed jobs.,False,2025-05-13
4331,1877,Employer,398,Dispute,Your dispute is currently 'Open'.,True,2025-03-18
4332,1877,Worker,3735,Dispute,A dispute has been raised regarding one of your completed jobs.,True,2025-03-18
4333,1879,Employer,117,Dispute,Your dispute is currently 'Resolved'.,False,2025-04-30
4334,1879,Worker,2996,Dispute,A dispute has been raised regarding one of your completed jobs.,False,2025-04-30
4335,1880,Employer,389,Dispute,Your dispute is currently 'In Review'.,False,2025-12-23
4336,1880,Worker,3565,Dispute,A dispute has been raised regarding one of your completed jobs.,True,2025-12-23
4337,1912,Employer,354,Dispute,Your dispute is currently 'Resolved'.,False,2025-04-16
4338,1912,Worker,5555,Dispute,A dispute has been raised regarding one of your completed jobs.,True,2025-04-16
4339,1914,Employer,102,Dispute,Your dispute is currently 'Rejected'.,True,2025-09-27
4340,1914,Worker,1276,Dispute,A dispute has been raised regarding one of your completed jobs.,False,2025-09-27
4341,1915,Employer,256,Dispute,Your dispute is currently 'In Review'.,True,2025-06-19
4342,1915,Worker,1682,Dispute,A dispute has been raised regarding one of your completed jobs.,False,2025-06-19
4343,1926,Employer,249,Dispute,Your dispute is currently 'Rejected'.,False,2025-06-11
4344,1926,Worker,5512,Dispute,A dispute has been raised regarding one of your completed jobs.,False,2025-06-11
4345,1934,Employer,482,Dispute,Your dispute is currently 'Resolved'.,True,2025-06-23
4346,1934,Worker,4446,Dispute,A dispute has been raised regarding one of your completed jobs.,True,2025-06-23
4347,1939,Employer,249,Dispute,Your dispute is currently 'Rejected'.,False,2025-05-20
4348,1939,Worker,1346,Dispute,A dispute has been raised regarding one of your completed jobs.,False,2025-05-20
4349,1942,Employer,405,Dispute,Your dispute is currently 'In Review'.,False,2025-03-28
4350,1942,Worker,4146,Dispute,A dispute has been raised regarding one of your completed jobs.,False,2025-03-28
4351,1945,Employer,483,Dispute,Your dispute is currently 'Resolved'.,False,2025-12-18
4352,1945,Worker,3520,Dispute,A dispute has been raised regarding one of your completed jobs.,False,2025-12-18
4353,1952,Employer,252,Dispute,Your dispute is currently 'Open'.,False,2025-12-09
4354,1952,Worker,674,Dispute,A dispute has been raised regarding one of your completed jobs.,True,2025-12-09
4355,1962,Employer,237,Dispute,Your dispute is currently 'In Review'.,True,2025-03-31
4356,1962,Worker,3657,Dispute,A dispute has been raised regarding one of your completed jobs.,False,2025-03-31
4357,1975,Employer,44,Dispute,Your dispute is currently 'Resolved'.,False,2025-07-06
4358,1975,Worker,4470,Dispute,A dispute has been raised regarding one of your completed jobs.,True,2025-07-06
4359,1977,Employer,154,Dispute,Your dispute is currently 'In Review'.,False,2025-04-19
4360,1977,Worker,3494,Dispute,A dispute has been raised regarding one of your completed jobs.,True,2025-04-19
4361,1982,Employer,486,Dispute,Your dispute is currently 'Open'.,False,2025-03-17
4362,1982,Worker,688,Dispute,A dispute has been raised regarding one of your completed jobs.,False,2025-03-17
4363,1984,Employer,136,Dispute,Your dispute is currently 'Resolved'.,True,2025-12-14
4364,1984,Worker,6307,Dispute,A dispute has been raised regarding one of your completed jobs.,True,2025-12-14
4365,1986,Employer,120,Dispute,Your dispute is currently 'Rejected'.,True,2025-09-09
4366,1986,Worker,1899,Dispute,A dispute has been raised regarding one of your completed jobs.,True,2025-09-09
4367,1990,Employer,175,Dispute,Your dispute is currently 'Rejected'.,False,2025-07-26
4368,1990,Worker,5080,Dispute,A dispute has been raised regarding one of your completed jobs.,False,2025-07-26
4369,1993,Employer,33,Dispute,Your dispute is currently 'Open'.,True,2025-08-10
4370,1993,Worker,4057,Dispute,A dispute has been raised regarding one of your completed jobs.,True,2025-08-10
4371,1995,Employer,296,Dispute,Your dispute is currently 'Open'.,True,2025-01-25
4372,1995,Worker,2484,Dispute,A dispute has been raised regarding one of your completed jobs.,False,2025-01-25
