payment_id,booking_id,amount,payment_method,payment_status,transaction_id,payment_date
1,1,9633,Cash,Paid,TXN-E196CDDA88,2025-07-28
2,2,2965,Credit Card,Paid,TXN-AF03400D36,2025-10-24
3,3,8555,UPI,Paid,TXN-EF9730A457,2025-07-12
4,4,8370,Credit Card,Paid,TXN-8B836D4DCB,2025-03-22
5,5,5506,Debit Card,Paid,TXN-3A2840E985,2025-10-01
6,6,2863,Debit Card,Paid,TXN-16D9E2E2C7,2025-05-14
7,7,8368,Debit Card,Paid,TXN-3F28D9937B,2025-11-14
8,8,9344,Cash,Paid,TXN-35BD3905E2,2025-10-13
9,9,6553,Net Banking,Pending,TXN-FF85605D75,
10,10,555,Credit Card,Paid,TXN-F3ADD0E053,2025-11-14
11,11,8140,Credit Card,Paid,TXN-0E019F4029,2025-07-08
12,12,960,Credit Card,Paid,TXN-31CDB11C14,2025-03-07
13,13,5483,UPI,Paid,TXN-768463411F,2025-05-30
14,14,8709,Credit Card,Paid,TXN-268B6A4422,2025-03-20
15,15,2232,Debit Card,Paid,TXN-071D8C3F8C,2025-05-05
16,16,515,Cash,Pending,TXN-73449D4BCF,
17,17,6877,Debit Card,Paid,TXN-8C909808C7,2025-10-04
18,18,9268,Net Banking,Paid,TXN-06A2E9CA76,2025-06-29
19,19,7999,Credit Card,Pending,TXN-7E1F97DA11,
20,20,1978,Credit Card,Pending,TXN-818715EB4D,
21,21,6170,Net Banking,Pending,TXN-155B67C037,
22,22,6281,UPI,Paid,TXN-5ABC31D240,2025-04-20
23,23,7934,Credit Card,Paid,TXN-AA32C50DB1,2025-07-02
24,24,2665,UPI,Pending,TXN-E388E56036,
25,25,4709,UPI,Refunded,TXN-28F7D96715,
26,26,9040,UPI,Pending,TXN-024CC2156A,
27,27,3135,Cash,Paid,TXN-E6ECCC8406,2025-06-16
28,28,3517,Net Banking,Paid,TXN-6047001DCA,2025-08-29
29,29,3291,Debit Card,Paid,TXN-6737A230D8,2025-04-11
30,30,2362,Cash,Paid,TXN-A5582A8C5D,2025-02-18
31,31,577,Credit Card,Paid,TXN-30C14549FD,2025-07-22
32,32,3262,Net Banking,Paid,TXN-CF739ADA69,2025-09-11
33,33,7732,Credit Card,Paid,TXN-8F52CD7527,2025-11-07
34,34,1263,Cash,Pending,TXN-1B76E30334,
35,35,3231,UPI,Paid,TXN-ABFB002EC4,2025-08-05
36,36,1489,Cash,Paid,TXN-4482C14607,2025-10-12
37,37,5204,Cash,Paid,TXN-C6A7B6937C,2025-03-10
38,38,1153,Debit Card,Paid,TXN-E1DEFED2E5,2025-10-19
39,39,4077,UPI,Pending,TXN-CC865331BC,
40,40,7639,Cash,Paid,TXN-28F3033AF7,2025-03-27
41,41,4070,Net Banking,Paid,TXN-F21842F52F,2025-03-01
42,42,9986,UPI,Paid,TXN-B32369FBDB,2025-01-09
43,43,6568,Net Banking,Paid,TXN-E03346759C,2025-07-27
44,44,4576,Credit Card,Pending,TXN-2DE469E2CA,
45,45,7979,Credit Card,Pending,TXN-7B9987A6CB,
46,46,1732,Debit Card,Paid,TXN-30CF6EA1AD,2025-12-29
47,47,8300,UPI,Paid,TXN-6BD25AD656,2025-07-31
48,48,7267,Cash,Pending,TXN-A168DA4568,
49,49,5529,Cash,Pending,TXN-3282D07820,
50,50,4230,Net Banking,Paid,TXN-10C91581F2,2025-11-11
51,51,5436,Credit Card,Paid,TXN-EE9060DC94,2025-08-26
52,52,2986,Credit Card,Pending,TXN-3647DD50E2,
53,53,2226,Cash,Paid,TXN-7726A566EA,2025-10-13
54,54,5268,Credit Card,Paid,TXN-829C028A7E,2025-06-26
55,55,1702,Cash,Refunded,TXN-01CD2B468E,
56,56,3079,Net Banking,Paid,TXN-6127D23E93,2025-06-20
57,57,4069,UPI,Paid,TXN-20F9B38657,2025-06-01
58,58,4331,Credit Card,Paid,TXN-13CCE655A7,2025-03-31
59,59,2030,Debit Card,Paid,TXN-D071022F2A,2025-07-05
60,60,6892,Net Banking,Paid,TXN-C15227E153,2025-09-27
61,61,3197,UPI,Paid,TXN-1505ECD6C2,2025-02-19
62,62,879,UPI,Paid,TXN-88D34EA5E3,2025-04-27
63,63,5735,Cash,Paid,TXN-537C97FA15,2025-08-18
64,64,7267,Credit Card,Paid,TXN-D806D4A092,2025-06-13
65,65,1484,Debit Card,Paid,TXN-2308F660B2,2025-10-15
66,66,4742,UPI,Pending,TXN-DA51EC28BA,
67,67,698,Credit Card,Paid,TXN-E7DAF82830,2025-12-10
68,68,4655,UPI,Refunded,TXN-22928AF4B0,
69,69,1955,Net Banking,Paid,TXN-DF7CBFCB6D,2025-05-03
70,70,7464,Cash,Paid,TXN-946D7CE639,2025-08-17
71,71,5838,Debit Card,Paid,TXN-353CE50630,2025-05-15
72,72,9512,UPI,Paid,TXN-26940FF7C5,2025-11-28
73,73,3686,Net Banking,Paid,TXN-AF845376D7,2025-07-30
74,74,2295,Net Banking,Pending,TXN-5E867F938C,
75,75,3187,Debit Card,Paid,TXN-324F9D9C16,2025-11-02
76,76,7785,Credit Card,Pending,TXN-8EEEA01739,
77,77,1579,Credit Card,Pending,TXN-07D1BAAA84,
78,78,2817,Cash,Paid,TXN-37452A1DA5,2025-05-07
79,79,1576,Net Banking,Paid,TXN-416E878074,2025-04-20
80,80,2838,Credit Card,Pending,TXN-28C2864E5E,
81,81,2601,Credit Card,Paid,TXN-52DC30AAB2,2025-10-03
82,82,2521,Credit Card,Paid,TXN-33B58E1346,2025-02-27
83,83,3137,Cash,Pending,TXN-85995AF458,
84,84,9290,Cash,Paid,TXN-820404350F,2025-10-24
85,85,3759,Net Banking,Paid,TXN-561265F5E0,2025-02-22
86,86,3326,Credit Card,Paid,TXN-F91C082157,2025-12-01
87,87,3068,Net Banking,Paid,TXN-37AB741D15,2025-11-22
88,88,2204,UPI,Paid,TXN-5A4087182B,2025-01-20
89,89,1580,Credit Card,Paid,TXN-F515324D67,2025-08-02
90,90,2451,Cash,Paid,TXN-AC92125BF8,2025-01-20
91,91,998,Debit Card,Paid,TXN-9C93C80F9D,2025-03-08
92,92,5624,Net Banking,Paid,TXN-09124C9C2A,2025-04-22
93,93,4381,Debit Card,Paid,TXN-6FFD91FCC0,2025-08-08
94,94,9410,Cash,Paid,TXN-8A690A98CA,2025-12-15
95,95,1565,Net Banking,Paid,TXN-7BB26A8940,2025-05-07
96,96,1932,UPI,Paid,TXN-6AA421A203,2025-10-24
97,97,7317,Debit Card,Paid,TXN-7D13368282,2025-12-11
98,98,7856,Net Banking,Paid,TXN-3521EDE45D,2025-05-16
99,99,1643,Net Banking,Paid,TXN-EB536A661A,2025-04-23
100,100,6836,Debit Card,Paid,TXN-2EC214C8E7,2025-04-28
101,101,4412,Credit Card,Refunded,TXN-CC60BB59D4,
102,102,8863,UPI,Paid,TXN-7F8E106675,2025-02-10
103,103,1329,Cash,Paid,TXN-3B80AF9A30,2025-07-26
104,104,6494,Cash,Paid,TXN-38C494466D,2025-10-29
105,105,7991,Net Banking,Paid,TXN-5C868F40D0,2025-07-14
106,106,2237,Cash,Paid,TXN-3304BABEEB,2025-05-04
107,107,2436,UPI,Paid,TXN-DE7C0CBCC0,2025-04-06
108,108,7649,Cash,Paid,TXN-4539445324,2025-10-18
109,109,1617,Debit Card,Paid,TXN-2475239497,2025-02-11
110,110,6869,UPI,Paid,TXN-7DACCE045A,2025-09-04
111,111,5884,Net Banking,Pending,TXN-8BA5C1F59F,
112,112,7886,Debit Card,Pending,TXN-D1C4D746B0,
113,113,2904,Net Banking,Pending,TXN-B740A1E4F6,
114,114,3331,Debit Card,Paid,TXN-4F8D5B7CED,2025-12-25
115,115,3993,Credit Card,Paid,TXN-2D36CA397A,2025-05-17
116,116,3894,Debit Card,Paid,TXN-30BE22DCA1,2025-07-21
117,117,8260,UPI,Paid,TXN-52F64E538E,2025-06-21
118,118,9387,Credit Card,Paid,TXN-665CE41E51,2025-08-03
119,119,9029,Net Banking,Paid,TXN-769739B65F,2025-08-07
120,120,1448,Debit Card,Paid,TXN-3354FAFF50,2025-11-21
121,121,9282,Cash,Paid,TXN-9074F2D21D,2025-03-09
122,122,7805,UPI,Pending,TXN-543665333E,
123,123,3692,Credit Card,Paid,TXN-FFD66432A1,2025-03-17
124,124,2623,Credit Card,Paid,TXN-A50C7ECF03,2025-08-13
125,125,9682,Credit Card,Paid,TXN-F4A85B3F25,2025-08-30
126,126,7310,Debit Card,Paid,TXN-920EFD9F7A,2025-11-25
127,127,3750,UPI,Paid,TXN-6366E5BCB0,2025-02-11
128,128,5487,UPI,Paid,TXN-C9E21DBC01,2025-05-05
129,129,3612,UPI,Paid,TXN-4E985230BC,2025-12-01
130,130,6254,Net Banking,Pending,TXN-B7F333B435,
131,131,8884,Debit Card,Pending,TXN-56775B0943,
132,132,7735,Debit Card,Paid,TXN-98E1E5651F,2025-05-09
133,133,2434,Net Banking,Paid,TXN-82A5A43BC9,2025-08-30
134,134,1013,Credit Card,Pending,TXN-5321008180,
135,135,583,UPI,Paid,TXN-0F053AEFCF,2025-03-09
136,136,3081,Credit Card,Pending,TXN-820AC99BF8,
137,137,5524,UPI,Paid,TXN-545A8A4AE7,2025-02-17
138,138,3457,UPI,Paid,TXN-FBAD6198FD,2025-10-31
139,139,5140,Debit Card,Paid,TXN-D2426D2872,2025-06-29
140,140,1730,UPI,Pending,TXN-F6D8CA9D90,
141,141,9523,UPI,Pending,TXN-0F80F750E0,
142,142,8394,Credit Card,Paid,TXN-6FE25C086D,2025-08-22
143,143,6981,Cash,Paid,TXN-7024733EED,2025-06-01
144,144,8015,UPI,Paid,TXN-DAC8BF4B79,2025-11-26
145,145,2372,Debit Card,Paid,TXN-0DFD4588E4,2025-08-03
146,146,1824,UPI,Paid,TXN-D15C43B4FE,2025-02-10
147,147,6813,Net Banking,Paid,TXN-EB0B8A3CA9,2025-12-16
148,148,6032,Cash,Paid,TXN-1FDABE7ED0,2025-09-24
149,149,6043,UPI,Paid,TXN-84E14BF2A7,2025-04-03
150,150,1834,Cash,Paid,TXN-2D906B6969,2025-05-20
151,151,2217,Credit Card,Paid,TXN-DCF6E618EB,2025-05-23
152,152,5139,Net Banking,Paid,TXN-4445575C79,2025-10-08
153,153,7583,Debit Card,Paid,TXN-A6DD362425,2025-06-28
154,154,1147,Debit Card,Paid,TXN-A9838A80D3,2025-11-13
155,155,7842,Credit Card,Paid,TXN-24D4A0580C,2025-12-15
156,156,8614,UPI,Paid,TXN-B54D4185DD,2025-08-31
157,157,8259,Cash,Pending,TXN-9FA4ACBFEC,
158,158,7504,Debit Card,Refunded,TXN-9804158DD3,
159,159,9899,Net Banking,Paid,TXN-06C590B77D,2025-06-07
160,160,7120,UPI,Paid,TXN-7E7602EE54,2025-11-12
161,161,3704,Cash,Paid,TXN-47B184105D,2025-12-16
162,162,7907,Credit Card,Paid,TXN-3F370214AC,2025-12-23
163,163,3954,Cash,Paid,TXN-634EF4D6A3,2025-09-29
164,164,931,Cash,Paid,TXN-966A060EF4,2025-01-29
165,165,8088,Net Banking,Paid,TXN-2E3B753877,2025-06-12
166,166,4049,Net Banking,Paid,TXN-69B43C5B5B,2025-05-07
167,167,4916,Debit Card,Paid,TXN-F0ACAB117E,2025-06-23
168,168,929,Debit Card,Paid,TXN-E632A1C76C,2025-12-30
169,169,5267,UPI,Pending,TXN-D57B8BC1B7,
170,170,1750,UPI,Paid,TXN-23E258623E,2025-08-20
171,171,5155,UPI,Paid,TXN-09CEA36AB4,2025-04-13
172,172,805,UPI,Paid,TXN-E9266DBDBD,2025-08-09
173,173,5039,Cash,Paid,TXN-AB8DAC476F,2025-07-16
174,174,6337,Cash,Paid,TXN-18484EC4B5,2025-03-03
175,175,3670,Cash,Paid,TXN-48B105BAF4,2025-07-12
176,176,7897,Credit Card,Paid,TXN-2667AD295E,2025-04-07
177,177,5067,Cash,Pending,TXN-9E47C19146,
178,178,9835,Credit Card,Paid,TXN-455E22B04B,2025-07-09
179,179,4427,Debit Card,Paid,TXN-0D911235CA,2025-07-29
180,180,4902,Cash,Paid,TXN-44685E1949,2025-08-16
181,181,4591,Debit Card,Pending,TXN-7D7DA11895,
182,182,7491,UPI,Paid,TXN-07739FC3E3,2025-08-18
183,183,6597,Cash,Paid,TXN-09BB4E80D8,2025-06-20
184,184,9674,Cash,Paid,TXN-AAC95C008A,2025-02-09
185,185,9263,Debit Card,Paid,TXN-6C40ADE8C2,2025-06-16
186,186,6265,Cash,Pending,TXN-C63C12387E,
187,187,4444,Debit Card,Paid,TXN-601332E766,2025-09-22
188,188,9274,Credit Card,Paid,TXN-C3D5D28DF4,2025-04-29
189,189,2731,Net Banking,Paid,TXN-D819D6A675,2025-06-17
190,190,5472,Cash,Paid,TXN-B23F089C96,2025-04-23
191,191,2856,Debit Card,Pending,TXN-A0C49CB6E8,
192,192,2759,Credit Card,Paid,TXN-626D0D8E08,2025-03-14
193,193,1704,Credit Card,Paid,TXN-2DA76B74E4,2025-02-12
194,194,2730,Credit Card,Paid,TXN-92ACBE25A8,2025-06-06
195,195,4762,Credit Card,Paid,TXN-3CDFDB4966,2025-02-06
196,196,4988,Debit Card,Paid,TXN-E592E56D82,2025-04-21
197,197,6617,UPI,Paid,TXN-D64B39B169,2025-01-08
198,198,2551,Cash,Pending,TXN-2F61142FAD,
199,199,3203,Net Banking,Paid,TXN-632839F245,2025-03-17
200,200,3847,Debit Card,Paid,TXN-C8634ECED0,2025-09-24
201,201,2185,Credit Card,Paid,TXN-161DFC57A7,2025-03-08
202,202,8630,Credit Card,Paid,TXN-EF339A293A,2025-11-14
203,203,3063,Debit Card,Paid,TXN-23E156EE96,2025-11-19
204,204,1271,Cash,Paid,TXN-C816478CA9,2025-04-03
205,205,8755,Cash,Pending,TXN-DB8373EE64,
206,206,3858,Debit Card,Paid,TXN-3668076FB4,2025-04-23
207,207,6419,UPI,Pending,TXN-0E0304939D,
208,208,8776,Credit Card,Refunded,TXN-90D76EC8C0,
209,209,5757,Cash,Paid,TXN-4CCE36C93D,2025-06-09
210,210,8083,Net Banking,Paid,TXN-543CAFB1C2,2025-06-20
211,211,5900,Net Banking,Paid,TXN-7866193C25,2025-09-17
212,212,3654,Credit Card,Paid,TXN-B6C4034746,2025-09-15
213,213,6642,Debit Card,Paid,TXN-9A0EA64C77,2025-12-24
214,214,6334,UPI,Paid,TXN-14955086C2,2025-09-02
215,215,2157,Cash,Paid,TXN-C2BFBC8FE7,2025-01-25
216,216,2136,UPI,Paid,TXN-E75688785F,2025-05-04
217,217,6074,UPI,Paid,TXN-18E49CB557,2025-01-30
218,218,5424,UPI,Pending,TXN-59E7EC8DA6,
219,219,4616,Credit Card,Pending,TXN-BC14C4DCF6,
220,220,6188,Credit Card,Paid,TXN-F09CF7382B,2025-01-15
221,221,5232,UPI,Paid,TXN-14F02D382D,2025-06-25
222,222,5682,Cash,Paid,TXN-1CF3655D70,2025-05-14
223,223,7407,Debit Card,Paid,TXN-DD1582B55B,2025-11-27
224,224,8489,UPI,Paid,TXN-F3D77E1C0D,2025-12-09
225,225,1119,Credit Card,Pending,TXN-955DD89813,
226,226,4128,Debit Card,Pending,TXN-9F298A7F30,
227,227,3894,Credit Card,Paid,TXN-32B9599A7D,2025-02-27
228,228,8936,Credit Card,Paid,TXN-2488663DF1,2025-12-25
229,229,4046,Credit Card,Paid,TXN-DDE0D0FE9D,2025-01-08
230,230,3339,Net Banking,Paid,TXN-AB9945231E,2025-03-23
231,231,4668,UPI,Paid,TXN-0A9FE4E21B,2025-06-10
232,232,2394,UPI,Paid,TXN-D9E1E2CAB7,2025-12-19
233,233,6704,Credit Card,Paid,TXN-356031C92B,2025-12-21
234,234,7446,Net Banking,Paid,TXN-D17EBAE1F8,2025-09-11
235,235,2894,UPI,Paid,TXN-A425682604,2025-01-09
236,236,3370,Net Banking,Pending,TXN-DEFF7B1607,
237,237,2363,Cash,Paid,TXN-A466902362,2025-01-18
238,238,8744,Credit Card,Paid,TXN-9FAE344A64,2025-07-21
239,239,6936,UPI,Paid,TXN-A9084ECDEA,2025-04-07
240,240,1843,UPI,Paid,TXN-AB7C43780F,2025-06-08
241,241,976,Debit Card,Paid,TXN-D966BFEE44,2025-05-02
242,242,3042,Net Banking,Paid,TXN-BFE8E109F0,2025-06-12
243,243,8277,Cash,Paid,TXN-1E0E44AB84,2025-05-17
244,244,5359,Net Banking,Paid,TXN-6DF9023E22,2025-09-16
245,245,6436,Cash,Paid,TXN-7BB85E28D5,2025-10-26
246,246,3858,Credit Card,Paid,TXN-B04C1812A2,2025-05-02
247,247,2220,Net Banking,Paid,TXN-E6EE8EAE7C,2025-06-17
248,248,2442,Net Banking,Paid,TXN-631BAAE408,2025-10-21
249,249,8567,Credit Card,Paid,TXN-A8011C3088,2025-08-12
250,250,4941,UPI,Pending,TXN-690A2C6795,
251,251,1909,Net Banking,Paid,TXN-7043AD3A0A,2025-05-21
252,252,5609,Debit Card,Refunded,TXN-A71CBED235,
253,253,8066,UPI,Paid,TXN-C4BE3210BE,2025-07-26
254,254,788,Cash,Pending,TXN-341FBEB5CB,
255,255,2163,Cash,Paid,TXN-53A3FAC6CD,2025-09-04
256,256,7726,Net Banking,Paid,TXN-FCFDE2E93F,2025-12-16
257,257,827,Net Banking,Paid,TXN-C6AF515D84,2026-01-03
258,258,9098,Net Banking,Pending,TXN-DE40D7563B,
259,259,2344,Debit Card,Paid,TXN-003BE1E032,2025-12-20
260,260,979,UPI,Paid,TXN-463899B2B9,2025-02-18
261,261,534,Credit Card,Paid,TXN-1CFA68D659,2025-03-17
262,262,9011,Cash,Paid,TXN-02320D50C2,2025-06-08
263,263,971,Cash,Paid,TXN-A085F492DB,2025-07-21
264,264,9193,Net Banking,Paid,TXN-CD8C0A9AFE,2025-10-17
265,265,1482,Net Banking,Paid,TXN-6ACBAA6870,2025-01-18
266,266,571,Net Banking,Paid,TXN-F1B1C02FCE,2025-05-25
267,267,5032,Net Banking,Pending,TXN-0DE8E46F6B,
268,268,2496,UPI,Paid,TXN-CEC6ABCD51,2025-05-17
269,269,2526,UPI,Paid,TXN-C85EEF5088,2025-12-05
270,270,8545,Net Banking,Paid,TXN-6B071BAA50,2025-12-24
271,271,3831,Net Banking,Paid,TXN-648E9165D5,2025-06-30
272,272,3579,Debit Card,Paid,TXN-FD14CCB083,2025-10-01
273,273,4067,Debit Card,Paid,TXN-EC06AF6F75,2025-10-21
274,274,7632,UPI,Paid,TXN-3E350BCA58,2025-01-16
275,275,8297,Net Banking,Paid,TXN-1ED3A26A6D,2025-11-19
276,276,4932,Debit Card,Paid,TXN-10BFB7289C,2025-06-18
277,277,966,UPI,Paid,TXN-C18C8FF999,2025-10-13
278,278,9803,Credit Card,Paid,TXN-80BB126956,2025-04-15
279,279,8464,Net Banking,Paid,TXN-06360A1FDE,2025-09-22
280,280,4780,Net Banking,Pending,TXN-34AD915A27,
281,281,5733,UPI,Paid,TXN-E93C21B2C5,2025-05-26
282,282,8482,Debit Card,Paid,TXN-F5F1E3E998,2025-11-19
283,283,5459,Debit Card,Paid,TXN-BB2BB5E9D9,2025-07-27
284,284,6679,Credit Card,Paid,TXN-6844814F3D,2025-11-20
285,285,4571,UPI,Paid,TXN-BE947501EC,2025-04-08
286,286,1862,Net Banking,Paid,TXN-431141EA47,2025-09-16
287,287,742,Debit Card,Pending,TXN-B6C5DF057A,
288,288,4241,Cash,Paid,TXN-F778472E9B,2025-05-17
289,289,8375,Credit Card,Paid,TXN-5929A26446,2025-07-28
290,290,1643,Cash,Pending,TXN-455B2F8386,
291,291,3114,Net Banking,Refunded,TXN-1B1118A834,
292,292,8867,Cash,Paid,TXN-3512F594B1,2025-06-02
293,293,9119,UPI,Paid,TXN-445D800D19,2025-12-12
294,294,2082,Credit Card,Paid,TXN-13C2528647,2025-03-13
295,295,6526,Cash,Paid,TXN-6BB306096C,2025-03-18
296,296,5368,Cash,Paid,TXN-3CF6731304,2025-02-25
297,297,5801,UPI,Pending,TXN-C9CD8712E8,
298,298,3343,Credit Card,Pending,TXN-8227FA51A8,
299,299,9643,Cash,Paid,TXN-620A7783CE,2025-07-12
300,300,9223,Debit Card,Paid,TXN-4C56D486CF,2025-12-31
301,301,6215,Credit Card,Pending,TXN-E6AD94B7EB,
302,302,7296,Cash,Paid,TXN-499144769D,2025-08-21
303,303,7466,UPI,Paid,TXN-AE8DB0DB53,2025-04-07
304,304,6531,Credit Card,Paid,TXN-99A71A9911,2025-06-17
305,305,7569,Net Banking,Paid,TXN-2FBE10E0A2,2025-03-23
306,306,6131,Credit Card,Paid,TXN-90D8B032F2,2025-02-16
307,307,6285,Credit Card,Paid,TXN-A16B08C3EC,2025-02-11
308,308,4650,Cash,Paid,TXN-ADB659921E,2025-12-26
309,309,581,UPI,Paid,TXN-096FF5EBCC,2025-04-08
310,310,9208,Debit Card,Paid,TXN-D64439BC5E,2025-03-19
311,311,3858,Debit Card,Paid,TXN-CBD2899C56,2025-07-19
312,312,6007,Cash,Paid,TXN-C149718868,2025-10-21
313,313,6423,Cash,Paid,TXN-CDD8EEFF49,2025-07-08
314,314,6650,Debit Card,Paid,TXN-8F79BD2FF3,2025-08-15
315,315,1189,Cash,Paid,TXN-A5FF8FBA3E,2025-01-14
316,316,7408,Net Banking,Paid,TXN-9AA8983465,2025-08-19
317,317,6440,Credit Card,Paid,TXN-AE0A96EB92,2025-10-04
318,318,4482,UPI,Pending,TXN-5690E0D2BA,
319,319,3646,Credit Card,Paid,TXN-80C607EB7D,2025-09-18
320,320,4840,Debit Card,Paid,TXN-FDD9A42020,2025-08-26
321,321,4104,Net Banking,Paid,TXN-563CB7B620,2025-08-16
322,322,2901,UPI,Paid,TXN-2A70D8A915,2025-09-29
323,323,6465,Credit Card,Paid,TXN-5D8536D7F0,2025-09-20
324,324,2134,Cash,Paid,TXN-B7052D5B7F,2025-10-12
325,325,528,Cash,Pending,TXN-2986E7CCDD,
326,326,8328,Net Banking,Paid,TXN-238246E03B,2025-02-11
327,327,1163,Credit Card,Paid,TXN-B0A91F84B2,2025-06-12
328,328,7619,Credit Card,Pending,TXN-58B20365CC,
329,329,4662,UPI,Paid,TXN-DD56440355,2025-06-19
330,330,5023,UPI,Paid,TXN-1EF8A74246,2025-06-27
331,331,9368,Credit Card,Paid,TXN-617479A5EC,2025-06-21
332,332,6141,Credit Card,Paid,TXN-A6BE1BE0DF,2025-05-08
333,333,6258,Credit Card,Paid,TXN-3ADB7F0F97,2025-08-24
334,334,1697,UPI,Paid,TXN-7071EED07E,2025-03-14
335,335,6904,Debit Card,Pending,TXN-6641ED9FC8,
336,336,4688,Cash,Paid,TXN-9C8FE2E68B,2025-03-12
337,337,7479,UPI,Pending,TXN-26A2FF9A5E,
338,338,9626,Net Banking,Paid,TXN-C92C09B7B7,2025-11-01
339,339,4381,Cash,Paid,TXN-05EFC5D658,2025-02-09
340,340,2439,Net Banking,Pending,TXN-9575011B20,
341,341,4659,Debit Card,Paid,TXN-A40E86C9EF,2025-12-03
342,342,2917,Debit Card,Paid,TXN-E0ED4238CF,2025-12-30
343,343,4556,Credit Card,Paid,TXN-3819DA4C92,2025-08-19
344,344,1128,Debit Card,Paid,TXN-2DED0FA86F,2025-04-12
345,345,763,Net Banking,Paid,TXN-5A51FEE126,2025-08-29
346,346,3673,Net Banking,Paid,TXN-36C76A65EC,2025-12-28
347,347,5309,UPI,Paid,TXN-EBF8110A7D,2025-04-24
348,348,7492,Debit Card,Paid,TXN-8D1AACD940,2025-11-13
349,349,7815,Debit Card,Paid,TXN-34E631FEB7,2025-10-08
350,350,7549,UPI,Pending,TXN-89518E36BA,
351,351,4242,UPI,Pending,TXN-51A378DC4A,
352,352,5786,Net Banking,Paid,TXN-7D7E05C277,2025-08-06
353,353,5745,Credit Card,Paid,TXN-D7EA52A0D2,2025-10-21
354,354,2686,Debit Card,Paid,TXN-8DEDF08C99,2025-08-23
355,355,9485,Cash,Pending,TXN-0CB24B664E,
356,356,5128,Debit Card,Paid,TXN-0EFBB8D310,2025-10-03
357,357,8488,Debit Card,Paid,TXN-419DE7350F,2025-11-29
358,358,9173,UPI,Paid,TXN-A73E65AAF2,2025-12-21
359,359,7864,UPI,Paid,TXN-CACDD361F7,2025-02-15
360,360,3593,UPI,Pending,TXN-867F2C0900,
361,361,4365,Debit Card,Pending,TXN-BA0EC9FB36,
362,362,4603,Debit Card,Paid,TXN-00F80464D0,2025-01-18
363,363,6562,UPI,Pending,TXN-A9BD7844DB,
364,364,1901,UPI,Paid,TXN-A2BDAD8F26,2025-10-19
365,365,1143,UPI,Paid,TXN-FF960DC53E,2025-02-24
366,366,8383,UPI,Pending,TXN-51432F7F53,
367,367,6180,Debit Card,Paid,TXN-242100C745,2025-10-31
368,368,4139,Credit Card,Paid,TXN-BEC41831EC,2025-07-25
369,369,2867,UPI,Refunded,TXN-3CDD65E053,
370,370,5188,Debit Card,Paid,TXN-2C3C8B1C14,2025-08-09
371,371,4476,Credit Card,Paid,TXN-E15DA68845,2025-04-23
372,372,9799,Debit Card,Paid,TXN-CB2D2B0B61,2025-08-21
373,373,4638,UPI,Paid,TXN-0E413FF0DC,2025-02-04
374,374,3248,Net Banking,Refunded,TXN-78B955D8BF,
375,375,1444,Debit Card,Pending,TXN-900D737882,
376,376,7004,Credit Card,Paid,TXN-69629ACF91,2025-11-19
377,377,2967,UPI,Paid,TXN-2D2F363E80,2025-08-05
378,378,589,Debit Card,Paid,TXN-959F195D5E,2025-06-09
379,379,3687,Credit Card,Paid,TXN-CBE5671376,2025-09-28
380,380,5397,UPI,Paid,TXN-07FD35CC37,2025-07-17
381,381,3514,Cash,Paid,TXN-B3A3FEB0C6,2025-10-04
382,382,2295,Net Banking,Paid,TXN-D04CC6938E,2025-05-26
383,383,5611,Net Banking,Paid,TXN-A34357675F,2026-01-03
384,384,1640,Net Banking,Paid,TXN-3A9E066678,2025-01-11
385,385,9221,Net Banking,Paid,TXN-B5C51CAB70,2025-05-02
386,386,7833,Net Banking,Pending,TXN-C02B6F42D7,
387,387,7795,Debit Card,Paid,TXN-85CB793DED,2025-10-31
388,388,3919,UPI,Paid,TXN-275051AF59,2025-03-26
389,389,6537,Credit Card,Pending,TXN-9381B88C8B,
390,390,9941,Debit Card,Paid,TXN-A424A11AB5,2025-11-15
391,391,7779,Credit Card,Paid,TXN-F2D167248C,2025-09-09
392,392,4850,Net Banking,Paid,TXN-62201C88C9,2025-08-27
393,393,5705,Credit Card,Paid,TXN-9FE54E5B11,2025-04-29
394,394,8492,Net Banking,Paid,TXN-4EFD262613,2025-09-11
395,395,822,UPI,Refunded,TXN-421A642737,
396,396,3371,Net Banking,Paid,TXN-4C995AF462,2025-03-17
397,397,7494,Net Banking,Pending,TXN-F24E630E77,
398,398,6861,Net Banking,Paid,TXN-761102B586,2025-06-15
399,399,4476,Cash,Paid,TXN-9C8723E096,2025-06-23
400,400,794,Net Banking,Paid,TXN-DC07BC4771,2025-01-18
401,401,7171,Cash,Pending,TXN-D3603E4010,
402,402,7846,Credit Card,Paid,TXN-A846FDE39E,2025-11-05
403,403,6000,Net Banking,Paid,TXN-3AD99D9841,2026-01-03
404,404,3941,Credit Card,Pending,TXN-1624A6D7E2,
405,405,5153,Net Banking,Pending,TXN-6E36A3BF40,
406,406,9522,Cash,Paid,TXN-581CC91643,2025-01-12
407,407,7443,Cash,Paid,TXN-64B815021E,2025-02-01
408,408,9341,Net Banking,Paid,TXN-86ED437B4D,2025-07-09
409,409,4546,Cash,Paid,TXN-ED9BA3267D,2025-09-07
410,410,8684,Cash,Pending,TXN-AD331C889D,
411,411,6009,UPI,Pending,TXN-081A6D3C72,
412,412,2966,Debit Card,Paid,TXN-26E8C43698,2025-11-05
413,413,1805,UPI,Paid,TXN-3E25C3FC88,2025-12-14
414,414,7241,Debit Card,Paid,TXN-6938A7463F,2025-03-01
415,415,8652,UPI,Paid,TXN-811346F59B,2025-08-19
416,416,3491,Credit Card,Paid,TXN-1DFD5B6A58,2025-01-26
417,417,6929,Credit Card,Pending,TXN-0530E93901,
418,418,5661,UPI,Paid,TXN-4FB348E277,2025-08-21
419,419,1672,Net Banking,Paid,TXN-5070CB5C9E,2025-03-20
420,420,8969,Net Banking,Paid,TXN-F27FC6E6A5,2025-12-29
421,421,9096,Debit Card,Pending,TXN-47130E0080,
422,422,5601,Debit Card,Paid,TXN-2C31A96F3C,2025-08-27
423,423,4774,UPI,Pending,TXN-EA24F6999E,
424,424,9852,Net Banking,Paid,TXN-3BDE6C046D,2025-07-28
425,425,3172,Net Banking,Paid,TXN-43E751A477,2025-05-04
426,426,9472,Debit Card,Paid,TXN-0B99D227B9,2025-12-30
427,427,4234,Net Banking,Paid,TXN-1DC35E8796,2025-10-30
428,428,2819,UPI,Paid,TXN-2EA5362EE0,2026-01-02
429,429,882,UPI,Paid,TXN-6738130493,2025-03-12
430,430,1696,Net Banking,Paid,TXN-B8107C892F,2025-11-29
431,431,6809,Credit Card,Paid,TXN-3B13185A26,2025-12-13
432,432,7788,Credit Card,Paid,TXN-7DFC64A1A9,2025-05-29
433,433,2002,UPI,Paid,TXN-8132654536,2025-12-24
434,434,2373,Net Banking,Paid,TXN-10A60C0788,2025-06-09
435,435,9853,Debit Card,Pending,TXN-47D4158124,
436,436,3757,Cash,Refunded,TXN-EDA2FF2F0C,
437,437,5602,Net Banking,Refunded,TXN-1D39ADE149,
438,438,5059,UPI,Pending,TXN-AC716E9BE5,
439,439,8783,Net Banking,Paid,TXN-0D392F9E58,2025-04-26
440,440,2696,UPI,Paid,TXN-73256F58B4,2025-02-22
441,441,6745,UPI,Paid,TXN-87A57D0DC9,2025-02-02
442,442,5265,Cash,Paid,TXN-39E4940625,2025-03-31
443,443,1110,Debit Card,Paid,TXN-08C4EE8AF3,2025-09-07
444,444,8418,UPI,Pending,TXN-197243CE85,
445,445,1430,Cash,Paid,TXN-391B0BDB85,2025-11-09
446,446,2496,Debit Card,Paid,TXN-882C16B08C,2025-08-02
447,447,8171,UPI,Pending,TXN-400FC21A2C,
448,448,7536,Net Banking,Paid,TXN-05273CAB8B,2025-08-16
449,449,1231,Cash,Paid,TXN-4D0AA69AF7,2025-07-09
450,450,9022,Debit Card,Pending,TXN-F49CC2509D,
451,451,7397,Net Banking,Paid,TXN-695C530EE9,2025-11-22
452,452,1122,Cash,Pending,TXN-C9179BF3CA,
453,453,5148,Debit Card,Paid,TXN-A164E8739D,2025-06-19
454,454,7730,Debit Card,Paid,TXN-AF964311C2,2025-05-14
455,455,9006,Credit Card,Paid,TXN-FE6DB5D5F1,2025-03-20
456,456,6099,Credit Card,Paid,TXN-39288EFAB5,2025-08-12
457,457,2460,Net Banking,Paid,TXN-E40AD0CAEC,2025-04-21
458,458,6337,Credit Card,Paid,TXN-573578942D,2025-08-02
459,459,3383,UPI,Pending,TXN-18F6337F75,
460,460,3882,UPI,Paid,TXN-F07BDD31C6,2025-08-25
461,461,4795,Net Banking,Pending,TXN-E47C54891D,
462,462,6445,Debit Card,Paid,TXN-86088D37E5,2025-02-07
463,463,6444,Debit Card,Paid,TXN-C12B83BCA0,2025-07-27
464,464,6137,UPI,Paid,TXN-22F3081D82,2025-01-13
465,465,5533,Debit Card,Paid,TXN-BF69634B4D,2025-09-07
466,466,4242,Net Banking,Paid,TXN-DFEACCC7B0,2025-04-26
467,467,9784,Debit Card,Paid,TXN-523B82EFA4,2025-03-19
468,468,6863,Credit Card,Paid,TXN-7F1FC8DA99,2025-07-23
469,469,8311,Debit Card,Paid,TXN-694293AF1C,2025-09-30
470,470,2866,Cash,Paid,TXN-F69AB2E8E8,2025-04-13
471,471,506,Cash,Paid,TXN-55003ABEBB,2025-10-17
472,472,2190,Credit Card,Paid,TXN-427B3A12D2,2025-10-16
473,473,8100,Credit Card,Paid,TXN-3420A36B79,2025-09-18
474,474,5211,Net Banking,Pending,TXN-507D0377A2,
475,475,8260,Net Banking,Paid,TXN-9D741C6912,2025-06-02
476,476,8511,Cash,Paid,TXN-16D1ADC067,2025-10-29
477,477,8634,Cash,Paid,TXN-A95F3C5CCC,2025-02-25
478,478,1192,Credit Card,Paid,TXN-151A2F509D,2025-05-23
479,479,7416,UPI,Paid,TXN-AD96B6AD80,2025-07-09
480,480,7941,UPI,Paid,TXN-D3FF54B186,2025-02-06
481,481,2288,Credit Card,Paid,TXN-ED2E468CF7,2025-05-08
482,482,678,Credit Card,Paid,TXN-DFF56D761F,2025-05-29
483,483,5454,UPI,Paid,TXN-CE0FCB1A02,2025-12-10
484,484,1869,Credit Card,Paid,TXN-6F98B6EA15,2025-05-22
485,485,1433,Debit Card,Paid,TXN-75C4DDBEC2,2025-04-19
486,486,8488,Debit Card,Paid,TXN-3D716BEAAA,2025-12-20
487,487,8799,UPI,Pending,TXN-109640DD2F,
488,488,6442,Credit Card,Paid,TXN-FEAF8BE317,2025-04-22
489,489,9325,Credit Card,Paid,TXN-85855AAE4B,2025-03-03
490,490,8308,Cash,Paid,TXN-20E72656DC,2025-08-24
491,491,5070,Credit Card,Paid,TXN-BFBAF19BB7,2025-03-06
492,492,3938,UPI,Paid,TXN-12B79DDCFB,2025-04-09
493,493,7907,Cash,Paid,TXN-59504DB4FE,2025-03-29
494,494,1161,Net Banking,Pending,TXN-A3E6A714F2,
495,495,1135,Credit Card,Paid,TXN-568A84EAC0,2025-10-24
496,496,7678,Debit Card,Pending,TXN-51552ACD2C,
497,497,6601,UPI,Paid,TXN-AC16BCFE3A,2025-01-11
498,498,2971,Debit Card,Pending,TXN-97D2F2A880,
499,499,1883,Credit Card,Paid,TXN-714443A334,2025-03-19
500,500,7278,UPI,Paid,TXN-998D4FBA1A,2025-01-15
501,501,4501,UPI,Paid,TXN-69FD4EC129,2025-10-26
502,502,2331,Cash,Paid,TXN-C079D868FB,2025-08-20
503,503,4522,Debit Card,Paid,TXN-0B63D85DBE,2025-11-30
504,504,7673,Cash,Paid,TXN-E0CCC158E0,2025-08-28
505,505,4231,Debit Card,Paid,TXN-ED69014DF4,2025-12-11
506,506,2273,UPI,Paid,TXN-A1BF356E23,2025-01-23
507,507,4159,Debit Card,Pending,TXN-7ECA25D154,
508,508,2184,Net Banking,Paid,TXN-4729B1D413,2025-03-29
509,509,6801,Net Banking,Paid,TXN-679205BB1E,2025-07-01
510,510,1992,Cash,Paid,TXN-C51DF4A856,2025-05-26
511,511,4680,Cash,Paid,TXN-F678249CBC,2025-06-28
512,512,3247,Credit Card,Paid,TXN-1A177D1B98,2025-01-28
513,513,9206,Net Banking,Paid,TXN-6EFCD97A65,2025-12-21
514,514,7647,UPI,Paid,TXN-84B2C710FE,2025-06-16
515,515,6967,UPI,Paid,TXN-30C84825A8,2025-11-17
516,516,9478,Net Banking,Pending,TXN-5F485B41D0,
517,517,7296,Debit Card,Paid,TXN-7D6F317F9A,2025-11-08
518,518,7672,Debit Card,Paid,TXN-97AE63BD0E,2025-12-23
519,519,6703,Net Banking,Refunded,TXN-5840730B55,
520,520,779,UPI,Paid,TXN-270D96D7E4,2025-05-11
521,521,1271,Cash,Paid,TXN-4202DF138E,2025-05-09
522,522,4224,Net Banking,Pending,TXN-11F705A36C,
523,523,9894,Cash,Paid,TXN-DA717A65FA,2025-04-07
524,524,3507,Net Banking,Paid,TXN-DBBFEF6E7E,2025-01-15
525,525,4082,Debit Card,Paid,TXN-48948E45DA,2025-04-21
526,526,7956,Debit Card,Paid,TXN-A14A215303,2025-01-11
527,527,9433,Net Banking,Paid,TXN-907924BC99,2025-06-15
528,528,5358,Net Banking,Paid,TXN-0C2B0CAA1C,2025-03-21
529,529,8390,Debit Card,Pending,TXN-122E95DD64,
530,530,3348,UPI,Paid,TXN-E9A734E8C6,2025-03-15
531,531,1080,UPI,Paid,TXN-87EF27ADB0,2025-04-11
532,532,658,Net Banking,Paid,TXN-EE0BA73C6F,2025-10-04
533,533,6792,Cash,Paid,TXN-36FAA988F4,2025-01-10
534,534,2389,Debit Card,Refunded,TXN-0921247084,
535,535,9696,Credit Card,Paid,TXN-DBF7EED57F,2025-08-04
536,536,4962,Cash,Paid,TXN-9BEC46A6BF,2025-08-17
537,537,8556,Credit Card,Pending,TXN-56DA0BEB8E,
538,538,838,UPI,Paid,TXN-2A99DA1DF2,2025-09-28
539,539,1211,Net Banking,Paid,TXN-689B666A7C,2025-10-22
540,540,7149,Cash,Paid,TXN-24EF51D004,2025-01-25
541,541,4293,Net Banking,Paid,TXN-4106EAF8D1,2025-10-02
542,542,3420,Credit Card,Paid,TXN-3254E80EA9,2025-03-12
543,543,3827,Credit Card,Paid,TXN-4D0C97301A,2025-02-05
544,544,8679,Debit Card,Paid,TXN-8EAC776717,2025-08-27
545,545,7647,Net Banking,Paid,TXN-EF09B5D60C,2026-01-01
546,546,7197,UPI,Paid,TXN-12E548BBD6,2025-11-29
547,547,1430,Credit Card,Paid,TXN-57BB5D2348,2025-12-28
548,548,6666,Net Banking,Paid,TXN-743CD94CE1,2025-07-25
549,549,1294,Cash,Paid,TXN-FE6D3858F6,2025-03-02
550,550,7451,UPI,Paid,TXN-F020CA6B44,2025-01-07
551,551,5495,Credit Card,Paid,TXN-35E1A1B7ED,2025-04-07
552,552,8656,UPI,Paid,TXN-589DEF9EDB,2025-05-10
553,553,3635,UPI,Paid,TXN-B0E5C76F16,2025-06-19
554,554,5945,Debit Card,Paid,TXN-73E1D96EB6,2025-12-14
555,555,9573,Cash,Paid,TXN-49A243B8C2,2025-11-11
556,556,5860,Net Banking,Paid,TXN-05C4B37AB8,2025-10-31
557,557,1249,Debit Card,Paid,TXN-AF36500619,2025-01-20
558,558,5430,Cash,Paid,TXN-4D024E06FC,2025-02-06
559,559,9160,Debit Card,Paid,TXN-134D02B0B5,2025-01-13
560,560,9160,Credit Card,Paid,TXN-94A18274F1,2025-06-18
561,561,5110,Net Banking,Pending,TXN-8C496FFE1C,
562,562,4945,Credit Card,Paid,TXN-29B935E0B8,2025-10-18
563,563,6722,Cash,Paid,TXN-DE5CF33EA4,2025-11-28
564,564,2711,Debit Card,Paid,TXN-E6F783CFB9,2025-07-29
565,565,6403,Credit Card,Paid,TXN-314E085B21,2025-04-14
566,566,662,Debit Card,Paid,TXN-9E79000389,2025-11-30
567,567,2382,Debit Card,Pending,TXN-67D7F553F5,
568,568,3129,Net Banking,Paid,TXN-A7A53C2139,2025-01-30
569,569,5311,Credit Card,Paid,TXN-9F53B0D447,2025-03-29
570,570,1553,Debit Card,Paid,TXN-79EB76DC19,2025-07-11
571,571,1419,Debit Card,Paid,TXN-9AF6CA8C5C,2025-04-27
572,572,2667,Cash,Paid,TXN-41DF542DEE,2025-10-02
573,573,5515,Cash,Paid,TXN-D6D9552D45,2025-12-24
574,574,3373,UPI,Paid,TXN-E0AF723B63,2025-12-12
575,575,1378,Credit Card,Refunded,TXN-9FBDC90D9E,
576,576,7850,Debit Card,Paid,TXN-0202FB3926,2025-07-13
577,577,4662,Cash,Paid,TXN-30BA2A1283,2025-01-26
578,578,1989,Cash,Pending,TXN-088958D46F,
579,579,548,Debit Card,Paid,TXN-9AC74034D7,2025-04-26
580,580,3155,Cash,Paid,TXN-A4DABD58DD,2025-06-22
581,581,7961,Credit Card,Pending,TXN-1EE38355E7,
582,582,8306,UPI,Paid,TXN-C9EC886746,2025-04-19
583,583,9820,Net Banking,Refunded,TXN-8CB6269E8C,
584,584,6021,Net Banking,Paid,TXN-DEF9E5B9AF,2025-08-23
585,585,7385,Debit Card,Paid,TXN-5D815D4EBD,2025-02-22
586,586,3690,Credit Card,Pending,TXN-9C1E22CC8B,
587,587,1367,Net Banking,Paid,TXN-82AA677DC1,2025-05-28
588,588,9733,Debit Card,Paid,TXN-1C3C5DD82E,2025-02-06
589,589,6156,Credit Card,Paid,TXN-85F74BFA0C,2025-02-20
590,590,9658,Net Banking,Paid,TXN-0AE5420BB2,2025-06-23
591,591,9648,Cash,Paid,TXN-9D72C94237,2025-01-25
592,592,8404,Cash,Pending,TXN-AF1F22DA76,
593,593,7348,UPI,Paid,TXN-F9977096D4,2025-08-03
594,594,5951,UPI,Paid,TXN-DC45C530AD,2025-05-29
595,595,7691,Debit Card,Paid,TXN-2AC278CA2E,2025-02-09
596,596,5602,Net Banking,Paid,TXN-DA1C380F04,2025-10-07
597,597,8902,Debit Card,Paid,TXN-CC5FA7CE84,2025-01-18
598,598,1153,Credit Card,Paid,TXN-DF5EC3F019,2025-04-18
599,599,4849,Net Banking,Pending,TXN-00D2ACD060,
600,600,2477,Net Banking,Paid,TXN-B27714D510,2025-09-24
601,601,2513,Net Banking,Paid,TXN-245669F4DE,2025-08-18
602,602,7231,Net Banking,Paid,TXN-480464F48B,2025-04-08
603,603,4230,Credit Card,Paid,TXN-F0AF454728,2025-07-10
604,604,2798,Cash,Paid,TXN-A935B578AD,2025-12-18
605,605,1536,UPI,Paid,TXN-D78B02F79E,2025-06-27
606,606,4589,Credit Card,Paid,TXN-38CBABC13E,2026-01-02
607,607,8502,Credit Card,Paid,TXN-36304F67EB,2025-11-29
608,608,7219,UPI,Paid,TXN-D637E14817,2025-09-09
609,609,7502,Net Banking,Paid,TXN-D6EB23D584,2026-01-07
610,610,5722,Cash,Paid,TXN-D82EA0B1E7,2025-03-03
611,611,6848,Net Banking,Paid,TXN-37F7071134,2025-02-16
612,612,9012,Credit Card,Paid,TXN-17AC76E79D,2025-12-30
613,613,9427,UPI,Paid,TXN-1C330E106E,2025-11-26
614,614,3702,UPI,Pending,TXN-C622D75BC4,
615,615,1424,Net Banking,Paid,TXN-DE9B5B1731,2025-11-18
616,616,5659,Cash,Pending,TXN-0955FFBF1F,
617,617,8879,Cash,Pending,TXN-8C63C663DA,
618,618,7718,Credit Card,Paid,TXN-C51A750743,2025-05-02
619,619,4529,UPI,Paid,TXN-5B943BD676,2025-01-21
620,620,1564,Credit Card,Paid,TXN-77AF45BAF0,2025-04-15
621,621,6977,Net Banking,Paid,TXN-4BEDE27792,2025-10-13
622,622,6150,Cash,Paid,TXN-E35CD88295,2025-07-27
623,623,7517,UPI,Paid,TXN-CF24A1AA9A,2025-03-18
624,624,1593,UPI,Paid,TXN-95F9B5E538,2025-06-01
625,625,7939,Net Banking,Refunded,TXN-A63104997B,
626,626,7147,UPI,Paid,TXN-96C4325902,2025-01-13
627,627,4221,UPI,Paid,TXN-D593086E48,2025-11-30
628,628,3508,Debit Card,Paid,TXN-B36FAB8194,2025-09-08
629,629,6054,Credit Card,Paid,TXN-640557AF9A,2025-09-21
630,630,4148,Cash,Paid,TXN-8D4B71EFB7,2026-01-02
631,631,1061,UPI,Paid,TXN-0F365287CD,2025-01-18
632,632,1051,Credit Card,Paid,TXN-68640949D3,2025-11-29
633,633,7597,UPI,Paid,TXN-7E63E3FD9E,2025-04-09
634,634,8562,Debit Card,Paid,TXN-4A87C50511,2025-09-27
635,635,649,Cash,Paid,TXN-CDF3F9A2DF,2025-06-16
636,636,2725,Cash,Pending,TXN-5564416254,
637,637,8946,Net Banking,Paid,TXN-0B9856293A,2025-11-27
638,638,9928,Net Banking,Paid,TXN-EC833DEF1A,2025-08-06
639,639,2059,Net Banking,Pending,TXN-D33DC263E6,
640,640,4757,Credit Card,Paid,TXN-33D9BFD12F,2025-07-23
641,641,1690,Cash,Paid,TXN-E846E26E1A,2025-11-07
642,642,2135,Net Banking,Paid,TXN-B27C5DEC0D,2025-11-09
643,643,5553,Cash,Paid,TXN-33B554993A,2025-12-22
644,644,9545,Net Banking,Paid,TXN-3C9EE7BC37,2025-06-23
645,645,9099,UPI,Pending,TXN-9B63A8EEC9,
646,646,1587,Cash,Paid,TXN-556E6DE586,2025-03-06
647,647,1495,Cash,Paid,TXN-9FB29F22B8,2025-07-07
648,648,1322,Net Banking,Paid,TXN-831387EF7A,2025-07-28
649,649,1648,UPI,Pending,TXN-4D14D35D5D,
650,650,1680,Net Banking,Paid,TXN-C160400DA6,2025-07-29
651,651,8337,Credit Card,Paid,TXN-23CDEE6F77,2025-02-21
652,652,1686,Debit Card,Paid,TXN-D022CA6C61,2025-09-09
653,653,759,Credit Card,Paid,TXN-BE056E3F4E,2025-03-06
654,654,5408,Cash,Paid,TXN-115003031C,2025-01-26
655,655,961,Credit Card,Pending,TXN-1DEFD795ED,
656,656,9451,Debit Card,Paid,TXN-80586B8C31,2025-05-11
657,657,3714,Credit Card,Paid,TXN-9F885ACED4,2025-10-04
658,658,8918,Debit Card,Paid,TXN-4F4AB1399E,2025-04-20
659,659,1074,Cash,Paid,TXN-1920258014,2025-06-21
660,660,2280,Debit Card,Paid,TXN-881D6D9701,2025-09-12
661,661,4132,Net Banking,Paid,TXN-82BAA8D1C4,2025-07-22
662,662,4320,Net Banking,Pending,TXN-87D0B66E74,
663,663,7440,Debit Card,Paid,TXN-A194958DBB,2025-08-11
664,664,2844,Net Banking,Paid,TXN-0629FD8F35,2025-06-11
665,665,771,Cash,Paid,TXN-E6822F6A1A,2025-05-18
666,666,3033,Debit Card,Paid,TXN-430C05BBE8,2025-01-21
667,667,4777,Net Banking,Paid,TXN-1408533D47,2025-10-09
668,668,1870,Debit Card,Pending,TXN-7ADF83C404,
669,669,7238,Credit Card,Paid,TXN-958AF30D2B,2025-06-01
670,670,8713,Cash,Paid,TXN-C70E2DC33F,2025-01-26
671,671,8654,UPI,Paid,TXN-9BC0104118,2025-04-13
672,672,3302,Debit Card,Paid,TXN-33FC806287,2025-08-04
673,673,9127,UPI,Paid,TXN-E13A0FECCA,2025-03-10
674,674,3590,Debit Card,Paid,TXN-DF1AA91A66,2025-10-04
675,675,3066,Cash,Pending,TXN-8F790110DD,
676,676,1050,Debit Card,Paid,TXN-677B720D38,2025-07-02
677,677,4413,Cash,Pending,TXN-A63F9A958C,
678,678,7716,UPI,Paid,TXN-2228914463,2025-09-28
679,679,8684,Credit Card,Pending,TXN-329FD0AAF8,
680,680,6220,UPI,Paid,TXN-3DB22F7B66,2025-07-07
681,681,580,UPI,Paid,TXN-11FC007540,2025-07-23
682,682,9915,Credit Card,Paid,TXN-579D4543B7,2025-01-06
683,683,3715,Debit Card,Pending,TXN-C7DFBC3D55,
684,684,3854,UPI,Paid,TXN-8391BB6CA4,2025-01-29
685,685,5679,Credit Card,Paid,TXN-2F945BDCA9,2025-06-21
686,686,4664,Net Banking,Paid,TXN-C4401C9C62,2025-11-09
687,687,8479,Debit Card,Paid,TXN-40CF93A3B0,2026-01-01
688,688,6669,Debit Card,Paid,TXN-FFC707D0F7,2025-02-12
689,689,5017,Debit Card,Paid,TXN-00BDA3BE7A,2025-04-10
690,690,856,Credit Card,Paid,TXN-F472541B7A,2025-02-23
691,691,5547,Cash,Paid,TXN-D0E2CE2BFB,2025-03-29
692,692,9137,Debit Card,Paid,TXN-1D44E2F6F5,2025-12-16
693,693,5067,Debit Card,Refunded,TXN-CDA89D51ED,
694,694,9854,Credit Card,Paid,TXN-B1F89CE383,2025-03-13
695,695,1379,Credit Card,Pending,TXN-2C58AD78A6,
696,696,564,UPI,Paid,TXN-95D05CDED7,2025-01-05
697,697,7077,Net Banking,Paid,TXN-57DD30B418,2025-01-25
698,698,7597,Net Banking,Paid,TXN-193BA6174C,2025-12-19
699,699,7273,Debit Card,Paid,TXN-7752A398DF,2025-02-21
700,700,2208,Cash,Paid,TXN-B9F9816D4B,2025-05-12
701,701,505,Credit Card,Paid,TXN-A277118EEB,2025-01-13
702,702,8860,Debit Card,Paid,TXN-F32B38D99A,2025-12-24
703,703,7479,Cash,Paid,TXN-D8663B2458,2025-01-22
704,704,9693,Debit Card,Pending,TXN-A586D77B15,
705,705,1344,UPI,Paid,TXN-3A17975845,2025-03-13
706,706,7745,Cash,Pending,TXN-EA5EFBD106,
707,707,8982,Debit Card,Pending,TXN-C0D6B6A775,
708,708,5551,UPI,Paid,TXN-8AB2990321,2025-10-20
709,709,1102,Debit Card,Paid,TXN-ED26BDF7C6,2025-04-02
710,710,2683,UPI,Paid,TXN-2A17EDF7B9,2025-07-10
711,711,6286,Credit Card,Pending,TXN-E556F8EF3B,
712,712,2228,Credit Card,Paid,TXN-2A67D410A3,2025-12-20
713,713,6540,Cash,Paid,TXN-18C9E895CF,2025-09-15
714,714,2284,Debit Card,Paid,TXN-4656741568,2025-12-14
715,715,3847,Credit Card,Paid,TXN-48FE67F699,2025-12-08
716,716,7826,UPI,Paid,TXN-13ECD6B70E,2025-08-31
717,717,1573,Cash,Paid,TXN-AA7AFE3D82,2025-08-25
718,718,2908,Net Banking,Paid,TXN-5E506E2F78,2025-05-28
719,719,7316,Cash,Paid,TXN-CFCA60B133,2025-07-31
720,720,4725,Net Banking,Paid,TXN-C095E68F4F,2025-05-28
721,721,7108,Net Banking,Paid,TXN-5DA52C7FEC,2025-09-28
722,722,1360,Net Banking,Paid,TXN-717D25DCCD,2025-12-13
723,723,6548,Credit Card,Paid,TXN-76B0180992,2025-09-21
724,724,8439,Credit Card,Pending,TXN-67F09D5513,
725,725,3023,UPI,Pending,TXN-C862FAA73E,
726,726,854,Credit Card,Pending,TXN-29BBD8E7A0,
727,727,1370,Cash,Paid,TXN-8561E9300E,2025-10-22
728,728,2814,Cash,Paid,TXN-AC9C1C16D8,2025-09-23
729,729,7669,Credit Card,Paid,TXN-6735F96533,2025-04-29
730,730,5347,Debit Card,Paid,TXN-870EDB040D,2025-11-27
731,731,5824,UPI,Paid,TXN-B4A147BD1B,2025-04-30
732,732,1265,Cash,Paid,TXN-9E78F60895,2025-05-05
733,733,1375,Net Banking,Paid,TXN-82A2D3F708,2025-02-09
734,734,8743,Debit Card,Pending,TXN-B7E6C94BAE,
735,735,7097,Debit Card,Paid,TXN-95DA10D329,2025-08-13
736,736,9986,Credit Card,Paid,TXN-3B17647DEC,2025-11-01
737,737,8908,UPI,Paid,TXN-DF6C7FBC17,2025-01-24
738,738,7667,Credit Card,Refunded,TXN-3B01848FF6,
739,739,3805,Debit Card,Pending,TXN-AFEF2B7AF8,
740,740,5865,Net Banking,Paid,TXN-168F6D8A3C,2025-07-22
741,741,6288,Net Banking,Paid,TXN-F3E738CAFF,2025-09-08
742,742,4555,Debit Card,Paid,TXN-8C4ADCA7A9,2025-03-07
743,743,8285,UPI,Pending,TXN-FD79876E57,
744,744,9251,Cash,Paid,TXN-EDC9910BAB,2025-09-05
745,745,3248,Debit Card,Paid,TXN-ED76059634,2025-10-26
746,746,6716,Credit Card,Paid,TXN-52085F8BC5,2025-06-18
747,747,8158,Cash,Paid,TXN-BBB1BE2F53,2025-10-15
748,748,8584,UPI,Paid,TXN-A806657E95,2025-08-13
749,749,2618,Cash,Paid,TXN-64F74D0215,2025-06-20
750,750,3756,UPI,Pending,TXN-51727213EF,
751,751,5542,UPI,Paid,TXN-5BB1ABCE71,2025-03-10
752,752,2048,Debit Card,Paid,TXN-9ADE8E603D,2026-01-06
753,753,5531,Debit Card,Paid,TXN-9DA4B1E146,2025-02-05
754,754,2537,UPI,Paid,TXN-1C9CF2F370,2025-07-19
755,755,6571,Net Banking,Paid,TXN-C3F9515EFF,2025-05-25
756,756,1477,UPI,Paid,TXN-AA056A7EB9,2025-09-07
757,757,5184,Debit Card,Paid,TXN-A12247712B,2025-06-16
758,758,1813,Credit Card,Paid,TXN-EDDED1FE7D,2025-08-04
759,759,8260,Debit Card,Pending,TXN-FC9122E36E,
760,760,3219,Debit Card,Paid,TXN-3A857AEDDD,2025-08-29
761,761,6763,Cash,Pending,TXN-112923E9C8,
762,762,5344,Net Banking,Pending,TXN-59BFAAA8A8,
763,763,8241,Net Banking,Paid,TXN-AE488EC281,2025-02-14
764,764,4032,Credit Card,Refunded,TXN-E6B3624193,
765,765,6821,Net Banking,Paid,TXN-E862B3025B,2025-07-02
766,766,7006,Net Banking,Paid,TXN-A8A6C65974,2025-03-24
767,767,6622,Cash,Paid,TXN-BFECEA90C7,2026-01-06
768,768,3245,UPI,Paid,TXN-3104340F9B,2025-06-13
769,769,4946,Debit Card,Paid,TXN-4353E858AE,2025-03-28
770,770,5943,Credit Card,Paid,TXN-7AC1F97203,2025-11-25
771,771,5136,Debit Card,Paid,TXN-48E6601D8B,2025-02-14
772,772,6056,Cash,Paid,TXN-B73080282F,2025-12-30
773,773,9095,Credit Card,Paid,TXN-638452E600,2025-11-20
774,774,6555,Cash,Paid,TXN-7A2B3B8CB0,2025-01-17
775,775,1638,Credit Card,Pending,TXN-44FEC75C1F,
776,776,1635,Cash,Pending,TXN-5FB6AA0632,
777,777,4011,Debit Card,Paid,TXN-2E7FE9761E,2025-01-17
778,778,6430,UPI,Paid,TXN-69A7B482D4,2025-03-27
779,779,6449,UPI,Paid,TXN-D73745430E,2025-11-17
780,780,9288,Credit Card,Paid,TXN-B2ED5ABBEF,2025-06-25
781,781,5570,Credit Card,Paid,TXN-702452E1AA,2025-03-05
782,782,2968,Debit Card,Paid,TXN-144FF15A17,2025-05-27
783,783,2496,Net Banking,Paid,TXN-3B9FFF7B33,2025-02-19
784,784,9485,Cash,Pending,TXN-FB12E40393,
785,785,3567,Debit Card,Paid,TXN-47D66650B7,2025-02-26
786,786,5690,UPI,Paid,TXN-748438D9FB,2025-01-08
787,787,3116,Debit Card,Pending,TXN-C577703074,
788,788,5296,Net Banking,Paid,TXN-4337BE1984,2025-04-07
789,789,7934,Net Banking,Pending,TXN-71EAECDEE4,
790,790,2364,Cash,Refunded,TXN-FA1F466744,
791,791,9142,Debit Card,Paid,TXN-BF0EC84E07,2025-02-02
792,792,9225,Credit Card,Paid,TXN-0765A3A63E,2025-08-26
793,793,5803,Credit Card,Paid,TXN-0E3AE94A89,2025-07-01
794,794,4116,Cash,Paid,TXN-1EE94F2B4D,2025-12-01
795,795,7914,Debit Card,Paid,TXN-4BCE79F0E7,2025-09-17
796,796,988,Cash,Pending,TXN-02400EDA36,
797,797,8161,UPI,Paid,TXN-03794F3176,2025-12-15
798,798,2242,Cash,Paid,TXN-9BD9337A14,2025-07-31
799,799,1622,Cash,Paid,TXN-8A9C03962A,2025-11-02
800,800,1193,Credit Card,Paid,TXN-7C49ED9A50,2025-03-29
801,801,9966,Net Banking,Paid,TXN-9D786E1179,2025-05-20
802,802,9249,UPI,Paid,TXN-B1120D6E43,2025-01-12
803,803,2442,Cash,Paid,TXN-49DF128AE0,2025-02-28
804,804,8775,Cash,Paid,TXN-28EB76EE01,2025-11-07
805,805,7725,UPI,Pending,TXN-1A086D015D,
806,806,6346,Cash,Paid,TXN-9E6688423A,2025-02-10
807,807,4798,Debit Card,Paid,TXN-34F630566B,2025-01-31
808,808,8249,UPI,Paid,TXN-92CE9428F6,2025-10-27
809,809,9808,Credit Card,Paid,TXN-3D47F5AA6B,2025-03-06
810,810,1557,Cash,Paid,TXN-A25734EC73,2025-04-29
811,811,6591,Debit Card,Paid,TXN-16A09CFEFE,2025-12-22
812,812,6996,Cash,Paid,TXN-08DB157BB3,2026-01-04
813,813,2536,Credit Card,Paid,TXN-F8FC25771D,2025-04-23
814,814,2930,Credit Card,Paid,TXN-D0C81FC417,2025-09-17
815,815,7206,Net Banking,Paid,TXN-11A813E6FC,2025-07-22
816,816,9307,Credit Card,Pending,TXN-DF7B6C1FFA,
817,817,6245,Debit Card,Paid,TXN-FE04285A95,2025-11-29
818,818,971,Net Banking,Paid,TXN-FCA813489E,2025-03-24
819,819,2475,Net Banking,Paid,TXN-68DC717F17,2025-01-10
820,820,5928,Credit Card,Paid,TXN-E181C150EE,2025-06-05
821,821,3349,Cash,Paid,TXN-D3FB1523B4,2025-11-20
822,822,4687,Net Banking,Paid,TXN-92B90185B2,2025-04-17
823,823,4651,Debit Card,Paid,TXN-803BD00457,2025-01-18
824,824,3654,Cash,Paid,TXN-F9361EBF7F,2025-12-11
825,825,6568,Cash,Paid,TXN-B36DCFEB23,2025-08-26
826,826,9538,UPI,Paid,TXN-5D567E19ED,2025-03-14
827,827,8429,Debit Card,Pending,TXN-09278C3A57,
828,828,7212,UPI,Paid,TXN-25F0F4A710,2025-05-20
829,829,5238,UPI,Paid,TXN-3B441CA669,2025-08-22
830,830,6762,Credit Card,Paid,TXN-661F76C38C,2025-02-12
831,831,4680,Credit Card,Paid,TXN-3C2119393D,2025-12-01
832,832,6457,Debit Card,Paid,TXN-A6618367BD,2025-12-16
833,833,5601,Net Banking,Paid,TXN-360D0CEFEE,2025-06-03
834,834,2450,Debit Card,Pending,TXN-AFF37471A5,
835,835,733,Cash,Pending,TXN-4C5D3FE424,
836,836,2062,Credit Card,Paid,TXN-D7EF557DE0,2025-12-08
837,837,727,Cash,Paid,TXN-D49C7F1ADD,2025-08-23
838,838,9260,UPI,Paid,TXN-DF9798CEAB,2025-06-04
839,839,5890,Credit Card,Paid,TXN-6ECFD26809,2025-03-25
840,840,2598,Debit Card,Paid,TXN-5D6285F39A,2025-09-11
841,841,5765,Debit Card,Paid,TXN-EC88135255,2025-09-23
842,842,5247,UPI,Pending,TXN-F7433A3A8B,
843,843,9276,Debit Card,Paid,TXN-34D522D93F,2025-08-21
844,844,6394,Cash,Paid,TXN-183A3C7DD6,2025-11-10
845,845,784,Credit Card,Pending,TXN-63AE7F81A2,
846,846,7041,UPI,Paid,TXN-C2BD26B1FF,2025-11-20
847,847,7324,UPI,Paid,TXN-DE3BCD3821,2025-06-03
848,848,3216,Net Banking,Pending,TXN-607AD97374,
849,849,7759,Credit Card,Pending,TXN-96B216FA5B,
850,850,8725,Cash,Paid,TXN-77C468B23A,2025-05-13
851,851,7111,UPI,Pending,TXN-867D0D5602,
852,852,5698,Net Banking,Paid,TXN-81CD4E4BF4,2025-01-07
853,853,689,Cash,Pending,TXN-7627DBA8DB,
854,854,7613,UPI,Paid,TXN-8A86A79307,2025-06-07
855,855,733,Cash,Paid,TXN-15FA193E3C,2025-07-22
856,856,9074,Debit Card,Paid,TXN-E364C52556,2025-02-22
857,857,9916,Cash,Paid,TXN-A0B1ED5225,2025-09-15
858,858,9728,UPI,Pending,TXN-B5E7D981D5,
859,859,2112,Cash,Pending,TXN-B131AE76FD,
860,860,6380,UPI,Pending,TXN-4CDC4B8435,
861,861,1571,Net Banking,Paid,TXN-8CEF72B2E3,2025-09-09
862,862,9642,Credit Card,Paid,TXN-ECBFAB926A,2025-11-04
863,863,2705,Net Banking,Pending,TXN-B9C7C1C36E,
864,864,9352,UPI,Paid,TXN-2C1DE6B91D,2025-11-05
865,865,6793,Net Banking,Paid,TXN-43376AB738,2025-03-07
866,866,7312,Debit Card,Paid,TXN-DA70C7CCA3,2025-02-04
867,867,5796,UPI,Paid,TXN-57232662E2,2025-09-08
868,868,8386,Credit Card,Paid,TXN-22B9A5C16E,2025-04-25
869,869,9235,Debit Card,Paid,TXN-4B72EB4AC5,2025-01-13
870,870,9378,UPI,Paid,TXN-7AECC8E192,2025-01-20
871,871,6406,UPI,Paid,TXN-6653359523,2025-10-05
872,872,6048,Credit Card,Paid,TXN-E98D7784AA,2025-09-23
873,873,1730,Net Banking,Pending,TXN-A6BDD7C66F,
874,874,2332,Cash,Paid,TXN-67C345718D,2025-06-10
875,875,6637,Net Banking,Paid,TXN-7ED100D416,2025-09-13
876,876,5159,Credit Card,Paid,TXN-184B6537F1,2025-03-25
877,877,2473,UPI,Paid,TXN-9EA2795558,2025-08-07
878,878,1009,Credit Card,Paid,TXN-4599A1FD53,2025-09-27
879,879,8288,Net Banking,Paid,TXN-2683FCA893,2025-10-16
880,880,6834,Credit Card,Paid,TXN-61677DE8B5,2025-09-05
881,881,3010,Cash,Paid,TXN-C7E91F8BED,2025-09-25
882,882,9206,Net Banking,Paid,TXN-66B7DC5BDA,2025-10-11
883,883,2093,Credit Card,Paid,TXN-1D121B4F6B,2025-12-20
884,884,9979,Debit Card,Paid,TXN-CD6DE773C2,2025-06-03
885,885,2327,Debit Card,Paid,TXN-E63B5483D0,2025-04-23
886,886,5832,Cash,Pending,TXN-82DF7C1EC2,
887,887,9348,Cash,Paid,TXN-73B737F5DD,2025-01-23
888,888,7316,Net Banking,Paid,TXN-E0D35C69AB,2025-01-16
889,889,3906,Credit Card,Paid,TXN-46C53DDE79,2025-03-15
890,890,5091,Debit Card,Paid,TXN-16E5267D00,2025-08-04
891,891,2447,Net Banking,Paid,TXN-4028868380,2025-01-24
892,892,6180,UPI,Refunded,TXN-725366A322,
893,893,8427,Debit Card,Paid,TXN-323270D87D,2025-04-04
894,894,9213,Credit Card,Paid,TXN-54BB15A03E,2025-04-07
895,895,1158,Debit Card,Paid,TXN-35D36796C2,2025-06-04
896,896,9806,UPI,Paid,TXN-EFEB977F44,2025-06-11
897,897,2277,Cash,Paid,TXN-C54B0113BF,2025-07-14
898,898,7104,Debit Card,Paid,TXN-2324C31531,2025-09-17
899,899,610,Cash,Paid,TXN-578BED356F,2025-12-27
900,900,1445,Credit Card,Paid,TXN-09672FDB9B,2025-06-17
901,901,2165,UPI,Paid,TXN-B826906B02,2025-09-17
902,902,9013,Debit Card,Paid,TXN-778151EB3B,2025-09-09
903,903,2819,Net Banking,Paid,TXN-174F70062F,2025-08-12
904,904,9181,Cash,Paid,TXN-7695D5D3DC,2025-09-27
905,905,2891,Cash,Pending,TXN-65B2A8F49E,
906,906,4808,Debit Card,Refunded,TXN-DCB2D5D0F4,
907,907,4233,Debit Card,Paid,TXN-D690205CF7,2025-03-23
908,908,2472,Net Banking,Pending,TXN-5E42A04440,
909,909,8489,Net Banking,Pending,TXN-776695AF85,
910,910,621,UPI,Paid,TXN-6E2C518CA3,2025-05-11
911,911,8052,UPI,Paid,TXN-7DB735AAD3,2025-07-12
912,912,5432,Net Banking,Paid,TXN-112715E207,2025-06-17
913,913,4365,Cash,Paid,TXN-D235816590,2025-10-12
914,914,8984,Net Banking,Paid,TXN-50B5E12FF3,2025-10-08
915,915,5137,Credit Card,Paid,TXN-68E1FFDC03,2025-11-05
916,916,561,Debit Card,Paid,TXN-ECDF677773,2025-08-14
917,917,6850,Credit Card,Paid,TXN-684DCFACC6,2025-05-19
918,918,5992,UPI,Paid,TXN-1936F074BB,2025-05-17
919,919,4669,Credit Card,Pending,TXN-9A2410182E,
920,920,5569,UPI,Paid,TXN-DA91B6D1A8,2025-03-06
921,921,5109,Debit Card,Paid,TXN-16D5674C51,2025-12-28
922,922,653,UPI,Pending,TXN-63593A5429,
923,923,1214,Net Banking,Paid,TXN-6552A71029,2025-10-26
924,924,6504,Credit Card,Pending,TXN-27A0F8612D,
925,925,1978,UPI,Paid,TXN-DE6E5293C4,2025-08-16
926,926,3913,Credit Card,Paid,TXN-CB172AA50C,2025-01-25
927,927,5982,Cash,Paid,TXN-892D916CE5,2025-06-14
928,928,5066,Net Banking,Paid,TXN-76EF63BB05,2025-11-13
929,929,2357,UPI,Paid,TXN-78081DE4C8,2025-07-09
930,930,5019,Credit Card,Refunded,TXN-B408C0F1D9,
931,931,3980,Debit Card,Paid,TXN-3F0D8B5EA0,2025-10-03
932,932,7584,Credit Card,Paid,TXN-3698A36403,2025-05-13
933,933,2895,UPI,Pending,TXN-15F5360F0C,
934,934,7749,Cash,Refunded,TXN-D7BC55D555,
935,935,3788,Credit Card,Paid,TXN-A30D080BEA,2025-03-27
936,936,3297,UPI,Paid,TXN-80F086CC46,2025-06-07
937,937,3971,Net Banking,Paid,TXN-31A93200E7,2025-01-12
938,938,1945,Cash,Paid,TXN-D477D3BE52,2025-11-26
939,939,4660,UPI,Paid,TXN-6A9C3A2BD6,2025-07-13
940,940,4267,Cash,Paid,TXN-4B03C2CE98,2025-05-18
941,941,6023,Cash,Paid,TXN-BD1468A701,2025-01-08
942,942,4741,Net Banking,Paid,TXN-33EBF8427B,2025-09-25
943,943,2278,Credit Card,Paid,TXN-46D1BCF0DC,2025-11-04
944,944,9628,Cash,Pending,TXN-3F40146E8D,
945,945,9366,Debit Card,Paid,TXN-F73903A0AB,2025-07-29
946,946,1079,Net Banking,Pending,TXN-861B736F74,
947,947,6313,Cash,Paid,TXN-E52104C34C,2025-11-14
948,948,6238,UPI,Paid,TXN-306AE038ED,2025-07-03
949,949,2115,Cash,Paid,TXN-5285F968DE,2025-06-13
950,950,983,Credit Card,Paid,TXN-07FEBC2E95,2025-04-03
951,951,8576,Cash,Paid,TXN-F65C3DF57C,2025-10-09
952,952,6846,UPI,Paid,TXN-7820EECBCE,2026-01-02
953,953,9778,Debit Card,Paid,TXN-025E6DA3E3,2025-02-24
954,954,674,Credit Card,Pending,TXN-F24774DB65,
955,955,9453,Cash,Paid,TXN-E4DBE1F749,2025-10-20
956,956,5829,Debit Card,Paid,TXN-7E71079351,2025-10-16
957,957,7891,Debit Card,Paid,TXN-BAE9E65EA8,2025-08-06
958,958,6558,UPI,Pending,TXN-43F50F3495,
959,959,5132,UPI,Paid,TXN-E7A4AC6E21,2025-10-23
960,960,4554,Credit Card,Pending,TXN-DF027A4406,
961,961,5794,UPI,Refunded,TXN-44378DD940,
962,962,6043,Debit Card,Pending,TXN-972D108C44,
963,963,3620,Debit Card,Paid,TXN-8DAD4C9B08,2025-05-20
964,964,4151,Net Banking,Paid,TXN-08EEAF50D9,2025-08-23
965,965,2479,UPI,Pending,TXN-EAEA55D65A,
966,966,8931,UPI,Paid,TXN-669FD07E8D,2025-12-17
967,967,6569,Net Banking,Pending,TXN-5024B516CB,
968,968,3523,Cash,Pending,TXN-A215EAA284,
969,969,5582,Credit Card,Refunded,TXN-CA9CC08E1B,
970,970,6868,Credit Card,Paid,TXN-50BC72F534,2025-02-27
971,971,3254,UPI,Paid,TXN-5BC441B087,2025-05-11
972,972,4117,UPI,Paid,TXN-D8B83F576B,2025-10-01
973,973,2773,Net Banking,Paid,TXN-7B0D16D734,2025-01-30
974,974,4797,Net Banking,Paid,TXN-BB446405A1,2025-05-28
975,975,1467,Debit Card,Paid,TXN-4A017AF374,2025-07-22
976,976,2292,Net Banking,Paid,TXN-712503A742,2025-09-13
977,977,3692,Net Banking,Paid,TXN-0D861810EC,2025-06-12
978,978,2590,UPI,Paid,TXN-3A0CDF0804,2025-02-12
979,979,4108,UPI,Paid,TXN-19D8A7F174,2025-04-06
980,980,2475,Net Banking,Paid,TXN-A97A9AD168,2025-12-25
981,981,2213,Credit Card,Paid,TXN-0F845A59EF,2025-10-30
982,982,6705,Net Banking,Pending,TXN-944EB10F02,
983,983,9865,Debit Card,Paid,TXN-9F303AFA8B,2025-01-21
984,984,3053,Cash,Paid,TXN-8342311897,2025-03-14
985,985,1484,Credit Card,Paid,TXN-681BFEF722,2025-07-31
986,986,1676,Cash,Paid,TXN-EFC3D47631,2025-07-07
987,987,5571,Net Banking,Paid,TXN-CE0C3EA8A6,2025-08-07
988,988,5807,Debit Card,Paid,TXN-8AF2EEF0DF,2025-09-12
989,989,1103,Credit Card,Pending,TXN-35EBDF6B14,
990,990,3212,Credit Card,Pending,TXN-D90B54D88C,
991,991,2223,Cash,Paid,TXN-E83D7E3AEC,2025-06-18
992,992,3075,UPI,Paid,TXN-2A861CE34A,2025-08-26
993,993,7830,Debit Card,Pending,TXN-FDA16C63EB,
994,994,8358,Credit Card,Paid,TXN-383D28E394,2025-05-12
995,995,6735,UPI,Paid,TXN-BCE154EFC2,2025-12-03
996,996,6298,UPI,Paid,TXN-3A584CCB69,2025-04-16
997,997,9780,Cash,Paid,TXN-609F27E891,2025-04-22
998,998,1983,Credit Card,Paid,TXN-E23F689587,2025-09-08
999,999,7839,UPI,Paid,TXN-FE1564059B,2025-03-30
1000,1000,2405,Net Banking,Paid,TXN-7CB916B67E,2025-08-02
1001,1001,1292,Cash,Pending,TXN-2A81D70450,
1002,1002,4468,Cash,Paid,TXN-8A2DAF7C42,2025-02-27
1003,1003,3939,Debit Card,Paid,TXN-CBEBE57A0C,2026-01-05
1004,1004,4429,Debit Card,Paid,TXN-5416B9D51E,2026-01-02
1005,1005,835,Debit Card,Paid,TXN-CF9997E3DB,2025-06-21
1006,1006,6893,Net Banking,Paid,TXN-C7D6539383,2025-05-22
1007,1007,5373,UPI,Pending,TXN-A9E6D86808,
1008,1008,1712,Credit Card,Paid,TXN-DFE44E1F7E,2025-05-05
1009,1009,4672,UPI,Paid,TXN-05FABC5377,2025-01-07
1010,1010,6426,UPI,Paid,TXN-712B7ED392,2025-06-26
1011,1011,8535,Net Banking,Paid,TXN-B58905FA9F,2025-08-30
1012,1012,5157,Debit Card,Paid,TXN-97D3B08A31,2025-10-16
1013,1013,3330,Debit Card,Paid,TXN-357F6CCCF9,2025-04-15
1014,1014,6634,Net Banking,Paid,TXN-C1AC6C17CF,2025-04-14
1015,1015,1415,Credit Card,Paid,TXN-1716A2CB51,2025-06-30
1016,1016,8550,Credit Card,Paid,TXN-2F95765030,2025-01-16
1017,1017,2174,Net Banking,Paid,TXN-735026E09F,2025-06-04
1018,1018,4768,Debit Card,Refunded,TXN-E5D1A729E6,
1019,1019,8934,Debit Card,Paid,TXN-D8E7ABCF50,2025-05-14
1020,1020,5409,Net Banking,Paid,TXN-79F9686EA8,2025-06-29
1021,1021,4806,Credit Card,Paid,TXN-4C55FB2510,2025-05-07
1022,1022,5153,Net Banking,Paid,TXN-CC3278AC10,2025-03-29
1023,1023,6827,Net Banking,Pending,TXN-C4B00001E8,
1024,1024,720,Credit Card,Paid,TXN-2A798B8DB2,2025-11-21
1025,1025,8651,UPI,Paid,TXN-4B4D9ADC56,2025-02-17
1026,1026,7948,Credit Card,Paid,TXN-6E2AECD881,2025-05-10
1027,1027,4175,UPI,Paid,TXN-5A2C6274FB,2025-03-24
1028,1028,2127,Credit Card,Paid,TXN-648D2B8396,2025-10-10
1029,1029,9976,Cash,Paid,TXN-A541D89829,2025-03-28
1030,1030,2210,Debit Card,Paid,TXN-A82C0F1F4D,2025-04-14
1031,1031,5941,Cash,Paid,TXN-F846A3AF99,2025-05-17
1032,1032,3296,Net Banking,Paid,TXN-F39BBA36EF,2025-04-02
1033,1033,3096,UPI,Paid,TXN-6B77F58F64,2025-12-08
1034,1034,9778,Credit Card,Pending,TXN-C41CF55633,
1035,1035,8082,Credit Card,Paid,TXN-6864565060,2025-02-17
1036,1036,2267,Net Banking,Paid,TXN-97AF20EE76,2025-01-19
1037,1037,2187,Credit Card,Paid,TXN-1F735975F2,2025-04-30
1038,1038,5585,UPI,Paid,TXN-39A3200B2A,2025-07-13
1039,1039,9886,Credit Card,Paid,TXN-CFF74C22FE,2025-08-26
1040,1040,3967,Net Banking,Paid,TXN-3C13FFF8AE,2025-08-04
1041,1041,3485,Debit Card,Paid,TXN-E9A73CB89E,2025-05-08
1042,1042,7040,Debit Card,Paid,TXN-4BF3018511,2025-07-01
1043,1043,6355,UPI,Paid,TXN-050ABAB135,2025-12-06
1044,1044,1771,Cash,Paid,TXN-5813D343DA,2025-01-26
1045,1045,6637,Cash,Paid,TXN-F1C871C612,2025-01-27
1046,1046,9830,Credit Card,Paid,TXN-77B7716182,2025-05-07
1047,1047,3980,Debit Card,Pending,TXN-6BF95377E1,
1048,1048,8269,UPI,Paid,TXN-D646D07C7C,2025-04-14
1049,1049,7784,Cash,Pending,TXN-C76953AB5E,
1050,1050,5814,Debit Card,Paid,TXN-AC977B5E87,2025-06-24
1051,1051,2568,UPI,Paid,TXN-DF3EC7EE50,2025-03-29
1052,1052,5827,Cash,Paid,TXN-DA7605C45C,2025-06-19
1053,1053,8661,Credit Card,Paid,TXN-C2979A791F,2025-12-12
1054,1054,8809,UPI,Refunded,TXN-CE7DA40C3C,
1055,1055,6371,Credit Card,Pending,TXN-07780B01D3,
1056,1056,4264,UPI,Paid,TXN-6388ABFC38,2025-10-13
1057,1057,7277,Net Banking,Paid,TXN-BDD7DFC29A,2025-07-22
1058,1058,8579,Cash,Paid,TXN-A33A93E0F5,2025-06-16
1059,1059,3592,Cash,Paid,TXN-7033FFB08D,2025-08-16
1060,1060,8587,Cash,Paid,TXN-78CFF23247,2025-03-20
1061,1061,4379,Net Banking,Paid,TXN-532F2A2207,2025-12-20
1062,1062,643,Cash,Pending,TXN-5532F4C36A,
1063,1063,9646,Cash,Paid,TXN-08975145FF,2025-12-10
1064,1064,7388,Debit Card,Refunded,TXN-9BA0B3997D,
1065,1065,6279,Credit Card,Paid,TXN-8DC9A9CA8B,2025-06-23
1066,1066,3068,Debit Card,Pending,TXN-A3C1EEA2E8,
1067,1067,1493,Credit Card,Pending,TXN-B991B9D26D,
1068,1068,6268,UPI,Paid,TXN-DA0AB5BAD7,2025-11-13
1069,1069,1495,UPI,Paid,TXN-62DCE09D00,2025-08-14
1070,1070,5587,Cash,Paid,TXN-85802442FC,2025-07-24
1071,1071,504,Credit Card,Paid,TXN-22FCAA71DB,2025-02-26
1072,1072,2003,Net Banking,Paid,TXN-54684F7C04,2025-07-07
1073,1073,991,Credit Card,Paid,TXN-2F7866BF6D,2025-03-05
1074,1074,4800,Net Banking,Paid,TXN-2689CBA1B0,2025-09-04
1075,1075,4519,UPI,Pending,TXN-AA651F9C5F,
1076,1076,6287,Debit Card,Paid,TXN-AD8AAF3073,2025-07-29
1077,1077,4287,Debit Card,Paid,TXN-B24EEEBCC0,2025-07-01
1078,1078,592,Debit Card,Paid,TXN-A0191E1EED,2025-02-09
1079,1079,5553,Cash,Paid,TXN-9382A90221,2025-03-17
1080,1080,2354,Net Banking,Pending,TXN-6E67D6A2B4,
1081,1081,8288,Debit Card,Paid,TXN-E567D166CD,2025-02-05
1082,1082,1189,UPI,Paid,TXN-1518A4AD10,2025-12-03
1083,1083,5204,UPI,Paid,TXN-1C6402C851,2025-08-06
1084,1084,885,UPI,Paid,TXN-CA7042B971,2026-01-05
1085,1085,7702,UPI,Pending,TXN-F16AFDF9D9,
1086,1086,8095,Credit Card,Paid,TXN-B961B9DBB1,2025-06-09
1087,1087,4774,Cash,Paid,TXN-66F95FA51A,2025-06-01
1088,1088,2450,UPI,Paid,TXN-D4557C05B0,2025-04-15
1089,1089,4381,Net Banking,Paid,TXN-26F2931886,2025-08-10
1090,1090,2240,Net Banking,Paid,TXN-77DD55CF35,2026-01-01
1091,1091,3945,Debit Card,Paid,TXN-1F610460CE,2025-08-23
1092,1092,1878,UPI,Paid,TXN-D315AFDFE8,2025-05-21
1093,1093,6469,UPI,Pending,TXN-B323C2BD12,
1094,1094,3403,Credit Card,Paid,TXN-F51E2193B0,2025-05-03
1095,1095,4370,Net Banking,Paid,TXN-CCDC17D936,2025-06-15
1096,1096,6490,UPI,Paid,TXN-68FA5A004D,2025-04-06
1097,1097,7073,Debit Card,Paid,TXN-833B96315F,2025-03-09
1098,1098,5457,Debit Card,Paid,TXN-CA6FE84E5C,2025-12-21
1099,1099,9394,UPI,Paid,TXN-1959526208,2025-07-04
1100,1100,6731,Cash,Paid,TXN-E10526BAA1,2025-12-22
1101,1101,3545,UPI,Paid,TXN-BA10CEDA7D,2025-12-05
1102,1102,9612,Credit Card,Pending,TXN-48B0D7D99E,
1103,1103,703,Credit Card,Paid,TXN-C438FDE62C,2025-11-21
1104,1104,3628,Debit Card,Paid,TXN-3339E13B08,2025-02-11
1105,1105,5309,Credit Card,Paid,TXN-8DA26A9332,2025-07-02
1106,1106,4579,Credit Card,Pending,TXN-75106B8DCE,
1107,1107,9490,Net Banking,Paid,TXN-9FFE209EFC,2025-06-15
1108,1108,9930,Debit Card,Pending,TXN-769142DA47,
1109,1109,1020,Credit Card,Paid,TXN-61881C7D64,2025-09-08
1110,1110,9312,Net Banking,Paid,TXN-2B83F56FB0,2025-12-06
1111,1111,1966,Credit Card,Pending,TXN-6DF0864EA2,
1112,1112,6151,Debit Card,Paid,TXN-FADBB05A87,2025-09-13
1113,1113,6444,UPI,Paid,TXN-082CD79BE2,2025-11-01
1114,1114,8416,Debit Card,Paid,TXN-80671FBD40,2025-05-30
1115,1115,7143,Credit Card,Pending,TXN-D1D563AB7E,
1116,1116,3496,Credit Card,Paid,TXN-F0B880FE30,2025-12-05
1117,1117,4763,Cash,Paid,TXN-77513DD6AF,2025-12-04
1118,1118,4469,UPI,Paid,TXN-FF3A27F4C1,2025-01-24
1119,1119,3885,Credit Card,Pending,TXN-7D34FED598,
1120,1120,9455,UPI,Paid,TXN-B027FF3FB0,2025-09-20
1121,1121,3746,UPI,Paid,TXN-D1A029943C,2025-01-13
1122,1122,5811,Cash,Paid,TXN-62343A3FFE,2025-02-22
1123,1123,8385,UPI,Paid,TXN-12B3585F3C,2025-12-19
1124,1124,3441,Debit Card,Paid,TXN-A4B05965FA,2026-01-09
1125,1125,7967,Debit Card,Paid,TXN-2EF3444173,2025-11-24
1126,1126,3250,UPI,Paid,TXN-F379DC3BB1,2025-09-05
1127,1127,1067,Cash,Pending,TXN-90F066B942,
1128,1128,5121,Credit Card,Paid,TXN-95D1972D56,2025-11-03
1129,1129,2027,Net Banking,Pending,TXN-119601DD7B,
1130,1130,6972,Debit Card,Paid,TXN-A756ECEB60,2025-05-18
1131,1131,5218,Debit Card,Pending,TXN-84AAC27065,
1132,1132,6020,UPI,Paid,TXN-E60B45455F,2025-10-28
1133,1133,4436,Debit Card,Pending,TXN-AED49EA820,
1134,1134,4765,Credit Card,Pending,TXN-92F9178B83,
1135,1135,1007,UPI,Paid,TXN-FE71745713,2025-08-13
1136,1136,5038,Cash,Paid,TXN-41342F0510,2025-06-08
1137,1137,7077,Credit Card,Paid,TXN-1E1C527E37,2025-10-13
1138,1138,1828,Credit Card,Paid,TXN-A7A6D6F979,2025-11-12
1139,1139,9429,Credit Card,Paid,TXN-9939D0C5A7,2025-07-09
1140,1140,4202,Debit Card,Paid,TXN-D178702366,2025-04-08
1141,1141,3939,UPI,Paid,TXN-F068195D80,2025-06-25
1142,1142,9854,UPI,Paid,TXN-5ECBCDFC66,2025-01-26
1143,1143,2772,Net Banking,Pending,TXN-E6E2773F7A,
1144,1144,3350,Debit Card,Paid,TXN-C961F04AEA,2025-09-19
1145,1145,5027,Debit Card,Pending,TXN-255DAE6230,
1146,1146,6034,Debit Card,Paid,TXN-CA0BBCE243,2025-10-19
1147,1147,1139,UPI,Paid,TXN-D792B9E8BB,2025-03-24
1148,1148,7997,Cash,Pending,TXN-005E2252E9,
1149,1149,9041,Debit Card,Pending,TXN-E46D2DFAEB,
1150,1150,3193,Credit Card,Paid,TXN-AF9A6F1DAA,2025-04-23
1151,1151,3959,Cash,Pending,TXN-27AC260AAA,
1152,1152,9250,Cash,Paid,TXN-93DD3B0893,2025-09-22
1153,1153,9476,Debit Card,Paid,TXN-CDF1CDBD85,2025-05-09
1154,1154,9649,Credit Card,Pending,TXN-B858908545,
1155,1155,6899,Credit Card,Paid,TXN-6AECB093F7,2025-06-01
1156,1156,6510,UPI,Paid,TXN-A7954E850E,2025-11-24
1157,1157,4951,Debit Card,Paid,TXN-B4DA20422A,2025-02-02
1158,1158,3254,Cash,Pending,TXN-F7EF1FB123,
1159,1159,2593,Cash,Paid,TXN-AA8FFD4776,2025-01-28
1160,1160,8798,UPI,Paid,TXN-FD0C8D486B,2025-06-12
1161,1161,2743,UPI,Pending,TXN-731CEFC32C,
1162,1162,2779,Net Banking,Paid,TXN-3B59FF602D,2025-07-05
1163,1163,4129,Cash,Paid,TXN-9B1B9A2401,2025-04-02
1164,1164,8193,UPI,Paid,TXN-163D41548B,2025-02-08
1165,1165,8865,Cash,Pending,TXN-BA77F12AE7,
1166,1166,8202,Credit Card,Pending,TXN-9D71251ED1,
1167,1167,3117,Debit Card,Paid,TXN-D23837DE24,2025-02-24
1168,1168,4241,Cash,Pending,TXN-47BFD0D7D4,
1169,1169,3112,UPI,Pending,TXN-3DCE2E56FF,
1170,1170,596,Credit Card,Paid,TXN-58BF196625,2025-01-10
1171,1171,7639,Cash,Paid,TXN-E9958DD7E1,2025-04-20
1172,1172,8513,Net Banking,Refunded,TXN-C22ADA0BA8,
1173,1173,4317,Net Banking,Paid,TXN-6AE4E5EC7B,2025-03-21
1174,1174,6763,UPI,Paid,TXN-A9BBEE644D,2025-04-14
1175,1175,8713,UPI,Paid,TXN-001D78DD87,2025-02-03
1176,1176,3584,Net Banking,Paid,TXN-CAAE04B207,2026-01-02
1177,1177,1980,Credit Card,Pending,TXN-5624555DF3,
1178,1178,8106,Credit Card,Paid,TXN-1F53A11D86,2025-07-03
1179,1179,8678,Credit Card,Paid,TXN-634793F6C7,2025-07-02
1180,1180,5096,Debit Card,Pending,TXN-A77642A4DF,
1181,1181,2418,UPI,Paid,TXN-E32EBCCCF3,2025-05-18
1182,1182,2042,Net Banking,Pending,TXN-65BF5D4263,
1183,1183,7205,Cash,Pending,TXN-36DB1D5777,
1184,1184,4542,Debit Card,Pending,TXN-133A35BDF4,
1185,1185,6284,Debit Card,Pending,TXN-7CCC6E0607,
1186,1186,3473,Net Banking,Paid,TXN-1AD00614CD,2025-10-04
1187,1187,1151,Cash,Paid,TXN-9BEA97AF6D,2025-08-07
1188,1188,5939,Debit Card,Paid,TXN-9915A1A599,2025-06-10
1189,1189,6873,Debit Card,Paid,TXN-7B723FDAEC,2025-11-12
1190,1190,2453,Credit Card,Paid,TXN-161978393A,2025-09-07
1191,1191,5368,UPI,Refunded,TXN-5643EBCF30,
1192,1192,567,Credit Card,Paid,TXN-113A17B210,2025-11-05
1193,1193,629,Cash,Paid,TXN-267D1EC430,2025-09-06
1194,1194,9278,Net Banking,Paid,TXN-C80E6820D1,2025-03-13
1195,1195,9466,UPI,Paid,TXN-640EC24581,2025-10-04
1196,1196,9598,Debit Card,Paid,TXN-5FF9A36724,2025-07-11
1197,1197,6373,Debit Card,Paid,TXN-416840CFA5,2025-11-11
1198,1198,2805,Credit Card,Paid,TXN-A405F1F341,2025-12-21
1199,1199,7858,Net Banking,Paid,TXN-01F7134634,2026-01-03
1200,1200,9073,Credit Card,Pending,TXN-ECFFACC4A3,
1201,1201,5357,UPI,Pending,TXN-C6F334B783,
1202,1202,4411,UPI,Paid,TXN-C99135B752,2025-10-22
1203,1203,4290,Net Banking,Pending,TXN-29C820D1F6,
1204,1204,3877,Debit Card,Paid,TXN-8292CAD7AB,2025-04-24
1205,1205,8744,Credit Card,Pending,TXN-91861D3516,
1206,1206,6543,Net Banking,Pending,TXN-C801D61488,
1207,1207,3147,Cash,Pending,TXN-0D12637002,
1208,1208,1409,Net Banking,Paid,TXN-F57220D4EE,2025-10-26
1209,1209,2641,Credit Card,Paid,TXN-2662EE4489,2025-08-12
1210,1210,7648,UPI,Paid,TXN-7D629D9F97,2025-02-16
1211,1211,3463,Debit Card,Paid,TXN-966A7F614D,2025-04-14
1212,1212,6003,Debit Card,Paid,TXN-1E4722285E,2025-10-02
1213,1213,7091,Cash,Paid,TXN-FE808DA25E,2025-06-15
1214,1214,7669,Credit Card,Paid,TXN-6E23A4CDB7,2025-12-20
1215,1215,2857,Net Banking,Paid,TXN-2BF0D429ED,2025-01-09
1216,1216,9677,Cash,Paid,TXN-55EC846445,2025-01-30
1217,1217,2487,UPI,Paid,TXN-551EA56D6E,2025-12-20
1218,1218,6690,Debit Card,Paid,TXN-D9B52C34FA,2025-04-09
1219,1219,7508,Credit Card,Paid,TXN-5BBC2B0A99,2025-11-30
1220,1220,4683,Credit Card,Paid,TXN-9336418B03,2025-08-07
1221,1221,1827,Debit Card,Paid,TXN-2D9E7EE796,2025-10-01
1222,1222,1260,Credit Card,Paid,TXN-56231E2110,2025-06-01
1223,1223,8013,Net Banking,Paid,TXN-E2633DA913,2025-12-27
1224,1224,7405,Debit Card,Paid,TXN-0B7CD7F3BA,2025-10-15
1225,1225,645,UPI,Paid,TXN-A8E1931B14,2025-05-14
1226,1226,1378,Credit Card,Paid,TXN-18CACB1FAF,2025-08-03
1227,1227,3153,Net Banking,Paid,TXN-1B36033096,2025-03-03
1228,1228,8489,UPI,Paid,TXN-33B748D498,2025-05-19
1229,1229,2516,Credit Card,Paid,TXN-05C7A8BD3F,2025-01-16
1230,1230,7697,Net Banking,Paid,TXN-F10885D6A7,2025-12-18
1231,1231,7138,UPI,Paid,TXN-485F88DC1A,2025-02-24
1232,1232,4970,UPI,Paid,TXN-121FE29FB8,2025-07-11
1233,1233,3045,Credit Card,Paid,TXN-0F766A721A,2025-08-08
1234,1234,2955,UPI,Paid,TXN-20BDB2D7ED,2025-06-10
1235,1235,2423,UPI,Paid,TXN-EB30B49644,2025-07-31
1236,1236,713,Cash,Paid,TXN-18F2EEFB57,2025-10-30
1237,1237,8552,Cash,Paid,TXN-658CFC7AFC,2025-04-10
1238,1238,812,Cash,Paid,TXN-831B105019,2025-03-18
1239,1239,2621,Cash,Paid,TXN-6270A68861,2025-02-26
1240,1240,4519,Debit Card,Paid,TXN-50ACB6D006,2025-09-08
1241,1241,8697,Cash,Paid,TXN-DEF7948450,2025-04-30
1242,1242,1123,Debit Card,Paid,TXN-47A76DBB82,2025-05-12
1243,1243,7102,Net Banking,Paid,TXN-6E5E71B474,2025-05-14
1244,1244,7463,Debit Card,Pending,TXN-9B840B2937,
1245,1245,4565,UPI,Paid,TXN-13640EEB24,2025-12-06
1246,1246,8151,UPI,Paid,TXN-E138EBDBE1,2025-02-24
1247,1247,7599,Net Banking,Paid,TXN-FA3DE75D2E,2025-03-04
1248,1248,1946,Debit Card,Paid,TXN-33D19BA89D,2025-09-13
1249,1249,9574,UPI,Paid,TXN-8E191B6483,2025-10-30
1250,1250,6431,Cash,Paid,TXN-AD170332F1,2025-09-10
1251,1251,2140,Credit Card,Paid,TXN-56DF8F543F,2025-04-22
1252,1252,8710,Credit Card,Paid,TXN-8FCCABA592,2025-02-16
1253,1253,5471,UPI,Paid,TXN-DBC69E5C11,2025-05-07
1254,1254,1117,Net Banking,Paid,TXN-4FE23E929F,2025-05-31
1255,1255,4264,Cash,Paid,TXN-1011999A9E,2025-06-21
1256,1256,9515,Credit Card,Paid,TXN-D8E834D16B,2025-04-07
1257,1257,1598,Cash,Paid,TXN-EF6C5927A4,2025-04-12
1258,1258,1345,Cash,Paid,TXN-6D4AB9FD08,2025-04-17
1259,1259,9090,Net Banking,Pending,TXN-45F82F70AF,
1260,1260,1052,Debit Card,Paid,TXN-F2B0F174A3,2025-09-29
1261,1261,8552,Cash,Paid,TXN-EFF20BC4C7,2025-03-25
1262,1262,758,Cash,Paid,TXN-47BF4607E0,2025-01-24
1263,1263,2640,Net Banking,Paid,TXN-CC08BE38E4,2025-04-09
1264,1264,2455,Debit Card,Paid,TXN-209478B59B,2025-08-30
1265,1265,7016,Net Banking,Paid,TXN-20FB791025,2025-02-02
1266,1266,2106,Credit Card,Paid,TXN-D3B6ACF078,2025-07-05
1267,1267,2778,Cash,Paid,TXN-21F67F42C1,2025-10-17
1268,1268,2707,Credit Card,Paid,TXN-CEA9FBCC36,2025-03-17
1269,1269,3028,Net Banking,Paid,TXN-2FBC024232,2025-04-12
1270,1270,3457,Cash,Paid,TXN-BA4CF24DA8,2025-06-16
1271,1271,638,Debit Card,Paid,TXN-7F1A5C6285,2025-06-10
1272,1272,1261,Debit Card,Paid,TXN-E8FC913239,2025-01-22
1273,1273,6080,Debit Card,Pending,TXN-3784E01D07,
1274,1274,9432,Debit Card,Paid,TXN-A3EEB5344E,2025-10-13
1275,1275,2655,Cash,Paid,TXN-22BB2B34C4,2025-10-07
1276,1276,7853,Debit Card,Pending,TXN-6CF4AF44CE,
1277,1277,6358,Net Banking,Pending,TXN-44FE07551D,
1278,1278,7384,Credit Card,Refunded,TXN-6D20E0C15C,
1279,1279,5035,Cash,Pending,TXN-83498EE844,
1280,1280,4153,Cash,Paid,TXN-8029373C0E,2025-08-26
1281,1281,4952,Cash,Paid,TXN-D88CB4C4F0,2025-05-12
1282,1282,9527,UPI,Paid,TXN-A0C97923F7,2025-01-12
1283,1283,6304,Debit Card,Pending,TXN-D340827FDC,
1284,1284,5971,Cash,Paid,TXN-6150A4C3A5,2026-01-01
1285,1285,5522,Debit Card,Pending,TXN-F155E84E18,
1286,1286,1316,Debit Card,Paid,TXN-EE8E5A71AF,2025-10-01
1287,1287,1416,UPI,Pending,TXN-17174BBA01,
1288,1288,7070,Credit Card,Paid,TXN-33C763EC04,2025-03-17
1289,1289,2933,Net Banking,Paid,TXN-DE91D68778,2025-02-05
1290,1290,681,Credit Card,Pending,TXN-57DBB3C8AF,
1291,1291,4416,UPI,Paid,TXN-322CC7E4CD,2025-05-09
1292,1292,7811,Cash,Paid,TXN-58253CC1CE,2025-11-03
1293,1293,7666,Debit Card,Paid,TXN-124D7B77DA,2025-08-06
1294,1294,7755,UPI,Paid,TXN-3D8B73E799,2025-02-10
1295,1295,9313,Debit Card,Paid,TXN-9DBF112056,2025-09-29
1296,1296,1618,Cash,Pending,TXN-4B538421CA,
1297,1297,7638,UPI,Pending,TXN-8239326D74,
1298,1298,7791,Net Banking,Paid,TXN-FBCD801C3D,2025-03-11
1299,1299,8112,Cash,Paid,TXN-A24B6F0284,2025-08-02
1300,1300,3713,Cash,Paid,TXN-959343CCE7,2025-02-15
1301,1301,2340,Debit Card,Paid,TXN-E84E533F0F,2025-03-01
1302,1302,1001,Debit Card,Paid,TXN-C314BC5C13,2025-07-02
1303,1303,7482,UPI,Paid,TXN-7A800655FF,2025-03-03
1304,1304,6126,Cash,Paid,TXN-F391E11EAF,2025-09-24
1305,1305,5043,Debit Card,Paid,TXN-42878C7A71,2025-08-08
1306,1306,512,Credit Card,Pending,TXN-E845524E86,
1307,1307,9982,Net Banking,Paid,TXN-EB620B0EF9,2025-11-25
1308,1308,8925,Net Banking,Paid,TXN-585EF5D5B1,2025-03-17
1309,1309,3608,Debit Card,Paid,TXN-DE075FEAF0,2025-08-30
1310,1310,2919,Cash,Paid,TXN-F95816F875,2025-12-25
1311,1311,4970,UPI,Paid,TXN-5AE8E7D67E,2025-10-23
1312,1312,3827,Debit Card,Paid,TXN-E12A4ABDBB,2025-07-06
1313,1313,7644,Net Banking,Paid,TXN-453BC88D5E,2025-09-22
1314,1314,6565,Debit Card,Paid,TXN-ECE93A5A4F,2025-05-29
1315,1315,846,Credit Card,Pending,TXN-6062119AB3,
1316,1316,7797,UPI,Paid,TXN-F65CA84B5E,2025-09-03
1317,1317,5193,Cash,Paid,TXN-13830A0450,2025-12-07
1318,1318,6751,UPI,Paid,TXN-6AF63AFC05,2025-02-20
1319,1319,619,Cash,Paid,TXN-B78BE59270,2025-04-13
1320,1320,9220,Cash,Paid,TXN-9416236AA1,2025-04-04
1321,1321,6347,UPI,Paid,TXN-4732F4AC12,2025-06-15
1322,1322,7448,Net Banking,Paid,TXN-BE7A10DAEB,2025-09-03
1323,1323,5157,Net Banking,Paid,TXN-74ADDF94DB,2025-09-15
1324,1324,9691,Cash,Paid,TXN-F89241F079,2025-08-20
1325,1325,5080,Net Banking,Paid,TXN-BA50FC7A60,2025-02-16
1326,1326,5812,Net Banking,Paid,TXN-F450A55CD8,2025-08-07
1327,1327,1263,Cash,Paid,TXN-4DF7084D1D,2025-08-30
1328,1328,1779,Credit Card,Paid,TXN-F884D2123C,2025-11-19
1329,1329,9034,Credit Card,Paid,TXN-87853A9E30,2025-02-23
1330,1330,5669,Net Banking,Paid,TXN-127199AD09,2025-05-19
1331,1331,840,Debit Card,Paid,TXN-F6189F820B,2026-01-03
1332,1332,8481,Cash,Paid,TXN-A4C450BE23,2025-11-09
1333,1333,2474,Credit Card,Paid,TXN-7EC9CF5DCA,2025-04-27
1334,1334,6020,Cash,Pending,TXN-BFA521F07E,
1335,1335,6870,Net Banking,Paid,TXN-4CFA2F6068,2025-11-18
1336,1336,5374,UPI,Paid,TXN-9466A2A735,2025-08-18
1337,1337,4980,Debit Card,Paid,TXN-700EC462D5,2025-09-21
1338,1338,1960,UPI,Paid,TXN-A14F585A67,2025-06-01
1339,1339,5296,Credit Card,Paid,TXN-9DB9CEDE4E,2026-01-01
1340,1340,7171,Credit Card,Paid,TXN-5D3722B85C,2025-12-13
1341,1341,8009,Credit Card,Paid,TXN-53956C82CE,2025-06-03
1342,1342,2384,Cash,Paid,TXN-6C382C694C,2025-11-19
1343,1343,3189,Cash,Paid,TXN-BF3F1C2CC2,2025-05-26
1344,1344,7779,Credit Card,Paid,TXN-9073A0118A,2025-03-11
1345,1345,4106,UPI,Paid,TXN-3AC3099DCE,2025-06-01
1346,1346,6269,Credit Card,Pending,TXN-39B7336B95,
1347,1347,7412,UPI,Paid,TXN-6528C7D88F,2025-05-21
1348,1348,8216,Credit Card,Pending,TXN-130317A796,
1349,1349,9555,Debit Card,Paid,TXN-B390ED18A2,2025-04-30
1350,1350,7714,Cash,Pending,TXN-7F3BD0CFA3,
1351,1351,2920,Net Banking,Pending,TXN-2626C88069,
1352,1352,8270,Debit Card,Paid,TXN-A2257624B1,2025-04-22
1353,1353,8432,UPI,Paid,TXN-A7E5DDEF31,2025-01-30
1354,1354,4599,Net Banking,Paid,TXN-2F0B222FED,2025-01-07
1355,1355,5071,Credit Card,Paid,TXN-9708397D0A,2025-02-23
1356,1356,6576,Credit Card,Paid,TXN-B9497E612F,2025-08-23
1357,1357,7710,Cash,Paid,TXN-227BA49BD0,2025-05-16
1358,1358,1766,Credit Card,Paid,TXN-CE54F96A8B,2025-01-16
1359,1359,936,Debit Card,Paid,TXN-9BB2BDB506,2025-03-13
1360,1360,1906,UPI,Paid,TXN-70B95F9A15,2025-03-02
1361,1361,2795,Cash,Paid,TXN-FF9D4F3262,2025-07-16
1362,1362,9275,UPI,Paid,TXN-5F4C020D09,2025-06-19
1363,1363,2524,Cash,Paid,TXN-AC2C5AFC58,2025-01-23
1364,1364,5308,UPI,Paid,TXN-C4EEB2822A,2025-07-18
1365,1365,1270,Cash,Pending,TXN-B5DBF766BC,
1366,1366,7865,Cash,Paid,TXN-F827090743,2025-12-27
1367,1367,5938,Cash,Paid,TXN-008ED58B80,2025-10-05
1368,1368,8550,Cash,Paid,TXN-5EBBA97E99,2025-03-05
1369,1369,7725,Credit Card,Paid,TXN-616E6FBCA3,2025-04-07
1370,1370,5354,Net Banking,Paid,TXN-C3865F7536,2025-01-13
1371,1371,8331,Cash,Paid,TXN-8101B83FEA,2025-09-26
1372,1372,7279,Cash,Paid,TXN-E524393266,2025-06-11
1373,1373,4167,Cash,Paid,TXN-8FD6462643,2025-01-25
1374,1374,4646,Net Banking,Paid,TXN-F6A1EA9FBB,2025-07-03
1375,1375,6396,UPI,Paid,TXN-A0934907FA,2025-01-25
1376,1376,1388,Debit Card,Paid,TXN-AFBE2E7607,2025-01-23
1377,1377,7511,UPI,Paid,TXN-220B673779,2025-08-06
1378,1378,9850,Debit Card,Pending,TXN-598E742C14,
1379,1379,6547,Net Banking,Paid,TXN-698C0024F2,2025-11-27
1380,1380,5561,Net Banking,Paid,TXN-743FBE8A02,2025-09-22
1381,1381,3794,Credit Card,Pending,TXN-54D6A6BA86,
1382,1382,9527,Credit Card,Paid,TXN-5B25B510CB,2025-09-19
1383,1383,6402,Debit Card,Paid,TXN-0EC59F70DC,2025-03-28
1384,1384,5257,Net Banking,Paid,TXN-DB2A8C0D36,2025-04-03
1385,1385,1882,Cash,Paid,TXN-B4D10530FA,2025-09-18
1386,1386,7388,Cash,Paid,TXN-4BFFE5873C,2025-10-19
1387,1387,6624,Cash,Pending,TXN-09D686D11E,
1388,1388,7766,Cash,Paid,TXN-46458E94A9,2025-11-18
1389,1389,6063,Cash,Paid,TXN-BE05AB4195,2025-04-22
1390,1390,7719,Credit Card,Pending,TXN-0F7958263A,
1391,1391,4484,UPI,Paid,TXN-E68942FEBA,2025-09-02
1392,1392,9197,Debit Card,Paid,TXN-D46DC9BB00,2025-02-01
1393,1393,6940,Cash,Paid,TXN-3C0A3FD9D7,2025-02-24
1394,1394,3935,UPI,Paid,TXN-81865C6D9D,2025-09-12
1395,1395,1219,Credit Card,Paid,TXN-3F8C2EB5BF,2025-08-08
1396,1396,1915,Debit Card,Paid,TXN-597EC4D022,2025-11-12
1397,1397,1572,Debit Card,Pending,TXN-71FD8EE651,
1398,1398,3235,Net Banking,Pending,TXN-B746A8CBF5,
1399,1399,571,Cash,Paid,TXN-663A90EAF3,2025-10-17
1400,1400,6814,Net Banking,Paid,TXN-B5176956A4,2025-02-18
1401,1401,7386,Net Banking,Pending,TXN-11A165C001,
1402,1402,4588,UPI,Paid,TXN-23C0B79E0F,2025-03-05
1403,1403,2274,Cash,Paid,TXN-6FF1E20034,2025-05-05
1404,1404,8134,Net Banking,Paid,TXN-5218523F5B,2025-01-24
1405,1405,2159,Cash,Pending,TXN-D38F63B318,
1406,1406,8024,UPI,Paid,TXN-1611843DDE,2025-09-09
1407,1407,5831,UPI,Paid,TXN-8F983BE5FE,2025-04-24
1408,1408,6453,Net Banking,Paid,TXN-126EF15D22,2025-03-16
1409,1409,9463,Net Banking,Paid,TXN-F8F88A82FB,2025-02-28
1410,1410,2174,Net Banking,Pending,TXN-60F2086DAB,
1411,1411,8084,Net Banking,Pending,TXN-67A4E0E09D,
1412,1412,4664,Net Banking,Paid,TXN-CA6DACED12,2025-01-13
1413,1413,6005,Cash,Paid,TXN-D420CAF7A2,2025-08-22
1414,1414,7556,Net Banking,Paid,TXN-EBC7FC0F95,2025-04-22
1415,1415,2389,Cash,Paid,TXN-FE76210472,2025-12-27
1416,1416,8841,Net Banking,Paid,TXN-16BF066E09,2025-02-07
1417,1417,6219,Debit Card,Paid,TXN-6C21DD3F50,2025-09-25
1418,1418,8383,UPI,Paid,TXN-665E138FA9,2025-08-31
1419,1419,5182,Net Banking,Paid,TXN-46C43AFE52,2025-05-11
1420,1420,6983,Debit Card,Paid,TXN-0F1D43FEDE,2025-06-30
1421,1421,2180,Net Banking,Paid,TXN-486D5A965E,2025-03-13
1422,1422,1994,Credit Card,Paid,TXN-2A5CFF23ED,2025-04-25
1423,1423,9178,UPI,Paid,TXN-0AFFDA9BA1,2025-03-31
1424,1424,501,Net Banking,Paid,TXN-3C2258CFFD,2025-04-07
1425,1425,3584,Net Banking,Paid,TXN-955C28CBA1,2025-04-28
1426,1426,6309,UPI,Pending,TXN-82B4892DE4,
1427,1427,6057,Credit Card,Paid,TXN-909E2EF8FB,2025-03-22
1428,1428,8149,Cash,Pending,TXN-BB3CCC249F,
1429,1429,5017,Cash,Paid,TXN-DE9A32C983,2025-06-22
1430,1430,3402,UPI,Paid,TXN-039EC1244C,2025-08-21
1431,1431,3370,UPI,Paid,TXN-99A3BEA4CB,2025-04-19
1432,1432,4316,UPI,Paid,TXN-69F5284368,2025-09-07
1433,1433,2793,Net Banking,Paid,TXN-98D306DE73,2025-08-01
1434,1434,5056,Cash,Paid,TXN-3F85ED5BAE,2025-06-08
1435,1435,8119,Net Banking,Paid,TXN-0C229BB6F2,2025-05-22
1436,1436,9523,Debit Card,Paid,TXN-7F86A1CFB7,2025-05-28
1437,1437,1533,Credit Card,Paid,TXN-CB26242F37,2025-06-18
1438,1438,8348,Debit Card,Pending,TXN-504E5F2AF3,
1439,1439,9194,Net Banking,Paid,TXN-5DE21A79B1,2025-09-23
1440,1440,8038,Net Banking,Pending,TXN-A0F8481F15,
1441,1441,9058,Credit Card,Pending,TXN-058B025066,
1442,1442,3069,Net Banking,Paid,TXN-A39EEE8FC9,2025-06-27
1443,1443,3633,UPI,Paid,TXN-AF09338569,2025-09-29
1444,1444,5123,UPI,Paid,TXN-73F304978F,2025-08-24
1445,1445,5958,UPI,Paid,TXN-524AFC422E,2025-01-11
1446,1446,4298,Debit Card,Paid,TXN-0A39B08198,2025-02-27
1447,1447,6778,UPI,Paid,TXN-195AEDE62E,2026-01-03
1448,1448,2265,UPI,Paid,TXN-29720A38EF,2025-10-19
1449,1449,1177,Credit Card,Paid,TXN-51FF8E0549,2025-04-05
1450,1450,763,UPI,Paid,TXN-46111C5DFF,2025-10-06
1451,1451,2602,Cash,Paid,TXN-5ADDF8F0B4,2025-03-10
1452,1452,604,UPI,Paid,TXN-DA3AF453E5,2025-09-16
1453,1453,9429,Net Banking,Paid,TXN-59A5FF54C3,2025-08-30
1454,1454,2509,Credit Card,Paid,TXN-B0C8A43612,2025-01-27
1455,1455,8363,Debit Card,Paid,TXN-F5FD3FDD06,2025-11-15
1456,1456,3936,Debit Card,Paid,TXN-85BBF9E395,2025-09-21
1457,1457,1173,UPI,Paid,TXN-CC28603276,2025-10-18
1458,1458,2439,Debit Card,Pending,TXN-67FD49D5D8,
1459,1459,6521,Credit Card,Paid,TXN-080ED324C8,2025-07-03
1460,1460,4693,Credit Card,Paid,TXN-92F9ED4D15,2025-05-25
1461,1461,2622,UPI,Paid,TXN-50B9F222F6,2025-12-11
1462,1462,4464,Debit Card,Paid,TXN-EA60D1FFB2,2025-03-19
1463,1463,5723,Debit Card,Paid,TXN-831ED8B9DD,2025-09-13
1464,1464,9319,Cash,Paid,TXN-1C5FCCB2A3,2025-01-23
1465,1465,2760,Net Banking,Paid,TXN-FACF382AAA,2025-01-12
1466,1466,7540,Debit Card,Paid,TXN-3A31D3F228,2025-11-25
1467,1467,6532,Debit Card,Paid,TXN-180602DD0C,2025-08-03
1468,1468,1307,UPI,Paid,TXN-DFEB10F3EA,2025-04-30
1469,1469,8130,Debit Card,Paid,TXN-43A4CDDD32,2026-01-05
1470,1470,7675,UPI,Paid,TXN-293AE4BC3F,2025-03-03
1471,1471,6493,Credit Card,Pending,TXN-F635119E6E,
1472,1472,7669,Cash,Paid,TXN-7C424FEF61,2025-12-26
1473,1473,5455,Net Banking,Pending,TXN-6332AD9A62,
1474,1474,5358,UPI,Paid,TXN-9E9CE64D47,2025-04-10
1475,1475,7645,Cash,Paid,TXN-48FD9F2811,2025-10-31
1476,1476,7541,Net Banking,Pending,TXN-E252247E09,
1477,1477,6688,UPI,Paid,TXN-DEB2A8533E,2025-01-21
1478,1478,2672,UPI,Paid,TXN-BA31123AF9,2025-09-12
1479,1479,6757,Credit Card,Paid,TXN-AFEB5FE819,2025-02-01
1480,1480,5064,Cash,Paid,TXN-7CC4B2B336,2025-08-10
1481,1481,5277,Debit Card,Paid,TXN-3259035435,2025-10-23
1482,1482,9377,Cash,Paid,TXN-64B03FD44C,2025-05-30
1483,1483,3841,Debit Card,Paid,TXN-45CA3D99ED,2026-01-08
1484,1484,4287,Cash,Paid,TXN-119757E1B7,2025-02-07
1485,1485,6229,Debit Card,Pending,TXN-C8CB98B52F,
1486,1486,8230,Credit Card,Paid,TXN-A4D69B6A82,2025-12-09
1487,1487,6531,UPI,Refunded,TXN-7759FEAB83,
1488,1488,8954,Cash,Paid,TXN-999337BDC6,2025-12-16
1489,1489,6421,Net Banking,Paid,TXN-2C14EC25F2,2025-07-02
1490,1490,591,UPI,Paid,TXN-935C69FCBE,2025-08-01
1491,1491,8578,Cash,Paid,TXN-B95432D049,2025-07-14
1492,1492,9580,UPI,Paid,TXN-FD20A5A81D,2025-01-12
1493,1493,3055,Net Banking,Pending,TXN-330CA13939,
1494,1494,2288,Credit Card,Paid,TXN-6162680798,2025-09-16
1495,1495,7529,Credit Card,Paid,TXN-DBA12CE1D2,2025-10-09
1496,1496,9829,Debit Card,Paid,TXN-D704ABAD0D,2025-06-24
1497,1497,1285,Debit Card,Pending,TXN-8C29F34283,
1498,1498,5150,Credit Card,Paid,TXN-965B297711,2025-05-20
1499,1499,3158,Credit Card,Pending,TXN-CAEC5F9A9A,
1500,1500,1678,Credit Card,Pending,TXN-10DA6591AF,
1501,1501,5630,Cash,Paid,TXN-EBCEBDFC3B,2026-01-02
1502,1502,5281,Cash,Paid,TXN-4D583C255D,2025-12-30
1503,1503,6410,Cash,Paid,TXN-65C2AF46DC,2025-03-24
1504,1504,2973,Credit Card,Paid,TXN-B8DF43D59F,2025-04-24
1505,1505,823,Net Banking,Paid,TXN-FAB57477D4,2025-05-06
1506,1506,2481,UPI,Paid,TXN-AEF8DF213A,2025-12-01
1507,1507,8715,UPI,Paid,TXN-D58B4F1180,2025-03-11
1508,1508,4959,Credit Card,Paid,TXN-239271C1BA,2025-11-09
1509,1509,7170,Net Banking,Paid,TXN-ACB0316861,2025-12-27
1510,1510,7230,UPI,Paid,TXN-30CE746560,2025-01-11
1511,1511,1809,Credit Card,Paid,TXN-3BC671F6E0,2025-09-26
1512,1512,1159,Debit Card,Paid,TXN-549838372A,2025-12-05
1513,1513,7169,Cash,Paid,TXN-1066556A49,2025-07-09
1514,1514,7605,Net Banking,Pending,TXN-87F46FE2DD,
1515,1515,3515,Credit Card,Paid,TXN-3BBF39F64E,2026-01-07
1516,1516,3392,Debit Card,Paid,TXN-66D35F95DF,2025-07-19
1517,1517,4827,UPI,Paid,TXN-D8B96FC726,2025-06-26
1518,1518,5169,Net Banking,Paid,TXN-F0704DA772,2025-11-19
1519,1519,6745,Credit Card,Paid,TXN-D96A1682C4,2025-09-07
1520,1520,3312,UPI,Paid,TXN-8B63687E43,2025-04-10
1521,1521,5999,Credit Card,Paid,TXN-FC2A84DCB8,2025-12-29
1522,1522,4497,Net Banking,Paid,TXN-409A610B14,2025-02-15
1523,1523,8776,Debit Card,Paid,TXN-74B014D4BA,2025-11-18
1524,1524,7665,Debit Card,Paid,TXN-F2D9BD06B8,2025-12-03
1525,1525,2930,Credit Card,Paid,TXN-94577EF92B,2025-11-23
1526,1526,1908,UPI,Paid,TXN-9C0DD1C7C9,2025-03-29
1527,1527,3785,Net Banking,Paid,TXN-FC4B4A61DF,2025-11-26
1528,1528,7305,Debit Card,Paid,TXN-62B265EC89,2026-01-07
1529,1529,9217,Credit Card,Paid,TXN-20E6ECBD04,2025-05-07
1530,1530,3441,UPI,Refunded,TXN-F707ED8355,
1531,1531,798,Debit Card,Paid,TXN-1B0BA92F3F,2025-03-15
1532,1532,3973,Net Banking,Paid,TXN-2983D3728E,2025-01-10
1533,1533,8258,Debit Card,Paid,TXN-EA5186C1C3,2025-09-23
1534,1534,3585,Cash,Paid,TXN-A6B34EE4FC,2025-05-09
1535,1535,2935,Credit Card,Paid,TXN-281373AFFF,2025-06-11
1536,1536,6918,Credit Card,Paid,TXN-185861723C,2025-08-04
1537,1537,5602,UPI,Paid,TXN-DE377D2D94,2025-06-12
1538,1538,7981,Cash,Paid,TXN-40EEA26025,2025-01-24
1539,1539,6447,Credit Card,Paid,TXN-CBADF06973,2025-07-29
1540,1540,7884,Credit Card,Paid,TXN-2542780BA3,2025-01-15
1541,1541,8591,UPI,Paid,TXN-E73CEC79AA,2025-10-07
1542,1542,5506,Cash,Pending,TXN-CDEFDD9F0B,
1543,1543,2302,Net Banking,Pending,TXN-FA5866D997,
1544,1544,4332,Net Banking,Paid,TXN-47649F7449,2025-08-22
1545,1545,1739,Credit Card,Paid,TXN-97FEA94F8E,2025-02-09
1546,1546,8775,Net Banking,Pending,TXN-6340E41CB3,
1547,1547,3855,Credit Card,Paid,TXN-D2049567FC,2025-04-12
1548,1548,6737,Cash,Paid,TXN-D9AECCA4F6,2025-07-19
1549,1549,1460,UPI,Pending,TXN-C86B4CF273,
1550,1550,3156,Debit Card,Paid,TXN-59AF25E1F5,2025-09-12
1551,1551,8928,Cash,Pending,TXN-886C8B1E26,
1552,1552,4939,Credit Card,Paid,TXN-63EB2E003C,2025-08-14
1553,1553,8571,Net Banking,Paid,TXN-587C5F683B,2025-07-13
1554,1554,1853,Net Banking,Paid,TXN-987A6BAF54,2025-07-23
1555,1555,1761,Credit Card,Paid,TXN-70899C1A09,2025-06-12
1556,1556,8621,Credit Card,Paid,TXN-D5A93D7D5A,2025-11-12
1557,1557,2249,Cash,Pending,TXN-6BE486C86F,
1558,1558,7345,Net Banking,Paid,TXN-EBE2EAD775,2025-09-22
1559,1559,5949,Cash,Paid,TXN-341B6802C6,2025-04-17
1560,1560,5482,Cash,Paid,TXN-72911FD078,2025-01-11
1561,1561,1071,Net Banking,Paid,TXN-9B779BF453,2025-03-11
1562,1562,2227,Cash,Paid,TXN-8EFC79985A,2025-11-15
1563,1563,7716,Cash,Paid,TXN-A1DF2E7A28,2025-03-13
1564,1564,6382,Net Banking,Paid,TXN-D0816F76FA,2025-10-06
1565,1565,4957,Net Banking,Paid,TXN-1F9F1EBF8C,2025-06-19
1566,1566,3896,UPI,Paid,TXN-36972D2274,2025-01-08
1567,1567,2693,Cash,Pending,TXN-1FCE43B419,
1568,1568,7198,Net Banking,Paid,TXN-50D72E042A,2025-08-09
1569,1569,9152,UPI,Paid,TXN-024241A3F2,2026-01-06
1570,1570,7813,UPI,Paid,TXN-726F61A925,2025-08-28
1571,1571,7562,Cash,Paid,TXN-3F0C21941C,2025-05-25
1572,1572,7770,Debit Card,Paid,TXN-A50A3E4E1C,2025-02-13
1573,1573,7392,Credit Card,Paid,TXN-60307EDCA3,2026-01-07
1574,1574,4366,UPI,Pending,TXN-EEA72F4570,
1575,1575,2989,Credit Card,Paid,TXN-D38D1D207D,2025-09-02
1576,1576,2597,Cash,Refunded,TXN-A0FFC9854C,
1577,1577,8769,Cash,Paid,TXN-2B6A516850,2025-05-08
1578,1578,2922,Net Banking,Paid,TXN-6D85E73369,2025-12-17
1579,1579,8753,Net Banking,Paid,TXN-F8524D45CB,2025-05-07
1580,1580,5349,Credit Card,Pending,TXN-1A7973362C,
1581,1581,8363,Debit Card,Paid,TXN-22D7763105,2025-08-01
1582,1582,9827,Net Banking,Pending,TXN-A359E9C0B3,
1583,1583,4151,Cash,Paid,TXN-4F6CE526C4,2025-07-01
1584,1584,7558,Debit Card,Pending,TXN-0F06811E7C,
1585,1585,2956,Cash,Paid,TXN-F5D7388B0B,2025-09-20
1586,1586,1144,Cash,Paid,TXN-F3D3681569,2025-06-15
1587,1587,3211,UPI,Pending,TXN-B10B1332BB,
1588,1588,6784,Credit Card,Paid,TXN-C10B9C7971,2025-02-01
1589,1589,2024,Cash,Paid,TXN-F3B34BC829,2025-10-26
1590,1590,7914,UPI,Paid,TXN-45FD060749,2025-12-16
1591,1591,5865,Debit Card,Paid,TXN-FFD309B042,2025-11-06
1592,1592,9810,Cash,Paid,TXN-F9457AD4EC,2025-08-14
1593,1593,9963,Net Banking,Paid,TXN-AD2E391588,2025-10-12
1594,1594,3423,Credit Card,Paid,TXN-5D1DE7205C,2025-08-23
1595,1595,7823,Credit Card,Pending,TXN-BEA8D99188,
1596,1596,8563,UPI,Paid,TXN-8CBBA32F62,2025-01-19
1597,1597,1575,Net Banking,Pending,TXN-490C8DB699,
1598,1598,2338,Cash,Paid,TXN-1732D9857A,2025-02-04
1599,1599,8043,Debit Card,Paid,TXN-F465C1674D,2025-01-23
1600,1600,541,Cash,Pending,TXN-830902D3B1,
1601,1601,7607,Debit Card,Paid,TXN-C858896715,2025-07-19
1602,1602,4218,UPI,Paid,TXN-59672C2250,2025-12-04
1603,1603,1538,Net Banking,Paid,TXN-C0BBEFEC75,2025-11-16
1604,1604,9964,Cash,Paid,TXN-BD9BCB2125,2025-09-26
1605,1605,7442,Net Banking,Paid,TXN-F8E403D72C,2025-10-02
1606,1606,1601,Debit Card,Paid,TXN-03B4DE6804,2025-09-25
1607,1607,6731,Cash,Paid,TXN-EE41E45E4B,2025-04-15
1608,1608,9073,UPI,Paid,TXN-334C6D7B4C,2025-10-09
1609,1609,4206,UPI,Paid,TXN-8894C4C1E6,2025-12-18
1610,1610,8835,UPI,Paid,TXN-3F2FD5DA07,2025-05-17
1611,1611,8666,Credit Card,Pending,TXN-871F80C304,
1612,1612,4097,Debit Card,Paid,TXN-AF6C8FC673,2025-04-12
1613,1613,3658,Debit Card,Paid,TXN-7633007AD0,2025-11-22
1614,1614,3257,Debit Card,Paid,TXN-841E53C279,2025-04-16
1615,1615,7018,Net Banking,Paid,TXN-077FD8D897,2025-02-06
1616,1616,2865,Credit Card,Paid,TXN-D9B345EC85,2025-11-15
1617,1617,2320,UPI,Paid,TXN-01ADB821F6,2025-02-20
1618,1618,3418,Cash,Paid,TXN-87F316C1F4,2025-08-13
1619,1619,1163,Debit Card,Paid,TXN-02929EF9C5,2025-10-16
1620,1620,4630,Cash,Pending,TXN-998C82B26C,
1621,1621,819,Cash,Paid,TXN-F03CB3F535,2025-07-31
1622,1622,8036,Credit Card,Paid,TXN-825685AD7E,2025-05-14
1623,1623,2231,Debit Card,Paid,TXN-EE4658BF63,2025-10-09
1624,1624,5503,Credit Card,Paid,TXN-B983BE5A0E,2025-08-02
1625,1625,8533,Net Banking,Paid,TXN-E8A1894234,2025-11-06
1626,1626,6145,UPI,Paid,TXN-6EDA785594,2025-04-27
1627,1627,1327,Debit Card,Paid,TXN-6B65AFF19D,2025-09-29
1628,1628,6438,Cash,Paid,TXN-DAC990DE67,2025-12-20
1629,1629,9300,Debit Card,Paid,TXN-E325E42354,2025-03-18
1630,1630,1279,Net Banking,Paid,TXN-E4173D98AD,2025-05-05
1631,1631,5871,Net Banking,Paid,TXN-82997292D5,2025-11-23
1632,1632,4738,Debit Card,Paid,TXN-F2F622F536,2025-09-27
1633,1633,5226,Debit Card,Pending,TXN-41AFFD56B1,
1634,1634,2104,Credit Card,Paid,TXN-886051BA5E,2025-12-28
1635,1635,2317,Cash,Paid,TXN-4FF3A95A08,2025-05-07
1636,1636,2640,Cash,Paid,TXN-4F78FFDB6B,2025-08-15
1637,1637,9921,Net Banking,Paid,TXN-58B434F583,2025-12-22
1638,1638,3049,Credit Card,Paid,TXN-593EE9EF6A,2025-05-19
1639,1639,3816,Net Banking,Paid,TXN-3434078A7F,2025-02-12
1640,1640,9097,Cash,Paid,TXN-FC75051E15,2025-10-20
1641,1641,4706,Net Banking,Paid,TXN-7C201201B8,2025-10-04
1642,1642,6519,Net Banking,Paid,TXN-44A27CFC94,2025-03-10
1643,1643,2391,Net Banking,Pending,TXN-5934B8A914,
1644,1644,2305,Debit Card,Paid,TXN-9213ECB14E,2025-10-01
1645,1645,1519,Net Banking,Pending,TXN-ECBA0E4664,
1646,1646,1002,Net Banking,Paid,TXN-B509B9AA99,2025-08-07
1647,1647,4295,Net Banking,Paid,TXN-D4764CCCFA,2025-05-01
1648,1648,9046,Cash,Paid,TXN-A21D719684,2025-08-29
1649,1649,7128,Credit Card,Paid,TXN-60F6C53FC0,2025-10-16
1650,1650,1406,Cash,Paid,TXN-66677313CC,2025-05-30
1651,1651,8674,Cash,Pending,TXN-A1F79B9405,
1652,1652,952,Debit Card,Paid,TXN-8D2C03C837,2025-10-11
1653,1653,9716,Cash,Pending,TXN-64E0EB851A,
1654,1654,6896,Cash,Paid,TXN-E4A5EE784B,2025-06-16
1655,1655,3981,Debit Card,Pending,TXN-29CB35E881,
1656,1656,3562,Cash,Pending,TXN-C961859886,
1657,1657,6684,Net Banking,Paid,TXN-5B271EBAB1,2025-04-25
1658,1658,3718,Debit Card,Paid,TXN-BB42D10242,2025-01-11
1659,1659,6532,Debit Card,Paid,TXN-EA32D258FB,2025-12-31
1660,1660,2681,Credit Card,Paid,TXN-5D83B415DD,2025-10-22
1661,1661,5929,Net Banking,Pending,TXN-2DB6649436,
1662,1662,5517,Net Banking,Paid,TXN-7B618163D4,2025-02-26
1663,1663,5212,Net Banking,Pending,TXN-2E0BE573A4,
1664,1664,3788,UPI,Paid,TXN-FDB345C6B6,2025-08-11
1665,1665,2047,Cash,Paid,TXN-4A2C1926DA,2025-01-08
1666,1666,5555,Cash,Paid,TXN-FFD4E87AC8,2025-08-20
1667,1667,6859,Cash,Pending,TXN-E2F7F850DE,
1668,1668,7520,Debit Card,Pending,TXN-C633B6E1F6,
1669,1669,7727,Net Banking,Pending,TXN-0BB94D99E4,
1670,1670,6360,UPI,Paid,TXN-E988C2EE40,2025-03-26
1671,1671,8478,UPI,Paid,TXN-6F926E772C,2025-05-04
1672,1672,6105,Cash,Paid,TXN-6B57BDE8D4,2025-04-02
1673,1673,6684,Net Banking,Paid,TXN-9ACA794D4E,2025-03-22
1674,1674,4427,Debit Card,Paid,TXN-EA8E15F06B,2025-10-05
1675,1675,780,Credit Card,Pending,TXN-C82B09663C,
1676,1676,9391,UPI,Paid,TXN-71FAC36CB9,2025-05-10
1677,1677,7764,UPI,Paid,TXN-E2EF7F5F62,2025-01-15
1678,1678,9864,UPI,Pending,TXN-2468DDA328,
1679,1679,729,Debit Card,Refunded,TXN-F4ABA36697,
1680,1680,7448,Credit Card,Paid,TXN-5472062B64,2025-03-28
1681,1681,9836,Debit Card,Paid,TXN-BF6EC1DFE5,2025-11-14
1682,1682,3048,Cash,Paid,TXN-143D6DB868,2025-01-21
1683,1683,3932,Net Banking,Paid,TXN-82E57D0EB2,2025-02-26
1684,1684,5219,Credit Card,Paid,TXN-CA878F21DF,2025-04-08
1685,1685,3780,Debit Card,Paid,TXN-B6552375B2,2025-04-06
1686,1686,8614,Credit Card,Paid,TXN-7954D00125,2025-03-21
1687,1687,3713,Debit Card,Paid,TXN-1237A34567,2025-10-24
1688,1688,7546,Credit Card,Paid,TXN-98D1DC5090,2025-04-04
1689,1689,6594,UPI,Paid,TXN-E93FCE5030,2025-09-06
1690,1690,8848,UPI,Refunded,TXN-7B35DD6E0C,
1691,1691,7138,UPI,Paid,TXN-0782084D18,2025-10-18
1692,1692,9344,Net Banking,Paid,TXN-B7A8B35C9C,2025-06-12
1693,1693,3665,Debit Card,Paid,TXN-E00F54E004,2025-04-20
1694,1694,7980,Cash,Paid,TXN-A8444CEEE4,2025-09-30
1695,1695,9576,Credit Card,Paid,TXN-3C94226928,2025-02-01
1696,1696,8251,Debit Card,Paid,TXN-9F981397D5,2025-09-25
1697,1697,5322,Cash,Paid,TXN-F728349F6A,2025-01-23
1698,1698,8897,Cash,Paid,TXN-5BEF9CDD95,2025-11-27
1699,1699,2319,Credit Card,Pending,TXN-8E6748E2AA,
1700,1700,4638,Net Banking,Paid,TXN-BD6CC1C253,2025-12-12
1701,1701,8729,Net Banking,Pending,TXN-1087BF9B72,
1702,1702,1935,Cash,Pending,TXN-EFDB7A2682,
1703,1703,2168,Credit Card,Paid,TXN-56A1C40F71,2025-06-15
1704,1704,5881,Debit Card,Paid,TXN-8994EFC084,2025-12-23
1705,1705,3255,UPI,Pending,TXN-1DF4F41012,
1706,1706,8377,Credit Card,Paid,TXN-27A1EC9BFB,2025-05-10
1707,1707,7210,Credit Card,Paid,TXN-1A955AC81A,2025-10-31
1708,1708,3993,Debit Card,Paid,TXN-30CD411F26,2025-06-25
1709,1709,6224,Net Banking,Paid,TXN-005FCDCBAE,2025-12-02
1710,1710,7099,UPI,Paid,TXN-990C749824,2025-12-31
1711,1711,7386,Cash,Paid,TXN-5F7866DB35,2025-02-02
1712,1712,1471,Net Banking,Paid,TXN-7FF99BEB1A,2025-12-03
1713,1713,9106,Debit Card,Paid,TXN-CD0391F475,2026-01-04
1714,1714,2791,Debit Card,Paid,TXN-28FF13D6E7,2025-01-23
1715,1715,6959,Cash,Paid,TXN-CA6B1C9F48,2025-03-25
1716,1716,3313,Cash,Paid,TXN-D61E44A80D,2025-03-17
1717,1717,2805,Credit Card,Paid,TXN-4A9359FBD5,2025-08-02
1718,1718,2310,Net Banking,Paid,TXN-2DC88D8EFA,2025-01-07
1719,1719,6544,Cash,Refunded,TXN-400B5695C6,
1720,1720,2811,Credit Card,Paid,TXN-1E0DE3B060,2025-11-11
1721,1721,2424,Net Banking,Paid,TXN-2BF2D67592,2025-05-01
1722,1722,9966,UPI,Paid,TXN-8A16BC85BC,2025-01-10
1723,1723,4368,Credit Card,Paid,TXN-AA2CF21A92,2025-02-17
1724,1724,2549,Net Banking,Paid,TXN-E6C272D10D,2025-03-13
1725,1725,9146,Credit Card,Paid,TXN-ADEA3C1DB5,2025-03-04
1726,1726,6283,UPI,Refunded,TXN-320D262D9C,
1727,1727,7593,UPI,Paid,TXN-C66716832D,2025-03-24
1728,1728,9054,Credit Card,Paid,TXN-5C16567782,2025-02-20
1729,1729,7324,Cash,Paid,TXN-F61E171FD6,2025-04-15
1730,1730,9914,UPI,Paid,TXN-A51D66A03B,2025-03-16
1731,1731,4415,Cash,Paid,TXN-5E1DBE747E,2025-01-26
1732,1732,8161,Cash,Pending,TXN-7730DA5E78,
1733,1733,2719,Debit Card,Paid,TXN-C7E1F2D422,2025-09-06
1734,1734,9818,UPI,Paid,TXN-884F12FE50,2025-08-12
1735,1735,8461,Net Banking,Paid,TXN-1E285BAFBF,2025-11-21
1736,1736,9269,Net Banking,Paid,TXN-80C52F5180,2025-11-08
1737,1737,6568,Cash,Paid,TXN-9F165201F3,2025-02-28
1738,1738,8735,Cash,Paid,TXN-42A6669706,2025-06-13
1739,1739,1452,Debit Card,Pending,TXN-CCC953A9AD,
1740,1740,5088,Credit Card,Pending,TXN-1B3A680471,
1741,1741,1883,UPI,Paid,TXN-F5034ECC1C,2025-11-21
1742,1742,5985,UPI,Paid,TXN-496E28FBFD,2025-12-18
1743,1743,1236,Net Banking,Paid,TXN-E51E6BABEE,2025-09-12
1744,1744,4007,Net Banking,Paid,TXN-B2266F1B2C,2025-09-17
1745,1745,3047,Debit Card,Paid,TXN-A96B1E89BD,2025-11-24
1746,1746,2988,Net Banking,Paid,TXN-B279EFF846,2025-10-21
1747,1747,7247,Credit Card,Refunded,TXN-57B5948E83,
1748,1748,4679,Debit Card,Paid,TXN-B94736277B,2025-12-16
1749,1749,1311,Credit Card,Pending,TXN-8D772D1733,
1750,1750,7267,Debit Card,Paid,TXN-FD9B858DF0,2025-04-29
1751,1751,8952,Cash,Pending,TXN-D2B199335C,
1752,1752,5351,Credit Card,Paid,TXN-EC16905E0E,2025-09-18
1753,1753,3795,Debit Card,Paid,TXN-4DD1B78BD6,2025-12-25
1754,1754,7692,Debit Card,Paid,TXN-4223CED9CE,2025-07-28
1755,1755,3834,Credit Card,Paid,TXN-BD45CD8010,2025-05-09
1756,1756,2326,Net Banking,Pending,TXN-6EC902AA8D,
1757,1757,3364,Debit Card,Paid,TXN-8CC25A9FD4,2025-02-23
1758,1758,2377,Net Banking,Paid,TXN-1CA0C5F7FF,2025-12-04
1759,1759,602,Credit Card,Paid,TXN-39657E9CF6,2025-06-10
1760,1760,4184,UPI,Paid,TXN-BD39C95DD1,2025-05-03
1761,1761,3087,UPI,Paid,TXN-0AA93F38B8,2025-02-19
1762,1762,708,Cash,Paid,TXN-7DF70AEEC6,2025-02-12
1763,1763,8148,Net Banking,Paid,TXN-00D91541B4,2025-07-01
1764,1764,6088,Cash,Pending,TXN-7FD85F62AB,
1765,1765,6524,Net Banking,Paid,TXN-A7887AB204,2025-10-14
1766,1766,4121,Cash,Paid,TXN-CD1D6322E3,2025-01-08
1767,1767,5448,UPI,Paid,TXN-A7C190B321,2025-12-11
1768,1768,4867,Credit Card,Paid,TXN-D37F30AEC6,2025-07-03
1769,1769,3810,Cash,Paid,TXN-E1966D37CA,2025-12-04
1770,1770,8704,Cash,Paid,TXN-090157CC75,2025-08-24
1771,1771,2935,Credit Card,Paid,TXN-DA33969D2A,2025-03-11
1772,1772,6874,Net Banking,Paid,TXN-206BBD89FB,2025-12-07
1773,1773,5935,Debit Card,Paid,TXN-722C721D7F,2025-01-28
1774,1774,1382,Net Banking,Paid,TXN-1795722F82,2025-07-30
1775,1775,9577,Net Banking,Pending,TXN-2A1A1E18F8,
1776,1776,1877,Credit Card,Pending,TXN-023C4974E9,
1777,1777,647,UPI,Paid,TXN-9D4D09810C,2025-12-27
1778,1778,982,UPI,Paid,TXN-DD56EA06C2,2025-03-18
1779,1779,7727,UPI,Paid,TXN-BF3ABAFC7E,2025-07-15
1780,1780,6748,Net Banking,Paid,TXN-B57E0DBE35,2025-07-09
1781,1781,7491,UPI,Pending,TXN-84A60A20DE,
1782,1782,3196,Credit Card,Paid,TXN-837A205A91,2025-02-23
1783,1783,2925,Debit Card,Paid,TXN-0099275A60,2025-01-08
1784,1784,9282,Credit Card,Paid,TXN-904C3C42D1,2025-08-29
1785,1785,9187,Debit Card,Paid,TXN-47F0D38828,2025-01-12
1786,1786,9469,Credit Card,Pending,TXN-3E6D759F49,
1787,1787,6755,Net Banking,Paid,TXN-A454900B9F,2025-09-28
1788,1788,4638,Net Banking,Paid,TXN-5BB7444BF8,2025-07-20
1789,1789,2274,UPI,Paid,TXN-84153C4FD8,2025-05-12
1790,1790,5118,Cash,Paid,TXN-1C636E3708,2025-10-25
1791,1791,6843,Cash,Paid,TXN-4634895F94,2025-06-06
1792,1792,8786,Debit Card,Paid,TXN-4AC104DC7C,2025-12-19
1793,1793,9522,UPI,Pending,TXN-03D3BE43A3,
1794,1794,5921,Cash,Pending,TXN-9D09AE5CAF,
1795,1795,9749,Debit Card,Paid,TXN-4B1753C435,2025-05-23
1796,1796,5453,Net Banking,Paid,TXN-E28F468DB5,2025-05-22
1797,1797,7218,Net Banking,Paid,TXN-A515795C5D,2025-12-12
1798,1798,8606,Credit Card,Paid,TXN-B3FDD4867A,2025-04-19
1799,1799,6673,Cash,Pending,TXN-3A51E07819,
1800,1800,8430,UPI,Paid,TXN-E916C953D9,2025-03-13
1801,1801,4636,Credit Card,Paid,TXN-466A886888,2025-09-09
1802,1802,7121,Debit Card,Pending,TXN-BBF2763FFB,
1803,1803,2067,Debit Card,Pending,TXN-0DD6D53134,
1804,1804,5876,Net Banking,Paid,TXN-FC17340A5E,2025-08-12
1805,1805,7838,Debit Card,Paid,TXN-E8739E6997,2025-09-02
1806,1806,9792,UPI,Paid,TXN-6B3AA1DAAC,2025-09-11
1807,1807,3353,Net Banking,Paid,TXN-25238F0025,2025-12-16
1808,1808,6032,UPI,Pending,TXN-CCFB183759,
1809,1809,8898,Credit Card,Paid,TXN-79BF770316,2025-02-07
1810,1810,4449,Credit Card,Paid,TXN-7645973ADD,2025-11-07
1811,1811,6075,Debit Card,Pending,TXN-A3FD3B4DDD,
1812,1812,1830,Net Banking,Paid,TXN-AE2D1E809A,2025-01-17
1813,1813,6100,Credit Card,Pending,TXN-AA9D5FF598,
1814,1814,5754,Cash,Paid,TXN-D41976F7B8,2025-07-10
1815,1815,629,UPI,Pending,TXN-0F560AC29E,
1816,1816,9370,Credit Card,Paid,TXN-A6C4C3301A,2025-08-28
1817,1817,805,Credit Card,Paid,TXN-B3479DA896,2025-01-20
1818,1818,1948,Debit Card,Refunded,TXN-941DD434DA,
1819,1819,2461,UPI,Paid,TXN-A0FEBC6658,2025-02-07
1820,1820,3954,Cash,Paid,TXN-D143805004,2025-03-19
1821,1821,4519,UPI,Paid,TXN-8C3FC47822,2025-04-11
1822,1822,1632,UPI,Paid,TXN-A2E45A931B,2025-08-30
1823,1823,4754,UPI,Paid,TXN-C35DF1568A,2025-02-01
1824,1824,1250,Net Banking,Paid,TXN-1145D5D5CD,2025-11-06
1825,1825,6247,Credit Card,Pending,TXN-138605D3D4,
1826,1826,7559,Credit Card,Paid,TXN-F7B537EBF5,2025-08-19
1827,1827,5236,UPI,Paid,TXN-F46DA478A8,2025-07-22
1828,1828,912,Net Banking,Paid,TXN-167A36102C,2025-11-13
1829,1829,2833,Credit Card,Paid,TXN-B4BE3DE76C,2025-12-08
1830,1830,7541,Cash,Paid,TXN-48A2D381F4,2025-01-25
1831,1831,5364,Net Banking,Paid,TXN-BC0E2C87D1,2025-08-28
1832,1832,4216,Net Banking,Pending,TXN-78A402C96A,
1833,1833,4635,Credit Card,Paid,TXN-278500BEF6,2025-10-19
1834,1834,1184,Cash,Paid,TXN-0B76EEB420,2025-12-24
1835,1835,715,UPI,Pending,TXN-3AFB79FE75,
1836,1836,7332,Credit Card,Paid,TXN-D3EDD35942,2025-04-06
1837,1837,9748,UPI,Paid,TXN-14E50EC9EA,2025-03-30
1838,1838,3219,Credit Card,Paid,TXN-A00323B2A8,2025-05-13
1839,1839,9684,Net Banking,Paid,TXN-19AD7E8648,2025-11-06
1840,1840,7440,Debit Card,Paid,TXN-A58676048F,2025-11-25
1841,1841,5471,Credit Card,Paid,TXN-A582448725,2025-06-25
1842,1842,628,Debit Card,Paid,TXN-420C30B537,2025-10-19
1843,1843,3625,UPI,Pending,TXN-3115809577,
1844,1844,7172,Debit Card,Paid,TXN-5227434701,2025-09-05
1845,1845,8993,Cash,Paid,TXN-FE870C8EF8,2025-05-20
1846,1846,4904,Net Banking,Paid,TXN-092BF63327,2025-06-21
1847,1847,2674,UPI,Paid,TXN-F363D43014,2025-07-21
1848,1848,8710,Debit Card,Paid,TXN-718E2D18D4,2025-09-02
1849,1849,5251,Net Banking,Paid,TXN-0152138DC1,2025-09-21
1850,1850,4962,Net Banking,Paid,TXN-A2CBBFB998,2025-04-14
1851,1851,9110,Credit Card,Paid,TXN-E62F1BEB6A,2025-11-09
1852,1852,7896,Cash,Paid,TXN-635B483F95,2025-07-28
1853,1853,7128,Credit Card,Paid,TXN-080F6D8915,2025-10-25
1854,1854,7250,Cash,Paid,TXN-DFD87B1F9C,2025-02-08
1855,1855,993,Cash,Paid,TXN-FA99377CDF,2025-10-24
1856,1856,5223,Net Banking,Pending,TXN-80C81BA240,
1857,1857,8322,Credit Card,Paid,TXN-0772587226,2025-11-07
1858,1858,7690,Credit Card,Paid,TXN-247E6E045C,2025-06-06
1859,1859,8873,Cash,Paid,TXN-DBA15BA382,2025-04-07
1860,1860,1672,Credit Card,Paid,TXN-E2720D58E0,2025-08-23
1861,1861,6168,UPI,Paid,TXN-684316973F,2025-06-10
1862,1862,5377,Cash,Pending,TXN-98E21A1C15,
1863,1863,9470,UPI,Paid,TXN-ED79FDD76C,2025-04-09
1864,1864,1726,Net Banking,Paid,TXN-69552E2F5E,2025-02-16
1865,1865,6237,Cash,Paid,TXN-0BE1369CDA,2025-05-24
1866,1866,9862,Cash,Paid,TXN-3C805BD364,2025-05-13
1867,1867,3088,Debit Card,Pending,TXN-93755DDA45,
1868,1868,9139,UPI,Paid,TXN-87E7EDF7B4,2025-01-12
1869,1869,1466,UPI,Paid,TXN-1F314A761E,2025-11-30
1870,1870,6751,Debit Card,Paid,TXN-3FB033F33F,2025-04-26
1871,1871,8112,UPI,Paid,TXN-7CC10B7416,2025-10-02
1872,1872,7983,Debit Card,Pending,TXN-9BC5DC227B,
1873,1873,7130,Credit Card,Paid,TXN-F5F52FEF55,2025-04-09
1874,1874,3376,Debit Card,Paid,TXN-775F1077C3,2025-03-30
1875,1875,8655,Credit Card,Paid,TXN-B8B0335AAD,2025-02-18
1876,1876,8673,UPI,Paid,TXN-07545C7240,2025-12-07
1877,1877,3477,Debit Card,Paid,TXN-11F18D90F7,2025-03-23
1878,1878,8273,Cash,Paid,TXN-5F242C8C75,2025-09-03
1879,1879,777,Cash,Paid,TXN-1716C29C6C,2025-05-05
1880,1880,6700,UPI,Paid,TXN-8C7E0F70DA,2025-12-24
1881,1881,3851,Credit Card,Pending,TXN-1D3B168558,
1882,1882,2590,Cash,Paid,TXN-F9B038859F,2025-06-14
1883,1883,7368,Credit Card,Paid,TXN-CA91846816,2025-04-16
1884,1884,5788,Debit Card,Pending,TXN-B9E14EAA08,
1885,1885,8203,Net Banking,Paid,TXN-05EC16B9B5,2025-04-26
1886,1886,5448,Debit Card,Pending,TXN-05CBB7432B,
1887,1887,9950,Credit Card,Pending,TXN-5C1ADB9A4E,
1888,1888,6581,Net Banking,Paid,TXN-CBC6EEF8B8,2025-07-23
1889,1889,4805,Credit Card,Paid,TXN-8B5EC8E377,2025-07-25
1890,1890,6428,UPI,Paid,TXN-7F2CA6AD6B,2025-08-17
1891,1891,1895,UPI,Paid,TXN-1EDD930D06,2025-06-22
1892,1892,4400,Credit Card,Paid,TXN-C474DB0BF3,2025-01-12
1893,1893,7303,Debit Card,Paid,TXN-1D49674072,2025-05-25
1894,1894,1327,Cash,Paid,TXN-61DCDD269B,2025-10-01
1895,1895,3990,Debit Card,Paid,TXN-0ABE0C2836,2025-12-10
1896,1896,518,Cash,Paid,TXN-E1AD1699C7,2025-10-25
1897,1897,7804,Cash,Paid,TXN-047D2D089A,2025-08-10
1898,1898,4833,Debit Card,Paid,TXN-E706071259,2025-02-03
1899,1899,3707,UPI,Pending,TXN-49FD8D0105,
1900,1900,2482,Cash,Pending,TXN-2ADA22D012,
1901,1901,1318,Net Banking,Paid,TXN-B148FF46E5,2025-04-15
1902,1902,1100,Credit Card,Paid,TXN-18BA5B051B,2025-01-16
1903,1903,3823,Credit Card,Paid,TXN-B615028115,2025-04-07
1904,1904,7135,Debit Card,Pending,TXN-983D22F2B6,
1905,1905,9685,Debit Card,Paid,TXN-66EEF54A33,2025-06-08
1906,1906,2355,Debit Card,Paid,TXN-954E4AEC7E,2025-12-25
1907,1907,1203,Debit Card,Paid,TXN-1B2A745EFE,2025-09-27
1908,1908,9138,Net Banking,Paid,TXN-E7536CA79D,2025-12-20
1909,1909,6818,UPI,Paid,TXN-93053ACE16,2025-10-18
1910,1910,3246,Net Banking,Paid,TXN-769DF06491,2025-04-15
1911,1911,8871,UPI,Paid,TXN-2EA6B42B83,2025-04-15
1912,1912,2742,UPI,Paid,TXN-563F9CEAF6,2025-04-14
1913,1913,4274,Cash,Pending,TXN-5AAA9746E7,
1914,1914,1535,Credit Card,Paid,TXN-FA50B3D919,2025-09-27
1915,1915,9142,Net Banking,Paid,TXN-B8B678CE76,2025-06-16
1916,1916,4675,Cash,Paid,TXN-C649C99554,2025-10-24
1917,1917,6405,Debit Card,Paid,TXN-81CBD46E1F,2025-05-23
1918,1918,7344,Cash,Paid,TXN-FAA402F1BA,2025-11-18
1919,1919,2647,Cash,Paid,TXN-5E129A9724,2025-07-30
1920,1920,6313,Credit Card,Pending,TXN-A952A92C55,
1921,1921,4966,Cash,Paid,TXN-6ACB8AEF62,2025-11-03
1922,1922,1027,UPI,Paid,TXN-EAAD136493,2025-02-24
1923,1923,9092,UPI,Pending,TXN-8B9C060AE2,
1924,1924,3849,UPI,Paid,TXN-736FE35B89,2025-10-29
1925,1925,8058,Debit Card,Paid,TXN-1EC3DC310C,2025-06-11
1926,1926,5300,Cash,Paid,TXN-F1633C78AA,2025-06-08
1927,1927,1001,Net Banking,Paid,TXN-1DE1D97660,2025-01-28
1928,1928,2695,UPI,Paid,TXN-464DC5B505,2025-05-10
1929,1929,8846,Credit Card,Paid,TXN-7D1C0BB0E1,2025-05-26
1930,1930,2054,Net Banking,Paid,TXN-54D078E554,2025-08-21
1931,1931,8065,Net Banking,Pending,TXN-F604B9FCB7,
1932,1932,8338,UPI,Paid,TXN-CFC1BFD5E3,2025-10-08
1933,1933,8806,Credit Card,Paid,TXN-8DC74F4C50,2025-07-23
1934,1934,6777,UPI,Paid,TXN-DEE65BEC70,2025-06-30
1935,1935,9858,UPI,Paid,TXN-27E0E608E6,2025-12-18
1936,1936,1368,Net Banking,Pending,TXN-0431A91995,
1937,1937,7761,Debit Card,Paid,TXN-6479F3DE59,2025-07-22
1938,1938,5911,Debit Card,Paid,TXN-75D3EF0AB5,2025-06-07
1939,1939,5705,Net Banking,Paid,TXN-49505751BB,2025-05-15
1940,1940,4959,Net Banking,Paid,TXN-CE3F073D2D,2025-11-03
1941,1941,1276,Debit Card,Paid,TXN-F41B714E37,2025-12-21
1942,1942,2968,Credit Card,Paid,TXN-F5030188EE,2025-04-02
1943,1943,2154,Debit Card,Paid,TXN-EAE32B9AB1,2025-03-20
1944,1944,4639,Cash,Paid,TXN-4AF4AE6E74,2025-11-12
1945,1945,3105,Credit Card,Pending,TXN-403EE216F4,
1946,1946,2976,Credit Card,Pending,TXN-A5BC877D98,
1947,1947,9260,Net Banking,Paid,TXN-0A89FC3419,2025-11-20
1948,1948,1146,Debit Card,Pending,TXN-D88F28A3CD,
1949,1949,6099,Cash,Paid,TXN-8703471A4E,2025-03-24
1950,1950,7724,Cash,Pending,TXN-9CCC38A55B,
1951,1951,1013,Debit Card,Pending,TXN-A0D3597D3D,
1952,1952,4904,Credit Card,Paid,TXN-DC0876AC11,2025-12-13
1953,1953,8961,Debit Card,Paid,TXN-541E3A1570,2025-05-20
1954,1954,6588,Cash,Paid,TXN-86A0315421,2025-03-03
1955,1955,2873,Debit Card,Paid,TXN-5AA40EDCEC,2025-03-08
1956,1956,3221,Net Banking,Pending,TXN-EF4848B43E,
1957,1957,8227,Cash,Paid,TXN-B8290326BF,2025-06-23
1958,1958,3960,UPI,Paid,TXN-2C941096BA,2025-01-29
1959,1959,8673,UPI,Paid,TXN-2A6A294A9E,2025-09-04
1960,1960,8273,Cash,Paid,TXN-680E9CED21,2025-12-11
1961,1961,570,Debit Card,Paid,TXN-654CD735B9,2025-10-26
1962,1962,2173,Debit Card,Paid,TXN-788AC1FE7B,2025-04-01
1963,1963,7686,Net Banking,Pending,TXN-738030A4A8,
1964,1964,6197,UPI,Pending,TXN-2A343AC69F,
1965,1965,3715,UPI,Paid,TXN-E1F4077F3C,2025-02-25
1966,1966,4642,Debit Card,Pending,TXN-80103DC6A9,
1967,1967,4004,Credit Card,Paid,TXN-02EA28C523,2025-07-27
1968,1968,588,Net Banking,Paid,TXN-F1E73797BE,2025-10-23
1969,1969,1137,UPI,Paid,TXN-E7E36849DC,2025-06-16
1970,1970,3358,UPI,Paid,TXN-CF8E7C3AAE,2025-11-30
1971,1971,9055,UPI,Paid,TXN-883C200FBC,2025-03-03
1972,1972,1981,Debit Card,Paid,TXN-275051E0CA,2025-07-24
1973,1973,8970,Credit Card,Pending,TXN-82CE6A5817,
1974,1974,9769,Net Banking,Paid,TXN-A6E939C125,2025-07-21
1975,1975,2403,Credit Card,Paid,TXN-1108D08F81,2025-07-07
1976,1976,9628,Debit Card,Paid,TXN-0EA997CCD2,2025-12-03
1977,1977,3536,Credit Card,Pending,TXN-F5128B2A03,
1978,1978,3273,Credit Card,Paid,TXN-46776C0EAD,2025-10-11
1979,1979,6253,Cash,Paid,TXN-992CA2389E,2025-08-01
1980,1980,5992,UPI,Paid,TXN-1B1D704E90,2025-12-27
1981,1981,1194,Cash,Paid,TXN-886BD9E1B8,2025-01-25
1982,1982,507,Cash,Pending,TXN-A6792C9BB0,
1983,1983,2454,Net Banking,Pending,TXN-F6D2DC27A0,
1984,1984,5889,Credit Card,Paid,TXN-FC1115876B,2025-12-19
1985,1985,4590,Net Banking,Paid,TXN-BA0201653F,2025-10-17
1986,1986,1404,Net Banking,Paid,TXN-2AD952BAE9,2025-09-08
1987,1987,8115,UPI,Paid,TXN-CE6C865F86,2025-06-10
1988,1988,7090,Cash,Paid,TXN-B9714A2181,2025-03-05
1989,1989,1169,Debit Card,Paid,TXN-DD17302BBE,2025-07-27
1990,1990,1436,Net Banking,Paid,TXN-221F9D4764,2025-07-21
1991,1991,6521,Credit Card,Paid,TXN-58EF5EA926,2025-08-30
1992,1992,4204,UPI,Paid,TXN-FAC8D6AD2D,2025-01-28
1993,1993,6103,Credit Card,Pending,TXN-0F52211FFC,
1994,1994,3809,UPI,Paid,TXN-04B88BAC35,2025-05-26
1995,1995,5216,Debit Card,Paid,TXN-F6A09D1EFE,2025-01-25
1996,1996,5217,Net Banking,Paid,TXN-A4BB279259,2025-10-20
1997,1997,6963,Debit Card,Paid,TXN-13686EC9AC,2025-04-09
1998,1998,2321,UPI,Paid,TXN-DE75CD342B,2025-11-30
1999,1999,1408,Debit Card,Paid,TXN-BE91E94482,2025-09-13
2000,2000,8774,Credit Card,Paid,TXN-64D4E84481,2025-04-05
