worker_skill_id,worker_id,skill_id
1,1,48
2,1,47
3,2,48
4,2,47
5,3,2
6,3,1
7,3,5
8,3,3
9,4,40
10,4,41
11,4,42
12,5,32
13,5,31
14,6,18
15,6,17
16,7,23
17,7,24
18,8,4
19,8,3
20,8,1
21,9,39
22,9,38
23,9,37
24,10,27
25,10,30
26,10,28
27,10,29
28,11,31
29,11,32
30,12,44
31,12,43
32,13,29
33,13,30
34,14,21
35,14,20
36,14,22
37,15,13
38,15,12
39,15,11
40,16,38
41,16,39
42,16,37
43,17,20
44,17,21
45,17,19
46,17,22
47,18,47
48,18,48
49,19,12
50,19,14
51,20,2
52,20,5
53,21,3
54,21,1
55,22,37
56,22,38
57,22,39
58,23,24
59,23,26
60,24,46
61,25,46
62,26,40
63,26,42
64,27,28
65,27,30
66,27,27
67,27,29
68,28,29
69,28,30
70,29,46
71,30,44
72,30,43
73,31,6
74,31,9
75,31,8
76,31,7
77,32,19
78,32,20
79,33,45
80,34,18
81,34,16
82,34,15
83,35,28
84,35,30
85,36,48
86,36,47
87,37,3
88,37,2
89,38,12
90,38,11
91,38,13
92,38,14
93,39,25
94,39,24
95,40,48
96,40,47
97,41,43
98,41,44
99,42,47
100,42,48
101,43,39
102,43,38
103,43,37
104,44,35
105,44,34
106,45,43
107,45,44
108,46,10
109,46,7
110,47,9
111,47,7
112,47,8
113,47,6
114,48,20
115,48,19
116,48,21
117,48,22
118,49,1
119,49,4
120,49,5
121,50,10
122,50,6
123,51,9
124,51,6
125,52,46
126,53,46
127,54,48
128,54,47
129,55,11
130,55,13
131,56,22
132,56,21
133,56,19
134,56,20
135,57,41
136,57,40
137,58,32
138,58,31
139,58,33
140,59,38
141,59,37
142,59,39
143,60,23
144,60,25
145,60,26
146,60,24
147,61,48
148,61,47
149,62,18
150,62,17
151,62,16
152,63,3
153,63,2
154,64,35
155,64,34
156,64,36
157,65,35
158,65,36
159,65,34
160,66,9
161,66,7
162,67,14
163,67,12
164,67,11
165,67,13
166,68,35
167,68,34
168,68,36
169,69,32
170,69,31
171,69,33
172,70,44
173,70,43
174,71,40
175,71,42
176,71,41
177,72,40
178,72,41
179,72,42
180,73,13
181,73,11
182,73,14
183,74,34
184,74,35
185,74,36
186,75,34
187,75,35
188,75,36
189,76,45
190,77,38
191,77,37
192,78,32
193,78,31
194,78,33
195,79,4
196,79,2
197,79,5
198,80,22
199,80,19
200,80,21
201,81,11
202,81,14
203,81,13
204,81,12
205,82,43
206,82,44
207,83,25
208,83,24
209,84,28
210,84,27
211,84,30
212,84,29
213,85,48
214,85,47
215,86,32
216,86,33
217,86,31
218,87,16
219,87,15
220,87,18
221,87,17
222,88,24
223,88,26
224,88,23
225,89,7
226,89,9
227,90,30
228,90,27
229,90,28
230,91,12
231,91,11
232,92,19
233,92,20
234,92,21
235,92,22
236,93,31
237,93,32
238,93,33
239,94,45
240,95,1
241,95,5
242,95,2
243,96,48
244,96,47
245,97,47
246,97,48
247,98,43
248,98,44
249,99,38
250,99,39
251,99,37
252,100,40
253,100,41
254,100,42
255,101,38
256,101,37
257,101,39
258,102,15
259,102,17
260,103,37
261,103,38
262,103,39
263,104,48
264,104,47
265,105,41
266,105,42
267,106,22
268,106,19
269,106,21
270,106,20
271,107,43
272,107,44
273,108,23
274,108,25
275,108,24
276,108,26
277,109,33
278,109,32
279,109,31
280,110,10
281,110,6
282,110,9
283,110,8
284,111,9
285,111,10
286,111,8
287,112,17
288,112,18
289,112,16
290,112,15
291,113,15
292,113,17
293,114,35
294,114,36
295,114,34
296,115,1
297,115,2
298,115,5
299,116,45
300,117,16
301,117,17
302,117,15
303,117,18
304,118,20
305,118,21
306,118,22
307,119,44
308,119,43
309,120,27
310,120,30
311,121,38
312,121,37
313,121,39
314,122,38
315,122,37
316,123,31
317,123,32
318,123,33
319,124,46
320,125,43
321,125,44
322,126,47
323,126,48
324,127,19
325,127,22
326,127,21
327,128,43
328,128,44
329,129,47
330,129,48
331,130,43
332,130,44
333,131,13
334,131,12
335,131,14
336,132,46
337,133,46
338,134,45
339,135,47
340,135,48
341,136,30
342,136,29
343,136,28
344,137,17
345,137,15
346,138,43
347,138,44
348,139,11
349,139,12
350,139,13
351,139,14
352,140,26
353,140,25
354,141,45
355,142,3
356,142,1
357,142,4
358,142,5
359,143,17
360,143,18
361,143,16
362,144,26
363,144,24
364,144,23
365,144,25
366,145,47
367,145,48
368,146,26
369,146,23
370,147,41
371,147,42
372,148,45
373,149,26
374,149,24
375,149,25
376,149,23
377,150,35
378,150,34
379,150,36
380,151,45
381,152,37
382,152,39
383,153,4
384,153,3
385,154,41
386,154,40
387,155,47
388,155,48
389,156,34
390,156,36
391,156,35
392,157,3
393,157,2
394,157,1
395,158,46
396,159,37
397,159,38
398,159,39
399,160,27
400,160,30
401,160,28
402,160,29
403,161,35
404,161,36
405,161,34
406,162,45
407,163,22
408,163,21
409,164,31
410,164,33
411,165,45
412,166,39
413,166,37
414,167,48
415,167,47
416,168,1
417,168,4
418,168,2
419,169,31
420,169,33
421,169,32
422,170,7
423,170,10
424,171,36
425,171,34
426,171,35
427,172,16
428,172,17
429,173,23
430,173,26
431,173,24
432,174,47
433,174,48
434,175,18
435,175,16
436,175,15
437,176,9
438,176,8
439,176,6
440,177,14
441,177,13
442,177,12
443,177,11
444,178,43
445,178,44
446,179,46
447,180,9
448,180,7
449,180,8
450,181,42
451,181,40
452,182,37
453,182,39
454,182,38
455,183,47
456,183,48
457,184,22
458,184,20
459,184,21
460,185,32
461,185,33
462,185,31
463,186,45
464,187,14
465,187,11
466,188,42
467,188,41
468,189,5
469,189,1
470,189,3
471,190,24
472,190,23
473,190,26
474,191,46
475,192,46
476,193,27
477,193,28
478,194,45
479,195,47
480,195,48
481,196,20
482,196,22
483,197,15
484,197,16
485,197,17
486,198,48
487,198,47
488,199,14
489,199,13
490,199,12
491,200,1
492,200,4
493,201,30
494,201,27
495,201,29
496,202,39
497,202,38
498,202,37
499,203,2
500,203,3
501,204,15
502,204,17
503,204,16
504,205,33
505,205,31
506,205,32
507,206,41
508,206,40
509,206,42
510,207,17
511,207,16
512,207,18
513,207,15
514,208,25
515,208,26
516,208,24
517,208,23
518,209,2
519,209,5
520,209,4
521,210,38
522,210,37
523,211,41
524,211,40
525,212,40
526,212,41
527,213,11
528,213,13
529,213,12
530,214,14
531,214,13
532,214,12
533,215,38
534,215,37
535,215,39
536,216,23
537,216,24
538,216,25
539,216,26
540,217,27
541,217,30
542,218,21
543,218,22
544,218,19
545,218,20
546,219,45
547,220,42
548,220,40
549,220,41
550,221,46
551,222,43
552,222,44
553,223,45
554,224,30
555,224,28
556,224,29
557,224,27
558,225,37
559,225,38
560,225,39
561,226,47
562,226,48
563,227,30
564,227,27
565,227,28
566,228,42
567,228,41
568,228,40
569,229,46
570,230,4
571,230,5
572,230,2
573,230,1
574,231,47
575,231,48
576,232,11
577,232,12
578,233,40
579,233,41
580,233,42
581,234,36
582,234,35
583,234,34
584,235,12
585,235,13
586,235,11
587,236,21
588,236,22
589,236,20
590,236,19
591,237,23
592,237,24
593,238,6
594,238,9
595,238,8
596,238,10
597,239,48
598,239,47
599,240,11
600,240,14
601,240,13
602,240,12
603,241,25
604,241,26
605,242,42
606,242,41
607,242,40
608,243,4
609,243,2
610,243,3
611,243,5
612,244,42
613,244,41
614,244,40
615,245,5
616,245,4
617,245,1
618,245,2
619,246,35
620,246,36
621,247,10
622,247,9
623,247,6
624,247,8
625,248,33
626,248,31
627,248,32
628,249,45
629,250,17
630,250,15
631,251,8
632,251,7
633,251,6
634,252,35
635,252,36
636,252,34
637,253,2
638,253,4
639,253,3
640,254,28
641,254,29
642,255,46
643,256,7
644,256,8
645,256,6
646,256,9
647,257,12
648,257,11
649,258,42
650,258,41
651,259,22
652,259,21
653,260,32
654,260,33
655,260,31
656,261,45
657,262,31
658,262,32
659,262,33
660,263,35
661,263,34
662,263,36
663,264,39
664,264,38
665,264,37
666,265,45
667,266,36
668,266,35
669,266,34
670,267,6
671,267,9
672,268,5
673,268,2
674,268,1
675,269,37
676,269,38
677,269,39
678,270,3
679,270,2
680,271,46
681,272,25
682,272,24
683,272,26
684,273,5
685,273,4
686,273,3
687,274,47
688,274,48
689,275,37
690,275,39
691,275,38
692,276,45
693,277,39
694,277,38
695,278,23
696,278,26
697,278,25
698,279,40
699,279,41
700,280,45
701,281,45
702,282,40
703,282,42
704,282,41
705,283,48
706,283,47
707,284,31
708,284,32
709,285,26
710,285,23
711,286,45
712,287,41
713,287,42
714,287,40
715,288,23
716,288,26
717,288,25
718,289,20
719,289,21
720,289,22
721,289,19
722,290,33
723,290,32
724,290,31
725,291,12
726,291,13
727,291,11
728,291,14
729,292,21
730,292,19
731,292,22
732,293,24
733,293,25
734,294,46
735,295,34
736,295,35
737,295,36
738,296,7
739,296,9
740,296,8
741,297,6
742,297,10
743,298,39
744,298,37
745,298,38
746,299,28
747,299,29
748,300,32
749,300,33
750,300,31
751,301,39
752,301,37
753,301,38
754,302,9
755,302,6
756,302,10
757,302,8
758,303,16
759,303,18
760,304,38
761,304,37
762,304,39
763,305,43
764,305,44
765,306,19
766,306,21
767,306,20
768,306,22
769,307,31
770,307,33
771,308,33
772,308,32
773,308,31
774,309,37
775,309,38
776,310,18
777,310,16
778,311,44
779,311,43
780,312,22
781,312,19
782,313,19
783,313,21
784,313,22
785,314,44
786,314,43
787,315,19
788,315,20
789,316,32
790,316,31
791,316,33
792,317,25
793,317,23
794,317,26
795,318,27
796,318,29
797,319,45
798,320,39
799,320,38
800,320,37
801,321,36
802,321,35
803,322,34
804,322,35
805,322,36
806,323,4
807,323,2
808,324,47
809,324,48
810,325,44
811,325,43
812,326,38
813,326,37
814,326,39
815,327,8
816,327,7
817,328,29
818,328,30
819,328,27
820,329,25
821,329,26
822,329,24
823,330,28
824,330,29
825,330,27
826,330,30
827,331,14
828,331,12
829,332,45
830,333,16
831,333,15
832,333,18
833,334,40
834,334,41
835,334,42
836,335,5
837,335,2
838,335,3
839,336,30
840,336,28
841,337,45
842,338,39
843,338,38
844,339,45
845,340,12
846,340,13
847,340,11
848,340,14
849,341,20
850,341,19
851,342,15
852,342,17
853,342,16
854,343,30
855,343,28
856,344,19
857,344,20
858,344,21
859,345,12
860,345,13
861,345,14
862,346,45
863,347,28
864,347,30
865,348,25
866,348,23
867,348,24
868,349,40
869,349,42
870,349,41
871,350,4
872,350,3
873,350,1
874,351,46
875,352,18
876,352,17
877,353,31
878,353,33
879,354,9
880,354,10
881,354,6
882,354,7
883,355,9
884,355,8
885,355,7
886,355,10
887,356,29
888,356,27
889,356,28
890,356,30
891,357,46
892,358,45
893,359,40
894,359,41
895,359,42
896,360,47
897,360,48
898,361,35
899,361,36
900,361,34
901,362,46
902,363,48
903,363,47
904,364,25
905,364,23
906,364,26
907,365,20
908,365,21
909,365,22
910,366,20
911,366,21
912,366,19
913,367,46
914,368,14
915,368,11
916,368,13
917,368,12
918,369,45
919,370,36
920,370,35
921,371,31
922,371,32
923,371,33
924,372,13
925,372,11
926,373,27
927,373,29
928,374,30
929,374,28
930,374,27
931,374,29
932,375,15
933,375,18
934,376,14
935,376,12
936,376,11
937,377,12
938,377,13
939,377,11
940,378,14
941,378,11
942,379,37
943,379,38
944,380,24
945,380,25
946,380,26
947,381,46
948,382,37
949,382,38
950,383,32
951,383,31
952,384,46
953,385,48
954,385,47
955,386,40
956,386,41
957,386,42
958,387,41
959,387,42
960,387,40
961,388,34
962,388,36
963,388,35
964,389,48
965,389,47
966,390,40
967,390,42
968,391,24
969,391,26
970,391,25
971,392,37
972,392,38
973,392,39
974,393,45
975,394,31
976,394,33
977,394,32
978,395,5
979,395,3
980,395,1
981,396,8
982,396,7
983,397,1
984,397,2
985,397,4
986,397,3
987,398,48
988,398,47
989,399,48
990,399,47
991,400,46
992,401,33
993,401,32
994,401,31
995,402,37
996,402,38
997,403,42
998,403,40
999,404,48
1000,404,47
1001,405,46
1002,406,46
1003,407,41
1004,407,42
1005,407,40
1006,408,46
1007,409,35
1008,409,34
1009,409,36
1010,410,2
1011,410,4
1012,410,5
1013,410,3
1014,411,29
1015,411,27
1016,411,30
1017,412,34
1018,412,35
1019,413,47
1020,413,48
1021,414,6
1022,414,8
1023,415,41
1024,415,40
1025,415,42
1026,416,11
1027,416,12
1028,416,13
1029,417,44
1030,417,43
1031,418,19
1032,418,22
1033,419,33
1034,419,31
1035,420,47
1036,420,48
1037,421,32
1038,421,33
1039,422,39
1040,422,38
1041,422,37
1042,423,30
1043,423,29
1044,424,25
1045,424,26
1046,424,23
1047,425,44
1048,425,43
1049,426,14
1050,426,11
1051,426,12
1052,427,34
1053,427,36
1054,427,35
1055,428,32
1056,428,33
1057,428,31
1058,429,15
1059,429,16
1060,429,17
1061,429,18
1062,430,20
1063,430,21
1064,430,19
1065,431,2
1066,431,4
1067,432,45
1068,433,3
1069,433,1
1070,434,18
1071,434,16
1072,434,15
1073,434,17
1074,435,40
1075,435,42
1076,435,41
1077,436,20
1078,436,21
1079,436,19
1080,436,22
1081,437,19
1082,437,21
1083,437,22
1084,437,20
1085,438,28
1086,438,29
1087,438,30
1088,439,16
1089,439,18
1090,439,15
1091,439,17
1092,440,24
1093,440,25
1094,440,23
1095,441,35
1096,441,34
1097,441,36
1098,442,6
1099,442,7
1100,442,9
1101,443,29
1102,443,30
1103,443,27
1104,444,36
1105,444,34
1106,444,35
1107,445,7
1108,445,9
1109,446,45
1110,447,15
1111,447,17
1112,447,16
1113,448,45
1114,449,37
1115,449,39
1116,450,48
1117,450,47
1118,451,18
1119,451,17
1120,452,45
1121,453,48
1122,453,47
1123,454,47
1124,454,48
1125,455,44
1126,455,43
1127,456,5
1128,456,2
1129,456,3
1130,457,11
1131,457,13
1132,457,14
1133,457,12
1134,458,25
1135,458,24
1136,458,23
1137,459,41
1138,459,40
1139,460,40
1140,460,41
1141,460,42
1142,461,31
1143,461,33
1144,461,32
1145,462,28
1146,462,29
1147,462,27
1148,462,30
1149,463,4
1150,463,5
1151,464,4
1152,464,3
1153,464,1
1154,465,12
1155,465,14
1156,465,13
1157,466,48
1158,466,47
1159,467,38
1160,467,37
1161,468,17
1162,468,18
1163,469,46
1164,470,36
1165,470,34
1166,470,35
1167,471,46
1168,472,46
1169,473,46
1170,474,19
1171,474,20
1172,474,21
1173,474,22
1174,475,31
1175,475,33
1176,475,32
1177,476,32
1178,476,33
1179,476,31
1180,477,36
1181,477,34
1182,477,35
1183,478,25
1184,478,26
1185,478,23
1186,479,28
1187,479,27
1188,479,30
1189,479,29
1190,480,46
1191,481,5
1192,481,3
1193,481,4
1194,482,9
1195,482,8
1196,483,21
1197,483,22
1198,483,20
1199,484,15
1200,484,17
1201,484,18
1202,484,16
1203,485,22
1204,485,20
1205,486,28
1206,486,27
1207,486,30
1208,486,29
1209,487,21
1210,487,20
1211,488,21
1212,488,20
1213,488,22
1214,489,16
1215,489,17
1216,489,18
1217,489,15
1218,490,28
1219,490,29
1220,490,27
1221,490,30
1222,491,6
1223,491,9
1224,491,7
1225,491,8
1226,492,37
1227,492,38
1228,492,39
1229,493,43
1230,493,44
1231,494,37
1232,494,38
1233,494,39
1234,495,21
1235,495,20
1236,495,22
1237,496,26
1238,496,24
1239,497,1
1240,497,4
1241,497,5
1242,497,3
1243,498,2
1244,498,4
1245,498,1
1246,498,5
1247,499,45
1248,500,17
1249,500,16
1250,500,15
1251,500,18
1252,501,36
1253,501,35
1254,501,34
1255,502,42
1256,502,41
1257,503,45
1258,504,39
1259,504,38
1260,504,37
1261,505,45
1262,506,23
1263,506,26
1264,506,25
1265,506,24
1266,507,40
1267,507,41
1268,507,42
1269,508,22
1270,508,21
1271,508,20
1272,509,32
1273,509,33
1274,509,31
1275,510,37
1276,510,39
1277,510,38
1278,511,38
1279,511,39
1280,511,37
1281,512,48
1282,512,47
1283,513,17
1284,513,18
1285,514,46
1286,515,45
1287,516,20
1288,516,19
1289,516,22
1290,517,33
1291,517,32
1292,517,31
1293,518,2
1294,518,3
1295,518,1
1296,519,23
1297,519,25
1298,519,26
1299,519,24
1300,520,43
1301,520,44
1302,521,24
1303,521,26
1304,522,43
1305,522,44
1306,523,12
1307,523,11
1308,524,23
1309,524,25
1310,525,28
1311,525,30
1312,526,2
1313,526,5
1314,527,34
1315,527,36
1316,527,35
1317,528,32
1318,528,31
1319,529,15
1320,529,16
1321,529,17
1322,529,18
1323,530,44
1324,530,43
1325,531,34
1326,531,36
1327,531,35
1328,532,39
1329,532,38
1330,533,11
1331,533,14
1332,533,12
1333,534,14
1334,534,11
1335,534,13
1336,534,12
1337,535,19
1338,535,22
1339,536,42
1340,536,40
1341,536,41
1342,537,44
1343,537,43
1344,538,46
1345,539,39
1346,539,37
1347,539,38
1348,540,40
1349,540,42
1350,540,41
1351,541,12
1352,541,13
1353,542,8
1354,542,6
1355,542,9
1356,543,46
1357,544,7
1358,544,8
1359,544,9
1360,544,6
1361,545,42
1362,545,40
1363,545,41
1364,546,37
1365,546,39
1366,546,38
1367,547,35
1368,547,36
1369,547,34
1370,548,48
1371,548,47
1372,549,12
1373,549,13
1374,549,11
1375,550,39
1376,550,37
1377,550,38
1378,551,35
1379,551,36
1380,551,34
1381,552,46
1382,553,33
1383,553,32
1384,554,23
1385,554,26
1386,554,25
1387,555,30
1388,555,27
1389,555,29
1390,556,39
1391,556,38
1392,556,37
1393,557,46
1394,558,29
1395,558,27
1396,558,30
1397,559,23
1398,559,24
1399,560,48
1400,560,47
1401,561,37
1402,561,38
1403,561,39
1404,562,7
1405,562,10
1406,562,9
1407,563,45
1408,564,3
1409,564,4
1410,565,20
1411,565,22
1412,566,15
1413,566,18
1414,566,16
1415,566,17
1416,567,38
1417,567,37
1418,567,39
1419,568,2
1420,568,5
1421,568,4
1422,569,42
1423,569,40
1424,569,41
1425,570,7
1426,570,8
1427,570,6
1428,571,40
1429,571,41
1430,572,22
1431,572,20
1432,572,21
1433,572,19
1434,573,27
1435,573,29
1436,573,30
1437,573,28
1438,574,22
1439,574,19
1440,574,21
1441,575,44
1442,575,43
1443,576,18
1444,576,17
1445,576,15
1446,576,16
1447,577,26
1448,577,25
1449,577,23
1450,578,46
1451,579,11
1452,579,13
1453,579,12
1454,580,46
1455,581,35
1456,581,34
1457,582,2
1458,582,1
1459,582,4
1460,582,3
1461,583,25
1462,583,24
1463,584,34
1464,584,35
1465,585,7
1466,585,6
1467,585,9
1468,585,8
1469,586,18
1470,586,15
1471,587,37
1472,587,38
1473,588,24
1474,588,23
1475,589,44
1476,589,43
1477,590,15
1478,590,16
1479,590,18
1480,591,36
1481,591,34
1482,591,35
1483,592,3
1484,592,1
1485,592,2
1486,593,7
1487,593,6
1488,593,8
1489,594,47
1490,594,48
1491,595,16
1492,595,18
1493,595,17
1494,596,5
1495,596,1
1496,596,4
1497,597,24
1498,597,23
1499,597,25
1500,598,39
1501,598,37
1502,599,2
1503,599,5
1504,599,3
1505,600,48
1506,600,47
1507,601,31
1508,601,32
1509,602,37
1510,602,38
1511,602,39
1512,603,36
1513,603,34
1514,604,48
1515,604,47
1516,605,26
1517,605,24
1518,606,47
1519,606,48
1520,607,35
1521,607,34
1522,607,36
1523,608,45
1524,609,2
1525,609,5
1526,609,4
1527,610,31
1528,610,32
1529,611,5
1530,611,2
1531,611,3
1532,611,4
1533,612,33
1534,612,32
1535,613,46
1536,614,22
1537,614,21
1538,614,19
1539,614,20
1540,615,27
1541,615,28
1542,616,36
1543,616,35
1544,616,34
1545,617,35
1546,617,36
1547,617,34
1548,618,14
1549,618,13
1550,619,45
1551,620,17
1552,620,15
1553,620,18
1554,620,16
1555,621,45
1556,622,44
1557,622,43
1558,623,31
1559,623,32
1560,623,33
1561,624,48
1562,624,47
1563,625,17
1564,625,15
1565,625,16
1566,625,18
1567,626,47
1568,626,48
1569,627,45
1570,628,13
1571,628,11
1572,629,46
1573,630,36
1574,630,34
1575,631,10
1576,631,7
1577,631,6
1578,632,44
1579,632,43
1580,633,34
1581,633,36
1582,634,15
1583,634,18
1584,634,17
1585,634,16
1586,635,46
1587,636,32
1588,636,31
1589,636,33
1590,637,28
1591,637,30
1592,638,10
1593,638,7
1594,639,46
1595,640,40
1596,640,42
1597,640,41
1598,641,46
1599,642,45
1600,643,8
1601,643,6
1602,643,7
1603,644,1
1604,644,3
1605,644,4
1606,644,5
1607,645,18
1608,645,15
1609,645,16
1610,646,48
1611,646,47
1612,647,48
1613,647,47
1614,648,33
1615,648,31
1616,649,36
1617,649,34
1618,649,35
1619,650,37
1620,650,38
1621,650,39
1622,651,31
1623,651,33
1624,652,4
1625,652,2
1626,652,3
1627,653,3
1628,653,1
1629,653,5
1630,653,2
1631,654,21
1632,654,19
1633,655,12
1634,655,14
1635,655,11
1636,655,13
1637,656,3
1638,656,5
1639,656,1
1640,656,4
1641,657,43
1642,657,44
1643,658,32
1644,658,33
1645,659,15
1646,659,16
1647,660,24
1648,660,26
1649,660,25
1650,660,23
1651,661,26
1652,661,24
1653,661,25
1654,662,43
1655,662,44
1656,663,23
1657,663,26
1658,664,47
1659,664,48
1660,665,16
1661,665,15
1662,665,17
1663,666,9
1664,666,7
1665,666,6
1666,666,10
1667,667,45
1668,668,44
1669,668,43
1670,669,36
1671,669,35
1672,669,34
1673,670,2
1674,670,3
1675,670,5
1676,670,1
1677,671,45
1678,672,1
1679,672,3
1680,672,5
1681,672,2
1682,673,11
1683,673,14
1684,673,12
1685,674,14
1686,674,12
1687,674,11
1688,674,13
1689,675,39
1690,675,38
1691,675,37
1692,676,46
1693,677,20
1694,677,21
1695,677,22
1696,677,19
1697,678,39
1698,678,38
1699,678,37
1700,679,33
1701,679,32
1702,679,31
1703,680,3
1704,680,2
1705,680,5
1706,680,1
1707,681,6
1708,681,9
1709,682,17
1710,682,15
1711,682,18
1712,683,46
1713,684,45
1714,685,19
1715,685,21
1716,686,28
1717,686,27
1718,686,29
1719,686,30
1720,687,19
1721,687,22
1722,687,21
1723,688,39
1724,688,38
1725,688,37
1726,689,17
1727,689,15
1728,689,18
1729,690,46
1730,691,13
1731,691,12
1732,691,14
1733,692,31
1734,692,33
1735,692,32
1736,693,38
1737,693,37
1738,694,28
1739,694,30
1740,694,29
1741,694,27
1742,695,45
1743,696,18
1744,696,16
1745,697,10
1746,697,8
1747,698,22
1748,698,21
1749,698,19
1750,699,46
1751,700,10
1752,700,8
1753,700,7
1754,700,6
1755,701,17
1756,701,15
1757,701,16
1758,701,18
1759,702,34
1760,702,35
1761,702,36
1762,703,41
1763,703,42
1764,703,40
1765,704,28
1766,704,30
1767,704,27
1768,704,29
1769,705,46
1770,706,21
1771,706,20
1772,707,39
1773,707,37
1774,707,38
1775,708,45
1776,709,12
1777,709,14
1778,709,13
1779,709,11
1780,710,23
1781,710,26
1782,710,24
1783,710,25
1784,711,44
1785,711,43
1786,712,20
1787,712,22
1788,712,19
1789,713,15
1790,713,17
1791,713,16
1792,713,18
1793,714,46
1794,715,30
1795,715,29
1796,716,20
1797,716,21
1798,717,10
1799,717,8
1800,717,9
1801,717,7
1802,718,40
1803,718,42
1804,718,41
1805,719,35
1806,719,36
1807,719,34
1808,720,29
1809,720,28
1810,720,30
1811,720,27
1812,721,42
1813,721,41
1814,721,40
1815,722,45
1816,723,3
1817,723,5
1818,724,18
1819,724,15
1820,725,34
1821,725,36
1822,726,18
1823,726,15
1824,726,17
1825,726,16
1826,727,19
1827,727,22
1828,727,20
1829,728,40
1830,728,41
1831,729,13
1832,729,11
1833,729,12
1834,730,24
1835,730,23
1836,730,26
1837,730,25
1838,731,41
1839,731,40
1840,731,42
1841,732,40
1842,732,42
1843,732,41
1844,733,34
1845,733,36
1846,733,35
1847,734,46
1848,735,36
1849,735,34
1850,736,47
1851,736,48
1852,737,41
1853,737,42
1854,737,40
1855,738,11
1856,738,13
1857,739,12
1858,739,11
1859,739,14
1860,740,26
1861,740,25
1862,740,23
1863,741,44
1864,741,43
1865,742,41
1866,742,40
1867,742,42
1868,743,15
1869,743,17
1870,744,40
1871,744,42
1872,744,41
1873,745,2
1874,745,4
1875,745,5
1876,745,1
1877,746,46
1878,747,36
1879,747,35
1880,747,34
1881,748,5
1882,748,3
1883,748,4
1884,749,7
1885,749,9
1886,750,45
1887,751,45
1888,752,19
1889,752,20
1890,752,22
1891,752,21
1892,753,46
1893,754,27
1894,754,30
1895,754,29
1896,755,47
1897,755,48
1898,756,45
1899,757,8
1900,757,6
1901,757,9
1902,757,10
1903,758,44
1904,758,43
1905,759,37
1906,759,38
1907,759,39
1908,760,22
1909,760,19
1910,760,20
1911,761,45
1912,762,38
1913,762,39
1914,762,37
1915,763,31
1916,763,33
1917,763,32
1918,764,30
1919,764,29
1920,764,28
1921,765,18
1922,765,17
1923,765,15
1924,766,29
1925,766,28
1926,766,30
1927,766,27
1928,767,45
1929,768,27
1930,768,28
1931,768,29
1932,768,30
1933,769,45
1934,770,11
1935,770,13
1936,770,14
1937,770,12
1938,771,47
1939,771,48
1940,772,22
1941,772,21
1942,772,20
1943,773,33
1944,773,31
1945,773,32
1946,774,46
1947,775,13
1948,775,12
1949,776,42
1950,776,41
1951,776,40
1952,777,9
1953,777,8
1954,777,7
1955,777,6
1956,778,44
1957,778,43
1958,779,4
1959,779,2
1960,780,48
1961,780,47
1962,781,1
1963,781,3
1964,782,33
1965,782,31
1966,783,2
1967,783,4
1968,784,45
1969,785,32
1970,785,33
1971,785,31
1972,786,17
1973,786,15
1974,786,16
1975,786,18
1976,787,37
1977,787,38
1978,788,26
1979,788,25
1980,788,24
1981,789,2
1982,789,4
1983,789,5
1984,789,3
1985,790,6
1986,790,8
1987,790,7
1988,790,9
1989,791,24
1990,791,26
1991,792,45
1992,793,40
1993,793,42
1994,793,41
1995,794,33
1996,794,31
1997,794,32
1998,795,38
1999,795,39
2000,796,6
2001,796,7
2002,797,45
2003,798,27
2004,798,30
2005,799,19
2006,799,20
2007,799,21
2008,800,28
2009,800,30
2010,800,27
2011,800,29
2012,801,1
2013,801,3
2014,802,21
2015,802,20
2016,802,22
2017,802,19
2018,803,20
2019,803,21
2020,803,19
2021,803,22
2022,804,48
2023,804,47
2024,805,48
2025,805,47
2026,806,25
2027,806,23
2028,807,37
2029,807,38
2030,807,39
2031,808,30
2032,808,28
2033,809,5
2034,809,3
2035,809,4
2036,810,37
2037,810,38
2038,811,8
2039,811,9
2040,811,7
2041,811,6
2042,812,30
2043,812,28
2044,813,47
2045,813,48
2046,814,7
2047,814,8
2048,815,40
2049,815,41
2050,815,42
2051,816,14
2052,816,13
2053,817,47
2054,817,48
2055,818,25
2056,818,26
2057,818,24
2058,819,25
2059,819,24
2060,820,44
2061,820,43
2062,821,17
2063,821,16
2064,821,15
2065,821,18
2066,822,43
2067,822,44
2068,823,26
2069,823,25
2070,823,23
2071,823,24
2072,824,27
2073,824,28
2074,824,29
2075,825,17
2076,825,16
2077,825,18
2078,825,15
2079,826,36
2080,826,34
2081,827,36
2082,827,34
2083,827,35
2084,828,4
2085,828,5
2086,828,2
2087,829,31
2088,829,33
2089,829,32
2090,830,16
2091,830,18
2092,830,15
2093,831,20
2094,831,22
2095,831,21
2096,831,19
2097,832,45
2098,833,15
2099,833,18
2100,834,7
2101,834,8
2102,834,6
2103,834,9
2104,835,42
2105,835,40
2106,836,42
2107,836,40
2108,837,12
2109,837,13
2110,838,48
2111,838,47
2112,839,34
2113,839,35
2114,840,1
2115,840,2
2116,841,47
2117,841,48
2118,842,40
2119,842,41
2120,842,42
2121,843,20
2122,843,19
2123,843,21
2124,843,22
2125,844,7
2126,844,10
2127,844,8
2128,845,45
2129,846,21
2130,846,22
2131,847,26
2132,847,23
2133,847,24
2134,848,26
2135,848,23
2136,848,24
2137,849,48
2138,849,47
2139,850,30
2140,850,27
2141,850,29
2142,850,28
2143,851,32
2144,851,31
2145,852,23
2146,852,24
2147,852,25
2148,853,21
2149,853,20
2150,853,22
2151,853,19
2152,854,11
2153,854,13
2154,854,12
2155,855,37
2156,855,38
2157,855,39
2158,856,36
2159,856,35
2160,856,34
2161,857,14
2162,857,11
2163,858,37
2164,858,38
2165,859,24
2166,859,23
2167,859,26
2168,860,44
2169,860,43
2170,861,1
2171,861,4
2172,861,3
2173,862,25
2174,862,23
2175,862,26
2176,862,24
2177,863,33
2178,863,32
2179,863,31
2180,864,14
2181,864,13
2182,864,11
2183,864,12
2184,865,45
2185,866,39
2186,866,38
2187,866,37
2188,867,45
2189,868,34
2190,868,35
2191,869,4
2192,869,3
2193,870,36
2194,870,35
2195,870,34
2196,871,46
2197,872,45
2198,873,28
2199,873,29
2200,874,40
2201,874,42
2202,874,41
2203,875,46
2204,876,15
2205,876,17
2206,876,16
2207,877,35
2208,877,34
2209,877,36
2210,878,31
2211,878,32
2212,878,33
2213,879,29
2214,879,27
2215,880,39
2216,880,38
2217,880,37
2218,881,12
2219,881,14
2220,881,13
2221,881,11
2222,882,3
2223,882,2
2224,882,5
2225,882,4
2226,883,16
2227,883,15
2228,883,18
2229,883,17
2230,884,31
2231,884,33
2232,885,27
2233,885,28
2234,885,29
2235,886,29
2236,886,30
2237,886,27
2238,887,36
2239,887,35
2240,887,34
2241,888,11
2242,888,13
2243,888,14
2244,889,46
2245,890,11
2246,890,13
2247,890,12
2248,891,30
2249,891,29
2250,892,24
2251,892,26
2252,893,37
2253,893,38
2254,894,47
2255,894,48
2256,895,43
2257,895,44
2258,896,9
2259,896,8
2260,896,10
2261,897,1
2262,897,3
2263,897,5
2264,897,4
2265,898,30
2266,898,27
2267,898,28
2268,899,46
2269,900,36
2270,900,34
2271,900,35
2272,901,30
2273,901,27
2274,901,28
2275,902,47
2276,902,48
2277,903,39
2278,903,38
2279,903,37
2280,904,27
2281,904,29
2282,904,28
2283,905,12
2284,905,14
2285,906,38
2286,906,39
2287,907,43
2288,907,44
2289,908,3
2290,908,5
2291,908,1
2292,909,32
2293,909,33
2294,910,22
2295,910,19
2296,911,40
2297,911,41
2298,911,42
2299,912,44
2300,912,43
2301,913,46
2302,914,1
2303,914,4
2304,914,2
2305,915,10
2306,915,6
2307,915,8
2308,915,7
2309,916,21
2310,916,20
2311,917,46
2312,918,5
2313,918,1
2314,918,4
2315,919,42
2316,919,41
2317,919,40
2318,920,47
2319,920,48
2320,921,11
2321,921,14
2322,921,12
2323,921,13
2324,922,35
2325,922,36
2326,923,33
2327,923,32
2328,923,31
2329,924,12
2330,924,13
2331,925,45
2332,926,46
2333,927,6
2334,927,10
2335,927,7
2336,927,9
2337,928,35
2338,928,34
2339,928,36
2340,929,47
2341,929,48
2342,930,4
2343,930,5
2344,930,3
2345,931,32
2346,931,31
2347,932,35
2348,932,34
2349,933,36
2350,933,34
2351,934,45
2352,935,46
2353,936,31
2354,936,33
2355,936,32
2356,937,21
2357,937,19
2358,938,47
2359,938,48
2360,939,18
2361,939,17
2362,939,15
2363,939,16
2364,940,37
2365,940,39
2366,941,3
2367,941,2
2368,941,4
2369,942,43
2370,942,44
2371,943,40
2372,943,41
2373,944,20
2374,944,19
2375,944,21
2376,945,28
2377,945,30
2378,946,46
2379,947,46
2380,948,36
2381,948,34
2382,948,35
2383,949,48
2384,949,47
2385,950,45
2386,951,37
2387,951,39
2388,951,38
2389,952,36
2390,952,34
2391,953,13
2392,953,14
2393,953,12
2394,953,11
2395,954,46
2396,955,46
2397,956,41
2398,956,40
2399,957,24
2400,957,23
2401,957,26
2402,957,25
2403,958,9
2404,958,6
2405,958,8
2406,958,10
2407,959,46
2408,960,15
2409,960,16
2410,960,17
2411,961,16
2412,961,17
2413,962,19
2414,962,20
2415,962,22
2416,962,21
2417,963,40
2418,963,41
2419,963,42
2420,964,45
2421,965,6
2422,965,10
2423,965,7
2424,965,8
2425,966,31
2426,966,32
2427,966,33
2428,967,22
2429,967,21
2430,967,20
2431,967,19
2432,968,26
2433,968,23
2434,969,34
2435,969,36
2436,970,16
2437,970,17
2438,971,17
2439,971,18
2440,971,16
2441,971,15
2442,972,37
2443,972,39
2444,973,9
2445,973,7
2446,973,8
2447,974,42
2448,974,41
2449,974,40
2450,975,35
2451,975,34
2452,975,36
2453,976,41
2454,976,42
2455,976,40
2456,977,1
2457,977,4
2458,977,2
2459,977,5
2460,978,48
2461,978,47
2462,979,48
2463,979,47
2464,980,38
2465,980,37
2466,980,39
2467,981,40
2468,981,42
2469,981,41
2470,982,13
2471,982,11
2472,983,47
2473,983,48
2474,984,47
2475,984,48
2476,985,33
2477,985,31
2478,986,3
2479,986,4
2480,986,5
2481,986,2
2482,987,2
2483,987,1
2484,987,4
2485,988,4
2486,988,3
2487,988,1
2488,988,2
2489,989,46
2490,990,45
2491,991,38
2492,991,39
2493,991,37
2494,992,39
2495,992,38
2496,992,37
2497,993,46
2498,994,39
2499,994,37
2500,995,40
2501,995,41
2502,996,47
2503,996,48
2504,997,2
2505,997,1
2506,998,20
2507,998,22
2508,998,21
2509,999,11
2510,999,14
2511,999,12
2512,1000,42
2513,1000,41
2514,1000,40
2515,1001,23
2516,1001,24
2517,1002,11
2518,1002,14
2519,1003,15
2520,1003,17
2521,1003,16
2522,1004,46
2523,1005,4
2524,1005,5
2525,1006,6
2526,1006,7
2527,1006,8
2528,1007,40
2529,1007,41
2530,1007,42
2531,1008,38
2532,1008,37
2533,1008,39
2534,1009,26
2535,1009,25
2536,1009,23
2537,1010,38
2538,1010,37
2539,1010,39
2540,1011,21
2541,1011,22
2542,1011,20
2543,1011,19
2544,1012,41
2545,1012,42
2546,1013,36
2547,1013,35
2548,1014,46
2549,1015,30
2550,1015,27
2551,1016,21
2552,1016,20
2553,1017,32
2554,1017,31
2555,1018,45
2556,1019,11
2557,1019,13
2558,1019,14
2559,1019,12
2560,1020,16
2561,1020,18
2562,1020,15
2563,1020,17
2564,1021,42
2565,1021,41
2566,1021,40
2567,1022,21
2568,1022,19
2569,1022,22
2570,1022,20
2571,1023,46
2572,1024,45
2573,1025,17
2574,1025,18
2575,1025,16
2576,1025,15
2577,1026,37
2578,1026,39
2579,1027,38
2580,1027,37
2581,1028,17
2582,1028,16
2583,1029,45
2584,1030,45
2585,1031,13
2586,1031,12
2587,1032,9
2588,1032,6
2589,1032,10
2590,1033,46
2591,1034,29
2592,1034,27
2593,1034,28
2594,1035,31
2595,1035,32
2596,1036,14
2597,1036,12
2598,1036,11
2599,1037,40
2600,1037,41
2601,1037,42
2602,1038,19
2603,1038,21
2604,1038,20
2605,1039,39
2606,1039,37
2607,1039,38
2608,1040,3
2609,1040,1
2610,1041,37
2611,1041,38
2612,1041,39
2613,1042,4
2614,1042,3
2615,1042,1
2616,1043,11
2617,1043,12
2618,1043,14
2619,1043,13
2620,1044,23
2621,1044,26
2622,1044,25
2623,1044,24
2624,1045,24
2625,1045,23
2626,1045,26
2627,1045,25
2628,1046,46
2629,1047,21
2630,1047,19
2631,1047,22
2632,1048,18
2633,1048,15
2634,1048,16
2635,1049,32
2636,1049,31
2637,1049,33
2638,1050,31
2639,1050,32
2640,1051,45
2641,1052,45
2642,1053,8
2643,1053,6
2644,1053,9
2645,1054,45
2646,1055,9
2647,1055,8
2648,1055,10
2649,1055,7
2650,1056,44
2651,1056,43
2652,1057,8
2653,1057,7
2654,1058,48
2655,1058,47
2656,1059,44
2657,1059,43
2658,1060,28
2659,1060,30
2660,1061,23
2661,1061,24
2662,1061,25
2663,1062,31
2664,1062,33
2665,1062,32
2666,1063,10
2667,1063,8
2668,1063,7
2669,1064,14
2670,1064,12
2671,1064,13
2672,1064,11
2673,1065,33
2674,1065,31
2675,1065,32
2676,1066,13
2677,1066,11
2678,1066,12
2679,1066,14
2680,1067,44
2681,1067,43
2682,1068,31
2683,1068,32
2684,1068,33
2685,1069,45
2686,1070,25
2687,1070,26
2688,1070,24
2689,1071,46
2690,1072,29
2691,1072,27
2692,1072,28
2693,1073,28
2694,1073,30
2695,1073,27
2696,1074,47
2697,1074,48
2698,1075,23
2699,1075,26
2700,1075,25
2701,1075,24
2702,1076,6
2703,1076,9
2704,1077,47
2705,1077,48
2706,1078,22
2707,1078,20
2708,1078,19
2709,1079,30
2710,1079,27
2711,1080,46
2712,1081,35
2713,1081,36
2714,1082,32
2715,1082,33
2716,1082,31
2717,1083,7
2718,1083,6
2719,1083,8
2720,1083,9
2721,1084,45
2722,1085,14
2723,1085,11
2724,1086,21
2725,1086,22
2726,1086,19
2727,1086,20
2728,1087,16
2729,1087,18
2730,1087,17
2731,1088,32
2732,1088,31
2733,1089,15
2734,1089,16
2735,1089,18
2736,1089,17
2737,1090,27
2738,1090,29
2739,1090,30
2740,1090,28
2741,1091,20
2742,1091,19
2743,1091,21
2744,1091,22
2745,1092,9
2746,1092,10
2747,1092,8
2748,1092,7
2749,1093,30
2750,1093,28
2751,1094,30
2752,1094,28
2753,1094,29
2754,1095,45
2755,1096,44
2756,1096,43
2757,1097,27
2758,1097,30
2759,1097,28
2760,1097,29
2761,1098,2
2762,1098,3
2763,1099,46
2764,1100,29
2765,1100,27
2766,1101,14
2767,1101,12
2768,1101,11
2769,1102,24
2770,1102,26
2771,1102,25
2772,1102,23
2773,1103,9
2774,1103,7
2775,1103,8
2776,1103,6
2777,1104,32
2778,1104,33
2779,1105,34
2780,1105,35
2781,1106,17
2782,1106,16
2783,1106,15
2784,1106,18
2785,1107,46
2786,1108,2
2787,1108,5
2788,1109,11
2789,1109,12
2790,1109,13
2791,1110,31
2792,1110,33
2793,1111,20
2794,1111,22
2795,1111,21
2796,1111,19
2797,1112,19
2798,1112,22
2799,1112,20
2800,1113,24
2801,1113,23
2802,1113,26
2803,1114,41
2804,1114,40
2805,1114,42
2806,1115,48
2807,1115,47
2808,1116,46
2809,1117,4
2810,1117,1
2811,1117,5
2812,1118,45
2813,1119,37
2814,1119,39
2815,1120,12
2816,1120,14
2817,1121,5
2818,1121,2
2819,1122,31
2820,1122,33
2821,1122,32
2822,1123,22
2823,1123,20
2824,1124,43
2825,1124,44
2826,1125,29
2827,1125,27
2828,1125,28
2829,1125,30
2830,1126,22
2831,1126,19
2832,1127,36
2833,1127,35
2834,1127,34
2835,1128,32
2836,1128,31
2837,1129,27
2838,1129,28
2839,1130,26
2840,1130,24
2841,1130,23
2842,1130,25
2843,1131,46
2844,1132,47
2845,1132,48
2846,1133,46
2847,1134,1
2848,1134,4
2849,1135,29
2850,1135,28
2851,1135,30
2852,1136,42
2853,1136,41
2854,1137,25
2855,1137,24
2856,1138,24
2857,1138,25
2858,1138,26
2859,1139,37
2860,1139,38
2861,1139,39
2862,1140,34
2863,1140,35
2864,1140,36
2865,1141,11
2866,1141,14
2867,1142,27
2868,1142,28
2869,1143,37
2870,1143,39
2871,1143,38
2872,1144,11
2873,1144,13
2874,1144,12
2875,1144,14
2876,1145,44
2877,1145,43
2878,1146,45
2879,1147,17
2880,1147,15
2881,1147,16
2882,1147,18
2883,1148,21
2884,1148,19
2885,1149,7
2886,1149,8
2887,1150,44
2888,1150,43
2889,1151,45
2890,1152,14
2891,1152,11
2892,1152,12
2893,1153,21
2894,1153,20
2895,1153,19
2896,1154,15
2897,1154,18
2898,1154,17
2899,1155,15
2900,1155,16
2901,1155,18
2902,1155,17
2903,1156,10
2904,1156,8
2905,1156,9
2906,1157,42
2907,1157,40
2908,1158,19
2909,1158,22
2910,1158,20
2911,1158,21
2912,1159,3
2913,1159,5
2914,1160,18
2915,1160,15
2916,1160,16
2917,1160,17
2918,1161,7
2919,1161,9
2920,1161,8
2921,1162,15
2922,1162,16
2923,1162,18
2924,1163,9
2925,1163,7
2926,1164,46
2927,1165,30
2928,1165,27
2929,1166,7
2930,1166,8
2931,1167,44
2932,1167,43
2933,1168,42
2934,1168,40
2935,1169,43
2936,1169,44
2937,1170,3
2938,1170,4
2939,1170,5
2940,1170,1
2941,1171,46
2942,1172,37
2943,1172,38
2944,1172,39
2945,1173,46
2946,1174,46
2947,1175,20
2948,1175,21
2949,1176,21
2950,1176,19
2951,1176,20
2952,1177,35
2953,1177,34
2954,1177,36
2955,1178,46
2956,1179,20
2957,1179,21
2958,1179,19
2959,1179,22
2960,1180,18
2961,1180,16
2962,1180,17
2963,1181,45
2964,1182,46
2965,1183,21
2966,1183,20
2967,1183,22
2968,1184,28
2969,1184,27
2970,1184,30
2971,1184,29
2972,1185,26
2973,1185,25
2974,1185,24
2975,1186,13
2976,1186,12
2977,1186,14
2978,1187,16
2979,1187,18
2980,1188,48
2981,1188,47
2982,1189,46
2983,1190,22
2984,1190,19
2985,1190,20
2986,1191,46
2987,1192,46
2988,1193,44
2989,1193,43
2990,1194,2
2991,1194,1
2992,1194,3
2993,1194,4
2994,1195,6
2995,1195,10
2996,1196,23
2997,1196,24
2998,1196,26
2999,1196,25
3000,1197,30
3001,1197,28
3002,1197,29
3003,1197,27
3004,1198,26
3005,1198,23
3006,1198,24
3007,1198,25
3008,1199,42
3009,1199,40
3010,1200,42
3011,1200,40
3012,1200,41
3013,1201,35
3014,1201,36
3015,1202,45
3016,1203,43
3017,1203,44
3018,1204,44
3019,1204,43
3020,1205,45
3021,1206,43
3022,1206,44
3023,1207,3
3024,1207,1
3025,1208,37
3026,1208,39
3027,1209,5
3028,1209,3
3029,1209,4
3030,1209,1
3031,1210,38
3032,1210,39
3033,1210,37
3034,1211,10
3035,1211,9
3036,1211,6
3037,1212,18
3038,1212,15
3039,1213,45
3040,1214,22
3041,1214,19
3042,1214,21
3043,1214,20
3044,1215,43
3045,1215,44
3046,1216,23
3047,1216,24
3048,1216,26
3049,1217,47
3050,1217,48
3051,1218,24
3052,1218,26
3053,1218,25
3054,1218,23
3055,1219,20
3056,1219,21
3057,1219,19
3058,1220,47
3059,1220,48
3060,1221,29
3061,1221,27
3062,1221,30
3063,1222,47
3064,1222,48
3065,1223,25
3066,1223,23
3067,1224,44
3068,1224,43
3069,1225,13
3070,1225,14
3071,1226,32
3072,1226,33
3073,1226,31
3074,1227,45
3075,1228,45
3076,1229,18
3077,1229,15
3078,1229,16
3079,1229,17
3080,1230,46
3081,1231,26
3082,1231,25
3083,1231,23
3084,1231,24
3085,1232,5
3086,1232,2
3087,1232,1
3088,1233,46
3089,1234,11
3090,1234,12
3091,1235,31
3092,1235,33
3093,1235,32
3094,1236,31
3095,1236,33
3096,1236,32
3097,1237,24
3098,1237,25
3099,1238,15
3100,1238,18
3101,1239,9
3102,1239,7
3103,1239,10
3104,1240,35
3105,1240,36
3106,1240,34
3107,1241,13
3108,1241,14
3109,1241,12
3110,1241,11
3111,1242,44
3112,1242,43
3113,1243,5
3114,1243,2
3115,1244,31
3116,1244,33
3117,1244,32
3118,1245,10
3119,1245,9
3120,1246,34
3121,1246,35
3122,1246,36
3123,1247,34
3124,1247,36
3125,1247,35
3126,1248,44
3127,1248,43
3128,1249,6
3129,1249,8
3130,1250,14
3131,1250,12
3132,1250,13
3133,1251,29
3134,1251,28
3135,1251,27
3136,1252,44
3137,1252,43
3138,1253,46
3139,1254,12
3140,1254,14
3141,1255,19
3142,1255,20
3143,1255,22
3144,1255,21
3145,1256,33
3146,1256,31
3147,1256,32
3148,1257,46
3149,1258,4
3150,1258,1
3151,1259,46
3152,1260,45
3153,1261,31
3154,1261,32
3155,1261,33
3156,1262,44
3157,1262,43
3158,1263,46
3159,1264,5
3160,1264,3
3161,1264,1
3162,1264,4
3163,1265,33
3164,1265,31
3165,1265,32
3166,1266,11
3167,1266,14
3168,1267,36
3169,1267,35
3170,1267,34
3171,1268,13
3172,1268,14
3173,1268,12
3174,1268,11
3175,1269,45
3176,1270,39
3177,1270,38
3178,1270,37
3179,1271,6
3180,1271,7
3181,1271,10
3182,1272,37
3183,1272,39
3184,1273,44
3185,1273,43
3186,1274,48
3187,1274,47
3188,1275,1
3189,1275,5
3190,1275,2
3191,1275,3
3192,1276,31
3193,1276,32
3194,1276,33
3195,1277,45
3196,1278,47
3197,1278,48
3198,1279,30
3199,1279,27
3200,1279,28
3201,1280,15
3202,1280,16
3203,1280,17
3204,1280,18
3205,1281,37
3206,1281,39
3207,1281,38
3208,1282,25
3209,1282,24
3210,1282,23
3211,1282,26
3212,1283,33
3213,1283,31
3214,1283,32
3215,1284,46
3216,1285,43
3217,1285,44
3218,1286,16
3219,1286,15
3220,1287,45
3221,1288,32
3222,1288,31
3223,1289,17
3224,1289,15
3225,1290,21
3226,1290,19
3227,1290,22
3228,1291,29
3229,1291,30
3230,1292,41
3231,1292,42
3232,1292,40
3233,1293,9
3234,1293,8
3235,1293,6
3236,1293,7
3237,1294,25
3238,1294,24
3239,1294,26
3240,1295,46
3241,1296,46
3242,1297,47
3243,1297,48
3244,1298,47
3245,1298,48
3246,1299,11
3247,1299,12
3248,1300,43
3249,1300,44
3250,1301,45
3251,1302,9
3252,1302,10
3253,1302,8
3254,1302,6
3255,1303,43
3256,1303,44
3257,1304,44
3258,1304,43
3259,1305,35
3260,1305,36
3261,1305,34
3262,1306,21
3263,1306,22
3264,1306,20
3265,1307,46
3266,1308,38
3267,1308,37
3268,1308,39
3269,1309,34
3270,1309,35
3271,1309,36
3272,1310,45
3273,1311,45
3274,1312,7
3275,1312,9
3276,1312,8
3277,1313,39
3278,1313,38
3279,1313,37
3280,1314,2
3281,1314,1
3282,1314,5
3283,1315,48
3284,1315,47
3285,1316,19
3286,1316,21
3287,1316,20
3288,1317,46
3289,1318,2
3290,1318,5
3291,1318,4
3292,1319,31
3293,1319,33
3294,1319,32
3295,1320,15
3296,1320,16
3297,1320,17
3298,1320,18
3299,1321,28
3300,1321,27
3301,1321,29
3302,1321,30
3303,1322,11
3304,1322,13
3305,1322,14
3306,1322,12
3307,1323,41
3308,1323,40
3309,1324,45
3310,1325,39
3311,1325,37
3312,1325,38
3313,1326,43
3314,1326,44
3315,1327,41
3316,1327,42
3317,1328,46
3318,1329,42
3319,1329,40
3320,1329,41
3321,1330,39
3322,1330,38
3323,1330,37
3324,1331,48
3325,1331,47
3326,1332,40
3327,1332,42
3328,1333,18
3329,1333,16
3330,1333,17
3331,1334,35
3332,1334,36
3333,1334,34
3334,1335,13
3335,1335,14
3336,1336,29
3337,1336,30
3338,1336,28
3339,1337,28
3340,1337,30
3341,1338,3
3342,1338,5
3343,1338,2
3344,1338,1
3345,1339,32
3346,1339,33
3347,1339,31
3348,1340,42
3349,1340,40
3350,1341,43
3351,1341,44
3352,1342,11
3353,1342,14
3354,1342,12
3355,1343,13
3356,1343,14
3357,1343,11
3358,1343,12
3359,1344,9
3360,1344,8
3361,1345,31
3362,1345,32
3363,1345,33
3364,1346,38
3365,1346,37
3366,1347,2
3367,1347,3
3368,1348,24
3369,1348,25
3370,1348,26
3371,1348,23
3372,1349,7
3373,1349,6
3374,1350,12
3375,1350,14
3376,1351,48
3377,1351,47
3378,1352,38
3379,1352,39
3380,1352,37
3381,1353,10
3382,1353,6
3383,1353,8
3384,1353,9
3385,1354,17
3386,1354,15
3387,1355,6
3388,1355,8
3389,1356,10
3390,1356,9
3391,1356,6
3392,1357,45
3393,1358,43
3394,1358,44
3395,1359,11
3396,1359,14
3397,1359,12
3398,1360,20
3399,1360,21
3400,1361,45
3401,1362,2
3402,1362,5
3403,1363,18
3404,1363,16
3405,1363,15
3406,1364,45
3407,1365,32
3408,1365,31
3409,1365,33
3410,1366,11
3411,1366,13
3412,1367,26
3413,1367,24
3414,1368,37
3415,1368,39
3416,1368,38
3417,1369,44
3418,1369,43
3419,1370,47
3420,1370,48
3421,1371,48
3422,1371,47
3423,1372,45
3424,1373,3
3425,1373,4
3426,1373,5
3427,1374,36
3428,1374,34
3429,1374,35
3430,1375,44
3431,1375,43
3432,1376,17
3433,1376,16
3434,1377,47
3435,1377,48
3436,1378,19
3437,1378,22
3438,1378,21
3439,1378,20
3440,1379,27
3441,1379,29
3442,1379,30
3443,1379,28
3444,1380,10
3445,1380,9
3446,1380,7
3447,1380,8
3448,1381,19
3449,1381,21
3450,1382,47
3451,1382,48
3452,1383,46
3453,1384,10
3454,1384,7
3455,1384,9
3456,1385,10
3457,1385,8
3458,1385,9
3459,1385,7
3460,1386,46
3461,1387,46
3462,1388,10
3463,1388,7
3464,1388,9
3465,1388,8
3466,1389,46
3467,1390,43
3468,1390,44
3469,1391,23
3470,1391,26
3471,1392,18
3472,1392,16
3473,1393,46
3474,1394,25
3475,1394,24
3476,1395,31
3477,1395,33
3478,1395,32
3479,1396,33
3480,1396,32
3481,1397,45
3482,1398,40
3483,1398,41
3484,1399,41
3485,1399,40
3486,1399,42
3487,1400,35
3488,1400,34
3489,1401,14
3490,1401,13
3491,1402,43
3492,1402,44
3493,1403,48
3494,1403,47
3495,1404,36
3496,1404,34
3497,1404,35
3498,1405,23
3499,1405,25
3500,1405,26
3501,1406,32
3502,1406,31
3503,1406,33
3504,1407,9
3505,1407,10
3506,1407,7
3507,1408,46
3508,1409,1
3509,1409,5
3510,1409,4
3511,1409,2
3512,1410,8
3513,1410,7
3514,1410,9
3515,1411,40
3516,1411,41
3517,1411,42
3518,1412,31
3519,1412,32
3520,1412,33
3521,1413,30
3522,1413,28
3523,1414,22
3524,1414,21
3525,1414,20
3526,1415,48
3527,1415,47
3528,1416,1
3529,1416,2
3530,1416,3
3531,1417,20
3532,1417,19
3533,1417,22
3534,1418,5
3535,1418,1
3536,1418,4
3537,1418,3
3538,1419,47
3539,1419,48
3540,1420,43
3541,1420,44
3542,1421,6
3543,1421,10
3544,1421,9
3545,1421,8
3546,1422,47
3547,1422,48
3548,1423,45
3549,1424,45
3550,1425,29
3551,1425,27
3552,1425,28
3553,1426,48
3554,1426,47
3555,1427,46
3556,1428,43
3557,1428,44
3558,1429,1
3559,1429,3
3560,1430,41
3561,1430,42
3562,1430,40
3563,1431,2
3564,1431,1
3565,1432,48
3566,1432,47
3567,1433,44
3568,1433,43
3569,1434,43
3570,1434,44
3571,1435,6
3572,1435,9
3573,1436,21
3574,1436,22
3575,1437,48
3576,1437,47
3577,1438,28
3578,1438,30
3579,1438,29
3580,1438,27
3581,1439,43
3582,1439,44
3583,1440,44
3584,1440,43
3585,1441,19
3586,1441,22
3587,1442,12
3588,1442,13
3589,1442,11
3590,1443,48
3591,1443,47
3592,1444,47
3593,1444,48
3594,1445,11
3595,1445,13
3596,1445,12
3597,1446,45
3598,1447,22
3599,1447,21
3600,1448,47
3601,1448,48
3602,1449,32
3603,1449,31
3604,1450,42
3605,1450,40
3606,1450,41
3607,1451,45
3608,1452,1
3609,1452,4
3610,1453,33
3611,1453,32
3612,1453,31
3613,1454,6
3614,1454,10
3615,1455,13
3616,1455,11
3617,1455,14
3618,1455,12
3619,1456,45
3620,1457,24
3621,1457,25
3622,1457,26
3623,1457,23
3624,1458,26
3625,1458,25
3626,1458,24
3627,1458,23
3628,1459,48
3629,1459,47
3630,1460,45
3631,1461,22
3632,1461,21
3633,1461,19
3634,1461,20
3635,1462,42
3636,1462,41
3637,1462,40
3638,1463,48
3639,1463,47
3640,1464,12
3641,1464,11
3642,1464,14
3643,1464,13
3644,1465,45
3645,1466,42
3646,1466,40
3647,1466,41
3648,1467,41
3649,1467,42
3650,1467,40
3651,1468,7
3652,1468,10
3653,1468,9
3654,1469,3
3655,1469,1
3656,1470,2
3657,1470,4
3658,1470,5
3659,1470,1
3660,1471,35
3661,1471,36
3662,1471,34
3663,1472,34
3664,1472,35
3665,1473,38
3666,1473,39
3667,1473,37
3668,1474,27
3669,1474,29
3670,1474,28
3671,1475,39
3672,1475,38
3673,1476,29
3674,1476,27
3675,1476,30
3676,1476,28
3677,1477,37
3678,1477,39
3679,1477,38
3680,1478,3
3681,1478,1
3682,1478,5
3683,1478,4
3684,1479,47
3685,1479,48
3686,1480,38
3687,1480,37
3688,1480,39
3689,1481,45
3690,1482,35
3691,1482,34
3692,1482,36
3693,1483,45
3694,1484,15
3695,1484,18
3696,1485,46
3697,1486,38
3698,1486,39
3699,1486,37
3700,1487,33
3701,1487,31
3702,1487,32
3703,1488,9
3704,1488,10
3705,1488,7
3706,1489,6
3707,1489,7
3708,1489,10
3709,1489,8
3710,1490,15
3711,1490,18
3712,1490,16
3713,1491,43
3714,1491,44
3715,1492,43
3716,1492,44
3717,1493,17
3718,1493,15
3719,1494,38
3720,1494,37
3721,1495,40
3722,1495,42
3723,1495,41
3724,1496,33
3725,1496,31
3726,1497,11
3727,1497,14
3728,1497,13
3729,1498,47
3730,1498,48
3731,1499,36
3732,1499,34
3733,1499,35
3734,1500,36
3735,1500,34
3736,1500,35
3737,1501,32
3738,1501,33
3739,1501,31
3740,1502,45
3741,1503,39
3742,1503,37
3743,1503,38
3744,1504,29
3745,1504,30
3746,1504,28
3747,1504,27
3748,1505,10
3749,1505,6
3750,1506,21
3751,1506,22
3752,1507,45
3753,1508,43
3754,1508,44
3755,1509,41
3756,1509,42
3757,1510,41
3758,1510,42
3759,1510,40
3760,1511,2
3761,1511,5
3762,1511,3
3763,1512,40
3764,1512,42
3765,1512,41
3766,1513,43
3767,1513,44
3768,1514,34
3769,1514,36
3770,1514,35
3771,1515,39
3772,1515,37
3773,1515,38
3774,1516,15
3775,1516,16
3776,1516,17
3777,1516,18
3778,1517,32
3779,1517,31
3780,1517,33
3781,1518,23
3782,1518,25
3783,1519,31
3784,1519,33
3785,1519,32
3786,1520,48
3787,1520,47
3788,1521,40
3789,1521,42
3790,1521,41
3791,1522,11
3792,1522,14
3793,1522,12
3794,1522,13
3795,1523,39
3796,1523,37
3797,1523,38
3798,1524,8
3799,1524,10
3800,1524,7
3801,1525,6
3802,1525,9
3803,1526,47
3804,1526,48
3805,1527,44
3806,1527,43
3807,1528,22
3808,1528,20
3809,1529,18
3810,1529,17
3811,1529,15
3812,1529,16
3813,1530,45
3814,1531,13
3815,1531,14
3816,1531,11
3817,1532,35
3818,1532,34
3819,1533,35
3820,1533,36
3821,1533,34
3822,1534,28
3823,1534,27
3824,1535,47
3825,1535,48
3826,1536,43
3827,1536,44
3828,1537,45
3829,1538,21
3830,1538,22
3831,1538,20
3832,1538,19
3833,1539,30
3834,1539,29
3835,1539,27
3836,1540,15
3837,1540,16
3838,1540,17
3839,1540,18
3840,1541,40
3841,1541,42
3842,1541,41
3843,1542,1
3844,1542,2
3845,1543,47
3846,1543,48
3847,1544,40
3848,1544,41
3849,1545,7
3850,1545,8
3851,1546,47
3852,1546,48
3853,1547,22
3854,1547,21
3855,1548,3
3856,1548,1
3857,1548,4
3858,1548,5
3859,1549,41
3860,1549,40
3861,1549,42
3862,1550,43
3863,1550,44
3864,1551,6
3865,1551,9
3866,1551,8
3867,1552,17
3868,1552,18
3869,1553,5
3870,1553,1
3871,1553,3
3872,1554,47
3873,1554,48
3874,1555,17
3875,1555,16
3876,1555,18
3877,1555,15
3878,1556,23
3879,1556,25
3880,1556,26
3881,1556,24
3882,1557,32
3883,1557,31
3884,1557,33
3885,1558,30
3886,1558,29
3887,1558,28
3888,1559,45
3889,1560,11
3890,1560,12
3891,1561,37
3892,1561,38
3893,1562,45
3894,1563,38
3895,1563,39
3896,1563,37
3897,1564,12
3898,1564,13
3899,1565,34
3900,1565,35
3901,1565,36
3902,1566,24
3903,1566,25
3904,1566,23
3905,1567,42
3906,1567,40
3907,1567,41
3908,1568,14
3909,1568,11
3910,1569,13
3911,1569,12
3912,1570,31
3913,1570,33
3914,1571,4
3915,1571,5
3916,1572,21
3917,1572,20
3918,1572,19
3919,1572,22
3920,1573,5
3921,1573,4
3922,1573,3
3923,1574,47
3924,1574,48
3925,1575,21
3926,1575,19
3927,1575,20
3928,1576,43
3929,1576,44
3930,1577,12
3931,1577,14
3932,1577,11
3933,1577,13
3934,1578,8
3935,1578,7
3936,1578,10
3937,1578,9
3938,1579,46
3939,1580,48
3940,1580,47
3941,1581,10
3942,1581,6
3943,1581,8
3944,1582,47
3945,1582,48
3946,1583,21
3947,1583,20
3948,1583,22
3949,1583,19
3950,1584,20
3951,1584,22
3952,1585,46
3953,1586,22
3954,1586,21
3955,1587,2
3956,1587,3
3957,1587,5
3958,1588,46
3959,1589,8
3960,1589,9
3961,1589,6
3962,1589,10
3963,1590,47
3964,1590,48
3965,1591,38
3966,1591,39
3967,1592,42
3968,1592,40
3969,1593,26
3970,1593,25
3971,1593,23
3972,1594,14
3973,1594,13
3974,1594,12
3975,1595,44
3976,1595,43
3977,1596,46
3978,1597,3
3979,1597,5
3980,1598,35
3981,1598,34
3982,1598,36
3983,1599,24
3984,1599,26
3985,1599,23
3986,1599,25
3987,1600,16
3988,1600,17
3989,1600,18
3990,1601,7
3991,1601,10
3992,1602,33
3993,1602,32
3994,1602,31
3995,1603,48
3996,1603,47
3997,1604,10
3998,1604,6
3999,1605,14
4000,1605,11
4001,1605,12
4002,1606,29
4003,1606,27
4004,1606,30
4005,1607,7
4006,1607,10
4007,1607,9
4008,1608,46
4009,1609,15
4010,1609,18
4011,1609,16
4012,1609,17
4013,1610,29
4014,1610,27
4015,1611,46
4016,1612,44
4017,1612,43
4018,1613,45
4019,1614,34
4020,1614,35
4021,1615,46
4022,1616,8
4023,1616,9
4024,1617,26
4025,1617,25
4026,1617,23
4027,1618,35
4028,1618,34
4029,1618,36
4030,1619,47
4031,1619,48
4032,1620,1
4033,1620,4
4034,1620,2
4035,1620,3
4036,1621,37
4037,1621,39
4038,1622,33
4039,1622,32
4040,1622,31
4041,1623,25
4042,1623,23
4043,1623,24
4044,1623,26
4045,1624,31
4046,1624,32
4047,1624,33
4048,1625,48
4049,1625,47
4050,1626,31
4051,1626,33
4052,1626,32
4053,1627,7
4054,1627,9
4055,1627,10
4056,1628,45
4057,1629,9
4058,1629,8
4059,1629,10
4060,1630,31
4061,1630,33
4062,1630,32
4063,1631,45
4064,1632,35
4065,1632,34
4066,1633,41
4067,1633,42
4068,1633,40
4069,1634,36
4070,1634,35
4071,1635,46
4072,1636,28
4073,1636,29
4074,1636,30
4075,1636,27
4076,1637,31
4077,1637,32
4078,1637,33
4079,1638,12
4080,1638,11
4081,1639,10
4082,1639,8
4083,1640,44
4084,1640,43
4085,1641,46
4086,1642,46
4087,1643,35
4088,1643,36
4089,1643,34
4090,1644,46
4091,1645,25
4092,1645,23
4093,1645,26
4094,1645,24
4095,1646,19
4096,1646,20
4097,1646,22
4098,1646,21
4099,1647,45
4100,1648,24
4101,1648,25
4102,1648,23
4103,1649,23
4104,1649,24
4105,1649,26
4106,1650,28
4107,1650,30
4108,1650,29
4109,1651,10
4110,1651,8
4111,1651,6
4112,1651,9
4113,1652,47
4114,1652,48
4115,1653,44
4116,1653,43
4117,1654,21
4118,1654,22
4119,1654,19
4120,1654,20
4121,1655,46
4122,1656,45
4123,1657,44
4124,1657,43
4125,1658,13
4126,1658,12
4127,1658,14
4128,1658,11
4129,1659,16
4130,1659,18
4131,1660,41
4132,1660,42
4133,1661,15
4134,1661,16
4135,1661,17
4136,1661,18
4137,1662,45
4138,1663,10
4139,1663,7
4140,1664,32
4141,1664,33
4142,1664,31
4143,1665,44
4144,1665,43
4145,1666,20
4146,1666,21
4147,1667,48
4148,1667,47
4149,1668,7
4150,1668,9
4151,1669,46
4152,1670,14
4153,1670,13
4154,1670,12
4155,1670,11
4156,1671,18
4157,1671,15
4158,1672,10
4159,1672,8
4160,1672,9
4161,1673,33
4162,1673,32
4163,1673,31
4164,1674,26
4165,1674,23
4166,1674,24
4167,1674,25
4168,1675,27
4169,1675,28
4170,1676,7
4171,1676,10
4172,1677,36
4173,1677,35
4174,1677,34
4175,1678,48
4176,1678,47
4177,1679,12
4178,1679,13
4179,1679,14
4180,1679,11
4181,1680,24
4182,1680,26
4183,1681,41
4184,1681,42
4185,1681,40
4186,1682,19
4187,1682,22
4188,1682,21
4189,1682,20
4190,1683,41
4191,1683,40
4192,1684,30
4193,1684,28
4194,1684,27
4195,1685,37
4196,1685,39
4197,1685,38
4198,1686,46
4199,1687,48
4200,1687,47
4201,1688,46
4202,1689,2
4203,1689,4
4204,1689,3
4205,1689,5
4206,1690,7
4207,1690,9
4208,1690,6
4209,1691,45
4210,1692,46
4211,1693,42
4212,1693,41
4213,1693,40
4214,1694,19
4215,1694,20
4216,1695,48
4217,1695,47
4218,1696,3
4219,1696,5
4220,1696,1
4221,1697,41
4222,1697,42
4223,1697,40
4224,1698,20
4225,1698,19
4226,1698,22
4227,1698,21
4228,1699,40
4229,1699,41
4230,1699,42
4231,1700,24
4232,1700,26
4233,1701,44
4234,1701,43
4235,1702,41
4236,1702,42
4237,1702,40
4238,1703,15
4239,1703,16
4240,1703,17
4241,1703,18
4242,1704,46
4243,1705,32
4244,1705,31
4245,1705,33
4246,1706,11
4247,1706,13
4248,1706,12
4249,1706,14
4250,1707,4
4251,1707,5
4252,1707,2
4253,1707,1
4254,1708,28
4255,1708,30
4256,1709,18
4257,1709,17
4258,1709,16
4259,1710,45
4260,1711,3
4261,1711,1
4262,1712,32
4263,1712,31
4264,1713,46
4265,1714,46
4266,1715,22
4267,1715,20
4268,1716,17
4269,1716,15
4270,1716,18
4271,1717,35
4272,1717,36
4273,1717,34
4274,1718,7
4275,1718,10
4276,1718,8
4277,1718,6
4278,1719,25
4279,1719,24
4280,1720,39
4281,1720,38
4282,1720,37
4283,1721,22
4284,1721,19
4285,1721,20
4286,1722,2
4287,1722,4
4288,1722,1
4289,1723,45
4290,1724,44
4291,1724,43
4292,1725,10
4293,1725,7
4294,1726,46
4295,1727,44
4296,1727,43
4297,1728,37
4298,1728,38
4299,1728,39
4300,1729,23
4301,1729,25
4302,1729,24
4303,1729,26
4304,1730,46
4305,1731,38
4306,1731,39
4307,1731,37
4308,1732,5
4309,1732,2
4310,1732,4
4311,1732,1
4312,1733,45
4313,1734,44
4314,1734,43
4315,1735,31
4316,1735,33
4317,1735,32
4318,1736,44
4319,1736,43
4320,1737,40
4321,1737,41
4322,1738,11
4323,1738,13
4324,1738,12
4325,1738,14
4326,1739,43
4327,1739,44
4328,1740,8
4329,1740,10
4330,1741,28
4331,1741,30
4332,1741,29
4333,1742,40
4334,1742,41
4335,1743,26
4336,1743,23
4337,1744,1
4338,1744,4
4339,1744,5
4340,1744,3
4341,1745,38
4342,1745,39
4343,1745,37
4344,1746,10
4345,1746,8
4346,1746,9
4347,1747,11
4348,1747,13
4349,1747,12
4350,1748,44
4351,1748,43
4352,1749,41
4353,1749,42
4354,1749,40
4355,1750,47
4356,1750,48
4357,1751,24
4358,1751,23
4359,1752,43
4360,1752,44
4361,1753,27
4362,1753,28
4363,1753,30
4364,1753,29
4365,1754,44
4366,1754,43
4367,1755,45
4368,1756,46
4369,1757,15
4370,1757,18
4371,1757,16
4372,1757,17
4373,1758,44
4374,1758,43
4375,1759,32
4376,1759,33
4377,1759,31
4378,1760,46
4379,1761,5
4380,1761,2
4381,1762,6
4382,1762,10
4383,1762,7
4384,1763,7
4385,1763,9
4386,1763,8
4387,1764,34
4388,1764,35
4389,1764,36
4390,1765,9
4391,1765,10
4392,1765,7
4393,1766,25
4394,1766,26
4395,1767,5
4396,1767,3
4397,1767,1
4398,1768,48
4399,1768,47
4400,1769,14
4401,1769,11
4402,1769,12
4403,1770,23
4404,1770,26
4405,1770,24
4406,1770,25
4407,1771,31
4408,1771,33
4409,1772,19
4410,1772,20
4411,1772,22
4412,1773,31
4413,1773,32
4414,1773,33
4415,1774,25
4416,1774,26
4417,1774,23
4418,1775,17
4419,1775,16
4420,1775,18
4421,1775,15
4422,1776,40
4423,1776,41
4424,1777,32
4425,1777,33
4426,1777,31
4427,1778,45
4428,1779,40
4429,1779,42
4430,1780,46
4431,1781,35
4432,1781,36
4433,1782,29
4434,1782,30
4435,1782,27
4436,1782,28
4437,1783,28
4438,1783,30
4439,1783,27
4440,1783,29
4441,1784,25
4442,1784,23
4443,1784,26
4444,1784,24
4445,1785,25
4446,1785,23
4447,1785,24
4448,1786,25
4449,1786,24
4450,1787,4
4451,1787,2
4452,1787,5
4453,1787,3
4454,1788,28
4455,1788,27
4456,1789,45
4457,1790,33
4458,1790,32
4459,1791,25
4460,1791,24
4461,1791,26
4462,1792,46
4463,1793,44
4464,1793,43
4465,1794,35
4466,1794,36
4467,1794,34
4468,1795,19
4469,1795,20
4470,1795,21
4471,1796,48
4472,1796,47
4473,1797,48
4474,1797,47
4475,1798,21
4476,1798,22
4477,1798,19
4478,1798,20
4479,1799,42
4480,1799,40
4481,1799,41
4482,1800,4
4483,1800,2
4484,1800,1
4485,1800,5
4486,1801,24
4487,1801,23
4488,1802,5
4489,1802,2
4490,1803,39
4491,1803,37
4492,1804,27
4493,1804,29
4494,1805,12
4495,1805,13
4496,1805,11
4497,1806,45
4498,1807,44
4499,1807,43
4500,1808,47
4501,1808,48
4502,1809,38
4503,1809,37
4504,1810,46
4505,1811,44
4506,1811,43
4507,1812,47
4508,1812,48
4509,1813,34
4510,1813,35
4511,1813,36
4512,1814,30
4513,1814,28
4514,1814,27
4515,1815,2
4516,1815,1
4517,1815,5
4518,1816,45
4519,1817,31
4520,1817,33
4521,1817,32
4522,1818,41
4523,1818,42
4524,1818,40
4525,1819,33
4526,1819,31
4527,1820,11
4528,1820,14
4529,1820,12
4530,1821,35
4531,1821,34
4532,1822,34
4533,1822,36
4534,1822,35
4535,1823,8
4536,1823,6
4537,1823,7
4538,1824,35
4539,1824,34
4540,1824,36
4541,1825,39
4542,1825,38
4543,1825,37
4544,1826,46
4545,1827,46
4546,1828,47
4547,1828,48
4548,1829,28
4549,1829,27
4550,1829,29
4551,1830,30
4552,1830,27
4553,1830,29
4554,1831,15
4555,1831,16
4556,1831,17
4557,1832,1
4558,1832,2
4559,1832,4
4560,1833,10
4561,1833,9
4562,1833,6
4563,1833,7
4564,1834,3
4565,1834,2
4566,1834,1
4567,1834,5
4568,1835,29
4569,1835,30
4570,1836,37
4571,1836,39
4572,1836,38
4573,1837,38
4574,1837,37
4575,1837,39
4576,1838,31
4577,1838,32
4578,1838,33
4579,1839,11
4580,1839,12
4581,1839,14
4582,1840,27
4583,1840,30
4584,1841,5
4585,1841,2
4586,1842,33
4587,1842,32
4588,1843,44
4589,1843,43
4590,1844,9
4591,1844,10
4592,1844,8
4593,1844,6
4594,1845,4
4595,1845,1
4596,1845,3
4597,1845,5
4598,1846,48
4599,1846,47
4600,1847,38
4601,1847,37
4602,1847,39
4603,1848,47
4604,1848,48
4605,1849,31
4606,1849,33
4607,1850,48
4608,1850,47
4609,1851,46
4610,1852,43
4611,1852,44
4612,1853,16
4613,1853,18
4614,1853,17
4615,1854,23
4616,1854,25
4617,1855,16
4618,1855,17
4619,1855,15
4620,1855,18
4621,1856,33
4622,1856,32
4623,1856,31
4624,1857,6
4625,1857,10
4626,1857,9
4627,1858,17
4628,1858,16
4629,1858,18
4630,1858,15
4631,1859,46
4632,1860,35
4633,1860,36
4634,1860,34
4635,1861,36
4636,1861,34
4637,1861,35
4638,1862,43
4639,1862,44
4640,1863,45
4641,1864,48
4642,1864,47
4643,1865,38
4644,1865,37
4645,1865,39
4646,1866,39
4647,1866,38
4648,1867,32
4649,1867,33
4650,1867,31
4651,1868,36
4652,1868,34
4653,1869,22
4654,1869,21
4655,1869,19
4656,1870,46
4657,1871,47
4658,1871,48
4659,1872,24
4660,1872,26
4661,1872,23
4662,1873,41
4663,1873,40
4664,1873,42
4665,1874,5
4666,1874,1
4667,1874,4
4668,1875,44
4669,1875,43
4670,1876,47
4671,1876,48
4672,1877,45
4673,1878,26
4674,1878,25
4675,1878,24
4676,1879,35
4677,1879,36
4678,1879,34
4679,1880,18
4680,1880,15
4681,1880,16
4682,1881,46
4683,1882,5
4684,1882,1
4685,1882,4
4686,1883,38
4687,1883,39
4688,1884,13
4689,1884,12
4690,1884,14
4691,1884,11
4692,1885,47
4693,1885,48
4694,1886,33
4695,1886,31
4696,1887,12
4697,1887,11
4698,1888,45
4699,1889,17
4700,1889,18
4701,1889,15
4702,1890,14
4703,1890,13
4704,1891,22
4705,1891,20
4706,1891,21
4707,1891,19
4708,1892,32
4709,1892,33
4710,1892,31
4711,1893,1
4712,1893,3
4713,1893,5
4714,1894,25
4715,1894,23
4716,1895,41
4717,1895,42
4718,1895,40
4719,1896,14
4720,1896,12
4721,1896,13
4722,1896,11
4723,1897,48
4724,1897,47
4725,1898,11
4726,1898,13
4727,1899,24
4728,1899,23
4729,1899,26
4730,1900,7
4731,1900,8
4732,1901,45
4733,1902,4
4734,1902,1
4735,1902,5
4736,1903,33
4737,1903,32
4738,1904,31
4739,1904,33
4740,1904,32
4741,1905,43
4742,1905,44
4743,1906,47
4744,1906,48
4745,1907,18
4746,1907,17
4747,1907,16
4748,1907,15
4749,1908,19
4750,1908,21
4751,1908,20
4752,1909,29
4753,1909,27
4754,1910,40
4755,1910,42
4756,1910,41
4757,1911,35
4758,1911,34
4759,1912,44
4760,1912,43
4761,1913,20
4762,1913,21
4763,1913,22
4764,1914,45
4765,1915,45
4766,1916,31
4767,1916,33
4768,1917,43
4769,1917,44
4770,1918,28
4771,1918,29
4772,1918,30
4773,1918,27
4774,1919,45
4775,1920,44
4776,1920,43
4777,1921,44
4778,1921,43
4779,1922,28
4780,1922,29
4781,1922,30
4782,1922,27
4783,1923,2
4784,1923,4
4785,1923,1
4786,1924,36
4787,1924,34
4788,1924,35
4789,1925,20
4790,1925,19
4791,1925,22
4792,1925,21
4793,1926,23
4794,1926,24
4795,1927,2
4796,1927,5
4797,1927,4
4798,1928,37
4799,1928,38
4800,1929,31
4801,1929,32
4802,1930,47
4803,1930,48
4804,1931,39
4805,1931,38
4806,1932,44
4807,1932,43
4808,1933,26
4809,1933,23
4810,1933,24
4811,1933,25
4812,1934,35
4813,1934,36
4814,1934,34
4815,1935,43
4816,1935,44
4817,1936,45
4818,1937,18
4819,1937,15
4820,1937,17
4821,1937,16
4822,1938,31
4823,1938,32
4824,1938,33
4825,1939,16
4826,1939,15
4827,1940,40
4828,1940,42
4829,1940,41
4830,1941,45
4831,1942,36
4832,1942,34
4833,1943,44
4834,1943,43
4835,1944,18
4836,1944,17
4837,1945,39
4838,1945,37
4839,1946,29
4840,1946,28
4841,1946,30
4842,1947,46
4843,1948,47
4844,1948,48
4845,1949,47
4846,1949,48
4847,1950,22
4848,1950,21
4849,1951,48
4850,1951,47
4851,1952,24
4852,1952,26
4853,1953,30
4854,1953,28
4855,1953,27
4856,1954,7
4857,1954,9
4858,1954,6
4859,1954,10
4860,1955,6
4861,1955,7
4862,1956,47
4863,1956,48
4864,1957,5
4865,1957,4
4866,1957,2
4867,1957,1
4868,1958,33
4869,1958,31
4870,1958,32
4871,1959,42
4872,1959,40
4873,1960,41
4874,1960,40
4875,1960,42
4876,1961,28
4877,1961,30
4878,1961,29
4879,1961,27
4880,1962,26
4881,1962,25
4882,1963,44
4883,1963,43
4884,1964,12
4885,1964,14
4886,1964,13
4887,1965,44
4888,1965,43
4889,1966,26
4890,1966,23
4891,1967,45
4892,1968,5
4893,1968,2
4894,1968,4
4895,1968,3
4896,1969,30
4897,1969,29
4898,1970,40
4899,1970,42
4900,1971,36
4901,1971,35
4902,1971,34
4903,1972,33
4904,1972,31
4905,1973,26
4906,1973,25
4907,1973,24
4908,1973,23
4909,1974,29
4910,1974,27
4911,1975,46
4912,1976,17
4913,1976,15
4914,1976,16
4915,1976,18
4916,1977,47
4917,1977,48
4918,1978,11
4919,1978,13
4920,1979,37
4921,1979,38
4922,1980,18
4923,1980,15
4924,1981,37
4925,1981,38
4926,1981,39
4927,1982,8
4928,1982,7
4929,1983,35
4930,1983,34
4931,1983,36
4932,1984,7
4933,1984,8
4934,1984,6
4935,1985,3
4936,1985,5
4937,1985,2
4938,1985,4
4939,1986,25
4940,1986,23
4941,1986,26
4942,1986,24
4943,1987,16
4944,1987,17
4945,1987,15
4946,1987,18
4947,1988,21
4948,1988,20
4949,1988,22
4950,1989,25
4951,1989,23
4952,1989,24
4953,1990,48
4954,1990,47
4955,1991,45
4956,1992,8
4957,1992,9
4958,1993,35
4959,1993,36
4960,1993,34
4961,1994,45
4962,1995,48
4963,1995,47
4964,1996,33
4965,1996,31
4966,1996,32
4967,1997,45
4968,1998,38
4969,1998,37
4970,1998,39
4971,1999,38
4972,1999,39
4973,1999,37
4974,2000,13
4975,2000,11
4976,2001,14
4977,2001,12
4978,2001,13
4979,2001,11
4980,2002,4
4981,2002,1
4982,2002,5
4983,2003,48
4984,2003,47
4985,2004,48
4986,2004,47
4987,2005,37
4988,2005,39
4989,2005,38
4990,2006,23
4991,2006,26
4992,2007,44
4993,2007,43
4994,2008,46
4995,2009,45
4996,2010,20
4997,2010,19
4998,2010,21
4999,2010,22
5000,2011,8
5001,2011,6
5002,2012,27
5003,2012,28
5004,2013,27
5005,2013,29
5006,2014,41
5007,2014,40
5008,2015,25
5009,2015,23
5010,2016,11
5011,2016,13
5012,2017,32
5013,2017,33
5014,2017,31
5015,2018,15
5016,2018,17
5017,2018,16
5018,2019,47
5019,2019,48
5020,2020,34
5021,2020,35
5022,2020,36
5023,2021,3
5024,2021,1
5025,2021,4
5026,2021,2
5027,2022,41
5028,2022,40
5029,2022,42
5030,2023,43
5031,2023,44
5032,2024,42
5033,2024,41
5034,2024,40
5035,2025,7
5036,2025,6
5037,2025,10
5038,2026,33
5039,2026,31
5040,2026,32
5041,2027,43
5042,2027,44
5043,2028,28
5044,2028,30
5045,2028,29
5046,2029,16
5047,2029,15
5048,2030,40
5049,2030,42
5050,2031,48
5051,2031,47
5052,2032,46
5053,2033,2
5054,2033,3
5055,2034,45
5056,2035,20
5057,2035,19
5058,2035,22
5059,2036,37
5060,2036,39
5061,2037,6
5062,2037,7
5063,2037,8
5064,2038,12
5065,2038,13
5066,2039,44
5067,2039,43
5068,2040,19
5069,2040,20
5070,2040,22
5071,2041,15
5072,2041,16
5073,2041,17
5074,2042,43
5075,2042,44
5076,2043,43
5077,2043,44
5078,2044,8
5079,2044,10
5080,2044,7
5081,2044,6
5082,2045,45
5083,2046,19
5084,2046,20
5085,2047,43
5086,2047,44
5087,2048,17
5088,2048,15
5089,2048,18
5090,2049,2
5091,2049,1
5092,2049,5
5093,2049,3
5094,2050,45
5095,2051,4
5096,2051,3
5097,2052,11
5098,2052,14
5099,2052,13
5100,2052,12
5101,2053,23
5102,2053,25
5103,2054,15
5104,2054,17
5105,2054,16
5106,2054,18
5107,2055,32
5108,2055,33
5109,2056,46
5110,2057,15
5111,2057,18
5112,2058,45
5113,2059,33
5114,2059,32
5115,2059,31
5116,2060,31
5117,2060,33
5118,2060,32
5119,2061,33
5120,2061,31
5121,2061,32
5122,2062,25
5123,2062,26
5124,2063,22
5125,2063,21
5126,2063,20
5127,2064,36
5128,2064,34
5129,2064,35
5130,2065,43
5131,2065,44
5132,2066,43
5133,2066,44
5134,2067,34
5135,2067,35
5136,2068,5
5137,2068,2
5138,2068,1
5139,2069,18
5140,2069,15
5141,2070,10
5142,2070,6
5143,2070,7
5144,2070,9
5145,2071,2
5146,2071,5
5147,2071,1
5148,2072,35
5149,2072,36
5150,2073,16
5151,2073,18
5152,2074,48
5153,2074,47
5154,2075,26
5155,2075,23
5156,2076,36
5157,2076,34
5158,2076,35
5159,2077,48
5160,2077,47
5161,2078,3
5162,2078,5
5163,2078,1
5164,2079,13
5165,2079,12
5166,2079,11
5167,2080,13
5168,2080,12
5169,2080,11
5170,2080,14
5171,2081,25
5172,2081,24
5173,2082,18
5174,2082,16
5175,2083,20
5176,2083,19
5177,2083,21
5178,2084,29
5179,2084,28
5180,2084,27
5181,2084,30
5182,2085,1
5183,2085,3
5184,2085,5
5185,2085,4
5186,2086,4
5187,2086,2
5188,2087,31
5189,2087,32
5190,2087,33
5191,2088,6
5192,2088,8
5193,2088,7
5194,2088,10
5195,2089,27
5196,2089,29
5197,2089,30
5198,2090,33
5199,2090,32
5200,2091,5
5201,2091,1
5202,2091,4
5203,2092,21
5204,2092,19
5205,2092,20
5206,2092,22
5207,2093,38
5208,2093,39
5209,2093,37
5210,2094,14
5211,2094,12
5212,2095,19
5213,2095,20
5214,2095,22
5215,2096,21
5216,2096,20
5217,2097,19
5218,2097,22
5219,2097,20
5220,2098,24
5221,2098,25
5222,2099,10
5223,2099,9
5224,2099,6
5225,2099,8
5226,2100,40
5227,2100,41
5228,2100,42
5229,2101,6
5230,2101,10
5231,2101,7
5232,2101,9
5233,2102,33
5234,2102,32
5235,2102,31
5236,2103,21
5237,2103,20
5238,2103,19
5239,2104,4
5240,2104,1
5241,2105,35
5242,2105,34
5243,2105,36
5244,2106,43
5245,2106,44
5246,2107,9
5247,2107,10
5248,2107,6
5249,2107,7
5250,2108,25
5251,2108,26
5252,2108,24
5253,2108,23
5254,2109,45
5255,2110,36
5256,2110,34
5257,2110,35
5258,2111,40
5259,2111,42
5260,2112,18
5261,2112,15
5262,2113,23
5263,2113,25
5264,2113,26
5265,2113,24
5266,2114,27
5267,2114,30
5268,2115,44
5269,2115,43
5270,2116,31
5271,2116,33
5272,2116,32
5273,2117,1
5274,2117,2
5275,2117,3
5276,2117,5
5277,2118,46
5278,2119,46
5279,2120,47
5280,2120,48
5281,2121,47
5282,2121,48
5283,2122,3
5284,2122,2
5285,2122,5
5286,2122,1
5287,2123,44
5288,2123,43
5289,2124,45
5290,2125,8
5291,2125,9
5292,2126,5
5293,2126,2
5294,2127,46
5295,2128,28
5296,2128,29
5297,2128,30
5298,2128,27
5299,2129,36
5300,2129,34
5301,2129,35
5302,2130,48
5303,2130,47
5304,2131,27
5305,2131,28
5306,2132,44
5307,2132,43
5308,2133,36
5309,2133,34
5310,2133,35
5311,2134,11
5312,2134,13
5313,2134,14
5314,2134,12
5315,2135,48
5316,2135,47
5317,2136,39
5318,2136,37
5319,2137,37
5320,2137,38
5321,2137,39
5322,2138,39
5323,2138,37
5324,2138,38
5325,2139,39
5326,2139,38
5327,2139,37
5328,2140,4
5329,2140,5
5330,2140,2
5331,2141,16
5332,2141,15
5333,2141,17
5334,2141,18
5335,2142,9
5336,2142,8
5337,2142,6
5338,2143,35
5339,2143,36
5340,2143,34
5341,2144,16
5342,2144,17
5343,2144,15
5344,2145,47
5345,2145,48
5346,2146,15
5347,2146,17
5348,2146,18
5349,2146,16
5350,2147,23
5351,2147,26
5352,2147,24
5353,2148,46
5354,2149,24
5355,2149,23
5356,2149,26
5357,2149,25
5358,2150,36
5359,2150,34
5360,2150,35
5361,2151,21
5362,2151,19
5363,2151,22
5364,2152,47
5365,2152,48
5366,2153,25
5367,2153,26
5368,2154,43
5369,2154,44
5370,2155,22
5371,2155,19
5372,2155,21
5373,2155,20
5374,2156,46
5375,2157,36
5376,2157,35
5377,2157,34
5378,2158,41
5379,2158,40
5380,2158,42
5381,2159,46
5382,2160,18
5383,2160,15
5384,2161,43
5385,2161,44
5386,2162,38
5387,2162,37
5388,2162,39
5389,2163,29
5390,2163,28
5391,2164,41
5392,2164,40
5393,2164,42
5394,2165,19
5395,2165,21
5396,2165,20
5397,2166,48
5398,2166,47
5399,2167,46
5400,2168,3
5401,2168,1
5402,2169,30
5403,2169,28
5404,2169,27
5405,2170,23
5406,2170,25
5407,2171,38
5408,2171,37
5409,2172,41
5410,2172,42
5411,2172,40
5412,2173,34
5413,2173,35
5414,2173,36
5415,2174,42
5416,2174,41
5417,2174,40
5418,2175,40
5419,2175,41
5420,2175,42
5421,2176,20
5422,2176,19
5423,2176,21
5424,2177,44
5425,2177,43
5426,2178,3
5427,2178,5
5428,2178,2
5429,2179,1
5430,2179,2
5431,2179,4
5432,2180,45
5433,2181,10
5434,2181,6
5435,2182,26
5436,2182,23
5437,2182,24
5438,2182,25
5439,2183,45
5440,2184,3
5441,2184,5
5442,2184,4
5443,2185,20
5444,2185,22
5445,2186,11
5446,2186,12
5447,2187,45
5448,2188,39
5449,2188,37
5450,2188,38
5451,2189,11
5452,2189,12
5453,2189,14
5454,2189,13
5455,2190,33
5456,2190,31
5457,2190,32
5458,2191,6
5459,2191,9
5460,2191,8
5461,2191,10
5462,2192,46
5463,2193,40
5464,2193,42
5465,2194,5
5466,2194,1
5467,2194,2
5468,2195,25
5469,2195,23
5470,2195,26
5471,2196,33
5472,2196,31
5473,2196,32
5474,2197,29
5475,2197,27
5476,2197,30
5477,2198,39
5478,2198,37
5479,2199,9
5480,2199,7
5481,2199,6
5482,2199,8
5483,2200,35
5484,2200,36
5485,2200,34
5486,2201,30
5487,2201,29
5488,2201,28
5489,2201,27
5490,2202,36
5491,2202,34
5492,2203,31
5493,2203,33
5494,2204,39
5495,2204,37
5496,2205,47
5497,2205,48
5498,2206,45
5499,2207,36
5500,2207,35
5501,2207,34
5502,2208,45
5503,2209,2
5504,2209,3
5505,2209,1
5506,2210,27
5507,2210,30
5508,2210,28
5509,2211,47
5510,2211,48
5511,2212,35
5512,2212,36
5513,2212,34
5514,2213,27
5515,2213,30
5516,2213,29
5517,2213,28
5518,2214,23
5519,2214,26
5520,2215,10
5521,2215,6
5522,2216,24
5523,2216,23
5524,2216,26
5525,2217,47
5526,2217,48
5527,2218,42
5528,2218,41
5529,2218,40
5530,2219,35
5531,2219,36
5532,2219,34
5533,2220,31
5534,2220,33
5535,2220,32
5536,2221,6
5537,2221,7
5538,2221,9
5539,2221,10
5540,2222,28
5541,2222,30
5542,2222,27
5543,2223,1
5544,2223,2
5545,2223,4
5546,2224,14
5547,2224,13
5548,2225,47
5549,2225,48
5550,2226,22
5551,2226,19
5552,2226,20
5553,2226,21
5554,2227,26
5555,2227,24
5556,2227,25
5557,2228,14
5558,2228,13
5559,2229,46
5560,2230,19
5561,2230,22
5562,2231,9
5563,2231,10
5564,2232,29
5565,2232,30
5566,2232,27
5567,2232,28
5568,2233,39
5569,2233,37
5570,2233,38
5571,2234,46
5572,2235,47
5573,2235,48
5574,2236,19
5575,2236,21
5576,2237,43
5577,2237,44
5578,2238,23
5579,2238,25
5580,2238,26
5581,2239,9
5582,2239,6
5583,2240,12
5584,2240,11
5585,2240,14
5586,2240,13
5587,2241,31
5588,2241,32
5589,2241,33
5590,2242,35
5591,2242,34
5592,2243,6
5593,2243,8
5594,2243,10
5595,2244,39
5596,2244,38
5597,2244,37
5598,2245,25
5599,2245,26
5600,2246,41
5601,2246,42
5602,2247,16
5603,2247,17
5604,2247,15
5605,2247,18
5606,2248,47
5607,2248,48
5608,2249,22
5609,2249,19
5610,2249,21
5611,2249,20
5612,2250,36
5613,2250,35
5614,2251,23
5615,2251,24
5616,2251,25
5617,2252,9
5618,2252,7
5619,2252,6
5620,2252,10
5621,2253,31
5622,2253,32
5623,2254,36
5624,2254,35
5625,2254,34
5626,2255,22
5627,2255,19
5628,2256,33
5629,2256,32
5630,2256,31
5631,2257,2
5632,2257,1
5633,2258,17
5634,2258,18
5635,2259,28
5636,2259,27
5637,2259,29
5638,2260,16
5639,2260,15
5640,2260,18
5641,2260,17
5642,2261,24
5643,2261,23
5644,2261,25
5645,2261,26
5646,2262,48
5647,2262,47
5648,2263,6
5649,2263,8
5650,2264,39
5651,2264,37
5652,2265,23
5653,2265,26
5654,2266,3
5655,2266,1
5656,2267,48
5657,2267,47
5658,2268,30
5659,2268,28
5660,2269,2
5661,2269,3
5662,2270,2
5663,2270,5
5664,2270,1
5665,2271,37
5666,2271,38
5667,2271,39
5668,2272,43
5669,2272,44
5670,2273,33
5671,2273,31
5672,2274,10
5673,2274,9
5674,2274,6
5675,2274,7
5676,2275,45
5677,2276,28
5678,2276,30
5679,2276,29
5680,2276,27
5681,2277,28
5682,2277,30
5683,2277,29
5684,2278,35
5685,2278,34
5686,2278,36
5687,2279,16
5688,2279,15
5689,2280,4
5690,2280,2
5691,2281,44
5692,2281,43
5693,2282,43
5694,2282,44
5695,2283,2
5696,2283,3
5697,2283,4
5698,2284,45
5699,2285,42
5700,2285,41
5701,2285,40
5702,2286,41
5703,2286,42
5704,2286,40
5705,2287,5
5706,2287,2
5707,2287,4
5708,2287,1
5709,2288,33
5710,2288,31
5711,2289,4
5712,2289,5
5713,2290,38
5714,2290,37
5715,2290,39
5716,2291,25
5717,2291,26
5718,2292,25
5719,2292,24
5720,2293,35
5721,2293,36
5722,2293,34
5723,2294,4
5724,2294,5
5725,2295,18
5726,2295,17
5727,2295,16
5728,2295,15
5729,2296,32
5730,2296,33
5731,2297,32
5732,2297,31
5733,2297,33
5734,2298,43
5735,2298,44
5736,2299,44
5737,2299,43
5738,2300,36
5739,2300,34
5740,2300,35
5741,2301,28
5742,2301,27
5743,2301,30
5744,2302,10
5745,2302,9
5746,2303,44
5747,2303,43
5748,2304,15
5749,2304,16
5750,2304,17
5751,2304,18
5752,2305,33
5753,2305,31
5754,2305,32
5755,2306,46
5756,2307,40
5757,2307,41
5758,2307,42
5759,2308,31
5760,2308,33
5761,2308,32
5762,2309,20
5763,2309,21
5764,2309,19
5765,2309,22
5766,2310,40
5767,2310,42
5768,2310,41
5769,2311,35
5770,2311,34
5771,2311,36
5772,2312,33
5773,2312,32
5774,2313,41
5775,2313,42
5776,2313,40
5777,2314,18
5778,2314,15
5779,2314,16
5780,2315,46
5781,2316,47
5782,2316,48
5783,2317,45
5784,2318,44
5785,2318,43
5786,2319,28
5787,2319,30
5788,2319,27
5789,2319,29
5790,2320,1
5791,2320,3
5792,2321,41
5793,2321,42
5794,2321,40
5795,2322,8
5796,2322,6
5797,2323,30
5798,2323,27
5799,2323,29
5800,2324,7
5801,2324,6
5802,2325,39
5803,2325,38
5804,2325,37
5805,2326,3
5806,2326,5
5807,2326,2
5808,2326,4
5809,2327,13
5810,2327,14
5811,2327,11
5812,2327,12
5813,2328,26
5814,2328,25
5815,2328,24
5816,2329,25
5817,2329,23
5818,2329,24
5819,2329,26
5820,2330,45
5821,2331,45
5822,2332,45
5823,2333,37
5824,2333,38
5825,2333,39
5826,2334,7
5827,2334,10
5828,2334,8
5829,2335,40
5830,2335,41
5831,2335,42
5832,2336,12
5833,2336,13
5834,2336,11
5835,2337,16
5836,2337,18
5837,2337,15
5838,2338,45
5839,2339,47
5840,2339,48
5841,2340,40
5842,2340,41
5843,2341,37
5844,2341,38
5845,2341,39
5846,2342,10
5847,2342,8
5848,2342,6
5849,2343,25
5850,2343,23
5851,2343,24
5852,2343,26
5853,2344,1
5854,2344,2
5855,2344,5
5856,2344,3
5857,2345,14
5858,2345,11
5859,2346,3
5860,2346,2
5861,2347,28
5862,2347,29
5863,2348,42
5864,2348,41
5865,2348,40
5866,2349,4
5867,2349,3
5868,2349,1
5869,2350,11
5870,2350,13
5871,2351,21
5872,2351,19
5873,2351,22
5874,2351,20
5875,2352,12
5876,2352,13
5877,2353,19
5878,2353,20
5879,2353,21
5880,2353,22
5881,2354,16
5882,2354,17
5883,2354,15
5884,2355,18
5885,2355,15
5886,2356,40
5887,2356,42
5888,2357,46
5889,2358,46
5890,2359,26
5891,2359,24
5892,2359,25
5893,2359,23
5894,2360,48
5895,2360,47
5896,2361,6
5897,2361,10
5898,2361,8
5899,2361,9
5900,2362,48
5901,2362,47
5902,2363,37
5903,2363,39
5904,2364,36
5905,2364,35
5906,2364,34
5907,2365,46
5908,2366,44
5909,2366,43
5910,2367,8
5911,2367,9
5912,2368,44
5913,2368,43
5914,2369,42
5915,2369,40
5916,2370,37
5917,2370,39
5918,2370,38
5919,2371,45
5920,2372,35
5921,2372,34
5922,2373,25
5923,2373,24
5924,2374,17
5925,2374,15
5926,2375,17
5927,2375,16
5928,2376,13
5929,2376,11
5930,2376,14
5931,2377,45
5932,2378,2
5933,2378,4
5934,2379,37
5935,2379,39
5936,2380,48
5937,2380,47
5938,2381,48
5939,2381,47
5940,2382,10
5941,2382,8
5942,2382,9
5943,2383,30
5944,2383,29
5945,2383,27
5946,2384,16
5947,2384,18
5948,2384,15
5949,2384,17
5950,2385,31
5951,2385,32
5952,2386,43
5953,2386,44
5954,2387,23
5955,2387,24
5956,2388,39
5957,2388,37
5958,2388,38
5959,2389,45
5960,2390,37
5961,2390,38
5962,2391,43
5963,2391,44
5964,2392,33
5965,2392,31
5966,2392,32
5967,2393,12
5968,2393,11
5969,2393,13
5970,2393,14
5971,2394,45
5972,2395,26
5973,2395,25
5974,2395,23
5975,2395,24
5976,2396,46
5977,2397,11
5978,2397,13
5979,2397,12
5980,2398,24
5981,2398,25
5982,2398,26
5983,2398,23
5984,2399,48
5985,2399,47
5986,2400,12
5987,2400,14
5988,2400,13
5989,2401,48
5990,2401,47
5991,2402,24
5992,2402,26
5993,2402,25
5994,2402,23
5995,2403,18
5996,2403,16
5997,2403,15
5998,2403,17
5999,2404,23
6000,2404,25
6001,2404,26
6002,2404,24
6003,2405,48
6004,2405,47
6005,2406,7
6006,2406,9
6007,2406,6
6008,2407,8
6009,2407,10
6010,2407,9
6011,2407,6
6012,2408,33
6013,2408,31
6014,2408,32
6015,2409,40
6016,2409,42
6017,2410,38
6018,2410,37
6019,2411,7
6020,2411,6
6021,2412,37
6022,2412,39
6023,2412,38
6024,2413,46
6025,2414,18
6026,2414,15
6027,2414,16
6028,2414,17
6029,2415,30
6030,2415,28
6031,2415,29
6032,2415,27
6033,2416,41
6034,2416,40
6035,2416,42
6036,2417,38
6037,2417,37
6038,2417,39
6039,2418,20
6040,2418,22
6041,2418,19
6042,2418,21
6043,2419,44
6044,2419,43
6045,2420,5
6046,2420,1
6047,2420,3
6048,2421,27
6049,2421,29
6050,2421,30
6051,2421,28
6052,2422,34
6053,2422,35
6054,2422,36
6055,2423,17
6056,2423,18
6057,2423,15
6058,2424,3
6059,2424,1
6060,2424,5
6061,2424,2
6062,2425,6
6063,2425,9
6064,2426,42
6065,2426,40
6066,2426,41
6067,2427,36
6068,2427,34
6069,2427,35
6070,2428,6
6071,2428,7
6072,2428,9
6073,2428,10
6074,2429,37
6075,2429,39
6076,2430,46
6077,2431,47
6078,2431,48
6079,2432,13
6080,2432,14
6081,2433,13
6082,2433,12
6083,2434,5
6084,2434,4
6085,2434,1
6086,2435,44
6087,2435,43
6088,2436,23
6089,2436,25
6090,2436,24
6091,2437,35
6092,2437,34
6093,2437,36
6094,2438,31
6095,2438,32
6096,2438,33
6097,2439,29
6098,2439,30
6099,2439,27
6100,2439,28
6101,2440,4
6102,2440,1
6103,2441,13
6104,2441,12
6105,2441,14
6106,2442,3
6107,2442,5
6108,2442,1
6109,2442,4
6110,2443,40
6111,2443,42
6112,2443,41
6113,2444,34
6114,2444,36
6115,2445,14
6116,2445,13
6117,2445,12
6118,2445,11
6119,2446,37
6120,2446,39
6121,2447,12
6122,2447,11
6123,2448,32
6124,2448,31
6125,2449,42
6126,2449,41
6127,2450,31
6128,2450,32
6129,2451,45
6130,2452,8
6131,2452,10
6132,2452,7
6133,2453,13
6134,2453,12
6135,2453,14
6136,2453,11
6137,2454,30
6138,2454,27
6139,2454,29
6140,2455,24
6141,2455,23
6142,2456,27
6143,2456,28
6144,2456,29
6145,2457,25
6146,2457,23
6147,2457,26
6148,2457,24
6149,2458,26
6150,2458,24
6151,2458,23
6152,2458,25
6153,2459,41
6154,2459,42
6155,2459,40
6156,2460,41
6157,2460,42
6158,2460,40
6159,2461,46
6160,2462,45
6161,2463,12
6162,2463,14
6163,2463,11
6164,2464,24
6165,2464,26
6166,2464,23
6167,2465,14
6168,2465,12
6169,2466,17
6170,2466,15
6171,2467,7
6172,2467,10
6173,2467,6
6174,2467,8
6175,2468,46
6176,2469,22
6177,2469,21
6178,2469,19
6179,2470,32
6180,2470,31
6181,2470,33
6182,2471,43
6183,2471,44
6184,2472,46
6185,2473,13
6186,2473,12
6187,2474,46
6188,2475,32
6189,2475,31
6190,2475,33
6191,2476,35
6192,2476,36
6193,2476,34
6194,2477,26
6195,2477,23
6196,2477,25
6197,2477,24
6198,2478,1
6199,2478,3
6200,2479,15
6201,2479,17
6202,2479,18
6203,2480,19
6204,2480,20
6205,2480,21
6206,2480,22
6207,2481,18
6208,2481,15
6209,2482,41
6210,2482,40
6211,2482,42
6212,2483,46
6213,2484,45
6214,2485,31
6215,2485,33
6216,2486,12
6217,2486,11
6218,2486,13
6219,2486,14
6220,2487,38
6221,2487,39
6222,2487,37
6223,2488,32
6224,2488,31
6225,2488,33
6226,2489,45
6227,2490,36
6228,2490,34
6229,2490,35
6230,2491,19
6231,2491,21
6232,2492,22
6233,2492,19
6234,2492,21
6235,2492,20
6236,2493,45
6237,2494,47
6238,2494,48
6239,2495,6
6240,2495,7
6241,2495,10
6242,2495,9
6243,2496,33
6244,2496,32
6245,2496,31
6246,2497,11
6247,2497,12
6248,2497,13
6249,2497,14
6250,2498,48
6251,2498,47
6252,2499,24
6253,2499,23
6254,2500,22
6255,2500,21
6256,2501,31
6257,2501,32
6258,2502,31
6259,2502,32
6260,2503,32
6261,2503,33
6262,2503,31
6263,2504,33
6264,2504,31
6265,2504,32
6266,2505,41
6267,2505,40
6268,2505,42
6269,2506,8
6270,2506,6
6271,2506,7
6272,2506,10
6273,2507,19
6274,2507,22
6275,2508,12
6276,2508,11
6277,2508,14
6278,2509,17
6279,2509,15
6280,2510,21
6281,2510,20
6282,2511,42
6283,2511,41
6284,2511,40
6285,2512,36
6286,2512,34
6287,2513,45
6288,2514,19
6289,2514,21
6290,2514,20
6291,2514,22
6292,2515,5
6293,2515,1
6294,2515,2
6295,2516,6
6296,2516,9
6297,2516,7
6298,2517,23
6299,2517,24
6300,2517,25
6301,2518,46
6302,2519,45
6303,2520,6
6304,2520,8
6305,2520,10
6306,2520,7
6307,2521,12
6308,2521,11
6309,2522,34
6310,2522,35
6311,2522,36
6312,2523,39
6313,2523,37
6314,2524,11
6315,2524,12
6316,2525,10
6317,2525,6
6318,2526,46
6319,2527,48
6320,2527,47
6321,2528,15
6322,2528,16
6323,2528,18
6324,2529,41
6325,2529,40
6326,2529,42
6327,2530,38
6328,2530,39
6329,2530,37
6330,2531,29
6331,2531,30
6332,2531,27
6333,2532,45
6334,2533,45
6335,2534,17
6336,2534,18
6337,2534,16
6338,2535,46
6339,2536,6
6340,2536,10
6341,2537,42
6342,2537,40
6343,2538,48
6344,2538,47
6345,2539,36
6346,2539,34
6347,2540,42
6348,2540,41
6349,2541,16
6350,2541,17
6351,2542,9
6352,2542,7
6353,2542,10
6354,2543,38
6355,2543,39
6356,2543,37
6357,2544,32
6358,2544,33
6359,2544,31
6360,2545,17
6361,2545,16
6362,2545,18
6363,2545,15
6364,2546,25
6365,2546,24
6366,2546,26
6367,2546,23
6368,2547,45
6369,2548,41
6370,2548,40
6371,2549,2
6372,2549,4
6373,2549,5
6374,2550,43
6375,2550,44
6376,2551,43
6377,2551,44
6378,2552,39
6379,2552,38
6380,2552,37
6381,2553,24
6382,2553,26
6383,2553,25
6384,2554,10
6385,2554,8
6386,2555,47
6387,2555,48
6388,2556,44
6389,2556,43
6390,2557,46
6391,2558,14
6392,2558,12
6393,2558,11
6394,2558,13
6395,2559,29
6396,2559,30
6397,2560,1
6398,2560,5
6399,2560,3
6400,2561,3
6401,2561,1
6402,2561,5
6403,2561,2
6404,2562,3
6405,2562,2
6406,2562,4
6407,2563,2
6408,2563,1
6409,2563,3
6410,2564,9
6411,2564,10
6412,2564,7
6413,2564,8
6414,2565,30
6415,2565,29
6416,2566,46
6417,2567,42
6418,2567,40
6419,2567,41
6420,2568,9
6421,2568,8
6422,2568,10
6423,2568,7
6424,2569,20
6425,2569,19
6426,2570,23
6427,2570,24
6428,2571,48
6429,2571,47
6430,2572,34
6431,2572,36
6432,2572,35
6433,2573,39
6434,2573,38
6435,2573,37
6436,2574,26
6437,2574,25
6438,2574,23
6439,2575,33
6440,2575,31
6441,2576,17
6442,2576,16
6443,2576,18
6444,2576,15
6445,2577,48
6446,2577,47
6447,2578,46
6448,2579,37
6449,2579,39
6450,2579,38
6451,2580,45
6452,2581,27
6453,2581,28
6454,2582,26
6455,2582,25
6456,2582,24
6457,2582,23
6458,2583,30
6459,2583,27
6460,2583,28
6461,2583,29
6462,2584,37
6463,2584,38
6464,2584,39
6465,2585,44
6466,2585,43
6467,2586,11
6468,2586,14
6469,2587,6
6470,2587,7
6471,2588,45
6472,2589,43
6473,2589,44
6474,2590,21
6475,2590,20
6476,2590,19
6477,2590,22
6478,2591,31
6479,2591,32
6480,2591,33
6481,2592,42
6482,2592,41
6483,2593,29
6484,2593,28
6485,2593,30
6486,2594,46
6487,2595,45
6488,2596,46
6489,2597,40
6490,2597,42
6491,2598,11
6492,2598,12
6493,2598,13
6494,2598,14
6495,2599,33
6496,2599,31
6497,2599,32
6498,2600,40
6499,2600,42
6500,2601,30
6501,2601,28
6502,2602,45
6503,2603,31
6504,2603,33
6505,2603,32
6506,2604,6
6507,2604,9
6508,2604,10
6509,2605,42
6510,2605,41
6511,2605,40
6512,2606,35
6513,2606,34
6514,2607,47
6515,2607,48
6516,2608,27
6517,2608,29
6518,2608,28
6519,2608,30
6520,2609,46
6521,2610,36
6522,2610,34
6523,2610,35
6524,2611,44
6525,2611,43
6526,2612,39
6527,2612,37
6528,2613,45
6529,2614,28
6530,2614,30
6531,2615,20
6532,2615,22
6533,2615,19
6534,2616,22
6535,2616,21
6536,2616,20
6537,2617,6
6538,2617,10
6539,2617,8
6540,2618,35
6541,2618,36
6542,2618,34
6543,2619,42
6544,2619,41
6545,2619,40
6546,2620,46
6547,2621,22
6548,2621,19
6549,2621,20
6550,2621,21
6551,2622,33
6552,2622,31
6553,2622,32
6554,2623,19
6555,2623,22
6556,2624,5
6557,2624,2
6558,2624,4
6559,2624,1
6560,2625,41
6561,2625,40
6562,2626,38
6563,2626,37
6564,2627,29
6565,2627,27
6566,2627,30
6567,2627,28
6568,2628,5
6569,2628,2
6570,2628,1
6571,2629,26
6572,2629,25
6573,2629,23
6574,2630,45
6575,2631,25
6576,2631,26
6577,2632,36
6578,2632,35
6579,2632,34
6580,2633,11
6581,2633,12
6582,2633,14
6583,2633,13
6584,2634,32
6585,2634,33
6586,2635,31
6587,2635,33
6588,2635,32
6589,2636,38
6590,2636,37
6591,2636,39
6592,2637,37
6593,2637,38
6594,2637,39
6595,2638,6
6596,2638,10
6597,2638,8
6598,2639,46
6599,2640,39
6600,2640,37
6601,2640,38
6602,2641,45
6603,2642,46
6604,2643,45
6605,2644,29
6606,2644,30
6607,2644,27
6608,2644,28
6609,2645,45
6610,2646,46
6611,2647,45
6612,2648,22
6613,2648,19
6614,2649,13
6615,2649,12
6616,2649,11
6617,2650,4
6618,2650,1
6619,2650,3
6620,2650,2
6621,2651,1
6622,2651,3
6623,2651,2
6624,2651,4
6625,2652,12
6626,2652,14
6627,2652,13
6628,2652,11
6629,2653,19
6630,2653,22
6631,2654,13
6632,2654,11
6633,2654,14
6634,2654,12
6635,2655,13
6636,2655,12
6637,2655,14
6638,2656,22
6639,2656,20
6640,2656,21
6641,2656,19
6642,2657,21
6643,2657,22
6644,2657,19
6645,2657,20
6646,2658,47
6647,2658,48
6648,2659,39
6649,2659,37
6650,2659,38
6651,2660,43
6652,2660,44
6653,2661,39
6654,2661,37
6655,2662,21
6656,2662,19
6657,2663,33
6658,2663,32
6659,2663,31
6660,2664,45
6661,2665,3
6662,2665,1
6663,2665,2
6664,2665,4
6665,2666,45
6666,2667,13
6667,2667,12
6668,2668,18
6669,2668,16
6670,2669,13
6671,2669,12
6672,2669,11
6673,2670,47
6674,2670,48
6675,2671,46
6676,2672,23
6677,2672,26
6678,2673,48
6679,2673,47
6680,2674,41
6681,2674,42
6682,2674,40
6683,2675,1
6684,2675,5
6685,2675,4
6686,2676,29
6687,2676,27
6688,2677,7
6689,2677,6
6690,2678,12
6691,2678,13
6692,2678,14
6693,2679,29
6694,2679,28
6695,2680,43
6696,2680,44
6697,2681,46
6698,2682,18
6699,2682,17
6700,2683,46
6701,2684,21
6702,2684,22
6703,2684,19
6704,2684,20
6705,2685,30
6706,2685,28
6707,2686,45
6708,2687,39
6709,2687,37
6710,2687,38
6711,2688,8
6712,2688,6
6713,2689,1
6714,2689,3
6715,2689,4
6716,2690,16
6717,2690,15
6718,2691,48
6719,2691,47
6720,2692,13
6721,2692,14
6722,2692,11
6723,2693,9
6724,2693,7
6725,2694,47
6726,2694,48
6727,2695,38
6728,2695,39
6729,2696,38
6730,2696,39
6731,2696,37
6732,2697,39
6733,2697,37
6734,2697,38
6735,2698,41
6736,2698,40
6737,2698,42
6738,2699,21
6739,2699,22
6740,2699,20
6741,2699,19
6742,2700,37
6743,2700,38
6744,2700,39
6745,2701,41
6746,2701,42
6747,2701,40
6748,2702,12
6749,2702,13
6750,2703,21
6751,2703,20
6752,2703,22
6753,2704,24
6754,2704,23
6755,2704,26
6756,2704,25
6757,2705,45
6758,2706,38
6759,2706,39
6760,2706,37
6761,2707,41
6762,2707,40
6763,2708,45
6764,2709,31
6765,2709,33
6766,2709,32
6767,2710,42
6768,2710,41
6769,2711,32
6770,2711,33
6771,2712,6
6772,2712,8
6773,2712,7
6774,2713,46
6775,2714,16
6776,2714,18
6777,2714,17
6778,2715,3
6779,2715,4
6780,2715,2
6781,2716,48
6782,2716,47
6783,2717,10
6784,2717,6
6785,2718,20
6786,2718,19
6787,2719,20
6788,2719,22
6789,2719,19
6790,2720,45
6791,2721,17
6792,2721,15
6793,2721,16
6794,2722,37
6795,2722,38
6796,2722,39
6797,2723,29
6798,2723,28
6799,2723,30
6800,2723,27
6801,2724,14
6802,2724,11
6803,2725,43
6804,2725,44
6805,2726,46
6806,2727,14
6807,2727,11
6808,2727,13
6809,2727,12
6810,2728,1
6811,2728,5
6812,2728,2
6813,2728,3
6814,2729,41
6815,2729,42
6816,2730,17
6817,2730,16
6818,2731,23
6819,2731,24
6820,2731,26
6821,2732,30
6822,2732,28
6823,2733,45
6824,2734,16
6825,2734,18
6826,2734,15
6827,2734,17
6828,2735,39
6829,2735,38
6830,2735,37
6831,2736,41
6832,2736,40
6833,2737,41
6834,2737,40
6835,2738,47
6836,2738,48
6837,2739,46
6838,2740,22
6839,2740,19
6840,2740,20
6841,2740,21
6842,2741,48
6843,2741,47
6844,2742,3
6845,2742,2
6846,2742,4
6847,2742,5
6848,2743,38
6849,2743,37
6850,2744,48
6851,2744,47
6852,2745,48
6853,2745,47
6854,2746,1
6855,2746,5
6856,2746,2
6857,2747,37
6858,2747,39
6859,2747,38
6860,2748,29
6861,2748,27
6862,2749,45
6863,2750,48
6864,2750,47
6865,2751,39
6866,2751,38
6867,2751,37
6868,2752,23
6869,2752,24
6870,2753,3
6871,2753,4
6872,2754,13
6873,2754,11
6874,2754,14
6875,2754,12
6876,2755,18
6877,2755,15
6878,2755,17
6879,2756,36
6880,2756,34
6881,2756,35
6882,2757,46
6883,2758,19
6884,2758,21
6885,2758,22
6886,2759,3
6887,2759,5
6888,2759,2
6889,2759,4
6890,2760,9
6891,2760,6
6892,2760,7
6893,2761,39
6894,2761,37
6895,2761,38
6896,2762,25
6897,2762,26
6898,2762,23
6899,2762,24
6900,2763,38
6901,2763,39
6902,2763,37
6903,2764,20
6904,2764,22
6905,2764,21
6906,2764,19
6907,2765,14
6908,2765,13
6909,2765,11
6910,2765,12
6911,2766,43
6912,2766,44
6913,2767,18
6914,2767,16
6915,2767,15
6916,2767,17
6917,2768,16
6918,2768,15
6919,2768,18
6920,2768,17
6921,2769,45
6922,2770,46
6923,2771,19
6924,2771,20
6925,2772,31
6926,2772,32
6927,2772,33
6928,2773,28
6929,2773,30
6930,2773,27
6931,2773,29
6932,2774,15
6933,2774,16
6934,2774,18
6935,2774,17
6936,2775,15
6937,2775,16
6938,2775,18
6939,2775,17
6940,2776,45
6941,2777,6
6942,2777,7
6943,2777,10
6944,2777,9
6945,2778,31
6946,2778,33
6947,2778,32
6948,2779,9
6949,2779,8
6950,2779,10
6951,2779,6
6952,2780,45
6953,2781,39
6954,2781,38
6955,2782,26
6956,2782,24
6957,2783,44
6958,2783,43
6959,2784,44
6960,2784,43
6961,2785,21
6962,2785,22
6963,2785,19
6964,2786,46
6965,2787,24
6966,2787,25
6967,2787,26
6968,2788,20
6969,2788,21
6970,2788,22
6971,2789,21
6972,2789,19
6973,2790,19
6974,2790,21
6975,2790,22
6976,2790,20
6977,2791,21
6978,2791,19
6979,2791,20
6980,2792,46
6981,2793,43
6982,2793,44
6983,2794,29
6984,2794,27
6985,2795,45
6986,2796,28
6987,2796,30
6988,2796,29
6989,2796,27
6990,2797,45
6991,2798,45
6992,2799,6
6993,2799,7
6994,2800,11
6995,2800,13
6996,2801,36
6997,2801,35
6998,2801,34
6999,2802,24
7000,2802,23
7001,2803,43
7002,2803,44
7003,2804,34
7004,2804,35
7005,2804,36
7006,2805,20
7007,2805,21
7008,2806,29
7009,2806,27
7010,2807,30
7011,2807,27
7012,2808,44
7013,2808,43
7014,2809,20
7015,2809,19
7016,2809,22
7017,2809,21
7018,2810,7
7019,2810,9
7020,2811,47
7021,2811,48
7022,2812,4
7023,2812,3
7024,2813,12
7025,2813,11
7026,2814,22
7027,2814,20
7028,2814,19
7029,2814,21
7030,2815,3
7031,2815,2
7032,2815,1
7033,2816,45
7034,2817,42
7035,2817,41
7036,2817,40
7037,2818,4
7038,2818,5
7039,2819,28
7040,2819,29
7041,2819,27
7042,2819,30
7043,2820,17
7044,2820,18
7045,2820,15
7046,2820,16
7047,2821,40
7048,2821,42
7049,2821,41
7050,2822,3
7051,2822,2
7052,2822,1
7053,2822,4
7054,2823,14
7055,2823,13
7056,2823,11
7057,2823,12
7058,2824,42
7059,2824,41
7060,2824,40
7061,2825,45
7062,2826,29
7063,2826,30
7064,2827,44
7065,2827,43
7066,2828,41
7067,2828,42
7068,2828,40
7069,2829,44
7070,2829,43
7071,2830,16
7072,2830,15
7073,2830,17
7074,2830,18
7075,2831,45
7076,2832,32
7077,2832,31
7078,2832,33
7079,2833,40
7080,2833,42
7081,2833,41
7082,2834,32
7083,2834,31
7084,2835,35
7085,2835,36
7086,2835,34
7087,2836,3
7088,2836,2
7089,2836,1
7090,2837,34
7091,2837,36
7092,2837,35
7093,2838,19
7094,2838,21
7095,2839,31
7096,2839,33
7097,2840,21
7098,2840,20
7099,2841,45
7100,2842,22
7101,2842,21
7102,2842,20
7103,2843,27
7104,2843,30
7105,2844,44
7106,2844,43
7107,2845,16
7108,2845,18
7109,2845,17
7110,2846,26
7111,2846,23
7112,2847,40
7113,2847,42
7114,2848,25
7115,2848,24
7116,2848,26
7117,2848,23
7118,2849,12
7119,2849,11
7120,2850,10
7121,2850,9
7122,2851,24
7123,2851,26
7124,2851,25
7125,2852,11
7126,2852,14
7127,2852,12
7128,2852,13
7129,2853,46
7130,2854,37
7131,2854,38
7132,2855,26
7133,2855,24
7134,2855,23
7135,2856,37
7136,2856,38
7137,2856,39
7138,2857,38
7139,2857,37
7140,2857,39
7141,2858,34
7142,2858,35
7143,2858,36
7144,2859,28
7145,2859,27
7146,2859,30
7147,2860,39
7148,2860,38
7149,2861,45
7150,2862,42
7151,2862,41
7152,2862,40
7153,2863,45
7154,2864,25
7155,2864,24
7156,2864,23
7157,2865,40
7158,2865,42
7159,2865,41
7160,2866,47
7161,2866,48
7162,2867,48
7163,2867,47
7164,2868,44
7165,2868,43
7166,2869,46
7167,2870,30
7168,2870,27
7169,2870,29
7170,2871,19
7171,2871,20
7172,2871,21
7173,2872,17
7174,2872,15
7175,2872,16
7176,2872,18
7177,2873,32
7178,2873,31
7179,2873,33
7180,2874,46
7181,2875,22
7182,2875,21
7183,2875,20
7184,2875,19
7185,2876,12
7186,2876,11
7187,2877,43
7188,2877,44
7189,2878,16
7190,2878,15
7191,2878,17
7192,2879,31
7193,2879,33
7194,2879,32
7195,2880,32
7196,2880,31
7197,2881,25
7198,2881,26
7199,2881,23
7200,2882,33
7201,2882,31
7202,2883,20
7203,2883,21
7204,2884,46
7205,2885,19
7206,2885,21
7207,2885,22
7208,2886,18
7209,2886,16
7210,2887,40
7211,2887,41
7212,2888,24
7213,2888,26
7214,2888,23
7215,2889,21
7216,2889,20
7217,2889,22
7218,2889,19
7219,2890,33
7220,2890,32
7221,2890,31
7222,2891,22
7223,2891,20
7224,2892,46
7225,2893,45
7226,2894,34
7227,2894,36
7228,2894,35
7229,2895,46
7230,2896,28
7231,2896,29
7232,2896,30
7233,2897,44
7234,2897,43
7235,2898,22
7236,2898,21
7237,2898,20
7238,2898,19
7239,2899,47
7240,2899,48
7241,2900,31
7242,2900,32
7243,2900,33
7244,2901,48
7245,2901,47
7246,2902,18
7247,2902,15
7248,2902,16
7249,2903,11
7250,2903,14
7251,2903,12
7252,2904,27
7253,2904,30
7254,2905,19
7255,2905,22
7256,2906,46
7257,2907,34
7258,2907,36
7259,2907,35
7260,2908,45
7261,2909,19
7262,2909,21
7263,2909,22
7264,2909,20
7265,2910,45
7266,2911,37
7267,2911,39
7268,2911,38
7269,2912,38
7270,2912,37
7271,2912,39
7272,2913,32
7273,2913,33
7274,2914,9
7275,2914,8
7276,2914,7
7277,2915,37
7278,2915,39
7279,2915,38
7280,2916,46
7281,2917,22
7282,2917,21
7283,2918,48
7284,2918,47
7285,2919,43
7286,2919,44
7287,2920,6
7288,2920,7
7289,2921,27
7290,2921,28
7291,2921,29
7292,2922,30
7293,2922,29
7294,2922,28
7295,2922,27
7296,2923,33
7297,2923,31
7298,2924,44
7299,2924,43
7300,2925,14
7301,2925,11
7302,2926,46
7303,2927,26
7304,2927,24
7305,2927,25
7306,2927,23
7307,2928,48
7308,2928,47
7309,2929,13
7310,2929,11
7311,2929,14
7312,2930,32
7313,2930,31
7314,2930,33
7315,2931,46
7316,2932,14
7317,2932,11
7318,2932,13
7319,2932,12
7320,2933,46
7321,2934,22
7322,2934,21
7323,2934,20
7324,2935,41
7325,2935,40
7326,2936,48
7327,2936,47
7328,2937,21
7329,2937,22
7330,2937,20
7331,2937,19
7332,2938,22
7333,2938,21
7334,2938,19
7335,2939,48
7336,2939,47
7337,2940,30
7338,2940,27
7339,2941,20
7340,2941,21
7341,2941,22
7342,2941,19
7343,2942,41
7344,2942,40
7345,2943,8
7346,2943,9
7347,2943,6
7348,2943,10
7349,2944,3
7350,2944,1
7351,2944,2
7352,2945,46
7353,2946,10
7354,2946,9
7355,2946,7
7356,2947,36
7357,2947,34
7358,2948,31
7359,2948,32
7360,2948,33
7361,2949,11
7362,2949,13
7363,2949,14
7364,2949,12
7365,2950,45
7366,2951,28
7367,2951,30
7368,2951,29
7369,2952,42
7370,2952,41
7371,2953,38
7372,2953,39
7373,2953,37
7374,2954,18
7375,2954,17
7376,2954,15
7377,2955,21
7378,2955,19
7379,2955,22
7380,2955,20
7381,2956,13
7382,2956,12
7383,2956,11
7384,2956,14
7385,2957,39
7386,2957,38
7387,2957,37
7388,2958,9
7389,2958,10
7390,2958,6
7391,2958,8
7392,2959,29
7393,2959,28
7394,2959,27
7395,2960,15
7396,2960,18
7397,2960,16
7398,2960,17
7399,2961,9
7400,2961,6
7401,2961,10
7402,2961,7
7403,2962,12
7404,2962,13
7405,2963,33
7406,2963,32
7407,2964,45
7408,2965,14
7409,2965,13
7410,2965,11
7411,2966,34
7412,2966,35
7413,2967,21
7414,2967,20
7415,2967,22
7416,2967,19
7417,2968,9
7418,2968,7
7419,2969,39
7420,2969,37
7421,2970,43
7422,2970,44
7423,2971,8
7424,2971,10
7425,2971,6
7426,2971,9
7427,2972,15
7428,2972,16
7429,2972,17
7430,2972,18
7431,2973,25
7432,2973,24
7433,2973,26
7434,2973,23
7435,2974,34
7436,2974,36
7437,2975,37
7438,2975,39
7439,2976,28
7440,2976,29
7441,2976,30
7442,2976,27
7443,2977,31
7444,2977,33
7445,2977,32
7446,2978,22
7447,2978,19
7448,2979,20
7449,2979,19
7450,2979,22
7451,2979,21
7452,2980,32
7453,2980,31
7454,2980,33
7455,2981,44
7456,2981,43
7457,2982,46
7458,2983,42
7459,2983,41
7460,2984,17
7461,2984,15
7462,2985,30
7463,2985,29
7464,2985,27
7465,2986,21
7466,2986,22
7467,2987,18
7468,2987,17
7469,2988,39
7470,2988,37
7471,2988,38
7472,2989,29
7473,2989,27
7474,2989,28
7475,2989,30
7476,2990,18
7477,2990,17
7478,2990,15
7479,2991,46
7480,2992,39
7481,2992,37
7482,2992,38
7483,2993,18
7484,2993,16
7485,2994,45
7486,2995,20
7487,2995,22
7488,2996,38
7489,2996,37
7490,2996,39
7491,2997,2
7492,2997,3
7493,2997,5
7494,2997,4
7495,2998,36
7496,2998,34
7497,2998,35
7498,2999,44
7499,2999,43
7500,3000,3
7501,3000,1
7502,3001,46
7503,3002,11
7504,3002,13
7505,3003,32
7506,3003,33
7507,3003,31
7508,3004,20
7509,3004,19
7510,3004,21
7511,3005,47
7512,3005,48
7513,3006,46
7514,3007,3
7515,3007,2
7516,3007,4
7517,3008,35
7518,3008,36
7519,3008,34
7520,3009,4
7521,3009,5
7522,3009,1
7523,3009,2
7524,3010,44
7525,3010,43
7526,3011,36
7527,3011,34
7528,3012,48
7529,3012,47
7530,3013,6
7531,3013,9
7532,3013,8
7533,3013,7
7534,3014,43
7535,3014,44
7536,3015,33
7537,3015,32
7538,3015,31
7539,3016,33
7540,3016,31
7541,3016,32
7542,3017,12
7543,3017,14
7544,3018,48
7545,3018,47
7546,3019,6
7547,3019,7
7548,3019,9
7549,3019,10
7550,3020,34
7551,3020,36
7552,3020,35
7553,3021,45
7554,3022,43
7555,3022,44
7556,3023,12
7557,3023,11
7558,3024,46
7559,3025,15
7560,3025,17
7561,3025,16
7562,3026,45
7563,3027,19
7564,3027,20
7565,3027,21
7566,3028,39
7567,3028,38
7568,3028,37
7569,3029,22
7570,3029,21
7571,3029,20
7572,3029,19
7573,3030,9
7574,3030,7
7575,3031,13
7576,3031,11
7577,3031,12
7578,3031,14
7579,3032,36
7580,3032,34
7581,3033,33
7582,3033,32
7583,3034,45
7584,3035,19
7585,3035,21
7586,3035,22
7587,3036,30
7588,3036,27
7589,3036,28
7590,3037,31
7591,3037,32
7592,3037,33
7593,3038,1
7594,3038,5
7595,3038,4
7596,3039,25
7597,3039,26
7598,3040,31
7599,3040,32
7600,3040,33
7601,3041,38
7602,3041,37
7603,3041,39
7604,3042,43
7605,3042,44
7606,3043,30
7607,3043,27
7608,3043,29
7609,3043,28
7610,3044,1
7611,3044,2
7612,3044,4
7613,3044,3
7614,3045,48
7615,3045,47
7616,3046,42
7617,3046,40
7618,3046,41
7619,3047,14
7620,3047,12
7621,3047,13
7622,3048,44
7623,3048,43
7624,3049,31
7625,3049,32
7626,3050,7
7627,3050,6
7628,3051,46
7629,3052,41
7630,3052,42
7631,3052,40
7632,3053,23
7633,3053,25
7634,3054,47
7635,3054,48
7636,3055,27
7637,3055,30
7638,3055,28
7639,3055,29
7640,3056,44
7641,3056,43
7642,3057,10
7643,3057,7
7644,3057,6
7645,3058,46
7646,3059,21
7647,3059,19
7648,3060,39
7649,3060,37
7650,3061,10
7651,3061,9
7652,3062,15
7653,3062,17
7654,3062,18
7655,3063,43
7656,3063,44
7657,3064,28
7658,3064,29
7659,3064,27
7660,3064,30
7661,3065,20
7662,3065,19
7663,3066,38
7664,3066,39
7665,3067,45
7666,3068,35
7667,3068,34
7668,3068,36
7669,3069,17
7670,3069,18
7671,3069,16
7672,3070,35
7673,3070,36
7674,3070,34
7675,3071,9
7676,3071,8
7677,3071,7
7678,3072,46
7679,3073,45
7680,3074,34
7681,3074,36
7682,3075,40
7683,3075,42
7684,3075,41
7685,3076,33
7686,3076,32
7687,3076,31
7688,3077,23
7689,3077,26
7690,3077,24
7691,3077,25
7692,3078,39
7693,3078,37
7694,3079,46
7695,3080,41
7696,3080,42
7697,3081,1
7698,3081,4
7699,3081,2
7700,3081,5
7701,3082,47
7702,3082,48
7703,3083,31
7704,3083,33
7705,3084,33
7706,3084,31
7707,3084,32
7708,3085,41
7709,3085,42
7710,3086,15
7711,3086,18
7712,3086,17
7713,3086,16
7714,3087,43
7715,3087,44
7716,3088,5
7717,3088,3
7718,3089,41
7719,3089,42
7720,3090,24
7721,3090,23
7722,3090,26
7723,3091,3
7724,3091,5
7725,3091,1
7726,3091,4
7727,3092,30
7728,3092,28
7729,3092,29
7730,3092,27
7731,3093,46
7732,3094,44
7733,3094,43
7734,3095,46
7735,3096,7
7736,3096,6
7737,3097,32
7738,3097,31
7739,3098,20
7740,3098,21
7741,3099,46
7742,3100,27
7743,3100,29
7744,3100,28
7745,3101,44
7746,3101,43
7747,3102,1
7748,3102,2
7749,3102,5
7750,3103,43
7751,3103,44
7752,3104,48
7753,3104,47
7754,3105,43
7755,3105,44
7756,3106,13
7757,3106,11
7758,3106,14
7759,3106,12
7760,3107,36
7761,3107,34
7762,3108,46
7763,3109,33
7764,3109,32
7765,3109,31
7766,3110,24
7767,3110,26
7768,3110,25
7769,3111,15
7770,3111,18
7771,3112,10
7772,3112,8
7773,3113,43
7774,3113,44
7775,3114,33
7776,3114,32
7777,3114,31
7778,3115,39
7779,3115,37
7780,3116,41
7781,3116,40
7782,3116,42
7783,3117,45
7784,3118,40
7785,3118,42
7786,3118,41
7787,3119,6
7788,3119,10
7789,3119,8
7790,3119,7
7791,3120,35
7792,3120,36
7793,3120,34
7794,3121,21
7795,3121,22
7796,3122,44
7797,3122,43
7798,3123,38
7799,3123,39
7800,3123,37
7801,3124,25
7802,3124,24
7803,3125,40
7804,3125,42
7805,3125,41
7806,3126,1
7807,3126,2
7808,3126,3
7809,3126,5
7810,3127,44
7811,3127,43
7812,3128,38
7813,3128,37
7814,3128,39
7815,3129,5
7816,3129,4
7817,3129,3
7818,3129,1
7819,3130,40
7820,3130,41
7821,3131,36
7822,3131,34
7823,3131,35
7824,3132,22
7825,3132,21
7826,3132,19
7827,3132,20
7828,3133,46
7829,3134,35
7830,3134,34
7831,3135,35
7832,3135,36
7833,3135,34
7834,3136,42
7835,3136,40
7836,3136,41
7837,3137,20
7838,3137,19
7839,3137,21
7840,3137,22
7841,3138,45
7842,3139,16
7843,3139,18
7844,3139,17
7845,3140,28
7846,3140,27
7847,3140,29
7848,3140,30
7849,3141,46
7850,3142,47
7851,3142,48
7852,3143,44
7853,3143,43
7854,3144,12
7855,3144,13
7856,3144,14
7857,3145,46
7858,3146,45
7859,3147,13
7860,3147,14
7861,3147,11
7862,3147,12
7863,3148,31
7864,3148,33
7865,3148,32
7866,3149,17
7867,3149,16
7868,3150,47
7869,3150,48
7870,3151,18
7871,3151,15
7872,3151,17
7873,3151,16
7874,3152,4
7875,3152,3
7876,3152,2
7877,3153,40
7878,3153,42
7879,3153,41
7880,3154,37
7881,3154,39
7882,3155,11
7883,3155,14
7884,3155,13
7885,3156,1
7886,3156,3
7887,3157,6
7888,3157,8
7889,3158,40
7890,3158,42
7891,3158,41
7892,3159,47
7893,3159,48
7894,3160,13
7895,3160,14
7896,3160,12
7897,3161,33
7898,3161,31
7899,3162,45
7900,3163,4
7901,3163,3
7902,3163,1
7903,3163,5
7904,3164,48
7905,3164,47
7906,3165,47
7907,3165,48
7908,3166,15
7909,3166,17
7910,3167,17
7911,3167,16
7912,3167,15
7913,3168,6
7914,3168,8
7915,3168,9
7916,3169,45
7917,3170,6
7918,3170,8
7919,3170,10
7920,3170,9
7921,3171,7
7922,3171,6
7923,3171,10
7924,3172,33
7925,3172,32
7926,3172,31
7927,3173,7
7928,3173,8
7929,3173,9
7930,3174,48
7931,3174,47
7932,3175,39
7933,3175,37
7934,3176,36
7935,3176,34
7936,3176,35
7937,3177,21
7938,3177,22
7939,3177,20
7940,3178,25
7941,3178,24
7942,3178,23
7943,3179,13
7944,3179,12
7945,3179,14
7946,3179,11
7947,3180,25
7948,3180,24
7949,3180,23
7950,3180,26
7951,3181,34
7952,3181,36
7953,3182,47
7954,3182,48
7955,3183,43
7956,3183,44
7957,3184,22
7958,3184,21
7959,3185,46
7960,3186,47
7961,3186,48
7962,3187,8
7963,3187,10
7964,3187,9
7965,3188,19
7966,3188,20
7967,3188,21
7968,3189,16
7969,3189,17
7970,3189,18
7971,3190,40
7972,3190,42
7973,3190,41
7974,3191,25
7975,3191,24
7976,3192,9
7977,3192,8
7978,3192,10
7979,3193,36
7980,3193,35
7981,3194,3
7982,3194,2
7983,3194,1
7984,3195,46
7985,3196,34
7986,3196,36
7987,3197,12
7988,3197,11
7989,3198,14
7990,3198,11
7991,3198,12
7992,3198,13
7993,3199,1
7994,3199,2
7995,3199,3
7996,3200,32
7997,3200,31
7998,3201,35
7999,3201,34
8000,3202,48
8001,3202,47
8002,3203,45
8003,3204,46
8004,3205,47
8005,3205,48
8006,3206,48
8007,3206,47
8008,3207,38
8009,3207,37
8010,3208,16
8011,3208,17
8012,3208,18
8013,3209,22
8014,3209,19
8015,3209,20
8016,3209,21
8017,3210,4
8018,3210,3
8019,3211,17
8020,3211,15
8021,3211,16
8022,3211,18
8023,3212,46
8024,3213,2
8025,3213,5
8026,3213,3
8027,3213,4
8028,3214,16
8029,3214,15
8030,3215,10
8031,3215,8
8032,3216,31
8033,3216,33
8034,3216,32
8035,3217,34
8036,3217,36
8037,3217,35
8038,3218,7
8039,3218,6
8040,3219,44
8041,3219,43
8042,3220,36
8043,3220,35
8044,3220,34
8045,3221,36
8046,3221,35
8047,3221,34
8048,3222,5
8049,3222,3
8050,3223,42
8051,3223,40
8052,3224,6
8053,3224,9
8054,3224,8
8055,3224,7
8056,3225,32
8057,3225,33
8058,3225,31
8059,3226,26
8060,3226,24
8061,3226,25
8062,3226,23
8063,3227,11
8064,3227,13
8065,3227,14
8066,3228,1
8067,3228,4
8068,3229,31
8069,3229,32
8070,3230,43
8071,3230,44
8072,3231,30
8073,3231,27
8074,3232,11
8075,3232,13
8076,3232,14
8077,3233,33
8078,3233,32
8079,3233,31
8080,3234,13
8081,3234,14
8082,3234,11
8083,3235,19
8084,3235,20
8085,3236,17
8086,3236,15
8087,3237,39
8088,3237,38
8089,3237,37
8090,3238,44
8091,3238,43
8092,3239,17
8093,3239,15
8094,3240,32
8095,3240,33
8096,3240,31
8097,3241,28
8098,3241,27
8099,3241,30
8100,3242,46
8101,3243,43
8102,3243,44
8103,3244,44
8104,3244,43
8105,3245,35
8106,3245,34
8107,3245,36
8108,3246,39
8109,3246,37
8110,3246,38
8111,3247,14
8112,3247,13
8113,3247,12
8114,3248,42
8115,3248,40
8116,3248,41
8117,3249,8
8118,3249,7
8119,3249,6
8120,3250,48
8121,3250,47
8122,3251,45
8123,3252,7
8124,3252,9
8125,3252,8
8126,3252,6
8127,3253,47
8128,3253,48
8129,3254,42
8130,3254,40
8131,3254,41
8132,3255,31
8133,3255,33
8134,3255,32
8135,3256,27
8136,3256,28
8137,3256,29
8138,3256,30
8139,3257,33
8140,3257,31
8141,3257,32
8142,3258,43
8143,3258,44
8144,3259,12
8145,3259,11
8146,3259,14
8147,3260,6
8148,3260,8
8149,3260,9
8150,3261,10
8151,3261,9
8152,3261,6
8153,3261,8
8154,3262,31
8155,3262,32
8156,3262,33
8157,3263,8
8158,3263,9
8159,3263,6
8160,3264,38
8161,3264,37
8162,3264,39
8163,3265,31
8164,3265,33
8165,3265,32
8166,3266,36
8167,3266,34
8168,3266,35
8169,3267,30
8170,3267,27
8171,3267,28
8172,3268,45
8173,3269,16
8174,3269,17
8175,3269,18
8176,3269,15
8177,3270,31
8178,3270,33
8179,3270,32
8180,3271,23
8181,3271,25
8182,3272,7
8183,3272,8
8184,3273,40
8185,3273,41
8186,3273,42
8187,3274,30
8188,3274,28
8189,3274,29
8190,3275,36
8191,3275,34
8192,3275,35
8193,3276,47
8194,3276,48
8195,3277,35
8196,3277,34
8197,3278,19
8198,3278,20
8199,3278,21
8200,3279,41
8201,3279,42
8202,3279,40
8203,3280,43
8204,3280,44
8205,3281,46
8206,3282,48
8207,3282,47
8208,3283,10
8209,3283,7
8210,3283,6
8211,3283,9
8212,3284,43
8213,3284,44
8214,3285,44
8215,3285,43
8216,3286,39
8217,3286,38
8218,3287,43
8219,3287,44
8220,3288,23
8221,3288,25
8222,3288,26
8223,3289,31
8224,3289,32
8225,3289,33
8226,3290,45
8227,3291,25
8228,3291,26
8229,3291,23
8230,3292,8
8231,3292,9
8232,3292,6
8233,3292,7
8234,3293,23
8235,3293,26
8236,3294,18
8237,3294,15
8238,3294,17
8239,3295,9
8240,3295,10
8241,3295,6
8242,3295,8
8243,3296,16
8244,3296,17
8245,3296,18
8246,3296,15
8247,3297,18
8248,3297,16
8249,3298,7
8250,3298,8
8251,3299,22
8252,3299,20
8253,3300,46
8254,3301,15
8255,3301,18
8256,3301,17
8257,3302,27
8258,3302,30
8259,3302,29
8260,3303,35
8261,3303,34
8262,3303,36
8263,3304,10
8264,3304,8
8265,3304,9
8266,3304,6
8267,3305,3
8268,3305,5
8269,3306,30
8270,3306,27
8271,3306,28
8272,3307,40
8273,3307,41
8274,3307,42
8275,3308,34
8276,3308,36
8277,3309,41
8278,3309,42
8279,3310,19
8280,3310,20
8281,3311,34
8282,3311,36
8283,3312,42
8284,3312,41
8285,3313,7
8286,3313,6
8287,3313,9
8288,3313,8
8289,3314,32
8290,3314,33
8291,3315,17
8292,3315,18
8293,3315,16
8294,3316,11
8295,3316,12
8296,3316,14
8297,3317,27
8298,3317,28
8299,3317,29
8300,3318,47
8301,3318,48
8302,3319,13
8303,3319,11
8304,3320,45
8305,3321,47
8306,3321,48
8307,3322,36
8308,3322,35
8309,3323,46
8310,3324,21
8311,3324,20
8312,3324,22
8313,3324,19
8314,3325,31
8315,3325,32
8316,3326,46
8317,3327,11
8318,3327,14
8319,3327,12
8320,3328,31
8321,3328,32
8322,3328,33
8323,3329,25
8324,3329,26
8325,3330,18
8326,3330,16
8327,3331,31
8328,3331,33
8329,3332,18
8330,3332,17
8331,3332,15
8332,3332,16
8333,3333,31
8334,3333,32
8335,3334,12
8336,3334,13
8337,3335,21
8338,3335,20
8339,3335,19
8340,3336,40
8341,3336,42
8342,3336,41
8343,3337,30
8344,3337,29
8345,3337,28
8346,3337,27
8347,3338,21
8348,3338,22
8349,3338,19
8350,3338,20
8351,3339,47
8352,3339,48
8353,3340,4
8354,3340,3
8355,3340,2
8356,3340,5
8357,3341,43
8358,3341,44
8359,3342,24
8360,3342,26
8361,3343,37
8362,3343,38
8363,3343,39
8364,3344,46
8365,3345,33
8366,3345,32
8367,3346,7
8368,3346,6
8369,3346,9
8370,3347,38
8371,3347,37
8372,3347,39
8373,3348,40
8374,3348,42
8375,3348,41
8376,3349,12
8377,3349,14
8378,3349,13
8379,3349,11
8380,3350,4
8381,3350,3
8382,3350,5
8383,3351,41
8384,3351,40
8385,3351,42
8386,3352,37
8387,3352,39
8388,3353,37
8389,3353,38
8390,3353,39
8391,3354,45
8392,3355,39
8393,3355,37
8394,3355,38
8395,3356,1
8396,3356,4
8397,3356,5
8398,3357,45
8399,3358,13
8400,3358,11
8401,3359,46
8402,3360,29
8403,3360,27
8404,3361,42
8405,3361,41
8406,3361,40
8407,3362,46
8408,3363,9
8409,3363,10
8410,3363,6
8411,3363,8
8412,3364,44
8413,3364,43
8414,3365,33
8415,3365,31
8416,3366,45
8417,3367,23
8418,3367,26
8419,3367,25
8420,3367,24
8421,3368,19
8422,3368,22
8423,3368,21
8424,3368,20
8425,3369,33
8426,3369,31
8427,3369,32
8428,3370,44
8429,3370,43
8430,3371,32
8431,3371,31
8432,3371,33
8433,3372,47
8434,3372,48
8435,3373,6
8436,3373,9
8437,3374,21
8438,3374,19
8439,3375,48
8440,3375,47
8441,3376,17
8442,3376,18
8443,3376,16
8444,3377,33
8445,3377,31
8446,3377,32
8447,3378,42
8448,3378,41
8449,3378,40
8450,3379,46
8451,3380,45
8452,3381,38
8453,3381,37
8454,3381,39
8455,3382,1
8456,3382,4
8457,3382,3
8458,3383,41
8459,3383,42
8460,3384,44
8461,3384,43
8462,3385,37
8463,3385,39
8464,3385,38
8465,3386,42
8466,3386,40
8467,3386,41
8468,3387,48
8469,3387,47
8470,3388,46
8471,3389,34
8472,3389,36
8473,3390,3
8474,3390,1
8475,3390,5
8476,3390,2
8477,3391,29
8478,3391,27
8479,3392,43
8480,3392,44
8481,3393,48
8482,3393,47
8483,3394,34
8484,3394,35
8485,3394,36
8486,3395,3
8487,3395,4
8488,3396,24
8489,3396,23
8490,3396,25
8491,3397,10
8492,3397,9
8493,3397,7
8494,3397,8
8495,3398,23
8496,3398,24
8497,3398,26
8498,3399,7
8499,3399,6
8500,3399,8
8501,3400,48
8502,3400,47
8503,3401,5
8504,3401,3
8505,3401,1
8506,3402,16
8507,3402,18
8508,3403,39
8509,3403,38
8510,3403,37
8511,3404,19
8512,3404,22
8513,3405,16
8514,3405,18
8515,3405,17
8516,3405,15
8517,3406,27
8518,3406,28
8519,3406,30
8520,3406,29
8521,3407,42
8522,3407,41
8523,3407,40
8524,3408,32
8525,3408,33
8526,3408,31
8527,3409,40
8528,3409,41
8529,3410,17
8530,3410,16
8531,3410,15
8532,3411,33
8533,3411,31
8534,3411,32
8535,3412,33
8536,3412,32
8537,3413,40
8538,3413,41
8539,3413,42
8540,3414,13
8541,3414,14
8542,3414,11
8543,3414,12
8544,3415,45
8545,3416,48
8546,3416,47
8547,3417,48
8548,3417,47
8549,3418,36
8550,3418,34
8551,3418,35
8552,3419,6
8553,3419,8
8554,3420,45
8555,3421,46
8556,3422,40
8557,3422,42
8558,3422,41
8559,3423,8
8560,3423,6
8561,3423,7
8562,3423,10
8563,3424,36
8564,3424,34
8565,3424,35
8566,3425,36
8567,3425,35
8568,3425,34
8569,3426,38
8570,3426,39
8571,3426,37
8572,3427,31
8573,3427,32
8574,3427,33
8575,3428,3
8576,3428,2
8577,3429,24
8578,3429,26
8579,3429,23
8580,3430,42
8581,3430,41
8582,3430,40
8583,3431,45
8584,3432,6
8585,3432,10
8586,3432,7
8587,3433,30
8588,3433,28
8589,3433,27
8590,3433,29
8591,3434,30
8592,3434,28
8593,3434,27
8594,3434,29
8595,3435,38
8596,3435,39
8597,3436,13
8598,3436,14
8599,3437,43
8600,3437,44
8601,3438,48
8602,3438,47
8603,3439,3
8604,3439,1
8605,3440,38
8606,3440,37
8607,3440,39
8608,3441,29
8609,3441,30
8610,3441,27
8611,3441,28
8612,3442,47
8613,3442,48
8614,3443,17
8615,3443,18
8616,3443,16
8617,3444,45
8618,3445,13
8619,3445,11
8620,3446,30
8621,3446,28
8622,3447,7
8623,3447,6
8624,3447,8
8625,3447,9
8626,3448,42
8627,3448,40
8628,3448,41
8629,3449,5
8630,3449,4
8631,3450,45
8632,3451,41
8633,3451,42
8634,3451,40
8635,3452,37
8636,3452,38
8637,3452,39
8638,3453,46
8639,3454,20
8640,3454,19
8641,3455,44
8642,3455,43
8643,3456,33
8644,3456,31
8645,3456,32
8646,3457,44
8647,3457,43
8648,3458,46
8649,3459,19
8650,3459,21
8651,3460,45
8652,3461,6
8653,3461,8
8654,3461,9
8655,3461,7
8656,3462,24
8657,3462,23
8658,3463,5
8659,3463,3
8660,3464,48
8661,3464,47
8662,3465,12
8663,3465,14
8664,3466,45
8665,3467,46
8666,3468,46
8667,3469,43
8668,3469,44
8669,3470,39
8670,3470,38
8671,3470,37
8672,3471,26
8673,3471,25
8674,3472,30
8675,3472,27
8676,3473,33
8677,3473,32
8678,3474,35
8679,3474,34
8680,3474,36
8681,3475,10
8682,3475,7
8683,3475,9
8684,3475,6
8685,3476,34
8686,3476,36
8687,3476,35
8688,3477,34
8689,3477,35
8690,3477,36
8691,3478,18
8692,3478,16
8693,3479,31
8694,3479,32
8695,3479,33
8696,3480,39
8697,3480,37
8698,3481,19
8699,3481,20
8700,3481,22
8701,3481,21
8702,3482,44
8703,3482,43
8704,3483,19
8705,3483,21
8706,3483,20
8707,3483,22
8708,3484,44
8709,3484,43
8710,3485,46
8711,3486,45
8712,3487,47
8713,3487,48
8714,3488,47
8715,3488,48
8716,3489,43
8717,3489,44
8718,3490,24
8719,3490,23
8720,3490,25
8721,3490,26
8722,3491,39
8723,3491,38
8724,3491,37
8725,3492,28
8726,3492,27
8727,3493,32
8728,3493,33
8729,3494,43
8730,3494,44
8731,3495,15
8732,3495,17
8733,3496,8
8734,3496,7
8735,3497,8
8736,3497,9
8737,3497,6
8738,3497,7
8739,3498,45
8740,3499,34
8741,3499,35
8742,3499,36
8743,3500,20
8744,3500,19
8745,3501,43
8746,3501,44
8747,3502,24
8748,3502,25
8749,3502,26
8750,3502,23
8751,3503,48
8752,3503,47
8753,3504,46
8754,3505,41
8755,3505,42
8756,3506,43
8757,3506,44
8758,3507,6
8759,3507,9
8760,3507,8
8761,3507,7
8762,3508,46
8763,3509,44
8764,3509,43
8765,3510,46
8766,3511,48
8767,3511,47
8768,3512,26
8769,3512,25
8770,3513,27
8771,3513,30
8772,3514,36
8773,3514,35
8774,3515,27
8775,3515,30
8776,3515,28
8777,3516,24
8778,3516,23
8779,3516,26
8780,3517,33
8781,3517,32
8782,3517,31
8783,3518,30
8784,3518,28
8785,3518,27
8786,3519,32
8787,3519,33
8788,3519,31
8789,3520,5
8790,3520,2
8791,3520,1
8792,3520,3
8793,3521,11
8794,3521,14
8795,3521,12
8796,3521,13
8797,3522,37
8798,3522,39
8799,3523,28
8800,3523,29
8801,3524,41
8802,3524,40
8803,3524,42
8804,3525,15
8805,3525,16
8806,3525,18
8807,3525,17
8808,3526,44
8809,3526,43
8810,3527,40
8811,3527,41
8812,3527,42
8813,3528,7
8814,3528,9
8815,3528,10
8816,3528,8
8817,3529,42
8818,3529,40
8819,3529,41
8820,3530,24
8821,3530,23
8822,3530,26
8823,3531,33
8824,3531,31
8825,3531,32
8826,3532,33
8827,3532,32
8828,3532,31
8829,3533,29
8830,3533,28
8831,3533,27
8832,3533,30
8833,3534,39
8834,3534,38
8835,3534,37
8836,3535,31
8837,3535,32
8838,3535,33
8839,3536,46
8840,3537,44
8841,3537,43
8842,3538,12
8843,3538,13
8844,3538,14
8845,3539,29
8846,3539,30
8847,3540,27
8848,3540,30
8849,3540,29
8850,3541,44
8851,3541,43
8852,3542,20
8853,3542,21
8854,3543,14
8855,3543,13
8856,3543,12
8857,3544,15
8858,3544,18
8859,3544,16
8860,3544,17
8861,3545,7
8862,3545,9
8863,3545,10
8864,3545,8
8865,3546,5
8866,3546,1
8867,3546,3
8868,3547,47
8869,3547,48
8870,3548,30
8871,3548,29
8872,3549,48
8873,3549,47
8874,3550,41
8875,3550,42
8876,3550,40
8877,3551,33
8878,3551,31
8879,3551,32
8880,3552,46
8881,3553,32
8882,3553,31
8883,3554,43
8884,3554,44
8885,3555,27
8886,3555,28
8887,3556,28
8888,3556,30
8889,3556,27
8890,3556,29
8891,3557,36
8892,3557,35
8893,3558,22
8894,3558,21
8895,3559,26
8896,3559,23
8897,3559,24
8898,3559,25
8899,3560,20
8900,3560,22
8901,3561,43
8902,3561,44
8903,3562,1
8904,3562,2
8905,3562,3
8906,3563,33
8907,3563,32
8908,3563,31
8909,3564,39
8910,3564,37
8911,3565,34
8912,3565,35
8913,3565,36
8914,3566,48
8915,3566,47
8916,3567,29
8917,3567,30
8918,3567,27
8919,3567,28
8920,3568,48
8921,3568,47
8922,3569,34
8923,3569,36
8924,3570,18
8925,3570,17
8926,3570,16
8927,3571,4
8928,3571,2
8929,3571,3
8930,3571,5
8931,3572,41
8932,3572,42
8933,3572,40
8934,3573,27
8935,3573,29
8936,3573,30
8937,3573,28
8938,3574,27
8939,3574,30
8940,3574,29
8941,3575,6
8942,3575,10
8943,3575,7
8944,3576,43
8945,3576,44
8946,3577,41
8947,3577,42
8948,3577,40
8949,3578,36
8950,3578,35
8951,3578,34
8952,3579,14
8953,3579,13
8954,3579,12
8955,3580,48
8956,3580,47
8957,3581,48
8958,3581,47
8959,3582,22
8960,3582,20
8961,3582,19
8962,3582,21
8963,3583,21
8964,3583,20
8965,3584,24
8966,3584,25
8967,3584,26
8968,3584,23
8969,3585,43
8970,3585,44
8971,3586,41
8972,3586,40
8973,3586,42
8974,3587,19
8975,3587,20
8976,3588,38
8977,3588,39
8978,3589,48
8979,3589,47
8980,3590,43
8981,3590,44
8982,3591,27
8983,3591,28
8984,3591,30
8985,3591,29
8986,3592,46
8987,3593,44
8988,3593,43
8989,3594,45
8990,3595,38
8991,3595,37
8992,3595,39
8993,3596,23
8994,3596,26
8995,3596,25
8996,3596,24
8997,3597,45
8998,3598,31
8999,3598,32
9000,3598,33
9001,3599,20
9002,3599,21
9003,3599,22
9004,3599,19
9005,3600,4
9006,3600,1
9007,3601,37
9008,3601,38
9009,3602,10
9010,3602,6
9011,3602,8
9012,3603,36
9013,3603,34
9014,3604,33
9015,3604,32
9016,3604,31
9017,3605,46
9018,3606,43
9019,3606,44
9020,3607,33
9021,3607,32
9022,3607,31
9023,3608,22
9024,3608,21
9025,3609,32
9026,3609,33
9027,3610,40
9028,3610,42
9029,3610,41
9030,3611,25
9031,3611,23
9032,3611,26
9033,3611,24
9034,3612,3
9035,3612,2
9036,3613,29
9037,3613,27
9038,3613,30
9039,3613,28
9040,3614,39
9041,3614,38
9042,3614,37
9043,3615,9
9044,3615,6
9045,3616,10
9046,3616,7
9047,3617,45
9048,3618,11
9049,3618,13
9050,3618,12
9051,3619,47
9052,3619,48
9053,3620,40
9054,3620,41
9055,3621,28
9056,3621,27
9057,3621,30
9058,3621,29
9059,3622,20
9060,3622,22
9061,3622,19
9062,3622,21
9063,3623,37
9064,3623,39
9065,3623,38
9066,3624,20
9067,3624,22
9068,3625,48
9069,3625,47
9070,3626,10
9071,3626,9
9072,3627,30
9073,3627,29
9074,3627,27
9075,3627,28
9076,3628,34
9077,3628,35
9078,3628,36
9079,3629,30
9080,3629,29
9081,3629,28
9082,3629,27
9083,3630,5
9084,3630,4
9085,3630,1
9086,3630,3
9087,3631,45
9088,3632,5
9089,3632,2
9090,3632,3
9091,3633,18
9092,3633,16
9093,3633,17
9094,3633,15
9095,3634,46
9096,3635,44
9097,3635,43
9098,3636,26
9099,3636,23
9100,3636,24
9101,3636,25
9102,3637,46
9103,3638,31
9104,3638,32
9105,3638,33
9106,3639,41
9107,3639,40
9108,3639,42
9109,3640,9
9110,3640,10
9111,3640,6
9112,3640,7
9113,3641,44
9114,3641,43
9115,3642,30
9116,3642,28
9117,3643,22
9118,3643,21
9119,3643,19
9120,3643,20
9121,3644,30
9122,3644,29
9123,3644,28
9124,3644,27
9125,3645,43
9126,3645,44
9127,3646,30
9128,3646,27
9129,3646,28
9130,3646,29
9131,3647,39
9132,3647,37
9133,3648,8
9134,3648,10
9135,3648,7
9136,3648,6
9137,3649,29
9138,3649,28
9139,3650,23
9140,3650,26
9141,3650,25
9142,3650,24
9143,3651,16
9144,3651,17
9145,3652,16
9146,3652,18
9147,3653,45
9148,3654,4
9149,3654,5
9150,3655,34
9151,3655,36
9152,3655,35
9153,3656,36
9154,3656,34
9155,3656,35
9156,3657,46
9157,3658,14
9158,3658,11
9159,3658,12
9160,3658,13
9161,3659,45
9162,3660,14
9163,3660,11
9164,3661,48
9165,3661,47
9166,3662,41
9167,3662,42
9168,3662,40
9169,3663,9
9170,3663,8
9171,3663,10
9172,3663,6
9173,3664,18
9174,3664,17
9175,3664,16
9176,3664,15
9177,3665,48
9178,3665,47
9179,3666,1
9180,3666,4
9181,3666,3
9182,3667,20
9183,3667,22
9184,3667,19
9185,3668,22
9186,3668,21
9187,3668,19
9188,3669,22
9189,3669,19
9190,3669,21
9191,3669,20
9192,3670,21
9193,3670,20
9194,3671,15
9195,3671,18
9196,3672,46
9197,3673,47
9198,3673,48
9199,3674,33
9200,3674,31
9201,3674,32
9202,3675,36
9203,3675,35
9204,3676,22
9205,3676,19
9206,3677,11
9207,3677,13
9208,3677,12
9209,3677,14
9210,3678,13
9211,3678,11
9212,3679,48
9213,3679,47
9214,3680,47
9215,3680,48
9216,3681,17
9217,3681,18
9218,3682,45
9219,3683,44
9220,3683,43
9221,3684,46
9222,3685,48
9223,3685,47
9224,3686,36
9225,3686,35
9226,3687,37
9227,3687,39
9228,3687,38
9229,3688,43
9230,3688,44
9231,3689,6
9232,3689,8
9233,3689,9
9234,3689,7
9235,3690,15
9236,3690,16
9237,3690,18
9238,3691,44
9239,3691,43
9240,3692,14
9241,3692,12
9242,3692,13
9243,3692,11
9244,3693,37
9245,3693,38
9246,3693,39
9247,3694,31
9248,3694,33
9249,3694,32
9250,3695,28
9251,3695,27
9252,3695,30
9253,3696,25
9254,3696,26
9255,3696,23
9256,3696,24
9257,3697,48
9258,3697,47
9259,3698,21
9260,3698,19
9261,3698,20
9262,3699,18
9263,3699,17
9264,3700,45
9265,3701,8
9266,3701,10
9267,3701,9
9268,3702,45
9269,3703,36
9270,3703,34
9271,3703,35
9272,3704,37
9273,3704,38
9274,3705,32
9275,3705,33
9276,3705,31
9277,3706,33
9278,3706,31
9279,3706,32
9280,3707,38
9281,3707,37
9282,3707,39
9283,3708,29
9284,3708,28
9285,3708,27
9286,3709,47
9287,3709,48
9288,3710,18
9289,3710,15
9290,3710,17
9291,3710,16
9292,3711,44
9293,3711,43
9294,3712,26
9295,3712,23
9296,3712,24
9297,3713,29
9298,3713,28
9299,3714,19
9300,3714,22
9301,3715,6
9302,3715,9
9303,3715,7
9304,3715,10
9305,3716,44
9306,3716,43
9307,3717,32
9308,3717,33
9309,3717,31
9310,3718,18
9311,3718,17
9312,3718,15
9313,3718,16
9314,3719,28
9315,3719,30
9316,3720,23
9317,3720,25
9318,3721,38
9319,3721,37
9320,3721,39
9321,3722,44
9322,3722,43
9323,3723,3
9324,3723,2
9325,3723,1
9326,3723,4
9327,3724,44
9328,3724,43
9329,3725,12
9330,3725,13
9331,3726,12
9332,3726,13
9333,3726,11
9334,3726,14
9335,3727,21
9336,3727,19
9337,3728,37
9338,3728,38
9339,3728,39
9340,3729,32
9341,3729,31
9342,3730,48
9343,3730,47
9344,3731,26
9345,3731,24
9346,3731,25
9347,3732,25
9348,3732,23
9349,3732,24
9350,3732,26
9351,3733,8
9352,3733,9
9353,3733,7
9354,3733,10
9355,3734,16
9356,3734,17
9357,3735,32
9358,3735,33
9359,3736,39
9360,3736,38
9361,3737,23
9362,3737,24
9363,3737,25
9364,3738,48
9365,3738,47
9366,3739,42
9367,3739,40
9368,3739,41
9369,3740,34
9370,3740,36
9371,3741,15
9372,3741,18
9373,3742,37
9374,3742,38
9375,3742,39
9376,3743,48
9377,3743,47
9378,3744,34
9379,3744,35
9380,3745,9
9381,3745,7
9382,3745,8
9383,3746,45
9384,3747,20
9385,3747,21
9386,3747,19
9387,3748,26
9388,3748,25
9389,3748,23
9390,3748,24
9391,3749,3
9392,3749,4
9393,3750,27
9394,3750,28
9395,3751,40
9396,3751,42
9397,3752,22
9398,3752,19
9399,3753,45
9400,3754,20
9401,3754,19
9402,3754,22
9403,3755,8
9404,3755,6
9405,3755,9
9406,3755,7
9407,3756,25
9408,3756,26
9409,3756,24
9410,3756,23
9411,3757,10
9412,3757,8
9413,3757,9
9414,3757,7
9415,3758,17
9416,3758,16
9417,3758,18
9418,3758,15
9419,3759,19
9420,3759,20
9421,3759,22
9422,3760,46
9423,3761,23
9424,3761,24
9425,3761,25
9426,3762,5
9427,3762,2
9428,3762,3
9429,3763,43
9430,3763,44
9431,3764,2
9432,3764,1
9433,3764,4
9434,3765,39
9435,3765,38
9436,3765,37
9437,3766,42
9438,3766,41
9439,3766,40
9440,3767,9
9441,3767,8
9442,3767,7
9443,3767,6
9444,3768,47
9445,3768,48
9446,3769,48
9447,3769,47
9448,3770,27
9449,3770,30
9450,3770,29
9451,3770,28
9452,3771,42
9453,3771,40
9454,3771,41
9455,3772,32
9456,3772,33
9457,3772,31
9458,3773,42
9459,3773,41
9460,3773,40
9461,3774,22
9462,3774,21
9463,3775,37
9464,3775,38
9465,3775,39
9466,3776,32
9467,3776,31
9468,3777,25
9469,3777,26
9470,3777,23
9471,3778,40
9472,3778,42
9473,3778,41
9474,3779,48
9475,3779,47
9476,3780,2
9477,3780,4
9478,3780,5
9479,3781,36
9480,3781,35
9481,3782,39
9482,3782,37
9483,3782,38
9484,3783,16
9485,3783,15
9486,3783,17
9487,3784,46
9488,3785,38
9489,3785,39
9490,3785,37
9491,3786,42
9492,3786,41
9493,3786,40
9494,3787,9
9495,3787,8
9496,3788,30
9497,3788,27
9498,3789,37
9499,3789,38
9500,3789,39
9501,3790,30
9502,3790,28
9503,3791,36
9504,3791,34
9505,3791,35
9506,3792,12
9507,3792,13
9508,3792,11
9509,3792,14
9510,3793,7
9511,3793,10
9512,3794,14
9513,3794,13
9514,3794,11
9515,3795,22
9516,3795,19
9517,3796,46
9518,3797,29
9519,3797,28
9520,3798,45
9521,3799,8
9522,3799,7
9523,3799,10
9524,3800,26
9525,3800,24
9526,3800,25
9527,3800,23
9528,3801,40
9529,3801,42
9530,3802,5
9531,3802,2
9532,3802,1
9533,3802,4
9534,3803,44
9535,3803,43
9536,3804,16
9537,3804,18
9538,3804,15
9539,3805,35
9540,3805,34
9541,3805,36
9542,3806,7
9543,3806,9
9544,3807,22
9545,3807,21
9546,3807,19
9547,3807,20
9548,3808,45
9549,3809,5
9550,3809,1
9551,3809,4
9552,3810,1
9553,3810,3
9554,3810,4
9555,3810,2
9556,3811,36
9557,3811,35
9558,3811,34
9559,3812,28
9560,3812,30
9561,3812,27
9562,3813,3
9563,3813,5
9564,3813,2
9565,3814,27
9566,3814,30
9567,3814,28
9568,3814,29
9569,3815,44
9570,3815,43
9571,3816,46
9572,3817,36
9573,3817,35
9574,3818,48
9575,3818,47
9576,3819,31
9577,3819,32
9578,3819,33
9579,3820,45
9580,3821,44
9581,3821,43
9582,3822,41
9583,3822,40
9584,3823,13
9585,3823,11
9586,3824,45
9587,3825,19
9588,3825,21
9589,3825,22
9590,3826,11
9591,3826,13
9592,3826,12
9593,3826,14
9594,3827,46
9595,3828,29
9596,3828,30
9597,3828,28
9598,3829,14
9599,3829,13
9600,3829,11
9601,3830,16
9602,3830,15
9603,3830,17
9604,3831,20
9605,3831,21
9606,3832,9
9607,3832,6
9608,3832,10
9609,3833,6
9610,3833,8
9611,3833,9
9612,3833,10
9613,3834,48
9614,3834,47
9615,3835,21
9616,3835,20
9617,3835,22
9618,3835,19
9619,3836,41
9620,3836,42
9621,3836,40
9622,3837,44
9623,3837,43
9624,3838,30
9625,3838,29
9626,3839,24
9627,3839,26
9628,3839,23
9629,3840,38
9630,3840,37
9631,3841,12
9632,3841,14
9633,3841,13
9634,3841,11
9635,3842,15
9636,3842,16
9637,3842,17
9638,3843,8
9639,3843,9
9640,3844,45
9641,3845,2
9642,3845,1
9643,3845,5
9644,3846,39
9645,3846,38
9646,3847,48
9647,3847,47
9648,3848,11
9649,3848,12
9650,3848,14
9651,3848,13
9652,3849,13
9653,3849,12
9654,3849,11
9655,3849,14
9656,3850,6
9657,3850,10
9658,3851,22
9659,3851,20
9660,3852,33
9661,3852,31
9662,3852,32
9663,3853,16
9664,3853,15
9665,3853,17
9666,3853,18
9667,3854,28
9668,3854,29
9669,3855,39
9670,3855,38
9671,3856,38
9672,3856,37
9673,3857,47
9674,3857,48
9675,3858,43
9676,3858,44
9677,3859,39
9678,3859,38
9679,3859,37
9680,3860,45
9681,3861,15
9682,3861,16
9683,3861,18
9684,3862,32
9685,3862,33
9686,3863,15
9687,3863,17
9688,3864,32
9689,3864,31
9690,3864,33
9691,3865,45
9692,3866,7
9693,3866,10
9694,3866,8
9695,3867,37
9696,3867,39
9697,3868,28
9698,3868,27
9699,3868,30
9700,3868,29
9701,3869,18
9702,3869,16
9703,3870,46
9704,3871,43
9705,3871,44
9706,3872,43
9707,3872,44
9708,3873,46
9709,3874,24
9710,3874,23
9711,3875,30
9712,3875,27
9713,3876,25
9714,3876,24
9715,3876,23
9716,3876,26
9717,3877,45
9718,3878,45
9719,3879,25
9720,3879,24
9721,3880,35
9722,3880,34
9723,3880,36
9724,3881,39
9725,3881,37
9726,3881,38
9727,3882,46
9728,3883,28
9729,3883,27
9730,3883,30
9731,3883,29
9732,3884,7
9733,3884,9
9734,3884,10
9735,3884,6
9736,3885,21
9737,3885,19
9738,3885,22
9739,3885,20
9740,3886,28
9741,3886,30
9742,3886,29
9743,3886,27
9744,3887,43
9745,3887,44
9746,3888,32
9747,3888,31
9748,3888,33
9749,3889,28
9750,3889,29
9751,3890,29
9752,3890,30
9753,3890,28
9754,3891,11
9755,3891,12
9756,3891,13
9757,3892,12
9758,3892,13
9759,3893,18
9760,3893,17
9761,3893,16
9762,3893,15
9763,3894,21
9764,3894,19
9765,3895,35
9766,3895,34
9767,3896,23
9768,3896,24
9769,3897,12
9770,3897,11
9771,3897,13
9772,3897,14
9773,3898,17
9774,3898,16
9775,3899,13
9776,3899,12
9777,3899,14
9778,3900,47
9779,3900,48
9780,3901,32
9781,3901,33
9782,3901,31
9783,3902,42
9784,3902,40
9785,3902,41
9786,3903,46
9787,3904,30
9788,3904,29
9789,3904,27
9790,3905,45
9791,3906,40
9792,3906,42
9793,3906,41
9794,3907,44
9795,3907,43
9796,3908,29
9797,3908,30
9798,3909,26
9799,3909,25
9800,3909,24
9801,3910,5
9802,3910,2
9803,3910,1
9804,3910,4
9805,3911,44
9806,3911,43
9807,3912,31
9808,3912,32
9809,3912,33
9810,3913,38
9811,3913,39
9812,3913,37
9813,3914,32
9814,3914,31
9815,3915,8
9816,3915,10
9817,3915,7
9818,3916,48
9819,3916,47
9820,3917,2
9821,3917,1
9822,3918,36
9823,3918,34
9824,3919,36
9825,3919,34
9826,3920,44
9827,3920,43
9828,3921,29
9829,3921,28
9830,3921,30
9831,3921,27
9832,3922,38
9833,3922,37
9834,3923,26
9835,3923,24
9836,3923,25
9837,3923,23
9838,3924,31
9839,3924,33
9840,3924,32
9841,3925,6
9842,3925,9
9843,3925,10
9844,3926,44
9845,3926,43
9846,3927,36
9847,3927,34
9848,3928,36
9849,3928,35
9850,3928,34
9851,3929,46
9852,3930,44
9853,3930,43
9854,3931,35
9855,3931,36
9856,3932,40
9857,3932,42
9858,3933,17
9859,3933,16
9860,3933,18
9861,3934,18
9862,3934,15
9863,3934,16
9864,3934,17
9865,3935,36
9866,3935,34
9867,3936,12
9868,3936,11
9869,3937,48
9870,3937,47
9871,3938,4
9872,3938,3
9873,3939,31
9874,3939,33
9875,3939,32
9876,3940,31
9877,3940,32
9878,3940,33
9879,3941,28
9880,3941,30
9881,3941,29
9882,3942,36
9883,3942,34
9884,3943,43
9885,3943,44
9886,3944,46
9887,3945,23
9888,3945,24
9889,3946,47
9890,3946,48
9891,3947,48
9892,3947,47
9893,3948,46
9894,3949,48
9895,3949,47
9896,3950,47
9897,3950,48
9898,3951,20
9899,3951,19
9900,3951,21
9901,3952,24
9902,3952,26
9903,3952,25
9904,3952,23
9905,3953,6
9906,3953,8
9907,3953,10
9908,3953,9
9909,3954,21
9910,3954,22
9911,3955,25
9912,3955,24
9913,3955,23
9914,3955,26
9915,3956,44
9916,3956,43
9917,3957,3
9918,3957,5
9919,3957,4
9920,3957,1
9921,3958,7
9922,3958,9
9923,3959,27
9924,3959,29
9925,3959,30
9926,3960,43
9927,3960,44
9928,3961,43
9929,3961,44
9930,3962,2
9931,3962,5
9932,3963,14
9933,3963,11
9934,3964,29
9935,3964,27
9936,3964,30
9937,3964,28
9938,3965,26
9939,3965,25
9940,3966,37
9941,3966,39
9942,3966,38
9943,3967,44
9944,3967,43
9945,3968,43
9946,3968,44
9947,3969,48
9948,3969,47
9949,3970,46
9950,3971,46
9951,3972,43
9952,3972,44
9953,3973,47
9954,3973,48
9955,3974,42
9956,3974,41
9957,3974,40
9958,3975,45
9959,3976,46
9960,3977,44
9961,3977,43
9962,3978,23
9963,3978,25
9964,3978,26
9965,3978,24
9966,3979,10
9967,3979,8
9968,3980,33
9969,3980,31
9970,3980,32
9971,3981,13
9972,3981,14
9973,3981,11
9974,3981,12
9975,3982,29
9976,3982,28
9977,3982,27
9978,3982,30
9979,3983,4
9980,3983,1
9981,3983,2
9982,3983,5
9983,3984,27
9984,3984,29
9985,3984,30
9986,3985,18
9987,3985,16
9988,3986,46
9989,3987,41
9990,3987,40
9991,3987,42
9992,3988,45
9993,3989,3
9994,3989,1
9995,3990,42
9996,3990,40
9997,3991,5
9998,3991,3
9999,3992,47
10000,3992,48
10001,3993,39
10002,3993,38
10003,3993,37
10004,3994,20
10005,3994,22
10006,3994,21
10007,3995,39
10008,3995,37
10009,3995,38
10010,3996,9
10011,3996,8
10012,3996,6
10013,3996,7
10014,3997,33
10015,3997,31
10016,3997,32
10017,3998,17
10018,3998,18
10019,3998,16
10020,3999,43
10021,3999,44
10022,4000,37
10023,4000,39
10024,4000,38
10025,4001,23
10026,4001,25
10027,4002,42
10028,4002,41
10029,4002,40
10030,4003,28
10031,4003,30
10032,4004,44
10033,4004,43
10034,4005,30
10035,4005,28
10036,4005,29
10037,4006,45
10038,4007,28
10039,4007,29
10040,4008,13
10041,4008,14
10042,4008,12
10043,4009,46
10044,4010,46
10045,4011,27
10046,4011,29
10047,4011,28
10048,4012,36
10049,4012,34
10050,4013,12
10051,4013,14
10052,4013,11
10053,4014,38
10054,4014,37
10055,4014,39
10056,4015,10
10057,4015,7
10058,4015,8
10059,4015,6
10060,4016,43
10061,4016,44
10062,4017,38
10063,4017,37
10064,4017,39
10065,4018,2
10066,4018,4
10067,4019,24
10068,4019,25
10069,4019,23
10070,4020,27
10071,4020,29
10072,4020,30
10073,4020,28
10074,4021,47
10075,4021,48
10076,4022,36
10077,4022,35
10078,4023,46
10079,4024,30
10080,4024,29
10081,4024,28
10082,4024,27
10083,4025,6
10084,4025,9
10085,4026,31
10086,4026,32
10087,4026,33
10088,4027,45
10089,4028,44
10090,4028,43
10091,4029,36
10092,4029,35
10093,4029,34
10094,4030,32
10095,4030,33
10096,4030,31
10097,4031,11
10098,4031,13
10099,4032,13
10100,4032,12
10101,4032,14
10102,4032,11
10103,4033,46
10104,4034,18
10105,4034,15
10106,4034,17
10107,4034,16
10108,4035,35
10109,4035,36
10110,4035,34
10111,4036,48
10112,4036,47
10113,4037,6
10114,4037,8
10115,4037,7
10116,4038,43
10117,4038,44
10118,4039,33
10119,4039,31
10120,4039,32
10121,4040,46
10122,4041,40
10123,4041,42
10124,4041,41
10125,4042,43
10126,4042,44
10127,4043,42
10128,4043,41
10129,4043,40
10130,4044,20
10131,4044,19
10132,4044,21
10133,4044,22
10134,4045,36
10135,4045,35
10136,4046,8
10137,4046,6
10138,4047,13
10139,4047,11
10140,4047,12
10141,4047,14
10142,4048,48
10143,4048,47
10144,4049,6
10145,4049,10
10146,4049,8
10147,4050,14
10148,4050,11
10149,4051,41
10150,4051,42
10151,4051,40
10152,4052,10
10153,4052,9
10154,4052,6
10155,4052,8
10156,4053,24
10157,4053,25
10158,4053,26
10159,4053,23
10160,4054,32
10161,4054,31
10162,4054,33
10163,4055,43
10164,4055,44
10165,4056,9
10166,4056,7
10167,4057,1
10168,4057,4
10169,4057,3
10170,4058,46
10171,4059,43
10172,4059,44
10173,4060,20
10174,4060,21
10175,4061,5
10176,4061,4
10177,4061,3
10178,4062,44
10179,4062,43
10180,4063,18
10181,4063,17
10182,4063,16
10183,4063,15
10184,4064,19
10185,4064,21
10186,4064,20
10187,4064,22
10188,4065,31
10189,4065,32
10190,4065,33
10191,4066,32
10192,4066,33
10193,4067,45
10194,4068,27
10195,4068,28
10196,4068,29
10197,4069,24
10198,4069,23
10199,4070,13
10200,4070,14
10201,4070,12
10202,4070,11
10203,4071,10
10204,4071,7
10205,4071,9
10206,4071,6
10207,4072,30
10208,4072,28
10209,4072,27
10210,4072,29
10211,4073,17
10212,4073,18
10213,4073,15
10214,4073,16
10215,4074,34
10216,4074,35
10217,4074,36
10218,4075,48
10219,4075,47
10220,4076,46
10221,4077,34
10222,4077,35
10223,4078,48
10224,4078,47
10225,4079,13
10226,4079,11
10227,4080,36
10228,4080,35
10229,4080,34
10230,4081,10
10231,4081,9
10232,4082,15
10233,4082,18
10234,4082,16
10235,4082,17
10236,4083,39
10237,4083,38
10238,4083,37
10239,4084,41
10240,4084,40
10241,4084,42
10242,4085,6
10243,4085,10
10244,4085,7
10245,4086,10
10246,4086,7
10247,4086,6
10248,4087,39
10249,4087,37
10250,4087,38
10251,4088,48
10252,4088,47
10253,4089,19
10254,4089,20
10255,4090,37
10256,4090,39
10257,4090,38
10258,4091,28
10259,4091,30
10260,4091,29
10261,4092,33
10262,4092,31
10263,4093,19
10264,4093,20
10265,4094,37
10266,4094,39
10267,4095,46
10268,4096,47
10269,4096,48
10270,4097,37
10271,4097,38
10272,4097,39
10273,4098,44
10274,4098,43
10275,4099,14
10276,4099,12
10277,4099,13
10278,4100,43
10279,4100,44
10280,4101,38
10281,4101,37
10282,4102,7
10283,4102,8
10284,4103,13
10285,4103,14
10286,4103,11
10287,4103,12
10288,4104,7
10289,4104,9
10290,4104,8
10291,4104,10
10292,4105,45
10293,4106,1
10294,4106,3
10295,4107,20
10296,4107,21
10297,4107,22
10298,4107,19
10299,4108,12
10300,4108,13
10301,4109,43
10302,4109,44
10303,4110,43
10304,4110,44
10305,4111,37
10306,4111,38
10307,4112,44
10308,4112,43
10309,4113,35
10310,4113,36
10311,4114,28
10312,4114,29
10313,4115,39
10314,4115,37
10315,4115,38
10316,4116,47
10317,4116,48
10318,4117,10
10319,4117,7
10320,4117,9
10321,4117,6
10322,4118,2
10323,4118,1
10324,4119,12
10325,4119,13
10326,4119,14
10327,4119,11
10328,4120,33
10329,4120,31
10330,4120,32
10331,4121,40
10332,4121,41
10333,4121,42
10334,4122,16
10335,4122,18
10336,4122,17
10337,4123,34
10338,4123,36
10339,4123,35
10340,4124,32
10341,4124,33
10342,4124,31
10343,4125,34
10344,4125,35
10345,4125,36
10346,4126,26
10347,4126,23
10348,4126,25
10349,4127,45
10350,4128,16
10351,4128,15
10352,4129,46
10353,4130,17
10354,4130,16
10355,4131,40
10356,4131,41
10357,4131,42
10358,4132,27
10359,4132,30
10360,4132,29
10361,4132,28
10362,4133,6
10363,4133,7
10364,4134,44
10365,4134,43
10366,4135,12
10367,4135,11
10368,4135,13
10369,4136,15
10370,4136,17
10371,4136,16
10372,4137,45
10373,4138,39
10374,4138,37
10375,4138,38
10376,4139,46
10377,4140,45
10378,4141,3
10379,4141,2
10380,4141,1
10381,4141,4
10382,4142,14
10383,4142,11
10384,4142,12
10385,4143,43
10386,4143,44
10387,4144,8
10388,4144,10
10389,4144,9
10390,4145,47
10391,4145,48
10392,4146,42
10393,4146,41
10394,4147,44
10395,4147,43
10396,4148,2
10397,4148,5
10398,4149,44
10399,4149,43
10400,4150,29
10401,4150,28
10402,4150,30
10403,4150,27
10404,4151,7
10405,4151,9
10406,4151,8
10407,4152,46
10408,4153,29
10409,4153,28
10410,4153,30
10411,4153,27
10412,4154,34
10413,4154,35
10414,4154,36
10415,4155,16
10416,4155,15
10417,4156,44
10418,4156,43
10419,4157,43
10420,4157,44
10421,4158,6
10422,4158,9
10423,4159,18
10424,4159,15
10425,4159,17
10426,4160,37
10427,4160,39
10428,4160,38
10429,4161,48
10430,4161,47
10431,4162,7
10432,4162,8
10433,4163,38
10434,4163,39
10435,4163,37
10436,4164,30
10437,4164,29
10438,4165,3
10439,4165,2
10440,4165,1
10441,4166,34
10442,4166,36
10443,4166,35
10444,4167,45
10445,4168,48
10446,4168,47
10447,4169,33
10448,4169,32
10449,4170,11
10450,4170,12
10451,4170,14
10452,4171,10
10453,4171,7
10454,4172,21
10455,4172,19
10456,4173,26
10457,4173,23
10458,4174,46
10459,4175,47
10460,4175,48
10461,4176,2
10462,4176,5
10463,4176,1
10464,4177,16
10465,4177,15
10466,4177,18
10467,4178,14
10468,4178,11
10469,4178,12
10470,4178,13
10471,4179,42
10472,4179,40
10473,4180,22
10474,4180,21
10475,4181,15
10476,4181,16
10477,4181,18
10478,4182,29
10479,4182,28
10480,4182,30
10481,4182,27
10482,4183,31
10483,4183,33
10484,4183,32
10485,4184,45
10486,4185,21
10487,4185,22
10488,4185,20
10489,4186,46
10490,4187,42
10491,4187,41
10492,4188,9
10493,4188,8
10494,4189,1
10495,4189,5
10496,4189,3
10497,4190,31
10498,4190,33
10499,4190,32
10500,4191,13
10501,4191,11
10502,4191,14
10503,4191,12
10504,4192,32
10505,4192,33
10506,4192,31
10507,4193,1
10508,4193,2
10509,4193,3
10510,4194,40
10511,4194,42
10512,4195,46
10513,4196,31
10514,4196,33
10515,4196,32
10516,4197,5
10517,4197,2
10518,4197,1
10519,4198,7
10520,4198,6
10521,4199,45
10522,4200,40
10523,4200,42
10524,4200,41
10525,4201,6
10526,4201,8
10527,4201,10
10528,4202,18
10529,4202,16
10530,4203,34
10531,4203,36
10532,4203,35
10533,4204,13
10534,4204,14
10535,4204,11
10536,4204,12
10537,4205,31
10538,4205,33
10539,4206,45
10540,4207,12
10541,4207,13
10542,4207,11
10543,4208,32
10544,4208,33
10545,4208,31
10546,4209,19
10547,4209,22
10548,4210,45
10549,4211,44
10550,4211,43
10551,4212,46
10552,4213,46
10553,4214,39
10554,4214,38
10555,4215,46
10556,4216,44
10557,4216,43
10558,4217,28
10559,4217,30
10560,4218,17
10561,4218,15
10562,4219,21
10563,4219,20
10564,4219,22
10565,4220,38
10566,4220,39
10567,4220,37
10568,4221,45
10569,4222,3
10570,4222,1
10571,4222,5
10572,4222,4
10573,4223,34
10574,4223,36
10575,4223,35
10576,4224,46
10577,4225,35
10578,4225,34
10579,4226,46
10580,4227,48
10581,4227,47
10582,4228,3
10583,4228,5
10584,4228,2
10585,4228,1
10586,4229,9
10587,4229,6
10588,4229,8
10589,4229,10
10590,4230,45
10591,4231,44
10592,4231,43
10593,4232,33
10594,4232,32
10595,4232,31
10596,4233,33
10597,4233,31
10598,4234,22
10599,4234,19
10600,4234,20
10601,4234,21
10602,4235,45
10603,4236,31
10604,4236,33
10605,4236,32
10606,4237,22
10607,4237,19
10608,4238,40
10609,4238,41
10610,4238,42
10611,4239,46
10612,4240,17
10613,4240,16
10614,4240,18
10615,4240,15
10616,4241,46
10617,4242,45
10618,4243,47
10619,4243,48
10620,4244,1
10621,4244,5
10622,4245,19
10623,4245,22
10624,4246,46
10625,4247,4
10626,4247,2
10627,4247,3
10628,4247,1
10629,4248,29
10630,4248,28
10631,4248,30
10632,4249,38
10633,4249,37
10634,4249,39
10635,4250,5
10636,4250,2
10637,4251,43
10638,4251,44
10639,4252,44
10640,4252,43
10641,4253,33
10642,4253,31
10643,4254,41
10644,4254,42
10645,4255,10
10646,4255,9
10647,4255,7
10648,4256,46
10649,4257,43
10650,4257,44
10651,4258,22
10652,4258,19
10653,4259,43
10654,4259,44
10655,4260,45
10656,4261,45
10657,4262,20
10658,4262,22
10659,4262,19
10660,4263,44
10661,4263,43
10662,4264,28
10663,4264,27
10664,4264,29
10665,4264,30
10666,4265,46
10667,4266,45
10668,4267,46
10669,4268,1
10670,4268,3
10671,4268,2
10672,4269,47
10673,4269,48
10674,4270,12
10675,4270,13
10676,4270,11
10677,4271,31
10678,4271,32
10679,4272,48
10680,4272,47
10681,4273,45
10682,4274,42
10683,4274,40
10684,4275,46
10685,4276,43
10686,4276,44
10687,4277,45
10688,4278,11
10689,4278,14
10690,4278,13
10691,4279,24
10692,4279,26
10693,4280,25
10694,4280,23
10695,4281,19
10696,4281,21
10697,4281,22
10698,4281,20
10699,4282,20
10700,4282,22
10701,4282,21
10702,4283,25
10703,4283,24
10704,4283,26
10705,4284,46
10706,4285,47
10707,4285,48
10708,4286,9
10709,4286,10
10710,4287,13
10711,4287,11
10712,4287,14
10713,4288,2
10714,4288,5
10715,4288,1
10716,4289,36
10717,4289,34
10718,4289,35
10719,4290,22
10720,4290,19
10721,4290,21
10722,4291,17
10723,4291,15
10724,4291,18
10725,4291,16
10726,4292,16
10727,4292,18
10728,4293,46
10729,4294,45
10730,4295,31
10731,4295,33
10732,4295,32
10733,4296,31
10734,4296,33
10735,4296,32
10736,4297,45
10737,4298,21
10738,4298,22
10739,4298,20
10740,4298,19
10741,4299,31
10742,4299,32
10743,4299,33
10744,4300,43
10745,4300,44
10746,4301,37
10747,4301,39
10748,4302,45
10749,4303,45
10750,4304,46
10751,4305,5
10752,4305,4
10753,4305,1
10754,4305,3
10755,4306,37
10756,4306,38
10757,4306,39
10758,4307,20
10759,4307,22
10760,4307,21
10761,4308,31
10762,4308,32
10763,4309,10
10764,4309,9
10765,4309,8
10766,4310,37
10767,4310,39
10768,4310,38
10769,4311,39
10770,4311,37
10771,4312,47
10772,4312,48
10773,4313,43
10774,4313,44
10775,4314,38
10776,4314,37
10777,4314,39
10778,4315,2
10779,4315,4
10780,4316,23
10781,4316,26
10782,4317,27
10783,4317,29
10784,4317,30
10785,4318,29
10786,4318,28
10787,4318,30
10788,4319,48
10789,4319,47
10790,4320,29
10791,4320,27
10792,4321,46
10793,4322,41
10794,4322,40
10795,4322,42
10796,4323,41
10797,4323,40
10798,4323,42
10799,4324,25
10800,4324,23
10801,4325,30
10802,4325,27
10803,4325,28
10804,4325,29
10805,4326,1
10806,4326,5
10807,4327,25
10808,4327,24
10809,4328,11
10810,4328,13
10811,4328,14
10812,4329,47
10813,4329,48
10814,4330,19
10815,4330,22
10816,4330,21
10817,4331,34
10818,4331,35
10819,4331,36
10820,4332,28
10821,4332,27
10822,4332,30
10823,4333,35
10824,4333,36
10825,4333,34
10826,4334,47
10827,4334,48
10828,4335,19
10829,4335,22
10830,4335,21
10831,4336,34
10832,4336,35
10833,4336,36
10834,4337,45
10835,4338,36
10836,4338,35
10837,4338,34
10838,4339,46
10839,4340,36
10840,4340,34
10841,4340,35
10842,4341,38
10843,4341,39
10844,4342,48
10845,4342,47
10846,4343,19
10847,4343,22
10848,4344,33
10849,4344,32
10850,4345,2
10851,4345,1
10852,4346,39
10853,4346,38
10854,4347,5
10855,4347,4
10856,4347,3
10857,4347,1
10858,4348,26
10859,4348,23
10860,4348,25
10861,4348,24
10862,4349,23
10863,4349,24
10864,4350,33
10865,4350,32
10866,4351,16
10867,4351,18
10868,4351,17
10869,4351,15
10870,4352,33
10871,4352,32
10872,4353,32
10873,4353,31
10874,4354,42
10875,4354,40
10876,4354,41
10877,4355,34
10878,4355,35
10879,4355,36
10880,4356,20
10881,4356,21
10882,4356,22
10883,4357,46
10884,4358,16
10885,4358,17
10886,4358,18
10887,4359,32
10888,4359,33
10889,4359,31
10890,4360,44
10891,4360,43
10892,4361,40
10893,4361,42
10894,4362,46
10895,4363,17
10896,4363,15
10897,4363,18
10898,4364,24
10899,4364,26
10900,4365,48
10901,4365,47
10902,4366,1
10903,4366,4
10904,4366,2
10905,4367,10
10906,4367,8
10907,4368,35
10908,4368,34
10909,4369,35
10910,4369,34
10911,4370,5
10912,4370,2
10913,4370,4
10914,4371,23
10915,4371,26
10916,4372,36
10917,4372,35
10918,4373,28
10919,4373,27
10920,4373,30
10921,4373,29
10922,4374,19
10923,4374,21
10924,4375,36
10925,4375,35
10926,4375,34
10927,4376,22
10928,4376,20
10929,4377,38
10930,4377,37
10931,4377,39
10932,4378,43
10933,4378,44
10934,4379,5
10935,4379,1
10936,4379,3
10937,4379,2
10938,4380,24
10939,4380,23
10940,4380,25
10941,4380,26
10942,4381,33
10943,4381,31
10944,4382,14
10945,4382,12
10946,4382,13
10947,4383,18
10948,4383,15
10949,4383,17
10950,4384,15
10951,4384,17
10952,4384,18
10953,4384,16
10954,4385,27
10955,4385,28
10956,4386,17
10957,4386,16
10958,4387,34
10959,4387,36
10960,4388,26
10961,4388,23
10962,4388,25
10963,4388,24
10964,4389,46
10965,4390,45
10966,4391,13
10967,4391,11
10968,4392,16
10969,4392,18
10970,4393,11
10971,4393,12
10972,4394,34
10973,4394,35
10974,4395,37
10975,4395,38
10976,4395,39
10977,4396,33
10978,4396,31
10979,4397,21
10980,4397,19
10981,4397,22
10982,4398,13
10983,4398,11
10984,4398,12
10985,4399,15
10986,4399,18
10987,4399,17
10988,4400,43
10989,4400,44
10990,4401,15
10991,4401,16
10992,4401,17
10993,4401,18
10994,4402,46
10995,4403,22
10996,4403,21
10997,4403,20
10998,4403,19
10999,4404,43
11000,4404,44
11001,4405,20
11002,4405,19
11003,4405,22
11004,4405,21
11005,4406,30
11006,4406,28
11007,4406,27
11008,4406,29
11009,4407,7
11010,4407,8
11011,4407,10
11012,4408,46
11013,4409,6
11014,4409,10
11015,4409,8
11016,4409,7
11017,4410,6
11018,4410,9
11019,4410,10
11020,4410,8
11021,4411,6
11022,4411,8
11023,4411,9
11024,4412,33
11025,4412,32
11026,4412,31
11027,4413,20
11028,4413,19
11029,4413,21
11030,4413,22
11031,4414,32
11032,4414,33
11033,4414,31
11034,4415,36
11035,4415,35
11036,4416,45
11037,4417,44
11038,4417,43
11039,4418,3
11040,4418,5
11041,4418,4
11042,4418,2
11043,4419,29
11044,4419,30
11045,4419,28
11046,4420,33
11047,4420,32
11048,4420,31
11049,4421,15
11050,4421,16
11051,4421,18
11052,4422,15
11053,4422,18
11054,4422,17
11055,4423,36
11056,4423,35
11057,4423,34
11058,4424,36
11059,4424,34
11060,4425,4
11061,4425,5
11062,4426,10
11063,4426,7
11064,4426,8
11065,4426,6
11066,4427,45
11067,4428,16
11068,4428,17
11069,4428,18
11070,4428,15
11071,4429,18
11072,4429,15
11073,4429,16
11074,4429,17
11075,4430,22
11076,4430,20
11077,4430,21
11078,4431,15
11079,4431,17
11080,4432,13
11081,4432,14
11082,4433,46
11083,4434,47
11084,4434,48
11085,4435,41
11086,4435,40
11087,4435,42
11088,4436,46
11089,4437,9
11090,4437,6
11091,4438,18
11092,4438,15
11093,4439,12
11094,4439,13
11095,4439,11
11096,4439,14
11097,4440,43
11098,4440,44
11099,4441,40
11100,4441,42
11101,4441,41
11102,4442,14
11103,4442,12
11104,4442,11
11105,4442,13
11106,4443,19
11107,4443,20
11108,4443,21
11109,4443,22
11110,4444,46
11111,4445,38
11112,4445,37
11113,4445,39
11114,4446,4
11115,4446,2
11116,4446,1
11117,4446,5
11118,4447,45
11119,4448,6
11120,4448,9
11121,4448,8
11122,4449,44
11123,4449,43
11124,4450,19
11125,4450,22
11126,4450,20
11127,4450,21
11128,4451,3
11129,4451,5
11130,4451,1
11131,4451,4
11132,4452,2
11133,4452,4
11134,4452,3
11135,4452,5
11136,4453,25
11137,4453,24
11138,4454,46
11139,4455,47
11140,4455,48
11141,4456,35
11142,4456,34
11143,4456,36
11144,4457,48
11145,4457,47
11146,4458,44
11147,4458,43
11148,4459,6
11149,4459,8
11150,4459,7
11151,4459,9
11152,4460,21
11153,4460,20
11154,4460,19
11155,4460,22
11156,4461,41
11157,4461,40
11158,4462,14
11159,4462,12
11160,4462,13
11161,4463,45
11162,4464,15
11163,4464,16
11164,4464,17
11165,4465,8
11166,4465,7
11167,4465,6
11168,4466,34
11169,4466,35
11170,4467,48
11171,4467,47
11172,4468,48
11173,4468,47
11174,4469,34
11175,4469,36
11176,4470,44
11177,4470,43
11178,4471,38
11179,4471,37
11180,4471,39
11181,4472,48
11182,4472,47
11183,4473,17
11184,4473,15
11185,4474,14
11186,4474,11
11187,4474,13
11188,4474,12
11189,4475,34
11190,4475,36
11191,4475,35
11192,4476,44
11193,4476,43
11194,4477,10
11195,4477,7
11196,4478,48
11197,4478,47
11198,4479,33
11199,4479,32
11200,4479,31
11201,4480,32
11202,4480,31
11203,4480,33
11204,4481,23
11205,4481,24
11206,4481,25
11207,4482,38
11208,4482,39
11209,4482,37
11210,4483,20
11211,4483,21
11212,4483,22
11213,4484,41
11214,4484,42
11215,4485,46
11216,4486,41
11217,4486,40
11218,4486,42
11219,4487,48
11220,4487,47
11221,4488,46
11222,4489,34
11223,4489,35
11224,4489,36
11225,4490,23
11226,4490,25
11227,4490,24
11228,4490,26
11229,4491,24
11230,4491,26
11231,4492,34
11232,4492,35
11233,4492,36
11234,4493,32
11235,4493,33
11236,4493,31
11237,4494,28
11238,4494,27
11239,4495,23
11240,4495,25
11241,4496,19
11242,4496,21
11243,4497,40
11244,4497,42
11245,4497,41
11246,4498,23
11247,4498,26
11248,4498,25
11249,4499,36
11250,4499,34
11251,4499,35
11252,4500,34
11253,4500,35
11254,4501,10
11255,4501,9
11256,4501,8
11257,4501,6
11258,4502,43
11259,4502,44
11260,4503,6
11261,4503,9
11262,4503,7
11263,4504,34
11264,4504,36
11265,4505,46
11266,4506,41
11267,4506,42
11268,4507,39
11269,4507,38
11270,4507,37
11271,4508,6
11272,4508,9
11273,4509,42
11274,4509,41
11275,4509,40
11276,4510,46
11277,4511,45
11278,4512,6
11279,4512,8
11280,4512,7
11281,4512,10
11282,4513,45
11283,4514,46
11284,4515,11
11285,4515,14
11286,4515,12
11287,4515,13
11288,4516,22
11289,4516,21
11290,4517,46
11291,4518,13
11292,4518,11
11293,4518,12
11294,4518,14
11295,4519,39
11296,4519,38
11297,4519,37
11298,4520,9
11299,4520,7
11300,4520,10
11301,4521,34
11302,4521,35
11303,4521,36
11304,4522,18
11305,4522,17
11306,4523,23
11307,4523,24
11308,4523,26
11309,4524,8
11310,4524,9
11311,4524,7
11312,4524,6
11313,4525,29
11314,4525,30
11315,4525,28
11316,4525,27
11317,4526,19
11318,4526,21
11319,4527,23
11320,4527,26
11321,4527,25
11322,4527,24
11323,4528,11
11324,4528,13
11325,4529,46
11326,4530,6
11327,4530,9
11328,4530,8
11329,4530,10
11330,4531,5
11331,4531,2
11332,4531,1
11333,4531,3
11334,4532,28
11335,4532,27
11336,4533,10
11337,4533,8
11338,4534,46
11339,4535,21
11340,4535,22
11341,4535,19
11342,4536,34
11343,4536,35
11344,4536,36
11345,4537,31
11346,4537,32
11347,4538,37
11348,4538,38
11349,4538,39
11350,4539,46
11351,4540,46
11352,4541,47
11353,4541,48
11354,4542,15
11355,4542,18
11356,4543,43
11357,4543,44
11358,4544,31
11359,4544,32
11360,4544,33
11361,4545,45
11362,4546,27
11363,4546,30
11364,4547,45
11365,4548,33
11366,4548,31
11367,4548,32
11368,4549,36
11369,4549,35
11370,4549,34
11371,4550,45
11372,4551,36
11373,4551,35
11374,4552,33
11375,4552,31
11376,4552,32
11377,4553,34
11378,4553,36
11379,4554,40
11380,4554,42
11381,4554,41
11382,4555,45
11383,4556,11
11384,4556,13
11385,4556,14
11386,4557,8
11387,4557,9
11388,4558,5
11389,4558,3
11390,4559,27
11391,4559,29
11392,4559,28
11393,4560,46
11394,4561,34
11395,4561,35
11396,4561,36
11397,4562,47
11398,4562,48
11399,4563,32
11400,4563,33
11401,4564,29
11402,4564,28
11403,4565,12
11404,4565,14
11405,4565,11
11406,4566,26
11407,4566,23
11408,4566,24
11409,4566,25
11410,4567,16
11411,4567,18
11412,4567,15
11413,4568,16
11414,4568,15
11415,4568,18
11416,4569,43
11417,4569,44
11418,4570,10
11419,4570,8
11420,4570,9
11421,4570,7
11422,4571,7
11423,4571,10
11424,4572,38
11425,4572,37
11426,4572,39
11427,4573,12
11428,4573,14
11429,4574,41
11430,4574,42
11431,4575,16
11432,4575,17
11433,4575,15
11434,4575,18
11435,4576,31
11436,4576,33
11437,4577,24
11438,4577,25
11439,4577,26
11440,4577,23
11441,4578,27
11442,4578,30
11443,4578,29
11444,4579,17
11445,4579,16
11446,4579,15
11447,4579,18
11448,4580,33
11449,4580,31
11450,4580,32
11451,4581,18
11452,4581,17
11453,4581,16
11454,4581,15
11455,4582,37
11456,4582,39
11457,4583,44
11458,4583,43
11459,4584,19
11460,4584,22
11461,4585,37
11462,4585,39
11463,4585,38
11464,4586,10
11465,4586,6
11466,4587,6
11467,4587,9
11468,4587,7
11469,4588,45
11470,4589,21
11471,4589,19
11472,4589,22
11473,4589,20
11474,4590,11
11475,4590,14
11476,4590,12
11477,4591,38
11478,4591,39
11479,4591,37
11480,4592,34
11481,4592,35
11482,4592,36
11483,4593,41
11484,4593,42
11485,4594,14
11486,4594,11
11487,4594,13
11488,4595,41
11489,4595,40
11490,4595,42
11491,4596,12
11492,4596,14
11493,4596,11
11494,4597,36
11495,4597,34
11496,4598,13
11497,4598,11
11498,4599,35
11499,4599,34
11500,4599,36
11501,4600,24
11502,4600,26
11503,4601,24
11504,4601,25
11505,4601,23
11506,4602,46
11507,4603,44
11508,4603,43
11509,4604,39
11510,4604,38
11511,4605,39
11512,4605,37
11513,4605,38
11514,4606,22
11515,4606,20
11516,4606,19
11517,4607,45
11518,4608,18
11519,4608,16
11520,4608,17
11521,4609,43
11522,4609,44
11523,4610,22
11524,4610,21
11525,4610,19
11526,4610,20
11527,4611,24
11528,4611,23
11529,4612,43
11530,4612,44
11531,4613,1
11532,4613,4
11533,4613,3
11534,4613,2
11535,4614,45
11536,4615,46
11537,4616,45
11538,4617,34
11539,4617,36
11540,4617,35
11541,4618,30
11542,4618,29
11543,4618,27
11544,4618,28
11545,4619,15
11546,4619,18
11547,4619,16
11548,4620,45
11549,4621,17
11550,4621,15
11551,4621,16
11552,4622,12
11553,4622,13
11554,4623,8
11555,4623,6
11556,4623,10
11557,4624,30
11558,4624,29
11559,4625,23
11560,4625,26
11561,4626,41
11562,4626,40
11563,4626,42
11564,4627,31
11565,4627,33
11566,4627,32
11567,4628,2
11568,4628,5
11569,4629,43
11570,4629,44
11571,4630,13
11572,4630,14
11573,4630,12
11574,4631,45
11575,4632,46
11576,4633,18
11577,4633,16
11578,4634,46
11579,4635,31
11580,4635,32
11581,4635,33
11582,4636,40
11583,4636,41
11584,4636,42
11585,4637,42
11586,4637,40
11587,4637,41
11588,4638,45
11589,4639,45
11590,4640,34
11591,4640,36
11592,4640,35
11593,4641,20
11594,4641,22
11595,4641,21
11596,4642,46
11597,4643,40
11598,4643,42
11599,4643,41
11600,4644,30
11601,4644,27
11602,4644,29
11603,4645,22
11604,4645,19
11605,4646,17
11606,4646,16
11607,4646,15
11608,4647,35
11609,4647,36
11610,4648,32
11611,4648,31
11612,4648,33
11613,4649,34
11614,4649,36
11615,4650,35
11616,4650,36
11617,4651,19
11618,4651,22
11619,4651,21
11620,4651,20
11621,4652,17
11622,4652,15
11623,4652,16
11624,4653,48
11625,4653,47
11626,4654,29
11627,4654,28
11628,4654,27
11629,4654,30
11630,4655,48
11631,4655,47
11632,4656,21
11633,4656,20
11634,4656,19
11635,4657,33
11636,4657,31
11637,4657,32
11638,4658,17
11639,4658,18
11640,4658,15
11641,4659,44
11642,4659,43
11643,4660,23
11644,4660,24
11645,4661,11
11646,4661,12
11647,4661,14
11648,4661,13
11649,4662,9
11650,4662,10
11651,4662,7
11652,4662,8
11653,4663,37
11654,4663,39
11655,4663,38
11656,4664,19
11657,4664,22
11658,4664,21
11659,4665,3
11660,4665,1
11661,4666,16
11662,4666,17
11663,4666,15
11664,4667,24
11665,4667,25
11666,4667,26
11667,4667,23
11668,4668,45
11669,4669,35
11670,4669,34
11671,4669,36
11672,4670,15
11673,4670,16
11674,4670,18
11675,4670,17
11676,4671,4
11677,4671,3
11678,4671,1
11679,4671,2
11680,4672,13
11681,4672,14
11682,4673,36
11683,4673,34
11684,4673,35
11685,4674,43
11686,4674,44
11687,4675,16
11688,4675,17
11689,4676,46
11690,4677,1
11691,4677,5
11692,4678,19
11693,4678,22
11694,4679,33
11695,4679,32
11696,4680,36
11697,4680,35
11698,4681,35
11699,4681,36
11700,4682,44
11701,4682,43
11702,4683,34
11703,4683,36
11704,4683,35
11705,4684,45
11706,4685,7
11707,4685,8
11708,4686,34
11709,4686,35
11710,4686,36
11711,4687,1
11712,4687,4
11713,4687,5
11714,4688,45
11715,4689,46
11716,4690,45
11717,4691,17
11718,4691,15
11719,4691,16
11720,4691,18
11721,4692,35
11722,4692,34
11723,4692,36
11724,4693,46
11725,4694,18
11726,4694,15
11727,4694,17
11728,4694,16
11729,4695,22
11730,4695,21
11731,4695,19
11732,4696,48
11733,4696,47
11734,4697,17
11735,4697,15
11736,4697,18
11737,4697,16
11738,4698,32
11739,4698,31
11740,4698,33
11741,4699,23
11742,4699,25
11743,4699,26
11744,4699,24
11745,4700,28
11746,4700,29
11747,4701,46
11748,4702,44
11749,4702,43
11750,4703,46
11751,4704,45
11752,4705,44
11753,4705,43
11754,4706,31
11755,4706,32
11756,4706,33
11757,4707,32
11758,4707,33
11759,4707,31
11760,4708,25
11761,4708,26
11762,4708,24
11763,4708,23
11764,4709,30
11765,4709,29
11766,4709,27
11767,4710,46
11768,4711,46
11769,4712,41
11770,4712,40
11771,4713,39
11772,4713,38
11773,4713,37
11774,4714,32
11775,4714,33
11776,4714,31
11777,4715,45
11778,4716,41
11779,4716,40
11780,4716,42
11781,4717,31
11782,4717,32
11783,4717,33
11784,4718,45
11785,4719,9
11786,4719,7
11787,4719,6
11788,4720,43
11789,4720,44
11790,4721,16
11791,4721,18
11792,4721,17
11793,4722,17
11794,4722,18
11795,4723,45
11796,4724,40
11797,4724,41
11798,4724,42
11799,4725,46
11800,4726,22
11801,4726,21
11802,4726,20
11803,4727,27
11804,4727,28
11805,4727,29
11806,4727,30
11807,4728,38
11808,4728,39
11809,4729,4
11810,4729,5
11811,4729,2
11812,4730,5
11813,4730,2
11814,4731,23
11815,4731,26
11816,4731,25
11817,4732,36
11818,4732,35
11819,4732,34
11820,4733,45
11821,4734,39
11822,4734,37
11823,4734,38
11824,4735,31
11825,4735,32
11826,4735,33
11827,4736,23
11828,4736,26
11829,4736,24
11830,4736,25
11831,4737,40
11832,4737,42
11833,4737,41
11834,4738,39
11835,4738,38
11836,4738,37
11837,4739,27
11838,4739,28
11839,4739,29
11840,4740,45
11841,4741,27
11842,4741,29
11843,4742,2
11844,4742,4
11845,4742,5
11846,4743,8
11847,4743,7
11848,4743,10
11849,4743,9
11850,4744,6
11851,4744,7
11852,4744,8
11853,4745,19
11854,4745,22
11855,4746,39
11856,4746,38
11857,4746,37
11858,4747,29
11859,4747,27
11860,4747,30
11861,4748,18
11862,4748,17
11863,4748,16
11864,4749,35
11865,4749,34
11866,4749,36
11867,4750,32
11868,4750,31
11869,4751,33
11870,4751,32
11871,4751,31
11872,4752,21
11873,4752,22
11874,4752,19
11875,4752,20
11876,4753,28
11877,4753,29
11878,4753,30
11879,4754,4
11880,4754,1
11881,4755,38
11882,4755,37
11883,4755,39
11884,4756,43
11885,4756,44
11886,4757,45
11887,4758,35
11888,4758,34
11889,4758,36
11890,4759,9
11891,4759,10
11892,4759,6
11893,4760,29
11894,4760,30
11895,4760,28
11896,4761,45
11897,4762,17
11898,4762,18
11899,4762,15
11900,4762,16
11901,4763,33
11902,4763,31
11903,4763,32
11904,4764,38
11905,4764,37
11906,4765,45
11907,4766,47
11908,4766,48
11909,4767,48
11910,4767,47
11911,4768,18
11912,4768,16
11913,4769,45
11914,4770,2
11915,4770,3
11916,4771,35
11917,4771,36
11918,4772,32
11919,4772,33
11920,4772,31
11921,4773,1
11922,4773,5
11923,4773,4
11924,4773,3
11925,4774,45
11926,4775,21
11927,4775,20
11928,4775,19
11929,4775,22
11930,4776,27
11931,4776,30
11932,4777,45
11933,4778,36
11934,4778,34
11935,4778,35
11936,4779,1
11937,4779,3
11938,4780,37
11939,4780,39
11940,4781,34
11941,4781,36
11942,4782,45
11943,4783,12
11944,4783,13
11945,4783,11
11946,4783,14
11947,4784,40
11948,4784,41
11949,4784,42
11950,4785,36
11951,4785,35
11952,4786,32
11953,4786,33
11954,4786,31
11955,4787,46
11956,4788,47
11957,4788,48
11958,4789,17
11959,4789,16
11960,4790,12
11961,4790,11
11962,4790,13
11963,4790,14
11964,4791,31
11965,4791,33
11966,4791,32
11967,4792,38
11968,4792,39
11969,4792,37
11970,4793,45
11971,4794,3
11972,4794,1
11973,4794,2
11974,4795,43
11975,4795,44
11976,4796,39
11977,4796,38
11978,4796,37
11979,4797,3
11980,4797,1
11981,4797,5
11982,4798,33
11983,4798,31
11984,4799,45
11985,4800,38
11986,4800,37
11987,4801,43
11988,4801,44
11989,4802,39
11990,4802,38
11991,4802,37
11992,4803,36
11993,4803,35
11994,4803,34
11995,4804,45
11996,4805,23
11997,4805,24
11998,4805,26
11999,4806,46
12000,4807,47
12001,4807,48
12002,4808,45
12003,4809,48
12004,4809,47
12005,4810,48
12006,4810,47
12007,4811,15
12008,4811,17
12009,4811,18
12010,4812,47
12011,4812,48
12012,4813,44
12013,4813,43
12014,4814,36
12015,4814,35
12016,4815,39
12017,4815,37
12018,4816,11
12019,4816,14
12020,4816,12
12021,4817,22
12022,4817,20
12023,4817,21
12024,4818,48
12025,4818,47
12026,4819,22
12027,4819,19
12028,4819,20
12029,4819,21
12030,4820,20
12031,4820,19
12032,4821,41
12033,4821,40
12034,4821,42
12035,4822,43
12036,4822,44
12037,4823,3
12038,4823,5
12039,4823,4
12040,4823,2
12041,4824,4
12042,4824,5
12043,4824,1
12044,4825,8
12045,4825,7
12046,4826,37
12047,4826,39
12048,4826,38
12049,4827,9
12050,4827,6
12051,4827,7
12052,4827,10
12053,4828,36
12054,4828,34
12055,4829,45
12056,4830,25
12057,4830,24
12058,4830,26
12059,4831,31
12060,4831,33
12061,4831,32
12062,4832,29
12063,4832,28
12064,4832,30
12065,4832,27
12066,4833,43
12067,4833,44
12068,4834,35
12069,4834,34
12070,4835,43
12071,4835,44
12072,4836,38
12073,4836,39
12074,4836,37
12075,4837,34
12076,4837,36
12077,4837,35
12078,4838,11
12079,4838,13
12080,4838,14
12081,4838,12
12082,4839,25
12083,4839,23
12084,4839,24
12085,4839,26
12086,4840,47
12087,4840,48
12088,4841,48
12089,4841,47
12090,4842,46
12091,4843,45
12092,4844,18
12093,4844,17
12094,4844,15
12095,4845,19
12096,4845,20
12097,4845,22
12098,4846,9
12099,4846,8
12100,4846,10
12101,4847,12
12102,4847,14
12103,4847,11
12104,4848,17
12105,4848,16
12106,4848,18
12107,4848,15
12108,4849,40
12109,4849,42
12110,4850,9
12111,4850,10
12112,4850,6
12113,4850,8
12114,4851,39
12115,4851,37
12116,4851,38
12117,4852,38
12118,4852,37
12119,4852,39
12120,4853,17
12121,4853,18
12122,4853,16
12123,4853,15
12124,4854,48
12125,4854,47
12126,4855,45
12127,4856,48
12128,4856,47
12129,4857,37
12130,4857,38
12131,4858,41
12132,4858,42
12133,4858,40
12134,4859,44
12135,4859,43
12136,4860,31
12137,4860,32
12138,4860,33
12139,4861,26
12140,4861,23
12141,4861,24
12142,4861,25
12143,4862,24
12144,4862,23
12145,4863,34
12146,4863,36
12147,4863,35
12148,4864,45
12149,4865,39
12150,4865,38
12151,4865,37
12152,4866,4
12153,4866,5
12154,4866,1
12155,4867,33
12156,4867,32
12157,4868,34
12158,4868,36
12159,4869,33
12160,4869,32
12161,4870,16
12162,4870,15
12163,4871,10
12164,4871,6
12165,4871,7
12166,4872,38
12167,4872,37
12168,4873,11
12169,4873,14
12170,4873,12
12171,4873,13
12172,4874,28
12173,4874,29
12174,4875,45
12175,4876,24
12176,4876,26
12177,4876,25
12178,4877,7
12179,4877,10
12180,4877,9
12181,4878,22
12182,4878,20
12183,4878,21
12184,4878,19
12185,4879,28
12186,4879,29
12187,4879,30
12188,4879,27
12189,4880,22
12190,4880,21
12191,4880,20
12192,4880,19
12193,4881,43
12194,4881,44
12195,4882,40
12196,4882,41
12197,4882,42
12198,4883,32
12199,4883,33
12200,4884,23
12201,4884,25
12202,4884,24
12203,4884,26
12204,4885,9
12205,4885,7
12206,4885,6
12207,4885,8
12208,4886,33
12209,4886,31
12210,4886,32
12211,4887,7
12212,4887,9
12213,4888,43
12214,4888,44
12215,4889,26
12216,4889,24
12217,4889,25
12218,4889,23
12219,4890,48
12220,4890,47
12221,4891,33
12222,4891,31
12223,4891,32
12224,4892,19
12225,4892,22
12226,4892,21
12227,4892,20
12228,4893,10
12229,4893,9
12230,4894,16
12231,4894,17
12232,4894,18
12233,4894,15
12234,4895,45
12235,4896,27
12236,4896,28
12237,4896,30
12238,4896,29
12239,4897,22
12240,4897,21
12241,4897,19
12242,4898,46
12243,4899,31
12244,4899,33
12245,4899,32
12246,4900,47
12247,4900,48
12248,4901,8
12249,4901,7
12250,4902,43
12251,4902,44
12252,4903,45
12253,4904,14
12254,4904,13
12255,4905,9
12256,4905,7
12257,4905,6
12258,4906,5
12259,4906,2
12260,4907,39
12261,4907,38
12262,4908,43
12263,4908,44
12264,4909,19
12265,4909,20
12266,4909,22
12267,4910,31
12268,4910,32
12269,4910,33
12270,4911,39
12271,4911,38
12272,4911,37
12273,4912,45
12274,4913,40
12275,4913,42
12276,4913,41
12277,4914,12
12278,4914,11
12279,4914,13
12280,4914,14
12281,4915,41
12282,4915,42
12283,4915,40
12284,4916,25
12285,4916,26
12286,4916,24
12287,4917,46
12288,4918,48
12289,4918,47
12290,4919,48
12291,4919,47
12292,4920,36
12293,4920,34
12294,4921,34
12295,4921,36
12296,4921,35
12297,4922,5
12298,4922,2
12299,4922,1
12300,4923,14
12301,4923,12
12302,4923,11
12303,4924,40
12304,4924,41
12305,4924,42
12306,4925,10
12307,4925,6
12308,4925,9
12309,4925,7
12310,4926,19
12311,4926,22
12312,4926,21
12313,4927,21
12314,4927,22
12315,4927,20
12316,4928,11
12317,4928,13
12318,4928,14
12319,4929,45
12320,4930,33
12321,4930,32
12322,4931,6
12323,4931,10
12324,4931,7
12325,4932,44
12326,4932,43
12327,4933,32
12328,4933,31
12329,4933,33
12330,4934,32
12331,4934,33
12332,4935,31
12333,4935,32
12334,4935,33
12335,4936,33
12336,4936,31
12337,4936,32
12338,4937,3
12339,4937,1
12340,4937,2
12341,4937,4
12342,4938,35
12343,4938,36
12344,4938,34
12345,4939,33
12346,4939,31
12347,4940,38
12348,4940,39
12349,4940,37
12350,4941,9
12351,4941,6
12352,4942,45
12353,4943,48
12354,4943,47
12355,4944,24
12356,4944,23
12357,4944,25
12358,4944,26
12359,4945,3
12360,4945,4
12361,4945,2
12362,4946,17
12363,4946,16
12364,4946,18
12365,4946,15
12366,4947,39
12367,4947,37
12368,4948,26
12369,4948,24
12370,4949,21
12371,4949,22
12372,4949,19
12373,4949,20
12374,4950,5
12375,4950,4
12376,4950,3
12377,4950,1
12378,4951,9
12379,4951,7
12380,4952,6
12381,4952,7
12382,4952,10
12383,4953,41
12384,4953,40
12385,4953,42
12386,4954,45
12387,4955,42
12388,4955,40
12389,4956,44
12390,4956,43
12391,4957,46
12392,4958,21
12393,4958,22
12394,4958,20
12395,4958,19
12396,4959,15
12397,4959,18
12398,4960,38
12399,4960,37
12400,4961,25
12401,4961,26
12402,4961,23
12403,4962,9
12404,4962,8
12405,4962,10
12406,4963,2
12407,4963,4
12408,4963,3
12409,4964,45
12410,4965,31
12411,4965,33
12412,4965,32
12413,4966,10
12414,4966,7
12415,4966,6
12416,4967,1
12417,4967,2
12418,4967,5
12419,4967,4
12420,4968,44
12421,4968,43
12422,4969,45
12423,4970,39
12424,4970,37
12425,4971,27
12426,4971,29
12427,4971,28
12428,4972,4
12429,4972,2
12430,4973,36
12431,4973,35
12432,4973,34
12433,4974,1
12434,4974,2
12435,4975,46
12436,4976,38
12437,4976,39
12438,4976,37
12439,4977,45
12440,4978,24
12441,4978,23
12442,4978,26
12443,4978,25
12444,4979,31
12445,4979,33
12446,4980,13
12447,4980,14
12448,4981,35
12449,4981,36
12450,4982,17
12451,4982,18
12452,4983,31
12453,4983,32
12454,4984,36
12455,4984,35
12456,4984,34
12457,4985,28
12458,4985,29
12459,4986,11
12460,4986,14
12461,4986,12
12462,4987,22
12463,4987,21
12464,4988,42
12465,4988,40
12466,4988,41
12467,4989,47
12468,4989,48
12469,4990,34
12470,4990,36
12471,4990,35
12472,4991,38
12473,4991,37
12474,4991,39
12475,4992,31
12476,4992,32
12477,4993,14
12478,4993,13
12479,4993,12
12480,4994,36
12481,4994,34
12482,4994,35
12483,4995,16
12484,4995,17
12485,4995,18
12486,4996,19
12487,4996,20
12488,4997,46
12489,4998,39
12490,4998,37
12491,4998,38
12492,4999,48
12493,4999,47
12494,5000,23
12495,5000,26
12496,5000,25
12497,5001,33
12498,5001,31
12499,5001,32
12500,5002,22
12501,5002,19
12502,5002,20
12503,5002,21
12504,5003,28
12505,5003,29
12506,5003,27
12507,5004,10
12508,5004,6
12509,5004,7
12510,5004,9
12511,5005,1
12512,5005,4
12513,5005,2
12514,5006,12
12515,5006,14
12516,5007,12
12517,5007,11
12518,5008,31
12519,5008,32
12520,5008,33
12521,5009,4
12522,5009,5
12523,5009,2
12524,5010,45
12525,5011,36
12526,5011,35
12527,5011,34
12528,5012,47
12529,5012,48
12530,5013,40
12531,5013,42
12532,5013,41
12533,5014,32
12534,5014,31
12535,5014,33
12536,5015,18
12537,5015,15
12538,5015,16
12539,5015,17
12540,5016,42
12541,5016,41
12542,5017,42
12543,5017,40
12544,5017,41
12545,5018,45
12546,5019,35
12547,5019,34
12548,5019,36
12549,5020,39
12550,5020,38
12551,5020,37
12552,5021,45
12553,5022,20
12554,5022,19
12555,5023,44
12556,5023,43
12557,5024,8
12558,5024,7
12559,5024,6
12560,5024,9
12561,5025,44
12562,5025,43
12563,5026,27
12564,5026,28
12565,5026,30
12566,5026,29
12567,5027,22
12568,5027,21
12569,5027,20
12570,5028,22
12571,5028,19
12572,5028,21
12573,5028,20
12574,5029,9
12575,5029,7
12576,5030,37
12577,5030,38
12578,5030,39
12579,5031,14
12580,5031,11
12581,5031,12
12582,5032,46
12583,5033,33
12584,5033,31
12585,5034,35
12586,5034,34
12587,5034,36
12588,5035,47
12589,5035,48
12590,5036,32
12591,5036,31
12592,5037,46
12593,5038,39
12594,5038,38
12595,5038,37
12596,5039,43
12597,5039,44
12598,5040,46
12599,5041,36
12600,5041,34
12601,5041,35
12602,5042,43
12603,5042,44
12604,5043,26
12605,5043,25
12606,5044,46
12607,5045,5
12608,5045,3
12609,5046,16
12610,5046,15
12611,5046,17
12612,5046,18
12613,5047,31
12614,5047,32
12615,5048,37
12616,5048,39
12617,5048,38
12618,5049,16
12619,5049,17
12620,5049,15
12621,5050,44
12622,5050,43
12623,5051,16
12624,5051,15
12625,5051,18
12626,5052,13
12627,5052,12
12628,5052,11
12629,5052,14
12630,5053,45
12631,5054,23
12632,5054,26
12633,5054,24
12634,5055,44
12635,5055,43
12636,5056,47
12637,5056,48
12638,5057,46
12639,5058,43
12640,5058,44
12641,5059,23
12642,5059,25
12643,5059,26
12644,5060,9
12645,5060,8
12646,5060,7
12647,5061,32
12648,5061,31
12649,5061,33
12650,5062,21
12651,5062,20
12652,5063,48
12653,5063,47
12654,5064,28
12655,5064,30
12656,5064,29
12657,5064,27
12658,5065,25
12659,5065,26
12660,5065,24
12661,5065,23
12662,5066,33
12663,5066,31
12664,5067,29
12665,5067,28
12666,5067,27
12667,5067,30
12668,5068,38
12669,5068,39
12670,5068,37
12671,5069,42
12672,5069,40
12673,5070,20
12674,5070,22
12675,5070,19
12676,5070,21
12677,5071,45
12678,5072,40
12679,5072,41
12680,5072,42
12681,5073,41
12682,5073,42
12683,5074,26
12684,5074,25
12685,5075,43
12686,5075,44
12687,5076,34
12688,5076,35
12689,5077,28
12690,5077,29
12691,5078,23
12692,5078,24
12693,5078,25
12694,5078,26
12695,5079,16
12696,5079,18
12697,5079,17
12698,5080,17
12699,5080,15
12700,5080,16
12701,5081,48
12702,5081,47
12703,5082,45
12704,5083,38
12705,5083,39
12706,5084,19
12707,5084,21
12708,5084,22
12709,5084,20
12710,5085,15
12711,5085,16
12712,5085,18
12713,5086,46
12714,5087,45
12715,5088,45
12716,5089,15
12717,5089,17
12718,5089,16
12719,5090,13
12720,5090,14
12721,5090,11
12722,5091,38
12723,5091,39
12724,5091,37
12725,5092,41
12726,5092,40
12727,5092,42
12728,5093,47
12729,5093,48
12730,5094,25
12731,5094,23
12732,5094,24
12733,5094,26
12734,5095,47
12735,5095,48
12736,5096,45
12737,5097,39
12738,5097,38
12739,5097,37
12740,5098,31
12741,5098,33
12742,5098,32
12743,5099,39
12744,5099,38
12745,5100,21
12746,5100,22
12747,5101,35
12748,5101,36
12749,5101,34
12750,5102,24
12751,5102,26
12752,5102,25
12753,5103,4
12754,5103,3
12755,5103,5
12756,5103,1
12757,5104,45
12758,5105,37
12759,5105,39
12760,5105,38
12761,5106,42
12762,5106,40
12763,5106,41
12764,5107,21
12765,5107,20
12766,5108,39
12767,5108,38
12768,5108,37
12769,5109,48
12770,5109,47
12771,5110,43
12772,5110,44
12773,5111,20
12774,5111,19
12775,5111,21
12776,5111,22
12777,5112,34
12778,5112,36
12779,5112,35
12780,5113,46
12781,5114,16
12782,5114,17
12783,5114,18
12784,5115,24
12785,5115,26
12786,5115,25
12787,5115,23
12788,5116,18
12789,5116,16
12790,5116,17
12791,5117,36
12792,5117,34
12793,5118,37
12794,5118,38
12795,5118,39
12796,5119,31
12797,5119,33
12798,5119,32
12799,5120,42
12800,5120,40
12801,5121,24
12802,5121,26
12803,5121,25
12804,5121,23
12805,5122,40
12806,5122,41
12807,5123,15
12808,5123,17
12809,5124,28
12810,5124,30
12811,5124,27
12812,5125,48
12813,5125,47
12814,5126,36
12815,5126,34
12816,5127,15
12817,5127,16
12818,5127,17
12819,5127,18
12820,5128,14
12821,5128,12
12822,5129,37
12823,5129,38
12824,5129,39
12825,5130,3
12826,5130,2
12827,5130,1
12828,5130,5
12829,5131,14
12830,5131,11
12831,5131,13
12832,5132,34
12833,5132,36
12834,5132,35
12835,5133,41
12836,5133,42
12837,5133,40
12838,5134,27
12839,5134,28
12840,5135,41
12841,5135,40
12842,5136,34
12843,5136,36
12844,5136,35
12845,5137,37
12846,5137,39
12847,5138,37
12848,5138,39
12849,5139,12
12850,5139,14
12851,5139,11
12852,5140,17
12853,5140,18
12854,5140,16
12855,5141,45
12856,5142,38
12857,5142,39
12858,5143,32
12859,5143,33
12860,5143,31
12861,5144,40
12862,5144,41
12863,5144,42
12864,5145,31
12865,5145,33
12866,5145,32
12867,5146,10
12868,5146,7
12869,5147,46
12870,5148,6
12871,5148,8
12872,5148,10
12873,5148,9
12874,5149,45
12875,5150,45
12876,5151,44
12877,5151,43
12878,5152,46
12879,5153,46
12880,5154,48
12881,5154,47
12882,5155,41
12883,5155,40
12884,5156,45
12885,5157,45
12886,5158,38
12887,5158,39
12888,5158,37
12889,5159,20
12890,5159,22
12891,5159,21
12892,5160,32
12893,5160,33
12894,5161,45
12895,5162,41
12896,5162,42
12897,5162,40
12898,5163,42
12899,5163,40
12900,5163,41
12901,5164,45
12902,5165,46
12903,5166,18
12904,5166,16
12905,5166,17
12906,5167,44
12907,5167,43
12908,5168,48
12909,5168,47
12910,5169,2
12911,5169,3
12912,5169,5
12913,5170,9
12914,5170,8
12915,5171,8
12916,5171,10
12917,5171,7
12918,5171,6
12919,5172,21
12920,5172,22
12921,5172,19
12922,5172,20
12923,5173,9
12924,5173,6
12925,5173,8
12926,5173,10
12927,5174,34
12928,5174,36
12929,5174,35
12930,5175,45
12931,5176,11
12932,5176,14
12933,5176,13
12934,5176,12
12935,5177,45
12936,5178,22
12937,5178,21
12938,5178,20
12939,5178,19
12940,5179,18
12941,5179,16
12942,5179,17
12943,5180,14
12944,5180,12
12945,5180,13
12946,5181,35
12947,5181,36
12948,5181,34
12949,5182,46
12950,5183,40
12951,5183,41
12952,5183,42
12953,5184,45
12954,5185,21
12955,5185,19
12956,5185,22
12957,5185,20
12958,5186,8
12959,5186,9
12960,5186,6
12961,5187,39
12962,5187,38
12963,5188,44
12964,5188,43
12965,5189,38
12966,5189,37
12967,5190,1
12968,5190,5
12969,5190,2
12970,5191,33
12971,5191,31
12972,5192,47
12973,5192,48
12974,5193,48
12975,5193,47
12976,5194,4
12977,5194,1
12978,5194,3
12979,5195,48
12980,5195,47
12981,5196,13
12982,5196,12
12983,5196,11
12984,5196,14
12985,5197,47
12986,5197,48
12987,5198,27
12988,5198,29
12989,5199,42
12990,5199,40
12991,5200,17
12992,5200,15
12993,5200,18
12994,5200,16
12995,5201,43
12996,5201,44
12997,5202,31
12998,5202,32
12999,5202,33
13000,5203,31
13001,5203,32
13002,5204,31
13003,5204,32
13004,5204,33
13005,5205,47
13006,5205,48
13007,5206,22
13008,5206,21
13009,5206,19
13010,5207,46
13011,5208,40
13012,5208,41
13013,5209,22
13014,5209,20
13015,5210,47
13016,5210,48
13017,5211,48
13018,5211,47
13019,5212,43
13020,5212,44
13021,5213,43
13022,5213,44
13023,5214,11
13024,5214,12
13025,5214,13
13026,5214,14
13027,5215,41
13028,5215,40
13029,5215,42
13030,5216,44
13031,5216,43
13032,5217,31
13033,5217,33
13034,5218,22
13035,5218,21
13036,5219,43
13037,5219,44
13038,5220,44
13039,5220,43
13040,5221,28
13041,5221,29
13042,5222,6
13043,5222,7
13044,5222,9
13045,5222,10
13046,5223,14
13047,5223,12
13048,5223,11
13049,5224,11
13050,5224,12
13051,5224,13
13052,5225,9
13053,5225,8
13054,5226,45
13055,5227,47
13056,5227,48
13057,5228,31
13058,5228,32
13059,5228,33
13060,5229,24
13061,5229,26
13062,5229,23
13063,5229,25
13064,5230,7
13065,5230,8
13066,5230,6
13067,5231,44
13068,5231,43
13069,5232,20
13070,5232,19
13071,5232,21
13072,5232,22
13073,5233,45
13074,5234,40
13075,5234,41
13076,5235,36
13077,5235,34
13078,5235,35
13079,5236,8
13080,5236,10
13081,5236,6
13082,5236,9
13083,5237,43
13084,5237,44
13085,5238,40
13086,5238,42
13087,5239,40
13088,5239,41
13089,5239,42
13090,5240,13
13091,5240,12
13092,5240,14
13093,5240,11
13094,5241,32
13095,5241,31
13096,5241,33
13097,5242,25
13098,5242,24
13099,5243,37
13100,5243,39
13101,5243,38
13102,5244,12
13103,5244,13
13104,5244,14
13105,5244,11
13106,5245,46
13107,5246,43
13108,5246,44
13109,5247,13
13110,5247,14
13111,5247,11
13112,5248,35
13113,5248,36
13114,5248,34
13115,5249,34
13116,5249,36
13117,5250,28
13118,5250,30
13119,5250,27
13120,5251,22
13121,5251,19
13122,5251,21
13123,5252,26
13124,5252,23
13125,5252,24
13126,5252,25
13127,5253,43
13128,5253,44
13129,5254,13
13130,5254,12
13131,5254,14
13132,5255,12
13133,5255,11
13134,5255,14
13135,5255,13
13136,5256,31
13137,5256,33
13138,5256,32
13139,5257,45
13140,5258,24
13141,5258,26
13142,5259,44
13143,5259,43
13144,5260,40
13145,5260,42
13146,5260,41
13147,5261,42
13148,5261,40
13149,5262,40
13150,5262,42
13151,5263,41
13152,5263,42
13153,5263,40
13154,5264,20
13155,5264,21
13156,5264,19
13157,5265,9
13158,5265,6
13159,5265,10
13160,5266,32
13161,5266,31
13162,5266,33
13163,5267,33
13164,5267,31
13165,5267,32
13166,5268,39
13167,5268,38
13168,5269,19
13169,5269,22
13170,5269,21
13171,5270,45
13172,5271,43
13173,5271,44
13174,5272,40
13175,5272,42
13176,5272,41
13177,5273,16
13178,5273,15
13179,5274,24
13180,5274,26
13181,5274,23
13182,5274,25
13183,5275,46
13184,5276,30
13185,5276,27
13186,5276,28
13187,5276,29
13188,5277,40
13189,5277,41
13190,5278,44
13191,5278,43
13192,5279,32
13193,5279,31
13194,5280,41
13195,5280,40
13196,5280,42
13197,5281,2
13198,5281,4
13199,5281,5
13200,5282,39
13201,5282,37
13202,5283,1
13203,5283,5
13204,5283,2
13205,5283,3
13206,5284,42
13207,5284,40
13208,5284,41
13209,5285,43
13210,5285,44
13211,5286,35
13212,5286,36
13213,5286,34
13214,5287,35
13215,5287,34
13216,5287,36
13217,5288,30
13218,5288,28
13219,5289,21
13220,5289,19
13221,5289,22
13222,5290,22
13223,5290,21
13224,5291,32
13225,5291,33
13226,5291,31
13227,5292,2
13228,5292,5
13229,5292,4
13230,5292,1
13231,5293,3
13232,5293,1
13233,5293,4
13234,5294,14
13235,5294,11
13236,5294,13
13237,5295,47
13238,5295,48
13239,5296,24
13240,5296,25
13241,5296,23
13242,5297,46
13243,5298,48
13244,5298,47
13245,5299,1
13246,5299,3
13247,5299,4
13248,5299,5
13249,5300,46
13250,5301,46
13251,5302,48
13252,5302,47
13253,5303,21
13254,5303,19
13255,5303,20
13256,5304,11
13257,5304,14
13258,5304,12
13259,5305,4
13260,5305,2
13261,5305,1
13262,5306,25
13263,5306,23
13264,5306,26
13265,5306,24
13266,5307,11
13267,5307,14
13268,5307,12
13269,5308,19
13270,5308,20
13271,5308,21
13272,5308,22
13273,5309,7
13274,5309,9
13275,5310,26
13276,5310,25
13277,5311,46
13278,5312,14
13279,5312,12
13280,5312,13
13281,5312,11
13282,5313,40
13283,5313,41
13284,5313,42
13285,5314,17
13286,5314,18
13287,5314,15
13288,5315,9
13289,5315,8
13290,5316,13
13291,5316,11
13292,5317,11
13293,5317,13
13294,5318,12
13295,5318,13
13296,5318,14
13297,5319,25
13298,5319,24
13299,5319,23
13300,5320,22
13301,5320,20
13302,5321,11
13303,5321,12
13304,5321,14
13305,5322,2
13306,5322,4
13307,5322,1
13308,5323,20
13309,5323,19
13310,5323,21
13311,5323,22
13312,5324,42
13313,5324,41
13314,5324,40
13315,5325,29
13316,5325,28
13317,5325,30
13318,5326,45
13319,5327,47
13320,5327,48
13321,5328,37
13322,5328,38
13323,5328,39
13324,5329,2
13325,5329,3
13326,5329,1
13327,5329,4
13328,5330,38
13329,5330,39
13330,5330,37
13331,5331,20
13332,5331,21
13333,5331,22
13334,5332,41
13335,5332,42
13336,5332,40
13337,5333,44
13338,5333,43
13339,5334,47
13340,5334,48
13341,5335,2
13342,5335,1
13343,5336,5
13344,5336,3
13345,5336,2
13346,5337,25
13347,5337,24
13348,5338,47
13349,5338,48
13350,5339,2
13351,5339,1
13352,5340,38
13353,5340,37
13354,5341,7
13355,5341,8
13356,5341,9
13357,5342,47
13358,5342,48
13359,5343,5
13360,5343,1
13361,5344,34
13362,5344,36
13363,5345,33
13364,5345,31
13365,5345,32
13366,5346,7
13367,5346,8
13368,5347,37
13369,5347,38
13370,5347,39
13371,5348,33
13372,5348,31
13373,5348,32
13374,5349,14
13375,5349,12
13376,5350,17
13377,5350,18
13378,5350,16
13379,5351,47
13380,5351,48
13381,5352,23
13382,5352,24
13383,5353,18
13384,5353,17
13385,5353,15
13386,5353,16
13387,5354,35
13388,5354,34
13389,5354,36
13390,5355,17
13391,5355,18
13392,5355,16
13393,5356,13
13394,5356,14
13395,5356,11
13396,5356,12
13397,5357,46
13398,5358,41
13399,5358,40
13400,5359,32
13401,5359,33
13402,5360,46
13403,5361,30
13404,5361,29
13405,5361,27
13406,5362,7
13407,5362,8
13408,5363,46
13409,5364,31
13410,5364,33
13411,5364,32
13412,5365,4
13413,5365,2
13414,5365,3
13415,5366,41
13416,5366,40
13417,5367,22
13418,5367,19
13419,5368,42
13420,5368,41
13421,5368,40
13422,5369,27
13423,5369,30
13424,5369,28
13425,5370,43
13426,5370,44
13427,5371,16
13428,5371,18
13429,5371,17
13430,5372,17
13431,5372,16
13432,5373,35
13433,5373,36
13434,5373,34
13435,5374,44
13436,5374,43
13437,5375,18
13438,5375,17
13439,5376,23
13440,5376,25
13441,5377,46
13442,5378,47
13443,5378,48
13444,5379,3
13445,5379,4
13446,5380,3
13447,5380,2
13448,5381,34
13449,5381,35
13450,5381,36
13451,5382,23
13452,5382,24
13453,5382,26
13454,5383,42
13455,5383,41
13456,5383,40
13457,5384,48
13458,5384,47
13459,5385,16
13460,5385,17
13461,5385,18
13462,5385,15
13463,5386,2
13464,5386,4
13465,5387,2
13466,5387,5
13467,5388,33
13468,5388,31
13469,5388,32
13470,5389,20
13471,5389,19
13472,5389,22
13473,5390,35
13474,5390,36
13475,5390,34
13476,5391,38
13477,5391,37
13478,5392,46
13479,5393,39
13480,5393,38
13481,5393,37
13482,5394,9
13483,5394,7
13484,5394,8
13485,5394,6
13486,5395,45
13487,5396,46
13488,5397,34
13489,5397,35
13490,5398,21
13491,5398,19
13492,5398,20
13493,5398,22
13494,5399,46
13495,5400,29
13496,5400,27
13497,5400,30
13498,5400,28
13499,5401,46
13500,5402,17
13501,5402,15
13502,5402,16
13503,5403,10
13504,5403,8
13505,5403,9
13506,5403,6
13507,5404,31
13508,5404,33
13509,5405,47
13510,5405,48
13511,5406,35
13512,5406,36
13513,5406,34
13514,5407,41
13515,5407,42
13516,5408,13
13517,5408,12
13518,5408,14
13519,5408,11
13520,5409,15
13521,5409,18
13522,5409,17
13523,5409,16
13524,5410,18
13525,5410,17
13526,5410,15
13527,5411,27
13528,5411,30
13529,5411,29
13530,5411,28
13531,5412,46
13532,5413,12
13533,5413,14
13534,5413,13
13535,5414,32
13536,5414,31
13537,5414,33
13538,5415,45
13539,5416,5
13540,5416,1
13541,5416,2
13542,5417,7
13543,5417,9
13544,5417,8
13545,5417,6
13546,5418,40
13547,5418,42
13548,5418,41
13549,5419,47
13550,5419,48
13551,5420,29
13552,5420,30
13553,5421,32
13554,5421,31
13555,5421,33
13556,5422,46
13557,5423,43
13558,5423,44
13559,5424,35
13560,5424,36
13561,5424,34
13562,5425,25
13563,5425,24
13564,5426,25
13565,5426,23
13566,5426,26
13567,5426,24
13568,5427,31
13569,5427,33
13570,5427,32
13571,5428,26
13572,5428,23
13573,5429,9
13574,5429,10
13575,5429,8
13576,5430,43
13577,5430,44
13578,5431,45
13579,5432,6
13580,5432,9
13581,5432,7
13582,5433,29
13583,5433,30
13584,5433,27
13585,5434,37
13586,5434,39
13587,5434,38
13588,5435,46
13589,5436,41
13590,5436,40
13591,5436,42
13592,5437,9
13593,5437,7
13594,5437,10
13595,5438,16
13596,5438,17
13597,5438,18
13598,5438,15
13599,5439,30
13600,5439,28
13601,5439,27
13602,5440,47
13603,5440,48
13604,5441,11
13605,5441,12
13606,5442,45
13607,5443,28
13608,5443,30
13609,5443,29
13610,5443,27
13611,5444,15
13612,5444,16
13613,5444,18
13614,5445,47
13615,5445,48
13616,5446,12
13617,5446,13
13618,5446,11
13619,5447,16
13620,5447,17
13621,5447,18
13622,5447,15
13623,5448,32
13624,5448,31
13625,5448,33
13626,5449,17
13627,5449,18
13628,5449,15
13629,5450,27
13630,5450,29
13631,5450,28
13632,5451,32
13633,5451,33
13634,5451,31
13635,5452,38
13636,5452,39
13637,5452,37
13638,5453,31
13639,5453,33
13640,5453,32
13641,5454,35
13642,5454,36
13643,5454,34
13644,5455,46
13645,5456,7
13646,5456,6
13647,5457,46
13648,5458,17
13649,5458,16
13650,5459,8
13651,5459,10
13652,5460,42
13653,5460,41
13654,5461,45
13655,5462,38
13656,5462,37
13657,5462,39
13658,5463,20
13659,5463,19
13660,5463,22
13661,5464,19
13662,5464,21
13663,5464,22
13664,5464,20
13665,5465,44
13666,5465,43
13667,5466,48
13668,5466,47
13669,5467,46
13670,5468,2
13671,5468,3
13672,5469,32
13673,5469,33
13674,5469,31
13675,5470,9
13676,5470,6
13677,5470,10
13678,5470,8
13679,5471,1
13680,5471,5
13681,5472,23
13682,5472,26
13683,5473,44
13684,5473,43
13685,5474,21
13686,5474,20
13687,5474,19
13688,5475,15
13689,5475,17
13690,5475,18
13691,5476,33
13692,5476,32
13693,5477,40
13694,5477,42
13695,5477,41
13696,5478,44
13697,5478,43
13698,5479,31
13699,5479,33
13700,5479,32
13701,5480,3
13702,5480,2
13703,5480,5
13704,5481,35
13705,5481,36
13706,5481,34
13707,5482,24
13708,5482,25
13709,5482,23
13710,5482,26
13711,5483,41
13712,5483,40
13713,5483,42
13714,5484,15
13715,5484,18
13716,5484,17
13717,5484,16
13718,5485,24
13719,5485,25
13720,5485,26
13721,5486,12
13722,5486,11
13723,5487,35
13724,5487,36
13725,5487,34
13726,5488,20
13727,5488,19
13728,5488,22
13729,5489,29
13730,5489,27
13731,5489,28
13732,5490,13
13733,5490,11
13734,5491,26
13735,5491,24
13736,5492,22
13737,5492,19
13738,5492,20
13739,5492,21
13740,5493,35
13741,5493,36
13742,5494,31
13743,5494,32
13744,5495,43
13745,5495,44
13746,5496,36
13747,5496,35
13748,5496,34
13749,5497,19
13750,5497,21
13751,5497,22
13752,5498,23
13753,5498,25
13754,5499,2
13755,5499,5
13756,5499,4
13757,5499,1
13758,5500,39
13759,5500,37
13760,5500,38
13761,5501,46
13762,5502,15
13763,5502,18
13764,5503,12
13765,5503,14
13766,5503,11
13767,5504,32
13768,5504,31
13769,5504,33
13770,5505,48
13771,5505,47
13772,5506,25
13773,5506,24
13774,5506,26
13775,5507,11
13776,5507,12
13777,5507,14
13778,5507,13
13779,5508,45
13780,5509,38
13781,5509,39
13782,5509,37
13783,5510,37
13784,5510,38
13785,5511,22
13786,5511,21
13787,5512,46
13788,5513,45
13789,5514,46
13790,5515,45
13791,5516,15
13792,5516,16
13793,5517,21
13794,5517,22
13795,5517,19
13796,5518,46
13797,5519,43
13798,5519,44
13799,5520,13
13800,5520,12
13801,5520,14
13802,5521,35
13803,5521,36
13804,5521,34
13805,5522,6
13806,5522,8
13807,5522,9
13808,5523,38
13809,5523,39
13810,5523,37
13811,5524,43
13812,5524,44
13813,5525,36
13814,5525,34
13815,5525,35
13816,5526,47
13817,5526,48
13818,5527,34
13819,5527,35
13820,5527,36
13821,5528,15
13822,5528,16
13823,5528,17
13824,5528,18
13825,5529,33
13826,5529,32
13827,5529,31
13828,5530,36
13829,5530,35
13830,5530,34
13831,5531,14
13832,5531,11
13833,5531,13
13834,5532,25
13835,5532,26
13836,5533,11
13837,5533,13
13838,5533,12
13839,5534,30
13840,5534,27
13841,5534,28
13842,5535,14
13843,5535,11
13844,5535,12
13845,5536,22
13846,5536,21
13847,5536,19
13848,5537,7
13849,5537,6
13850,5537,9
13851,5538,46
13852,5539,15
13853,5539,17
13854,5539,18
13855,5540,37
13856,5540,38
13857,5540,39
13858,5541,21
13859,5541,22
13860,5541,19
13861,5541,20
13862,5542,12
13863,5542,11
13864,5542,13
13865,5543,12
13866,5543,14
13867,5543,13
13868,5544,44
13869,5544,43
13870,5545,48
13871,5545,47
13872,5546,25
13873,5546,26
13874,5546,23
13875,5547,10
13876,5547,6
13877,5547,8
13878,5547,7
13879,5548,46
13880,5549,44
13881,5549,43
13882,5550,48
13883,5550,47
13884,5551,7
13885,5551,9
13886,5551,6
13887,5551,8
13888,5552,36
13889,5552,34
13890,5552,35
13891,5553,9
13892,5553,10
13893,5554,27
13894,5554,29
13895,5554,30
13896,5554,28
13897,5555,37
13898,5555,39
13899,5555,38
13900,5556,31
13901,5556,33
13902,5557,40
13903,5557,41
13904,5557,42
13905,5558,48
13906,5558,47
13907,5559,32
13908,5559,33
13909,5559,31
13910,5560,5
13911,5560,4
13912,5560,2
13913,5561,35
13914,5561,34
13915,5562,33
13916,5562,32
13917,5562,31
13918,5563,11
13919,5563,13
13920,5563,14
13921,5563,12
13922,5564,34
13923,5564,36
13924,5564,35
13925,5565,16
13926,5565,18
13927,5566,45
13928,5567,39
13929,5567,37
13930,5567,38
13931,5568,48
13932,5568,47
13933,5569,27
13934,5569,29
13935,5569,28
13936,5569,30
13937,5570,37
13938,5570,39
13939,5571,25
13940,5571,24
13941,5571,26
13942,5571,23
13943,5572,48
13944,5572,47
13945,5573,17
13946,5573,15
13947,5573,18
13948,5574,12
13949,5574,11
13950,5574,14
13951,5575,41
13952,5575,40
13953,5576,48
13954,5576,47
13955,5577,46
13956,5578,38
13957,5578,39
13958,5579,44
13959,5579,43
13960,5580,3
13961,5580,4
13962,5580,5
13963,5581,26
13964,5581,23
13965,5582,43
13966,5582,44
13967,5583,46
13968,5584,47
13969,5584,48
13970,5585,42
13971,5585,40
13972,5586,42
13973,5586,40
13974,5587,47
13975,5587,48
13976,5588,48
13977,5588,47
13978,5589,8
13979,5589,9
13980,5589,7
13981,5590,43
13982,5590,44
13983,5591,32
13984,5591,31
13985,5592,45
13986,5593,31
13987,5593,32
13988,5593,33
13989,5594,39
13990,5594,37
13991,5595,47
13992,5595,48
13993,5596,46
13994,5597,28
13995,5597,29
13996,5597,30
13997,5598,44
13998,5598,43
13999,5599,48
14000,5599,47
14001,5600,39
14002,5600,37
14003,5600,38
14004,5601,46
14005,5602,46
14006,5603,19
14007,5603,21
14008,5603,20
14009,5603,22
14010,5604,45
14011,5605,45
14012,5606,35
14013,5606,34
14014,5606,36
14015,5607,31
14016,5607,32
14017,5607,33
14018,5608,35
14019,5608,34
14020,5608,36
14021,5609,44
14022,5609,43
14023,5610,40
14024,5610,41
14025,5610,42
14026,5611,42
14027,5611,40
14028,5612,28
14029,5612,29
14030,5612,30
14031,5612,27
14032,5613,35
14033,5613,34
14034,5613,36
14035,5614,41
14036,5614,40
14037,5614,42
14038,5615,45
14039,5616,21
14040,5616,19
14041,5616,20
14042,5617,2
14043,5617,4
14044,5617,5
14045,5617,3
14046,5618,1
14047,5618,4
14048,5618,3
14049,5619,38
14050,5619,37
14051,5619,39
14052,5620,33
14053,5620,32
14054,5620,31
14055,5621,28
14056,5621,29
14057,5621,30
14058,5622,46
14059,5623,42
14060,5623,41
14061,5623,40
14062,5624,14
14063,5624,13
14064,5624,11
14065,5625,48
14066,5625,47
14067,5626,44
14068,5626,43
14069,5627,41
14070,5627,42
14071,5627,40
14072,5628,19
14073,5628,22
14074,5628,20
14075,5628,21
14076,5629,1
14077,5629,4
14078,5630,43
14079,5630,44
14080,5631,18
14081,5631,16
14082,5631,15
14083,5631,17
14084,5632,23
14085,5632,26
14086,5632,24
14087,5632,25
14088,5633,7
14089,5633,9
14090,5633,6
14091,5634,19
14092,5634,22
14093,5635,10
14094,5635,9
14095,5636,45
14096,5637,35
14097,5637,34
14098,5637,36
14099,5638,29
14100,5638,27
14101,5639,20
14102,5639,22
14103,5639,19
14104,5639,21
14105,5640,42
14106,5640,41
14107,5641,48
14108,5641,47
14109,5642,41
14110,5642,42
14111,5643,47
14112,5643,48
14113,5644,36
14114,5644,34
14115,5644,35
14116,5645,45
14117,5646,33
14118,5646,32
14119,5646,31
14120,5647,46
14121,5648,47
14122,5648,48
14123,5649,38
14124,5649,39
14125,5649,37
14126,5650,35
14127,5650,36
14128,5650,34
14129,5651,48
14130,5651,47
14131,5652,10
14132,5652,8
14133,5652,7
14134,5652,9
14135,5653,5
14136,5653,1
14137,5653,2
14138,5653,4
14139,5654,47
14140,5654,48
14141,5655,33
14142,5655,32
14143,5655,31
14144,5656,15
14145,5656,17
14146,5656,16
14147,5657,46
14148,5658,44
14149,5658,43
14150,5659,38
14151,5659,39
14152,5660,44
14153,5660,43
14154,5661,17
14155,5661,16
14156,5661,15
14157,5662,12
14158,5662,13
14159,5662,14
14160,5662,11
14161,5663,1
14162,5663,2
14163,5663,5
14164,5664,39
14165,5664,38
14166,5664,37
14167,5665,13
14168,5665,14
14169,5666,25
14170,5666,23
14171,5667,47
14172,5667,48
14173,5668,46
14174,5669,33
14175,5669,31
14176,5670,29
14177,5670,30
14178,5670,28
14179,5670,27
14180,5671,42
14181,5671,40
14182,5672,15
14183,5672,18
14184,5672,16
14185,5672,17
14186,5673,45
14187,5674,22
14188,5674,19
14189,5675,19
14190,5675,22
14191,5675,20
14192,5675,21
14193,5676,46
14194,5677,7
14195,5677,8
14196,5678,13
14197,5678,11
14198,5679,13
14199,5679,11
14200,5679,14
14201,5679,12
14202,5680,43
14203,5680,44
14204,5681,3
14205,5681,4
14206,5681,5
14207,5682,35
14208,5682,36
14209,5682,34
14210,5683,20
14211,5683,22
14212,5683,19
14213,5683,21
14214,5684,15
14215,5684,18
14216,5684,16
14217,5685,46
14218,5686,46
14219,5687,45
14220,5688,46
14221,5689,45
14222,5690,38
14223,5690,39
14224,5690,37
14225,5691,46
14226,5692,4
14227,5692,1
14228,5693,12
14229,5693,14
14230,5693,13
14231,5694,47
14232,5694,48
14233,5695,19
14234,5695,20
14235,5695,22
14236,5696,10
14237,5696,8
14238,5696,7
14239,5696,6
14240,5697,26
14241,5697,24
14242,5697,23
14243,5698,42
14244,5698,40
14245,5699,15
14246,5699,17
14247,5699,18
14248,5700,46
14249,5701,46
14250,5702,31
14251,5702,33
14252,5703,26
14253,5703,24
14254,5703,25
14255,5704,48
14256,5704,47
14257,5705,48
14258,5705,47
14259,5706,47
14260,5706,48
14261,5707,33
14262,5707,32
14263,5707,31
14264,5708,48
14265,5708,47
14266,5709,36
14267,5709,35
14268,5709,34
14269,5710,26
14270,5710,24
14271,5711,24
14272,5711,26
14273,5712,32
14274,5712,31
14275,5712,33
14276,5713,38
14277,5713,39
14278,5713,37
14279,5714,3
14280,5714,5
14281,5714,4
14282,5714,1
14283,5715,32
14284,5715,31
14285,5716,38
14286,5716,37
14287,5716,39
14288,5717,32
14289,5717,33
14290,5717,31
14291,5718,27
14292,5718,28
14293,5718,29
14294,5719,5
14295,5719,1
14296,5719,4
14297,5719,3
14298,5720,27
14299,5720,29
14300,5720,30
14301,5721,35
14302,5721,34
14303,5721,36
14304,5722,18
14305,5722,17
14306,5723,46
14307,5724,42
14308,5724,40
14309,5724,41
14310,5725,11
14311,5725,14
14312,5726,14
14313,5726,12
14314,5726,13
14315,5726,11
14316,5727,43
14317,5727,44
14318,5728,38
14319,5728,37
14320,5729,45
14321,5730,25
14322,5730,23
14323,5731,32
14324,5731,31
14325,5732,46
14326,5733,31
14327,5733,33
14328,5733,32
14329,5734,14
14330,5734,12
14331,5734,11
14332,5734,13
14333,5735,48
14334,5735,47
14335,5736,46
14336,5737,24
14337,5737,25
14338,5738,42
14339,5738,41
14340,5738,40
14341,5739,31
14342,5739,33
14343,5740,8
14344,5740,7
14345,5740,6
14346,5741,25
14347,5741,24
14348,5741,23
14349,5741,26
14350,5742,8
14351,5742,6
14352,5742,10
14353,5743,27
14354,5743,30
14355,5744,46
14356,5745,28
14357,5745,29
14358,5746,29
14359,5746,28
14360,5746,30
14361,5747,47
14362,5747,48
14363,5748,34
14364,5748,36
14365,5749,13
14366,5749,14
14367,5749,12
14368,5749,11
14369,5750,45
14370,5751,48
14371,5751,47
14372,5752,17
14373,5752,16
14374,5752,18
14375,5753,25
14376,5753,24
14377,5753,23
14378,5754,45
14379,5755,33
14380,5755,32
14381,5755,31
14382,5756,38
14383,5756,37
14384,5756,39
14385,5757,19
14386,5757,21
14387,5758,24
14388,5758,26
14389,5759,24
14390,5759,26
14391,5759,23
14392,5759,25
14393,5760,5
14394,5760,2
14395,5760,1
14396,5761,45
14397,5762,44
14398,5762,43
14399,5763,36
14400,5763,35
14401,5764,40
14402,5764,41
14403,5764,42
14404,5765,34
14405,5765,35
14406,5765,36
14407,5766,6
14408,5766,8
14409,5766,9
14410,5767,25
14411,5767,26
14412,5767,24
14413,5767,23
14414,5768,38
14415,5768,37
14416,5769,38
14417,5769,37
14418,5769,39
14419,5770,37
14420,5770,38
14421,5770,39
14422,5771,36
14423,5771,35
14424,5771,34
14425,5772,24
14426,5772,23
14427,5772,25
14428,5772,26
14429,5773,45
14430,5774,17
14431,5774,18
14432,5774,15
14433,5774,16
14434,5775,11
14435,5775,13
14436,5775,14
14437,5775,12
14438,5776,27
14439,5776,30
14440,5777,4
14441,5777,2
14442,5778,46
14443,5779,16
14444,5779,17
14445,5779,18
14446,5780,43
14447,5780,44
14448,5781,45
14449,5782,46
14450,5783,38
14451,5783,39
14452,5783,37
14453,5784,16
14454,5784,15
14455,5785,34
14456,5785,35
14457,5786,15
14458,5786,18
14459,5786,17
14460,5786,16
14461,5787,1
14462,5787,4
14463,5787,5
14464,5788,39
14465,5788,38
14466,5789,15
14467,5789,17
14468,5790,46
14469,5791,20
14470,5791,21
14471,5791,19
14472,5792,19
14473,5792,22
14474,5792,20
14475,5792,21
14476,5793,22
14477,5793,20
14478,5793,21
14479,5794,35
14480,5794,34
14481,5795,24
14482,5795,23
14483,5795,25
14484,5796,11
14485,5796,13
14486,5796,14
14487,5797,46
14488,5798,45
14489,5799,43
14490,5799,44
14491,5800,20
14492,5800,19
14493,5800,22
14494,5800,21
14495,5801,43
14496,5801,44
14497,5802,45
14498,5803,14
14499,5803,11
14500,5803,13
14501,5804,28
14502,5804,27
14503,5805,46
14504,5806,28
14505,5806,29
14506,5806,27
14507,5807,38
14508,5807,39
14509,5807,37
14510,5808,38
14511,5808,37
14512,5808,39
14513,5809,34
14514,5809,35
14515,5809,36
14516,5810,42
14517,5810,40
14518,5811,13
14519,5811,11
14520,5811,12
14521,5812,35
14522,5812,34
14523,5812,36
14524,5813,7
14525,5813,9
14526,5814,37
14527,5814,39
14528,5815,35
14529,5815,36
14530,5816,21
14531,5816,19
14532,5816,20
14533,5816,22
14534,5817,46
14535,5818,39
14536,5818,37
14537,5818,38
14538,5819,25
14539,5819,26
14540,5819,23
14541,5819,24
14542,5820,45
14543,5821,23
14544,5821,26
14545,5822,20
14546,5822,22
14547,5822,19
14548,5823,38
14549,5823,37
14550,5823,39
14551,5824,1
14552,5824,5
14553,5825,48
14554,5825,47
14555,5826,46
14556,5827,45
14557,5828,37
14558,5828,38
14559,5828,39
14560,5829,44
14561,5829,43
14562,5830,2
14563,5830,5
14564,5831,47
14565,5831,48
14566,5832,15
14567,5832,18
14568,5833,38
14569,5833,37
14570,5833,39
14571,5834,47
14572,5834,48
14573,5835,27
14574,5835,29
14575,5835,28
14576,5835,30
14577,5836,34
14578,5836,35
14579,5836,36
14580,5837,36
14581,5837,35
14582,5838,48
14583,5838,47
14584,5839,44
14585,5839,43
14586,5840,1
14587,5840,3
14588,5840,4
14589,5841,48
14590,5841,47
14591,5842,46
14592,5843,46
14593,5844,45
14594,5845,4
14595,5845,2
14596,5845,3
14597,5846,10
14598,5846,8
14599,5846,6
14600,5846,7
14601,5847,43
14602,5847,44
14603,5848,44
14604,5848,43
14605,5849,47
14606,5849,48
14607,5850,22
14608,5850,20
14609,5851,13
14610,5851,14
14611,5852,10
14612,5852,9
14613,5852,8
14614,5852,6
14615,5853,12
14616,5853,11
14617,5853,14
14618,5853,13
14619,5854,45
14620,5855,19
14621,5855,20
14622,5856,13
14623,5856,12
14624,5857,35
14625,5857,36
14626,5857,34
14627,5858,45
14628,5859,48
14629,5859,47
14630,5860,19
14631,5860,21
14632,5860,22
14633,5861,19
14634,5861,22
14635,5861,20
14636,5861,21
14637,5862,32
14638,5862,31
14639,5862,33
14640,5863,26
14641,5863,25
14642,5863,23
14643,5864,47
14644,5864,48
14645,5865,10
14646,5865,9
14647,5866,18
14648,5866,16
14649,5866,17
14650,5867,38
14651,5867,37
14652,5867,39
14653,5868,33
14654,5868,31
14655,5868,32
14656,5869,34
14657,5869,36
14658,5870,9
14659,5870,10
14660,5870,6
14661,5871,1
14662,5871,5
14663,5871,3
14664,5871,2
14665,5872,24
14666,5872,23
14667,5872,25
14668,5872,26
14669,5873,35
14670,5873,34
14671,5874,32
14672,5874,33
14673,5874,31
14674,5875,14
14675,5875,11
14676,5875,13
14677,5876,13
14678,5876,11
14679,5876,12
14680,5877,30
14681,5877,27
14682,5877,29
14683,5877,28
14684,5878,46
14685,5879,45
14686,5880,36
14687,5880,34
14688,5880,35
14689,5881,18
14690,5881,16
14691,5882,42
14692,5882,40
14693,5882,41
14694,5883,42
14695,5883,41
14696,5884,48
14697,5884,47
14698,5885,41
14699,5885,40
14700,5885,42
14701,5886,46
14702,5887,45
14703,5888,18
14704,5888,15
14705,5888,16
14706,5888,17
14707,5889,48
14708,5889,47
14709,5890,46
14710,5891,46
14711,5892,46
14712,5893,46
14713,5894,5
14714,5894,1
14715,5894,3
14716,5895,35
14717,5895,36
14718,5895,34
14719,5896,14
14720,5896,13
14721,5896,11
14722,5897,33
14723,5897,32
14724,5898,38
14725,5898,37
14726,5898,39
14727,5899,5
14728,5899,3
14729,5899,1
14730,5900,26
14731,5900,24
14732,5900,25
14733,5901,28
14734,5901,27
14735,5901,30
14736,5902,43
14737,5902,44
14738,5903,17
14739,5903,18
14740,5904,45
14741,5905,30
14742,5905,28
14743,5906,36
14744,5906,34
14745,5907,43
14746,5907,44
14747,5908,44
14748,5908,43
14749,5909,25
14750,5909,26
14751,5910,21
14752,5910,19
14753,5911,18
14754,5911,16
14755,5912,14
14756,5912,11
14757,5912,12
14758,5913,36
14759,5913,35
14760,5913,34
14761,5914,29
14762,5914,27
14763,5914,30
14764,5915,33
14765,5915,32
14766,5916,16
14767,5916,15
14768,5916,17
14769,5917,47
14770,5917,48
14771,5918,36
14772,5918,35
14773,5919,45
14774,5920,13
14775,5920,12
14776,5920,11
14777,5921,45
14778,5922,7
14779,5922,9
14780,5922,6
14781,5923,3
14782,5923,1
14783,5923,2
14784,5924,47
14785,5924,48
14786,5925,34
14787,5925,36
14788,5925,35
14789,5926,18
14790,5926,16
14791,5926,17
14792,5926,15
14793,5927,44
14794,5927,43
14795,5928,31
14796,5928,33
14797,5929,41
14798,5929,40
14799,5930,45
14800,5931,47
14801,5931,48
14802,5932,12
14803,5932,13
14804,5933,36
14805,5933,35
14806,5934,36
14807,5934,35
14808,5935,26
14809,5935,24
14810,5935,25
14811,5936,10
14812,5936,9
14813,5937,3
14814,5937,2
14815,5937,5
14816,5938,34
14817,5938,35
14818,5938,36
14819,5939,15
14820,5939,18
14821,5939,16
14822,5939,17
14823,5940,6
14824,5940,7
14825,5940,9
14826,5941,29
14827,5941,27
14828,5941,28
14829,5941,30
14830,5942,6
14831,5942,7
14832,5942,9
14833,5943,33
14834,5943,31
14835,5943,32
14836,5944,35
14837,5944,36
14838,5944,34
14839,5945,46
14840,5946,27
14841,5946,28
14842,5946,29
14843,5946,30
14844,5947,28
14845,5947,27
14846,5947,29
14847,5947,30
14848,5948,35
14849,5948,36
14850,5948,34
14851,5949,38
14852,5949,37
14853,5949,39
14854,5950,3
14855,5950,1
14856,5950,4
14857,5950,5
14858,5951,18
14859,5951,15
14860,5951,17
14861,5951,16
14862,5952,18
14863,5952,15
14864,5952,16
14865,5952,17
14866,5953,45
14867,5954,3
14868,5954,2
14869,5954,4
14870,5954,1
14871,5955,6
14872,5955,10
14873,5955,9
14874,5956,48
14875,5956,47
14876,5957,33
14877,5957,31
14878,5957,32
14879,5958,41
14880,5958,40
14881,5958,42
14882,5959,29
14883,5959,27
14884,5960,17
14885,5960,16
14886,5960,15
14887,5960,18
14888,5961,15
14889,5961,18
14890,5961,16
14891,5962,47
14892,5962,48
14893,5963,42
14894,5963,41
14895,5963,40
14896,5964,48
14897,5964,47
14898,5965,41
14899,5965,40
14900,5965,42
14901,5966,16
14902,5966,17
14903,5966,18
14904,5966,15
14905,5967,39
14906,5967,38
14907,5967,37
14908,5968,19
14909,5968,21
14910,5969,42
14911,5969,40
14912,5969,41
14913,5970,31
14914,5970,33
14915,5970,32
14916,5971,4
14917,5971,5
14918,5971,3
14919,5971,1
14920,5972,42
14921,5972,41
14922,5973,22
14923,5973,20
14924,5974,20
14925,5974,21
14926,5974,22
14927,5975,15
14928,5975,18
14929,5975,16
14930,5976,47
14931,5976,48
14932,5977,25
14933,5977,23
14934,5977,24
14935,5977,26
14936,5978,41
14937,5978,42
14938,5979,44
14939,5979,43
14940,5980,27
14941,5980,30
14942,5980,29
14943,5980,28
14944,5981,29
14945,5981,30
14946,5982,11
14947,5982,14
14948,5983,42
14949,5983,40
14950,5983,41
14951,5984,36
14952,5984,35
14953,5984,34
14954,5985,23
14955,5985,26
14956,5986,28
14957,5986,27
14958,5986,29
14959,5986,30
14960,5987,39
14961,5987,38
14962,5988,45
14963,5989,47
14964,5989,48
14965,5990,14
14966,5990,12
14967,5991,43
14968,5991,44
14969,5992,8
14970,5992,10
14971,5992,7
14972,5993,14
14973,5993,11
14974,5994,46
14975,5995,38
14976,5995,39
14977,5995,37
14978,5996,17
14979,5996,15
14980,5996,16
14981,5997,2
14982,5997,1
14983,5997,5
14984,5997,4
14985,5998,6
14986,5998,8
14987,5998,10
14988,5999,1
14989,5999,3
14990,6000,45
14991,6001,32
14992,6001,31
14993,6001,33
14994,6002,9
14995,6002,10
14996,6002,8
14997,6002,7
14998,6003,21
14999,6003,19
15000,6003,22
15001,6004,45
15002,6005,24
15003,6005,26
15004,6005,23
15005,6006,47
15006,6006,48
15007,6007,38
15008,6007,39
15009,6008,14
15010,6008,11
15011,6008,13
15012,6008,12
15013,6009,25
15014,6009,26
15015,6009,23
15016,6009,24
15017,6010,47
15018,6010,48
15019,6011,44
15020,6011,43
15021,6012,36
15022,6012,35
15023,6013,38
15024,6013,37
15025,6013,39
15026,6014,23
15027,6014,24
15028,6015,46
15029,6016,18
15030,6016,16
15031,6016,15
15032,6017,32
15033,6017,31
15034,6018,17
15035,6018,15
15036,6019,31
15037,6019,32
15038,6019,33
15039,6020,19
15040,6020,22
15041,6021,16
15042,6021,17
15043,6021,15
15044,6021,18
15045,6022,7
15046,6022,8
15047,6023,29
15048,6023,28
15049,6023,30
15050,6023,27
15051,6024,33
15052,6024,32
15053,6025,34
15054,6025,36
15055,6025,35
15056,6026,37
15057,6026,38
15058,6026,39
15059,6027,28
15060,6027,27
15061,6027,29
15062,6027,30
15063,6028,32
15064,6028,31
15065,6028,33
15066,6029,19
15067,6029,21
15068,6030,48
15069,6030,47
15070,6031,34
15071,6031,35
15072,6031,36
15073,6032,21
15074,6032,20
15075,6033,17
15076,6033,16
15077,6034,10
15078,6034,8
15079,6034,6
15080,6035,44
15081,6035,43
15082,6036,48
15083,6036,47
15084,6037,8
15085,6037,10
15086,6037,7
15087,6037,6
15088,6038,23
15089,6038,26
15090,6038,24
15091,6039,35
15092,6039,36
15093,6040,17
15094,6040,16
15095,6040,18
15096,6041,23
15097,6041,26
15098,6041,24
15099,6042,3
15100,6042,2
15101,6043,16
15102,6043,15
15103,6044,36
15104,6044,35
15105,6044,34
15106,6045,45
15107,6046,10
15108,6046,9
15109,6047,1
15110,6047,3
15111,6047,5
15112,6047,4
15113,6048,26
15114,6048,25
15115,6048,23
15116,6049,33
15117,6049,32
15118,6050,12
15119,6050,14
15120,6051,18
15121,6051,16
15122,6052,48
15123,6052,47
15124,6053,10
15125,6053,7
15126,6054,34
15127,6054,35
15128,6054,36
15129,6055,29
15130,6055,27
15131,6055,28
15132,6055,30
15133,6056,9
15134,6056,6
15135,6057,13
15136,6057,11
15137,6058,45
15138,6059,29
15139,6059,27
15140,6059,28
15141,6059,30
15142,6060,46
15143,6061,33
15144,6061,32
15145,6061,31
15146,6062,35
15147,6062,36
15148,6062,34
15149,6063,41
15150,6063,42
15151,6063,40
15152,6064,33
15153,6064,31
15154,6065,3
15155,6065,1
15156,6065,5
15157,6066,32
15158,6066,33
15159,6067,33
15160,6067,31
15161,6068,42
15162,6068,41
15163,6068,40
15164,6069,9
15165,6069,8
15166,6069,6
15167,6069,7
15168,6070,9
15169,6070,10
15170,6071,22
15171,6071,19
15172,6071,21
15173,6071,20
15174,6072,20
15175,6072,21
15176,6073,19
15177,6073,22
15178,6074,45
15179,6075,46
15180,6076,11
15181,6076,14
15182,6076,12
15183,6076,13
15184,6077,23
15185,6077,25
15186,6077,26
15187,6078,31
15188,6078,32
15189,6079,44
15190,6079,43
15191,6080,45
15192,6081,46
15193,6082,46
15194,6083,13
15195,6083,11
15196,6083,12
15197,6083,14
15198,6084,44
15199,6084,43
15200,6085,39
15201,6085,37
15202,6085,38
15203,6086,8
15204,6086,10
15205,6086,9
15206,6087,6
15207,6087,9
15208,6088,16
15209,6088,17
15210,6088,15
15211,6088,18
15212,6089,35
15213,6089,34
15214,6090,47
15215,6090,48
15216,6091,20
15217,6091,19
15218,6091,21
15219,6092,14
15220,6092,13
15221,6092,12
15222,6093,39
15223,6093,37
15224,6093,38
15225,6094,43
15226,6094,44
15227,6095,18
15228,6095,16
15229,6095,15
15230,6096,22
15231,6096,19
15232,6096,21
15233,6096,20
15234,6097,12
15235,6097,14
15236,6097,11
15237,6097,13
15238,6098,22
15239,6098,21
15240,6098,20
15241,6099,35
15242,6099,34
15243,6099,36
15244,6100,35
15245,6100,36
15246,6100,34
15247,6101,30
15248,6101,28
15249,6101,27
15250,6102,38
15251,6102,39
15252,6102,37
15253,6103,37
15254,6103,38
15255,6104,7
15256,6104,8
15257,6105,34
15258,6105,35
15259,6106,27
15260,6106,29
15261,6106,28
15262,6106,30
15263,6107,38
15264,6107,37
15265,6107,39
15266,6108,46
15267,6109,44
15268,6109,43
15269,6110,33
15270,6110,31
15271,6111,35
15272,6111,36
15273,6112,14
15274,6112,13
15275,6112,12
15276,6113,12
15277,6113,13
15278,6113,14
15279,6113,11
15280,6114,19
15281,6114,22
15282,6115,33
15283,6115,32
15284,6116,2
15285,6116,5
15286,6116,1
15287,6116,3
15288,6117,6
15289,6117,8
15290,6118,13
15291,6118,14
15292,6119,47
15293,6119,48
15294,6120,35
15295,6120,34
15296,6121,38
15297,6121,37
15298,6121,39
15299,6122,43
15300,6122,44
15301,6123,40
15302,6123,42
15303,6123,41
15304,6124,29
15305,6124,28
15306,6124,30
15307,6125,48
15308,6125,47
15309,6126,8
15310,6126,6
15311,6126,9
15312,6126,7
15313,6127,40
15314,6127,41
15315,6127,42
15316,6128,24
15317,6128,26
15318,6128,25
15319,6128,23
15320,6129,8
15321,6129,7
15322,6129,9
15323,6130,28
15324,6130,27
15325,6130,29
15326,6130,30
15327,6131,9
15328,6131,6
15329,6131,8
15330,6131,10
15331,6132,26
15332,6132,23
15333,6133,45
15334,6134,20
15335,6134,21
15336,6134,22
15337,6135,3
15338,6135,4
15339,6135,5
15340,6135,1
15341,6136,18
15342,6136,15
15343,6136,16
15344,6136,17
15345,6137,22
15346,6137,20
15347,6137,19
15348,6138,44
15349,6138,43
15350,6139,36
15351,6139,35
15352,6139,34
15353,6140,24
15354,6140,23
15355,6141,43
15356,6141,44
15357,6142,23
15358,6142,25
15359,6142,26
15360,6143,39
15361,6143,38
15362,6143,37
15363,6144,42
15364,6144,41
15365,6145,16
15366,6145,18
15367,6145,17
15368,6145,15
15369,6146,11
15370,6146,12
15371,6146,14
15372,6146,13
15373,6147,45
15374,6148,42
15375,6148,41
15376,6148,40
15377,6149,46
15378,6150,35
15379,6150,34
15380,6150,36
15381,6151,28
15382,6151,27
15383,6151,30
15384,6152,9
15385,6152,10
15386,6153,28
15387,6153,27
15388,6154,31
15389,6154,33
15390,6155,19
15391,6155,20
15392,6156,44
15393,6156,43
15394,6157,43
15395,6157,44
15396,6158,40
15397,6158,41
15398,6158,42
15399,6159,46
15400,6160,47
15401,6160,48
15402,6161,44
15403,6161,43
15404,6162,16
15405,6162,15
15406,6163,44
15407,6163,43
15408,6164,21
15409,6164,19
15410,6165,35
15411,6165,34
15412,6166,15
15413,6166,17
15414,6166,18
15415,6167,33
15416,6167,32
15417,6167,31
15418,6168,42
15419,6168,40
15420,6169,41
15421,6169,40
15422,6169,42
15423,6170,48
15424,6170,47
15425,6171,9
15426,6171,7
15427,6171,10
15428,6171,8
15429,6172,2
15430,6172,3
15431,6172,1
15432,6173,32
15433,6173,33
15434,6173,31
15435,6174,20
15436,6174,19
15437,6174,22
15438,6174,21
15439,6175,39
15440,6175,37
15441,6175,38
15442,6176,19
15443,6176,20
15444,6176,22
15445,6177,3
15446,6177,4
15447,6178,42
15448,6178,41
15449,6178,40
15450,6179,5
15451,6179,2
15452,6179,1
15453,6179,4
15454,6180,33
15455,6180,31
15456,6180,32
15457,6181,31
15458,6181,32
15459,6181,33
15460,6182,37
15461,6182,39
15462,6183,3
15463,6183,5
15464,6183,2
15465,6184,40
15466,6184,41
15467,6184,42
15468,6185,18
15469,6185,15
15470,6185,16
15471,6186,4
15472,6186,5
15473,6186,3
15474,6187,1
15475,6187,5
15476,6187,4
15477,6187,3
15478,6188,40
15479,6188,42
15480,6188,41
15481,6189,43
15482,6189,44
15483,6190,48
15484,6190,47
15485,6191,36
15486,6191,34
15487,6192,41
15488,6192,42
15489,6192,40
15490,6193,20
15491,6193,19
15492,6193,21
15493,6194,15
15494,6194,17
15495,6195,2
15496,6195,3
15497,6195,5
15498,6196,32
15499,6196,31
15500,6197,18
15501,6197,17
15502,6197,15
15503,6198,28
15504,6198,27
15505,6198,29
15506,6198,30
15507,6199,43
15508,6199,44
15509,6200,30
15510,6200,29
15511,6200,28
15512,6201,45
15513,6202,45
15514,6203,3
15515,6203,2
15516,6203,1
15517,6203,4
15518,6204,43
15519,6204,44
15520,6205,46
15521,6206,42
15522,6206,40
15523,6206,41
15524,6207,45
15525,6208,44
15526,6208,43
15527,6209,48
15528,6209,47
15529,6210,1
15530,6210,2
15531,6210,3
15532,6211,45
15533,6212,37
15534,6212,38
15535,6212,39
15536,6213,47
15537,6213,48
15538,6214,24
15539,6214,25
15540,6214,23
15541,6215,37
15542,6215,39
15543,6215,38
15544,6216,22
15545,6216,19
15546,6216,20
15547,6217,48
15548,6217,47
15549,6218,33
15550,6218,31
15551,6219,45
15552,6220,9
15553,6220,10
15554,6221,2
15555,6221,4
15556,6222,48
15557,6222,47
15558,6223,44
15559,6223,43
15560,6224,23
15561,6224,26
15562,6224,25
15563,6225,5
15564,6225,2
15565,6226,32
15566,6226,33
15567,6226,31
15568,6227,20
15569,6227,21
15570,6227,22
15571,6228,47
15572,6228,48
15573,6229,47
15574,6229,48
15575,6230,46
15576,6231,1
15577,6231,3
15578,6231,5
15579,6232,20
15580,6232,21
15581,6232,19
15582,6233,48
15583,6233,47
15584,6234,17
15585,6234,15
15586,6234,18
15587,6235,1
15588,6235,3
15589,6235,2
15590,6235,5
15591,6236,13
15592,6236,14
15593,6236,11
15594,6236,12
15595,6237,28
15596,6237,30
15597,6237,29
15598,6237,27
15599,6238,14
15600,6238,12
15601,6238,13
15602,6239,29
15603,6239,28
15604,6240,37
15605,6240,39
15606,6241,36
15607,6241,34
15608,6241,35
15609,6242,28
15610,6242,27
15611,6242,30
15612,6243,44
15613,6243,43
15614,6244,15
15615,6244,18
15616,6244,16
15617,6245,19
15618,6245,21
15619,6246,48
15620,6246,47
15621,6247,48
15622,6247,47
15623,6248,47
15624,6248,48
15625,6249,45
15626,6250,20
15627,6250,21
15628,6250,22
15629,6251,33
15630,6251,32
15631,6251,31
15632,6252,30
15633,6252,29
15634,6252,27
15635,6253,16
15636,6253,18
15637,6253,15
15638,6253,17
15639,6254,25
15640,6254,24
15641,6254,23
15642,6255,31
15643,6255,33
15644,6255,32
15645,6256,17
15646,6256,16
15647,6256,18
15648,6257,26
15649,6257,25
15650,6257,23
15651,6257,24
15652,6258,46
15653,6259,13
15654,6259,11
15655,6259,14
15656,6260,43
15657,6260,44
15658,6261,39
15659,6261,38
15660,6261,37
15661,6262,44
15662,6262,43
15663,6263,3
15664,6263,4
15665,6263,2
15666,6264,46
15667,6265,45
15668,6266,44
15669,6266,43
15670,6267,40
15671,6267,41
15672,6267,42
15673,6268,26
15674,6268,23
15675,6268,24
15676,6268,25
15677,6269,43
15678,6269,44
15679,6270,46
15680,6271,45
15681,6272,42
15682,6272,41
15683,6272,40
15684,6273,3
15685,6273,1
15686,6274,47
15687,6274,48
15688,6275,30
15689,6275,28
15690,6276,17
15691,6276,16
15692,6276,15
15693,6276,18
15694,6277,44
15695,6277,43
15696,6278,46
15697,6279,34
15698,6279,35
15699,6279,36
15700,6280,41
15701,6280,42
15702,6280,40
15703,6281,38
15704,6281,39
15705,6281,37
15706,6282,43
15707,6282,44
15708,6283,35
15709,6283,34
15710,6283,36
15711,6284,15
15712,6284,16
15713,6284,18
15714,6284,17
15715,6285,1
15716,6285,4
15717,6285,5
15718,6286,43
15719,6286,44
15720,6287,16
15721,6287,17
15722,6287,18
15723,6287,15
15724,6288,41
15725,6288,40
15726,6288,42
15727,6289,2
15728,6289,5
15729,6289,4
15730,6290,20
15731,6290,19
15732,6290,21
15733,6290,22
15734,6291,37
15735,6291,39
15736,6291,38
15737,6292,36
15738,6292,34
15739,6292,35
15740,6293,44
15741,6293,43
15742,6294,38
15743,6294,39
15744,6294,37
15745,6295,13
15746,6295,12
15747,6296,39
15748,6296,37
15749,6296,38
15750,6297,47
15751,6297,48
15752,6298,33
15753,6298,31
15754,6298,32
15755,6299,44
15756,6299,43
15757,6300,29
15758,6300,27
15759,6301,20
15760,6301,19
15761,6302,35
15762,6302,34
15763,6302,36
15764,6303,15
15765,6303,18
15766,6303,17
15767,6304,9
15768,6304,8
15769,6304,10
15770,6305,47
15771,6305,48
15772,6306,45
15773,6307,41
15774,6307,42
15775,6307,40
15776,6308,26
15777,6308,24
15778,6309,40
15779,6309,41
15780,6310,20
15781,6310,19
15782,6311,46
15783,6312,45
15784,6313,32
15785,6313,33
15786,6314,35
15787,6314,36
15788,6314,34
15789,6315,44
15790,6315,43
15791,6316,45
15792,6317,15
15793,6317,17
15794,6317,18
15795,6318,26
15796,6318,24
15797,6318,25
15798,6319,39
15799,6319,37
15800,6319,38
15801,6320,42
15802,6320,40
15803,6321,16
15804,6321,18
15805,6321,17
15806,6322,1
15807,6322,2
15808,6322,4
15809,6322,5
15810,6323,16
15811,6323,18
15812,6324,5
15813,6324,1
15814,6325,40
15815,6325,42
15816,6325,41
15817,6326,42
15818,6326,40
15819,6326,41
15820,6327,13
15821,6327,14
15822,6328,26
15823,6328,25
15824,6328,23
15825,6328,24
15826,6329,44
15827,6329,43
15828,6330,3
15829,6330,5
15830,6331,11
15831,6331,12
15832,6332,38
15833,6332,37
15834,6333,30
15835,6333,29
15836,6333,27
15837,6333,28
15838,6334,31
15839,6334,32
15840,6334,33
15841,6335,25
15842,6335,23
15843,6336,27
15844,6336,28
15845,6337,46
15846,6338,45
15847,6339,45
15848,6340,39
15849,6340,38
15850,6340,37
15851,6341,46
15852,6342,43
15853,6342,44
15854,6343,46
15855,6344,34
15856,6344,36
15857,6345,30
15858,6345,28
15859,6345,27
15860,6346,41
15861,6346,40
15862,6347,7
15863,6347,10
15864,6347,9
15865,6348,38
15866,6348,37
15867,6348,39
15868,6349,23
15869,6349,26
15870,6349,24
15871,6349,25
15872,6350,41
15873,6350,40
15874,6350,42
15875,6351,46
15876,6352,48
15877,6352,47
15878,6353,45
15879,6354,30
15880,6354,28
15881,6354,27
15882,6354,29
15883,6355,39
15884,6355,37
15885,6355,38
15886,6356,16
15887,6356,17
15888,6356,18
15889,6356,15
15890,6357,20
15891,6357,22
15892,6358,27
15893,6358,28
15894,6358,30
15895,6358,29
15896,6359,46
15897,6360,17
15898,6360,16
15899,6360,15
15900,6361,45
15901,6362,24
15902,6362,25
15903,6363,1
15904,6363,4
15905,6364,47
15906,6364,48
15907,6365,22
15908,6365,19
15909,6366,35
15910,6366,36
15911,6367,45
15912,6368,20
15913,6368,22
15914,6368,21
15915,6368,19
15916,6369,33
15917,6369,32
15918,6370,2
15919,6370,5
15920,6371,46
15921,6372,38
15922,6372,37
15923,6372,39
15924,6373,4
15925,6373,5
15926,6373,1
15927,6374,14
15928,6374,11
15929,6374,13
15930,6375,43
15931,6375,44
15932,6376,16
15933,6376,17
15934,6376,18
15935,6377,46
15936,6378,45
15937,6379,31
15938,6379,33
15939,6380,23
15940,6380,25
15941,6380,26
15942,6381,16
15943,6381,18
15944,6382,25
15945,6382,24
15946,6382,26
15947,6382,23
15948,6383,48
15949,6383,47
15950,6384,23
15951,6384,24
15952,6385,29
15953,6385,28
15954,6386,39
15955,6386,37
15956,6386,38
15957,6387,31
15958,6387,32
15959,6387,33
15960,6388,30
15961,6388,29
15962,6389,45
15963,6390,46
15964,6391,17
15965,6391,15
15966,6392,32
15967,6392,31
15968,6392,33
15969,6393,26
15970,6393,25
15971,6393,24
15972,6393,23
15973,6394,45
15974,6395,1
15975,6395,5
15976,6395,3
15977,6395,2
15978,6396,10
15979,6396,8
15980,6396,6
15981,6396,7
15982,6397,30
15983,6397,27
15984,6397,28
15985,6398,44
15986,6398,43
15987,6399,28
15988,6399,29
15989,6399,30
15990,6399,27
15991,6400,23
15992,6400,24
15993,6401,12
15994,6401,13
15995,6401,11
15996,6402,45
15997,6403,36
15998,6403,35
15999,6403,34
16000,6404,46
16001,6405,46
16002,6406,36
16003,6406,35
16004,6406,34
16005,6407,5
16006,6407,2
16007,6408,44
16008,6408,43
16009,6409,2
16010,6409,5
16011,6409,3
16012,6409,1
16013,6410,24
16014,6410,26
16015,6410,23
16016,6411,15
16017,6411,18
16018,6412,30
16019,6412,27
16020,6413,25
16021,6413,26
16022,6413,24
16023,6413,23
16024,6414,41
16025,6414,42
16026,6414,40
16027,6415,35
16028,6415,34
16029,6416,38
16030,6416,39
16031,6416,37
16032,6417,43
16033,6417,44
16034,6418,33
16035,6418,31
16036,6419,48
16037,6419,47
16038,6420,37
16039,6420,38
16040,6420,39
16041,6421,10
16042,6421,6
16043,6422,43
16044,6422,44
16045,6423,23
16046,6423,25
16047,6423,26
16048,6424,29
16049,6424,27
16050,6424,28
16051,6425,18
16052,6425,16
16053,6426,1
16054,6426,4
16055,6427,46
16056,6428,16
16057,6428,17
16058,6428,18
16059,6429,30
16060,6429,27
16061,6429,28
16062,6429,29
16063,6430,45
16064,6431,14
16065,6431,12
16066,6432,45
16067,6433,19
16068,6433,21
16069,6434,37
16070,6434,38
16071,6434,39
16072,6435,8
16073,6435,10
16074,6435,7
16075,6436,12
16076,6436,13
16077,6436,11
16078,6437,8
16079,6437,6
16080,6437,7
16081,6437,9
16082,6438,47
16083,6438,48
16084,6439,38
16085,6439,37
16086,6440,45
16087,6441,45
16088,6442,46
16089,6443,48
16090,6443,47
16091,6444,13
16092,6444,12
16093,6444,11
16094,6445,5
16095,6445,2
16096,6445,1
16097,6446,25
16098,6446,24
16099,6446,23
16100,6446,26
16101,6447,8
16102,6447,9
16103,6447,7
16104,6447,10
16105,6448,42
16106,6448,41
16107,6448,40
16108,6449,37
16109,6449,38
16110,6449,39
16111,6450,44
16112,6450,43
16113,6451,47
16114,6451,48
16115,6452,19
16116,6452,20
16117,6452,22
16118,6453,23
16119,6453,25
16120,6453,24
16121,6454,14
16122,6454,13
16123,6454,11
16124,6454,12
16125,6455,11
16126,6455,12
16127,6455,13
16128,6455,14
16129,6456,11
16130,6456,12
16131,6456,13
16132,6457,25
16133,6457,23
16134,6457,26
16135,6458,1
16136,6458,3
16137,6459,19
16138,6459,21
16139,6459,20
16140,6460,4
16141,6460,2
16142,6460,3
16143,6461,40
16144,6461,41
16145,6461,42
16146,6462,21
16147,6462,19
16148,6462,22
16149,6462,20
16150,6463,13
16151,6463,12
16152,6463,14
16153,6464,26
16154,6464,24
16155,6464,25
16156,6464,23
16157,6465,13
16158,6465,11
16159,6466,26
16160,6466,24
16161,6467,36
16162,6467,34
16163,6467,35
16164,6468,28
16165,6468,29
16166,6468,30
16167,6468,27
16168,6469,46
16169,6470,10
16170,6470,9
16171,6470,7
16172,6471,37
16173,6471,39
16174,6471,38
16175,6472,33
16176,6472,31
16177,6472,32
16178,6473,4
16179,6473,3
16180,6473,2
16181,6473,5
16182,6474,47
16183,6474,48
16184,6475,11
16185,6475,14
16186,6475,13
16187,6476,48
16188,6476,47
16189,6477,48
16190,6477,47
16191,6478,45
16192,6479,13
16193,6479,14
16194,6479,11
16195,6479,12
16196,6480,7
16197,6480,6
16198,6481,38
16199,6481,37
16200,6481,39
16201,6482,7
16202,6482,8
16203,6482,9
16204,6482,10
16205,6483,17
16206,6483,18
16207,6484,5
16208,6484,4
16209,6485,24
16210,6485,25
16211,6485,26
