worker_id,full_name,phone,gender,preferred_language,experience_years,travel_radius_km,average_rating,verification_status,availability_status,location_id,created_at,updated_at
1,aabid,9491212694,Female,English,15,31,4.03,Verified,Available,475,2025-08-03,2025-08-03
2,aabida,7829413137,Female,English,9,38,4.35,Pending,Offline,782,2025-05-17,2025-05-17
3,aachal,7842310800,Female,English,20,33,3.8,Verified,Busy,440,2025-10-03,2025-10-03
4,aadesh,8511526262,Female,Telugu,6,44,4.72,Pending,Busy,247,2025-02-05,2025-02-05
5,aadil,7244720191,Male,Telugu,0,29,3.74,Verified,Available,105,2025-09-20,2025-09-20
6,aadish,8007682893,Male,English,1,18,4.8,Pending,Busy,391,2025-09-25,2025-09-25
7,aaditya,6808060187,Female,English,9,48,3.76,Pending,Busy,496,2025-05-24,2025-05-24
8,aaenab,7195381172,Male,Malayalam,0,39,3.77,Pending,Offline,590,2025-05-27,2025-05-27
9,aafreen,6265944998,Male,Telugu,20,44,3.56,Pending,Offline,353,2025-08-20,2025-08-20
10,aafrin,7309538740,Female,Kannada,1,18,4.02,Pending,Busy,248,2025-01-18,2025-01-18
11,aaftaab,8743534218,Male,Kannada,11,37,3.81,Pending,Offline,636,2025-11-14,2025-11-14
12,aaftab,6458064942,Female,Hindi,1,31,4.82,Pending,Offline,102,2025-05-24,2025-05-24
13,aagand,6254844223,Female,Telugu,13,30,3.54,Pending,Busy,194,2025-02-10,2025-02-10
14,aahim,7584959500,Male,English,19,38,4.1,Verified,Busy,17,2025-02-11,2025-02-11
15,aajad,9304542631,Female,Kannada,16,36,4.38,Pending,Offline,280,2025-03-13,2025-03-13
16,aajiv,6993334794,Male,Telugu,17,17,4.03,Verified,Available,391,2025-08-19,2025-08-19
17,aakanksha,8943705056,Male,Malayalam,19,27,3.58,Pending,Busy,103,2025-09-26,2025-09-26
18,aakar,7784871266,Female,Tamil,4,25,4.87,Verified,Offline,145,2025-01-28,2025-01-28
19,aakas,7907680134,Male,Tamil,19,11,4.28,Pending,Available,212,2025-09-24,2025-09-24
20,aakash,8261271392,Male,Telugu,13,20,4.82,Pending,Busy,256,2025-05-05,2025-05-05
21,aakib,7157668785,Male,Tamil,16,35,4.25,Verified,Busy,465,2025-03-09,2025-03-09
22,aalam,7582814830,Male,Hindi,20,7,4.76,Pending,Offline,432,2025-08-20,2025-08-20
23,aalina,9361518549,Male,Tamil,19,27,4.11,Verified,Available,503,2025-05-05,2025-05-05
24,aaliya,9056794440,Male,Hindi,13,44,4.75,Verified,Available,650,2025-04-21,2025-04-21
25,aamil,6917457683,Female,English,20,12,4.03,Verified,Available,549,2025-09-21,2025-09-21
26,aamin,8118116029,Female,Malayalam,0,11,4.5,Pending,Available,272,2025-09-13,2025-09-13
27,aamina,9543537729,Female,English,18,49,4.45,Verified,Available,413,2025-05-05,2025-05-05
28,aamir,6057080172,Female,Malayalam,11,22,4.23,Verified,Available,791,2025-12-28,2025-12-28
29,aamod,8171022280,Female,Kannada,11,6,4.31,Verified,Offline,171,2025-07-20,2025-07-20
30,aamosh,6832034630,Male,English,15,47,4.57,Pending,Offline,144,2025-03-21,2025-03-21
31,aamrin,8670040882,Male,Hindi,19,30,3.83,Pending,Busy,648,2025-11-13,2025-11-13
32,aanad,8281310532,Female,Malayalam,18,26,3.72,Pending,Busy,510,2025-02-04,2025-02-04
33,aanamika,7481232389,Female,Hindi,1,14,3.91,Verified,Available,161,2025-12-29,2025-12-29
34,aanand,9115309267,Male,English,7,10,4.32,Pending,Busy,195,2025-09-12,2025-09-12
35,aanchal,9339658851,Male,Telugu,16,34,3.57,Verified,Offline,692,2025-09-30,2025-09-30
36,aanik,8367135754,Male,Malayalam,10,24,4.71,Verified,Available,26,2025-06-27,2025-06-27
37,aanil,7923643633,Female,Malayalam,0,8,4.83,Verified,Available,491,2025-03-31,2025-03-31
38,aansi,6153415611,Female,Tamil,15,26,3.8,Pending,Busy,653,2025-04-03,2025-04-03
39,aansu,6244468451,Male,English,18,22,3.96,Verified,Available,185,2025-11-05,2025-11-05
40,aanya,6682738238,Male,Tamil,3,11,4.45,Verified,Available,692,2025-11-11,2025-11-11
41,aaradhana,6000379358,Male,Hindi,12,11,3.84,Verified,Busy,539,2025-03-28,2025-03-28
42,aarati,8092323586,Male,Tamil,7,20,3.67,Verified,Offline,536,2025-02-13,2025-02-13
43,aarav,8519444725,Male,Telugu,15,10,3.67,Pending,Busy,598,2025-08-06,2025-08-06
44,aardhna,6629945823,Female,Malayalam,5,14,4.85,Pending,Offline,281,2025-06-12,2025-06-12
45,aarif,8963375708,Female,Kannada,16,28,4.54,Pending,Available,135,2025-07-01,2025-07-01
46,aarifa,6700497618,Female,Malayalam,14,50,4.42,Pending,Available,378,2025-07-22,2025-07-22
47,aarifun,6674687670,Female,Malayalam,18,20,4.86,Verified,Busy,666,2025-11-06,2025-11-06
48,aarju,6063677313,Female,Hindi,1,10,4.27,Verified,Available,529,2025-04-26,2025-04-26
49,aarti,7910860743,Male,Hindi,5,40,3.87,Pending,Offline,75,2025-04-22,2025-04-22
50,aarushi,9565885637,Female,English,13,26,4.36,Verified,Available,219,2025-06-19,2025-06-19
51,aas,7389556457,Female,Malayalam,1,15,3.69,Verified,Available,211,2025-05-30,2025-05-30
52,aasa,8414518288,Female,Tamil,16,26,3.81,Verified,Busy,116,2025-08-01,2025-08-01
53,aash,8680713396,Female,Hindi,16,32,4.35,Verified,Busy,223,2025-09-03,2025-09-03
54,aasha,9934067844,Male,English,20,11,3.9,Pending,Available,621,2025-07-14,2025-07-14
55,aashi,6052558559,Male,English,13,7,4.33,Pending,Offline,378,2025-01-04,2025-01-04
56,aashia,8927412056,Male,Telugu,15,5,4.03,Pending,Offline,358,2025-12-24,2025-12-24
57,aashif,6803936844,Female,Malayalam,17,9,4.57,Verified,Offline,180,2025-04-28,2025-04-28
58,aashik,6890788438,Female,Hindi,8,32,4.64,Verified,Offline,272,2025-05-19,2025-05-19
59,aashis,7003582794,Male,English,12,47,3.93,Verified,Available,326,2025-08-06,2025-08-06
60,aashish,9075306660,Male,Kannada,12,24,3.96,Pending,Offline,368,2025-02-23,2025-02-23
61,aashiya,8894977648,Female,Malayalam,3,26,4.86,Verified,Available,787,2025-04-12,2025-04-12
62,aashma,6018004433,Female,Kannada,1,27,4.53,Pending,Busy,512,2025-08-19,2025-08-19
63,aashu,8291611307,Female,Kannada,5,42,4.33,Verified,Busy,756,2025-04-13,2025-04-13
64,aasif,9012351208,Male,Telugu,2,17,3.55,Verified,Busy,384,2025-03-11,2025-03-11
65,aasim,7510283006,Female,Tamil,9,39,4.4,Pending,Available,775,2025-06-12,2025-06-12
66,aasish,8829320732,Female,Kannada,6,32,4.72,Verified,Offline,525,2025-01-03,2025-01-03
67,aasma,7623586524,Male,Tamil,6,36,4.98,Pending,Offline,248,2025-10-15,2025-10-15
68,aasmin,9791506739,Female,Hindi,4,9,4.79,Pending,Busy,310,2025-05-25,2025-05-25
69,aastha,8393302330,Male,Malayalam,1,30,3.71,Verified,Offline,393,2025-10-12,2025-10-12
70,aasto,9891157508,Male,Tamil,9,19,3.81,Verified,Available,525,2025-06-18,2025-06-18
71,aasu,6466841801,Female,Tamil,3,40,4.63,Verified,Available,151,2025-09-13,2025-09-13
72,aatam,8856879319,Female,Kannada,15,6,4.92,Verified,Available,374,2025-12-21,2025-12-21
73,aatif,7532795957,Male,Malayalam,7,33,4.01,Verified,Offline,601,2025-06-25,2025-06-25
74,aatikun,8875980962,Male,Hindi,0,23,4.81,Pending,Busy,462,2025-11-10,2025-11-10
75,aatir,8113700722,Female,Kannada,12,44,4.33,Verified,Offline,621,2025-11-21,2025-11-21
76,aavesh,8541668502,Female,Malayalam,6,29,4.54,Pending,Busy,326,2025-07-30,2025-07-30
77,aayana,9154425525,Female,Hindi,5,32,4.59,Pending,Available,753,2025-07-04,2025-07-04
78,aayesha,7953415184,Male,Hindi,8,45,4.21,Verified,Offline,248,2025-02-09,2025-02-09
79,aaysha,9690045887,Female,English,7,11,4.72,Verified,Busy,660,2025-01-07,2025-01-07
80,aayush,6900479249,Male,Tamil,19,19,4.09,Pending,Offline,90,2025-06-13,2025-06-13
81,aazad,7002138320,Female,English,20,38,4.82,Pending,Busy,143,2025-03-04,2025-03-04
82,aazadi,6777451311,Female,Telugu,16,17,4.43,Pending,Offline,653,2025-03-19,2025-03-19
83,abash,8541403679,Female,Tamil,8,45,3.97,Pending,Offline,114,2025-12-22,2025-12-22
84,abbal,7551407829,Female,Telugu,2,31,4.18,Verified,Available,241,2025-12-23,2025-12-23
85,abbas,7484704120,Male,Kannada,11,8,4.31,Verified,Available,382,2025-08-29,2025-08-29
86,abdul,9206374619,Female,Tamil,19,22,4.68,Pending,Available,677,2025-04-05,2025-04-05
87,abdulla,6768421193,Male,Malayalam,2,29,4.61,Pending,Busy,254,2025-01-17,2025-01-17
88,abdullah,6623560461,Female,English,4,12,3.72,Verified,Available,455,2025-01-30,2025-01-30
89,abha,9931727272,Male,Telugu,5,24,4.95,Pending,Offline,414,2025-01-02,2025-01-02
90,abhaki,8101657920,Male,Tamil,1,31,3.95,Verified,Offline,162,2025-03-04,2025-03-04
91,abhash,8088167272,Male,English,14,6,4.97,Pending,Busy,572,2025-07-15,2025-07-15
92,abhay,8546750483,Female,Telugu,14,18,4.18,Pending,Busy,426,2025-11-29,2025-11-29
93,abhaysingh,8586902892,Female,English,18,44,4.31,Verified,Busy,189,2025-11-15,2025-11-15
94,abhi,8981045349,Female,Tamil,9,26,4.65,Verified,Available,174,2025-07-25,2025-07-25
95,abhijeet,6575961782,Male,Telugu,6,23,4.35,Pending,Available,746,2025-02-08,2025-02-08
96,abhijit,8248466096,Male,Tamil,12,33,4.74,Pending,Busy,277,2025-10-29,2025-10-29
97,abhilash,9596294318,Female,English,0,46,4.88,Verified,Busy,669,2025-08-19,2025-08-19
98,abhilasha,7742168157,Female,Kannada,0,14,4.11,Pending,Busy,455,2025-03-29,2025-03-29
99,abhimanu,8884147257,Male,English,19,22,4.25,Pending,Offline,16,2025-08-03,2025-08-03
100,abhimanyu,8274294263,Female,Kannada,13,32,4.42,Verified,Busy,516,2025-02-03,2025-02-03
101,abhinandan,8347176417,Female,Malayalam,14,27,4.84,Verified,Offline,343,2025-10-04,2025-10-04
102,abhinash,9899455856,Male,Tamil,10,24,4.85,Pending,Available,396,2025-03-29,2025-03-29
103,abhinav,9689254800,Female,Telugu,0,42,3.69,Verified,Busy,285,2025-05-09,2025-05-09
104,abhinay,9061002019,Female,English,11,11,3.9,Verified,Offline,784,2025-08-25,2025-08-25
105,abhinwav,8871729093,Male,Telugu,17,17,3.96,Verified,Busy,720,2025-11-18,2025-11-18
106,abhiraj,6703288484,Female,Telugu,3,42,3.55,Verified,Busy,75,2025-12-07,2025-12-07
107,abhisek,9311248058,Male,Malayalam,6,9,3.78,Pending,Available,481,2025-02-28,2025-02-28
108,abhisekh,7754890379,Male,Malayalam,20,43,4.61,Verified,Busy,567,2025-09-27,2025-09-27
109,abhishak,6959160740,Male,Malayalam,12,44,4.62,Verified,Busy,167,2025-02-23,2025-02-23
110,abhishek,9071378670,Female,Tamil,16,39,3.9,Verified,Offline,527,2025-08-05,2025-08-05
111,abhishekh,8969951483,Male,Malayalam,13,27,4.75,Verified,Offline,49,2025-08-13,2025-08-13
112,abhishiek,9719850407,Male,Malayalam,5,6,4.22,Verified,Busy,681,2025-08-08,2025-08-08
113,abhishik,8616544265,Male,Kannada,5,33,4.37,Pending,Available,52,2025-12-11,2025-12-11
114,abid,8338227498,Male,Hindi,10,8,4.7,Verified,Offline,654,2025-04-02,2025-04-02
115,abida,8380210924,Female,Kannada,16,33,3.73,Verified,Busy,437,2025-08-23,2025-08-23
116,abishak,7597322653,Male,Malayalam,9,49,4.79,Verified,Busy,784,2025-09-14,2025-09-14
117,abishek,6615129356,Male,Telugu,18,16,4.58,Verified,Busy,494,2025-02-20,2025-02-20
118,abrar,7377217834,Male,Telugu,6,29,4.18,Pending,Busy,440,2025-08-24,2025-08-24
119,abu,6257831100,Male,English,17,30,4.65,Pending,Offline,9,2025-05-16,2025-05-16
120,abul,9237834458,Female,English,18,29,4.72,Verified,Available,749,2025-03-07,2025-03-07
121,achin,7361494457,Female,Hindi,11,47,4.55,Pending,Busy,363,2025-01-01,2025-01-01
122,adalat,8731711857,Female,English,3,16,4.38,Pending,Available,498,2025-08-22,2025-08-22
123,adan,6748846405,Male,Tamil,13,34,4.22,Verified,Busy,109,2025-04-22,2025-04-22
124,adarsh,6021415046,Male,Tamil,19,44,4.16,Verified,Busy,310,2025-11-22,2025-11-22
125,adersen,6942021950,Female,English,7,50,4.52,Verified,Busy,521,2025-05-26,2025-05-26
126,adesh,6890355646,Male,Telugu,4,34,4.08,Verified,Offline,68,2025-01-10,2025-01-10
127,adhish,6669443864,Female,Tamil,16,25,3.77,Verified,Available,504,2025-02-17,2025-02-17
128,adi,7790334182,Male,Hindi,3,37,4.02,Verified,Available,700,2025-03-02,2025-03-02
129,adiba,8134378703,Female,Tamil,19,18,3.95,Pending,Available,123,2025-05-31,2025-05-31
130,adil,6391106012,Female,Malayalam,19,20,4.38,Verified,Offline,565,2025-12-17,2025-12-17
131,adisan,7068093402,Male,Tamil,14,16,3.79,Pending,Busy,466,2025-07-26,2025-07-26
132,aditi,9027422774,Female,Kannada,10,28,4.54,Verified,Busy,167,2025-07-17,2025-07-17
133,aditiya,9716633259,Female,Malayalam,3,25,3.52,Verified,Busy,447,2025-07-15,2025-07-15
134,aditya,6061329125,Female,Telugu,11,31,4.56,Verified,Busy,559,2025-08-25,2025-08-25
135,adityalok,6371617767,Female,Kannada,20,18,4.4,Pending,Offline,718,2025-07-28,2025-07-28
136,adnan,7849620336,Male,Malayalam,17,9,3.78,Pending,Available,152,2025-03-20,2025-03-20
137,adrash,8001523598,Female,Hindi,9,21,4.67,Verified,Offline,388,2025-08-18,2025-08-18
138,aejaz,9708754765,Male,Malayalam,18,49,4.44,Verified,Busy,756,2025-09-30,2025-09-30
139,aesha,8212160587,Male,Kannada,14,6,4.91,Verified,Available,572,2025-10-16,2025-10-16
140,afarin,6628455496,Female,Malayalam,7,29,3.54,Verified,Offline,90,2025-11-28,2025-11-28
141,affan,7350751046,Female,Kannada,15,21,4.79,Verified,Offline,44,2025-01-28,2025-01-28
142,afjal,6436500274,Male,Kannada,10,38,4.84,Pending,Offline,427,2025-09-08,2025-09-08
143,afridi,7330531328,Female,Malayalam,5,47,4.71,Verified,Busy,259,2025-03-09,2025-03-09
144,afrin,9665430099,Male,Tamil,13,27,4.94,Verified,Available,289,2025-01-27,2025-01-27
145,afrina,8198133154,Male,Telugu,2,48,4.3,Verified,Available,774,2025-07-13,2025-07-13
146,afroz,8459321388,Male,Malayalam,7,9,3.86,Verified,Available,511,2025-03-06,2025-03-06
147,afsana,8377928595,Male,English,7,46,4.58,Verified,Offline,657,2025-02-26,2025-02-26
148,afsar,8905116628,Male,Telugu,18,34,3.58,Pending,Busy,411,2025-12-15,2025-12-15
149,afsari,8952095127,Female,Kannada,12,27,4.89,Pending,Offline,205,2025-12-30,2025-12-30
150,afsha,6872834284,Male,Kannada,6,21,3.99,Pending,Busy,746,2025-08-08,2025-08-08
151,afshana,8501966707,Male,Tamil,0,14,4.22,Pending,Busy,624,2025-01-22,2025-01-22
152,afshar,8355998980,Male,Malayalam,5,19,3.96,Verified,Offline,242,2025-10-22,2025-10-22
153,aftab,9238965504,Female,Malayalam,0,18,4.24,Verified,Offline,391,2025-02-15,2025-02-15
154,afzaj,8895798738,Male,Hindi,4,35,4.07,Pending,Offline,49,2025-05-28,2025-05-28
155,afzal,7112904851,Female,Telugu,10,26,4.86,Verified,Offline,417,2025-11-06,2025-11-06
156,agrej,8701158644,Female,Hindi,11,50,3.7,Verified,Offline,191,2025-06-14,2025-06-14
157,agyapad,9936418451,Male,English,6,7,3.62,Verified,Busy,118,2025-11-17,2025-11-17
158,ahamad,9257151750,Male,Telugu,14,48,3.51,Verified,Busy,193,2025-07-09,2025-07-09
159,ahmad,8166936834,Male,English,10,30,4.14,Verified,Available,303,2025-10-26,2025-10-26
160,ahmed,7731532533,Male,Malayalam,18,29,3.51,Pending,Offline,721,2025-04-12,2025-04-12
161,ahsamin,8652054187,Female,Telugu,18,33,4.73,Verified,Busy,665,2025-01-30,2025-01-30
162,ahsan,8010579842,Male,English,0,21,4.24,Pending,Offline,6,2025-11-30,2025-11-30
163,ahupendra,9106934161,Female,Hindi,2,18,3.86,Verified,Busy,365,2025-11-06,2025-11-06
164,aidtya,8161658592,Male,Tamil,15,35,4.87,Pending,Busy,229,2025-01-11,2025-01-11
165,aijay,6867444703,Male,Kannada,10,14,4.07,Pending,Offline,34,2025-10-29,2025-10-29
166,aisha,9647765910,Female,Hindi,13,33,3.97,Pending,Offline,226,2025-08-11,2025-08-11
167,aishe,8598871507,Female,Tamil,0,43,4.97,Verified,Offline,371,2025-12-14,2025-12-14
168,aishwarya,9052575428,Female,Telugu,20,46,3.79,Verified,Busy,628,2025-02-28,2025-02-28
169,ajab,7745441214,Male,Malayalam,15,35,4.94,Pending,Available,355,2025-09-13,2025-09-13
170,ajad,7916667572,Male,Kannada,18,13,4.17,Pending,Offline,526,2025-06-24,2025-06-24
171,ajahar,7713501198,Female,Malayalam,6,45,4.05,Pending,Busy,336,2025-11-08,2025-11-08
172,ajaj,9418142244,Male,Tamil,13,47,4.31,Pending,Offline,692,2025-01-07,2025-01-07
173,ajara,8753681876,Male,Tamil,2,5,4.79,Pending,Available,80,2025-12-13,2025-12-13
174,ajay,7815783701,Male,Hindi,7,30,4.99,Pending,Available,304,2025-02-09,2025-02-09
175,ajaypal,8818501207,Male,Kannada,19,27,4.9,Pending,Busy,127,2025-04-02,2025-04-02
176,ajeem,6133747129,Female,Malayalam,17,43,4.61,Verified,Offline,503,2025-05-30,2025-05-30
177,ajeet,8772746717,Female,Tamil,20,31,3.94,Verified,Available,486,2025-08-18,2025-08-18
178,ajim,8072014461,Male,English,19,42,4.81,Verified,Available,680,2025-11-02,2025-11-02
179,ajima,9592484668,Female,Kannada,16,13,4.42,Pending,Busy,367,2025-08-05,2025-08-05
180,ajit,6776270830,Male,Telugu,7,42,3.87,Verified,Offline,660,2025-03-20,2025-03-20
181,ajju,7744075693,Male,English,13,30,4.41,Pending,Offline,185,2025-03-29,2025-03-29
182,ajkati,9407010132,Male,Telugu,3,50,3.73,Pending,Busy,312,2025-04-07,2025-04-07
183,ajmal,7882621871,Female,Tamil,1,17,4.77,Verified,Busy,752,2025-08-19,2025-08-19
184,ajman,8619082035,Female,Malayalam,4,43,4.58,Pending,Available,422,2025-09-07,2025-09-07
185,ajmer,8086538041,Female,Telugu,16,48,4.62,Pending,Busy,412,2025-05-20,2025-05-20
186,ajmeri,7363151586,Female,Kannada,1,33,4.62,Pending,Offline,601,2025-11-30,2025-11-30
187,ajmit,9462751198,Female,English,19,9,3.59,Pending,Available,743,2025-07-03,2025-07-03
188,ajnabi,6869862124,Male,Telugu,0,50,3.77,Pending,Available,402,2025-04-26,2025-04-26
189,ajnoor,9380086176,Female,Hindi,5,32,3.57,Verified,Busy,51,2025-01-27,2025-01-27
190,ajra,8066539108,Male,Telugu,0,11,4.48,Pending,Busy,32,2025-11-02,2025-11-02
191,akaash,7764574191,Male,English,4,28,4.69,Verified,Offline,97,2025-11-28,2025-11-28
192,akansh,6022044282,Male,English,6,9,4.35,Verified,Available,322,2025-01-25,2025-01-25
193,akansha,8790901189,Male,Hindi,1,26,3.76,Pending,Available,636,2025-01-25,2025-01-25
194,akash,6542156325,Male,Hindi,4,36,4.91,Verified,Available,202,2025-05-06,2025-05-06
195,akashya,7004564373,Male,Telugu,17,13,4.06,Verified,Available,34,2025-02-06,2025-02-06
196,akbar,9954151123,Female,Hindi,7,16,4.42,Verified,Available,136,2025-07-30,2025-07-30
197,akbari,8973539632,Female,Tamil,3,39,4.86,Pending,Offline,319,2025-04-04,2025-04-04
198,akeel,6954244221,Female,English,10,46,4.2,Verified,Available,307,2025-03-11,2025-03-11
199,akhalak,8281912022,Female,Hindi,4,14,4.08,Pending,Offline,631,2025-05-24,2025-05-24
200,akhatari,9129401731,Male,Telugu,6,8,4.03,Pending,Busy,438,2025-06-08,2025-06-08
201,akheelesh,6072747370,Male,Kannada,5,30,4.02,Verified,Offline,96,2025-10-22,2025-10-22
202,akhil,8913861830,Female,Malayalam,8,47,4.36,Pending,Busy,452,2025-02-06,2025-02-06
203,akhilesh,7725198024,Male,Telugu,1,41,4.8,Pending,Available,503,2025-07-11,2025-07-11
204,akhileshwer,9334114121,Male,Hindi,10,7,4.64,Pending,Available,73,2025-12-21,2025-12-21
205,akhlaq,6030240203,Male,Kannada,2,49,4.96,Verified,Available,653,2025-11-19,2025-11-19
206,akhlesh,6413440298,Male,Hindi,5,27,4.37,Verified,Offline,242,2025-01-22,2025-01-22
207,akhlish,8518370005,Female,Malayalam,10,32,4.71,Pending,Busy,608,2025-12-05,2025-12-05
208,akhtar,6549686409,Female,English,14,28,4.03,Pending,Offline,121,2025-02-07,2025-02-07
209,akhtari,9533334990,Male,Kannada,6,30,4.31,Verified,Available,141,2025-06-11,2025-06-11
210,akib,8311639159,Male,Telugu,5,25,4.42,Pending,Busy,321,2025-03-17,2025-03-17
211,akif,8028630658,Female,Telugu,6,29,4.54,Pending,Offline,391,2025-07-05,2025-07-05
212,akil,8452316925,Female,English,8,39,4.9,Pending,Available,118,2025-04-22,2025-04-22
213,akilesh,7531311647,Female,Kannada,12,24,4.28,Verified,Busy,558,2025-01-09,2025-01-09
214,akkash,7513725233,Male,Kannada,2,23,4.04,Pending,Offline,563,2025-06-01,2025-06-01
215,akkni,8975487613,Female,Telugu,6,10,4.71,Pending,Available,682,2025-07-14,2025-07-14
216,akram,9220983840,Female,Malayalam,7,39,4.96,Pending,Offline,18,2025-09-04,2025-09-04
217,akshat,8573441850,Female,Telugu,16,5,3.82,Verified,Available,682,2025-05-05,2025-05-05
218,akshay,6873978075,Female,Malayalam,20,35,3.77,Pending,Busy,293,2025-12-17,2025-12-17
219,akshit,7731922237,Male,Hindi,0,13,4.65,Pending,Available,241,2025-07-05,2025-07-05
220,akshita,9629413679,Male,Telugu,19,6,4.1,Pending,Busy,546,2025-09-04,2025-09-04
221,akshpaat,9679423887,Female,Malayalam,17,44,3.66,Verified,Available,670,2025-07-10,2025-07-10
222,akthari,8222795985,Male,Malayalam,6,45,4.72,Pending,Busy,600,2025-10-07,2025-10-07
223,aktri,7595901383,Male,Tamil,13,12,4.19,Pending,Offline,110,2025-08-06,2025-08-06
224,al0k,6843218983,Female,Kannada,8,43,4.62,Verified,Available,65,2025-09-28,2025-09-28
225,alahbasri,6526982594,Female,Telugu,3,13,4.71,Verified,Available,589,2025-12-29,2025-12-29
226,alam,9644928644,Male,Tamil,11,7,3.61,Pending,Busy,167,2025-11-09,2025-11-09
227,alapna,7320489556,Male,Telugu,10,14,4.38,Pending,Offline,237,2025-12-16,2025-12-16
228,alaudin,7463479048,Male,Telugu,13,42,4.04,Verified,Busy,210,2025-07-10,2025-07-10
229,albaksha,9323222777,Male,Tamil,7,10,4.8,Verified,Busy,96,2025-10-23,2025-10-23
230,albina,9199979812,Male,Malayalam,13,7,3.7,Pending,Busy,80,2025-12-30,2025-12-30
231,aleesha,6278591974,Female,Tamil,7,23,3.88,Verified,Available,369,2025-11-08,2025-11-08
232,alema,6297559608,Female,Malayalam,6,9,4.47,Pending,Available,100,2025-04-20,2025-04-20
233,alhamdi,7770629115,Female,Hindi,1,19,3.77,Verified,Busy,654,2025-12-19,2025-12-19
234,ali,9926569160,Male,Telugu,0,21,4.67,Verified,Available,531,2025-11-10,2025-11-10
235,alijan,6197774054,Male,English,19,49,4.33,Verified,Busy,431,2025-09-17,2025-09-17
236,alim,6276841014,Female,Tamil,3,6,4.88,Verified,Offline,622,2025-11-08,2025-11-08
237,alima,9331920041,Male,Kannada,15,29,4.86,Pending,Available,80,2025-08-28,2025-08-28
238,alina,7713355111,Male,Malayalam,17,47,4.14,Pending,Available,169,2025-07-24,2025-07-24
239,alis,6721542190,Male,Tamil,17,31,3.97,Pending,Busy,318,2025-03-23,2025-03-23
240,alish,6162284315,Male,Telugu,11,8,4.25,Pending,Busy,87,2025-08-22,2025-08-22
241,alisha,7526476801,Female,Telugu,8,37,4.79,Pending,Busy,677,2025-06-14,2025-06-14
242,alita,9975539419,Male,Kannada,10,28,4.9,Pending,Offline,497,2025-01-07,2025-01-07
243,aliya,8023581983,Male,Kannada,7,22,4.07,Verified,Offline,610,2025-07-22,2025-07-22
244,alka,7829429633,Male,English,0,38,4.16,Pending,Available,250,2025-02-08,2025-02-08
245,alkesh,6373252418,Female,Kannada,9,11,4.9,Verified,Busy,184,2025-12-02,2025-12-02
246,allabaksh,9891108608,Male,Telugu,16,14,4.07,Verified,Available,230,2025-08-17,2025-08-17
247,allaraji,6857396592,Male,Kannada,5,19,5.0,Verified,Available,179,2025-01-16,2025-01-16
248,allauddin,7375607912,Male,Telugu,4,37,3.86,Pending,Busy,6,2025-01-26,2025-01-26
249,alma,7475876441,Male,Telugu,19,21,3.63,Pending,Available,440,2025-01-10,2025-01-10
250,almina,6812177972,Female,Malayalam,9,21,4.09,Verified,Available,351,2025-05-21,2025-05-21
251,alok,8980880256,Male,English,17,8,4.4,Verified,Busy,643,2025-11-06,2025-11-06
252,alseepa,7584487854,Male,Malayalam,5,45,3.61,Pending,Offline,791,2025-10-26,2025-10-26
253,altab,9811349042,Male,Tamil,10,18,4.62,Verified,Offline,657,2025-07-03,2025-07-03
254,altaf,8744344040,Male,English,3,34,4.39,Pending,Offline,390,2025-09-30,2025-09-30
255,altmash,8331880149,Female,Malayalam,4,22,4.65,Verified,Busy,421,2025-04-16,2025-04-16
256,aluddin,7596502287,Female,Malayalam,16,11,3.74,Pending,Offline,754,2025-06-24,2025-06-24
257,aman,6296192569,Male,Malayalam,17,8,3.78,Pending,Available,545,2025-11-04,2025-11-04
258,amana,6504272907,Male,Kannada,14,29,4.83,Pending,Busy,161,2025-12-26,2025-12-26
259,amandeep,8360827158,Male,Tamil,16,34,3.65,Verified,Offline,519,2025-12-02,2025-12-02
260,amanjeet,9950384151,Female,Kannada,13,26,4.85,Pending,Busy,693,2025-12-07,2025-12-07
261,amar,7565104307,Male,English,19,28,3.97,Verified,Available,576,2025-05-10,2025-05-10
262,amarapal,6080965817,Female,Malayalam,1,31,4.93,Verified,Busy,423,2025-12-10,2025-12-10
263,amarchand,6907010043,Female,English,7,39,4.89,Pending,Available,211,2025-12-29,2025-12-29
264,amardeep,6307754204,Male,Malayalam,15,15,3.92,Verified,Offline,317,2025-05-02,2025-05-02
265,amarendra,6645969682,Female,Hindi,9,45,4.09,Pending,Offline,689,2025-05-04,2025-05-04
266,amarin,8760321668,Male,Kannada,16,50,4.69,Pending,Busy,491,2025-08-14,2025-08-14
267,amarjeet,6358465439,Male,Tamil,9,5,4.66,Pending,Busy,490,2025-03-11,2025-03-11
268,amarjit,8310747900,Female,Telugu,3,17,4.81,Pending,Available,594,2025-07-17,2025-07-17
269,amarmula,7968007471,Male,Kannada,16,48,4.82,Verified,Available,580,2025-01-19,2025-01-19
270,amarnath,7595603091,Male,Tamil,2,35,4.25,Verified,Busy,555,2025-11-19,2025-11-19
271,amart,6225639260,Male,English,8,8,4.14,Verified,Available,119,2025-12-14,2025-12-14
272,amarvesh,6863674662,Female,Hindi,16,40,3.76,Pending,Offline,488,2025-10-28,2025-10-28
273,amasi,7543219283,Male,Telugu,11,34,4.79,Pending,Offline,774,2025-04-07,2025-04-07
274,amba,6897546097,Male,Hindi,17,22,4.1,Pending,Busy,539,2025-05-21,2025-05-21
275,amber,6225254282,Male,Tamil,11,8,3.92,Verified,Busy,500,2025-08-07,2025-08-07
276,ambika,6356410805,Male,Malayalam,15,41,4.2,Verified,Available,298,2025-01-26,2025-01-26
277,ambiya,9918706825,Male,Telugu,7,48,3.86,Pending,Offline,448,2025-12-29,2025-12-29
278,ameen,6322338614,Male,Telugu,8,48,4.92,Pending,Available,312,2025-01-14,2025-01-14
279,ameer,9331328974,Male,English,3,19,4.98,Pending,Busy,770,2025-08-19,2025-08-19
280,ameera,6008427762,Male,Malayalam,10,29,4.32,Verified,Busy,11,2025-08-03,2025-08-03
281,amena,6158207308,Male,English,17,17,4.2,Pending,Busy,164,2025-07-21,2025-07-21
282,amida,6965432249,Male,Telugu,0,20,4.59,Pending,Busy,512,2025-12-06,2025-12-06
283,amie,8614559403,Female,English,20,16,3.62,Pending,Offline,706,2025-09-09,2025-09-09
284,amijan,6216206421,Female,Kannada,18,27,4.58,Verified,Offline,361,2025-10-05,2025-10-05
285,amil,8226988516,Female,Malayalam,13,29,4.15,Verified,Busy,505,2025-12-28,2025-12-28
286,amin,6649232739,Female,Kannada,19,9,4.94,Verified,Busy,735,2025-03-03,2025-03-03
287,amina,9749696869,Male,Tamil,18,28,4.93,Pending,Offline,686,2025-03-31,2025-03-31
288,amir,8686997684,Female,Telugu,5,35,4.62,Verified,Offline,395,2025-04-30,2025-04-30
289,amiraka,8202207346,Female,Telugu,2,47,4.86,Verified,Available,583,2025-04-27,2025-04-27
290,amiri,6221781126,Female,English,3,28,4.51,Verified,Offline,464,2025-04-05,2025-04-05
291,amirul,7607961036,Male,Malayalam,9,25,4.03,Verified,Busy,2,2025-10-06,2025-10-06
292,amisha,6921725142,Female,Malayalam,8,7,3.77,Verified,Busy,565,2025-09-13,2025-09-13
293,amit,7986841409,Female,Kannada,2,40,4.52,Verified,Available,416,2025-10-07,2025-10-07
294,"amit,",8060468618,Female,Hindi,11,20,3.7,Pending,Available,238,2025-12-29,2025-12-29
295,amita,6357826850,Female,Kannada,6,5,3.85,Pending,Available,322,2025-02-02,2025-02-02
296,amjad,9746074058,Female,English,13,12,4.86,Verified,Busy,187,2025-02-23,2025-02-23
297,amjat,6368923312,Female,Malayalam,3,5,3.76,Pending,Available,127,2025-02-15,2025-02-15
298,amkit,9961703731,Female,Telugu,0,18,4.49,Verified,Available,731,2025-10-26,2025-10-26
299,amlesh,7148095547,Female,Tamil,10,8,4.33,Verified,Busy,743,2025-09-25,2025-09-25
300,ammar,8089139896,Female,Hindi,18,19,4.82,Verified,Available,544,2025-12-07,2025-12-07
301,amna,7262784701,Male,Kannada,5,17,4.61,Verified,Offline,767,2025-03-17,2025-03-17
302,amol,9676186116,Male,Malayalam,4,29,4.52,Pending,Available,163,2025-11-18,2025-11-18
303,amot,8868665656,Male,Kannada,2,43,4.12,Pending,Offline,725,2025-06-11,2025-06-11
304,amrat,6245015324,Female,Telugu,15,18,4.09,Pending,Offline,659,2025-06-20,2025-06-20
305,amratalal,7882202339,Male,Telugu,16,42,4.49,Pending,Busy,2,2025-01-23,2025-01-23
306,amreek,8153309610,Female,Telugu,15,14,4.02,Verified,Offline,42,2025-04-11,2025-04-11
307,amreen,6439890251,Male,Malayalam,16,43,4.94,Verified,Busy,502,2025-03-26,2025-03-26
308,amreeta,8848164596,Male,Hindi,5,8,4.9,Verified,Offline,254,2025-01-07,2025-01-07
309,amri,6182314450,Male,English,18,41,4.83,Verified,Available,515,2025-05-24,2025-05-24
310,amrik,6312604516,Male,Tamil,10,19,4.52,Pending,Busy,181,2025-11-22,2025-11-22
311,amrika,6706923689,Male,Tamil,9,42,4.49,Verified,Offline,182,2025-05-24,2025-05-24
312,amrin,9182789888,Male,English,11,36,4.99,Pending,Available,572,2025-10-28,2025-10-28
313,amrish,9909610592,Male,Telugu,5,22,3.67,Verified,Available,636,2025-11-11,2025-11-11
314,amrit,6314843124,Male,Tamil,16,19,3.59,Pending,Busy,335,2025-05-01,2025-05-01
315,amrita,7497520570,Male,Kannada,4,10,4.62,Pending,Available,143,2025-05-13,2025-05-13
316,amritha,9359833079,Male,English,17,36,4.5,Pending,Available,226,2025-07-28,2025-07-28
317,amritpal,6174798171,Male,Tamil,20,22,4.36,Pending,Offline,145,2025-07-10,2025-07-10
318,amrjeet,8767642181,Female,English,7,27,4.52,Verified,Offline,643,2025-06-26,2025-06-26
319,amrooti,6189028207,Male,Hindi,13,46,4.18,Verified,Available,170,2025-05-25,2025-05-25
320,amrta,6188640201,Female,Tamil,13,8,4.48,Verified,Offline,226,2025-03-09,2025-03-09
321,amrudin,8619874682,Female,Malayalam,13,48,4.17,Verified,Busy,345,2025-07-23,2025-07-23
322,amuchla,6330240191,Female,Tamil,7,46,3.9,Pending,Offline,358,2025-06-14,2025-06-14
323,amuda,7680781495,Female,Kannada,5,28,3.8,Verified,Busy,343,2025-07-21,2025-07-21
324,amzad,9702476502,Female,Tamil,4,15,4.81,Verified,Offline,111,2025-02-20,2025-02-20
325,anadi,7220831188,Female,Tamil,8,27,4.91,Verified,Busy,665,2025-03-11,2025-03-11
326,anaji,9871158662,Female,Tamil,16,40,4.86,Pending,Offline,216,2025-04-19,2025-04-19
327,anam,6971495720,Male,Malayalam,10,44,3.77,Verified,Available,140,2025-07-29,2025-07-29
328,anamika,6037983537,Female,Hindi,7,48,3.74,Pending,Busy,143,2025-03-04,2025-03-04
329,anamol,7388928281,Male,Kannada,14,36,4.22,Verified,Busy,384,2025-05-01,2025-05-01
330,anand,8799597842,Male,Hindi,8,34,4.54,Pending,Busy,685,2025-06-22,2025-06-22
331,anandi,7086981482,Female,Hindi,7,39,3.9,Verified,Offline,144,2025-02-16,2025-02-16
332,anandu,9651010511,Female,Tamil,8,9,3.81,Pending,Available,225,2025-07-03,2025-07-03
333,anandwati,6673680110,Male,English,9,10,4.22,Verified,Busy,121,2025-09-28,2025-09-28
334,anantram,9549723233,Male,Hindi,7,16,3.93,Verified,Busy,276,2025-01-09,2025-01-09
335,anara,9574198471,Male,Tamil,5,9,4.17,Pending,Busy,137,2025-01-20,2025-01-20
336,anarkali,6711381923,Female,Hindi,14,43,4.78,Pending,Available,287,2025-12-13,2025-12-13
337,anaro,8092294722,Male,Telugu,19,31,3.86,Pending,Available,618,2025-09-20,2025-09-20
338,anash,9032776639,Male,English,10,50,4.53,Pending,Offline,579,2025-08-23,2025-08-23
339,anayatha,9139991298,Female,Malayalam,4,9,3.78,Verified,Available,508,2025-02-11,2025-02-11
340,anchal,6599281223,Male,Tamil,3,31,4.13,Verified,Offline,616,2025-03-16,2025-03-16
341,andhav,7376472193,Female,English,18,17,4.83,Verified,Available,346,2025-03-18,2025-03-18
342,aneeta,9222410063,Male,Malayalam,9,5,4.67,Pending,Available,59,2025-11-27,2025-11-27
343,anekha,7932755442,Female,Hindi,10,38,4.44,Verified,Offline,595,2025-11-11,2025-11-11
344,angad,9138159857,Female,Hindi,12,39,3.69,Verified,Busy,250,2025-12-21,2025-12-21
345,angan,6267894221,Female,Tamil,2,6,4.07,Pending,Busy,458,2025-01-29,2025-01-29
346,angda,9484886955,Female,Hindi,13,5,4.8,Verified,Offline,279,2025-04-10,2025-04-10
347,angreg,7138468462,Male,Hindi,14,35,4.32,Pending,Available,208,2025-09-27,2025-09-27
348,anguri,7607834440,Female,Telugu,20,46,4.4,Verified,Busy,358,2025-01-24,2025-01-24
349,anikesh,8995004318,Male,Tamil,12,42,3.64,Pending,Busy,367,2025-03-21,2025-03-21
350,aniket,8541121503,Female,English,5,25,4.56,Verified,Busy,176,2025-02-13,2025-02-13
351,anikt,6892089586,Male,Kannada,18,12,3.74,Pending,Offline,601,2025-12-05,2025-12-05
352,anil,9255467019,Male,Kannada,13,32,4.0,Verified,Busy,9,2025-03-14,2025-03-14
353,animesh,9490797768,Female,Hindi,12,32,3.64,Pending,Busy,295,2025-11-26,2025-11-26
354,anirudh,8926903522,Male,Telugu,2,34,3.63,Verified,Offline,166,2025-08-17,2025-08-17
355,anish,9712624371,Male,Kannada,5,6,4.46,Verified,Offline,737,2025-11-26,2025-11-26
356,anisha,7150082595,Female,Malayalam,16,22,4.66,Pending,Busy,574,2026-01-01,2026-01-01
357,anita,9683033447,Female,Tamil,12,12,3.91,Pending,Offline,719,2025-06-11,2025-06-11
358,anja,8324549153,Male,Kannada,13,28,4.98,Verified,Offline,432,2025-03-10,2025-03-10
359,anjal,7263925409,Male,English,11,38,3.9,Pending,Available,711,2025-08-20,2025-08-20
360,anjali,6554117530,Male,Tamil,19,25,4.27,Verified,Offline,28,2025-06-10,2025-06-10
361,anjaly,9846865946,Male,English,13,11,4.41,Verified,Offline,704,2025-10-25,2025-10-25
362,anjan,9494559236,Male,Telugu,3,5,4.23,Verified,Busy,728,2025-12-06,2025-12-06
363,anjana,6879763616,Female,Malayalam,7,19,3.95,Verified,Available,571,2025-10-28,2025-10-28
364,anjani,8745579282,Male,Malayalam,7,8,3.9,Pending,Busy,269,2025-07-20,2025-07-20
365,anjara,7281175645,Female,English,19,19,4.81,Pending,Available,742,2025-06-12,2025-06-12
366,anjeev,6663656131,Male,Malayalam,20,24,4.31,Verified,Available,194,2025-04-28,2025-04-28
367,anjila,8154993658,Female,Kannada,13,40,3.69,Verified,Offline,760,2025-03-07,2025-03-07
368,anjli,7824756687,Male,Malayalam,5,22,4.88,Verified,Available,128,2025-01-04,2025-01-04
369,anjna,7547714838,Female,Kannada,3,44,4.77,Pending,Available,729,2025-06-13,2025-06-13
370,anjrej,8395165916,Male,Telugu,12,9,4.47,Verified,Offline,767,2025-03-11,2025-03-11
371,anju,8264077952,Female,Telugu,19,44,4.85,Pending,Available,387,2025-09-22,2025-09-22
372,anjum,8362805587,Female,Telugu,10,7,3.87,Verified,Busy,441,2025-09-03,2025-09-03
373,anjuman,8385210247,Male,English,12,41,4.67,Pending,Available,112,2025-01-04,2025-01-04
374,ankaj,7277077022,Male,Malayalam,6,38,4.32,Pending,Offline,757,2025-09-12,2025-09-12
375,ankala,7643977072,Male,Malayalam,6,47,3.92,Pending,Available,626,2025-07-17,2025-07-17
376,ankeet,9643668193,Female,Tamil,15,16,4.16,Verified,Offline,477,2025-03-10,2025-03-10
377,ankesh,7627920208,Male,English,4,34,4.33,Pending,Available,28,2025-02-04,2025-02-04
378,ankit,6196643965,Female,Tamil,19,40,4.34,Verified,Busy,108,2025-01-28,2025-01-28
379,ankita,8987047307,Female,Hindi,0,27,3.99,Pending,Available,71,2025-02-02,2025-02-02
380,ankur,8556091419,Female,Malayalam,5,25,4.9,Verified,Available,275,2025-06-22,2025-06-22
381,ankus,8197079595,Male,English,7,34,4.14,Pending,Available,647,2025-09-28,2025-09-28
382,ankush,7504854537,Male,English,10,13,3.79,Pending,Available,548,2025-09-07,2025-09-07
383,anli,9746543257,Female,English,3,32,4.65,Verified,Offline,119,2025-08-29,2025-08-29
384,anmol,9964490651,Male,Hindi,8,48,4.86,Pending,Available,77,2025-09-12,2025-09-12
385,annat,6740698844,Female,Tamil,15,15,3.83,Pending,Offline,643,2025-02-20,2025-02-20
386,annavi,6471380999,Female,English,2,48,4.78,Verified,Offline,261,2025-12-31,2025-12-31
387,annielal,8365711852,Female,English,15,26,4.08,Verified,Busy,547,2025-06-10,2025-06-10
388,anno,9868600986,Female,Telugu,1,10,3.85,Verified,Available,555,2025-07-04,2025-07-04
389,annu,7732404940,Male,Kannada,17,50,4.91,Verified,Offline,646,2025-05-16,2025-05-16
390,anoj,8955097871,Male,Telugu,19,43,4.02,Pending,Busy,383,2025-09-10,2025-09-10
391,anokha,7884851444,Female,English,14,6,3.88,Verified,Offline,662,2025-07-27,2025-07-27
392,anooj,8030708296,Male,Malayalam,1,15,3.61,Pending,Busy,297,2025-04-24,2025-04-24
393,anoop,9781420380,Female,English,18,43,4.21,Verified,Offline,407,2025-01-21,2025-01-21
394,anoopama,6752043521,Female,Malayalam,17,15,3.71,Pending,Offline,170,2025-09-16,2025-09-16
395,anoura,8320790154,Female,Telugu,16,20,4.66,Pending,Offline,40,2025-08-23,2025-08-23
396,ansal,9988405577,Male,Hindi,18,34,4.97,Verified,Available,311,2025-11-16,2025-11-16
397,ansar,7309529570,Female,Telugu,8,30,4.15,Verified,Busy,44,2025-10-15,2025-10-15
398,ansh,9370053363,Female,Hindi,2,5,3.89,Verified,Available,38,2025-11-04,2025-11-04
399,anshika,8013312569,Female,Tamil,18,50,4.65,Pending,Offline,752,2025-01-01,2025-01-01
400,anshiya,6353485288,Female,Malayalam,7,28,4.52,Pending,Available,88,2025-07-23,2025-07-23
401,anshu,7336551137,Female,Kannada,16,19,4.51,Pending,Available,158,2025-09-13,2025-09-13
402,anshul,6709757598,Male,Tamil,7,25,3.67,Verified,Busy,228,2025-08-25,2025-08-25
403,anshum,6479029087,Female,English,12,33,3.99,Verified,Offline,215,2025-06-09,2025-06-09
404,anshuman,6270828018,Female,Kannada,15,15,4.7,Pending,Available,468,2025-02-28,2025-02-28
405,ansu,7093645700,Female,Tamil,2,19,4.43,Pending,Offline,278,2025-08-08,2025-08-08
406,ansul,9890603171,Female,Telugu,18,17,3.7,Verified,Offline,182,2025-04-03,2025-04-03
407,anta,6429021709,Female,Hindi,16,18,4.89,Pending,Offline,74,2025-12-17,2025-12-17
408,antim,8804664565,Female,Kannada,17,47,4.26,Pending,Offline,665,2025-11-12,2025-11-12
409,antima,6557587031,Male,Hindi,10,50,3.94,Pending,Offline,500,2025-08-28,2025-08-28
410,anu,6141169519,Male,Malayalam,12,48,4.37,Verified,Busy,599,2025-10-30,2025-10-30
411,anubhav,7458360374,Female,Tamil,12,40,4.09,Verified,Offline,280,2025-08-09,2025-08-09
412,anuj,9936928753,Male,English,16,5,4.76,Verified,Available,541,2025-06-28,2025-06-28
413,anuja,9222378312,Male,Telugu,4,30,4.55,Verified,Offline,609,2025-11-02,2025-11-02
414,anup,9639031406,Male,Hindi,20,10,4.44,Verified,Offline,105,2025-06-30,2025-06-30
415,anupam,6108199097,Male,Hindi,15,6,3.9,Verified,Available,286,2025-01-07,2025-01-07
416,anupama,6155132345,Female,Malayalam,6,13,4.19,Pending,Offline,119,2025-07-02,2025-07-02
417,anupuma,9167551032,Male,Telugu,0,12,3.95,Verified,Available,654,2025-10-26,2025-10-26
418,anuradha,7420986316,Male,Telugu,5,22,4.48,Pending,Busy,303,2025-08-31,2025-08-31
419,anurag,7314051225,Female,English,20,32,4.03,Pending,Available,605,2025-06-22,2025-06-22
420,anuraj,7624056157,Female,Telugu,14,45,3.54,Pending,Available,569,2025-04-15,2025-04-15
421,anurudh,8171028159,Female,English,10,46,4.14,Verified,Available,274,2025-10-24,2025-10-24
422,anushka,7535157236,Female,Telugu,13,7,3.64,Verified,Offline,667,2025-05-04,2025-05-04
423,anuska,7361293847,Male,Hindi,11,27,3.97,Pending,Offline,600,2025-03-14,2025-03-14
424,anusoya,7524347591,Male,Tamil,18,39,4.93,Pending,Busy,316,2025-03-09,2025-03-09
425,anuu,7369069035,Female,Kannada,13,33,4.1,Pending,Busy,176,2025-10-06,2025-10-06
426,anwar,6962912967,Male,Hindi,15,46,4.81,Pending,Busy,138,2025-02-25,2025-02-25
427,anwari,9790407107,Female,Tamil,3,32,4.84,Verified,Busy,418,2025-07-02,2025-07-02
428,any,8719853306,Male,Kannada,2,7,4.15,Verified,Busy,482,2025-10-27,2025-10-27
429,anzum,6857793117,Female,Hindi,20,9,4.5,Verified,Busy,641,2025-02-19,2025-02-19
430,aoosaf,6009474853,Female,Malayalam,6,7,4.66,Verified,Available,90,2025-03-04,2025-03-04
431,aparna,8856925642,Male,Hindi,8,11,4.09,Pending,Available,202,2025-07-22,2025-07-22
432,aphasana,9980886292,Male,Tamil,12,36,3.98,Verified,Busy,130,2025-08-17,2025-08-17
433,aphsana,7038167707,Female,Kannada,0,14,4.67,Verified,Available,347,2025-05-06,2025-05-06
434,apsana,6168908646,Female,Kannada,11,46,3.65,Verified,Busy,460,2025-11-05,2025-11-05
435,arab,9463818278,Male,Tamil,16,41,4.21,Verified,Offline,331,2025-08-18,2025-08-18
436,araddhna,7294961940,Female,English,12,20,4.01,Verified,Busy,310,2025-03-25,2025-03-25
437,aradhana,9204673638,Male,English,11,49,3.86,Pending,Busy,554,2025-07-31,2025-07-31
438,arajun,7743653871,Male,Kannada,14,11,3.92,Verified,Busy,743,2025-08-03,2025-08-03
439,araslan,6967394717,Male,Telugu,2,23,3.85,Verified,Available,74,2025-08-21,2025-08-21
440,arati,9887141528,Male,Telugu,3,47,3.8,Pending,Busy,145,2025-09-16,2025-09-16
441,aravind,7506671418,Female,Kannada,3,16,4.35,Verified,Offline,736,2025-10-29,2025-10-29
442,arbaj,7344055898,Female,Hindi,14,27,4.77,Pending,Available,131,2025-06-29,2025-06-29
443,arbana,6280550101,Female,English,3,25,4.81,Verified,Offline,632,2025-06-26,2025-06-26
444,arbaz,6342465402,Male,Malayalam,10,29,4.93,Pending,Available,551,2025-07-09,2025-07-09
445,archan,8269972670,Female,Malayalam,13,50,4.64,Pending,Offline,660,2025-04-17,2025-04-17
446,archana,6692424674,Male,Telugu,20,43,4.49,Verified,Busy,481,2025-01-09,2025-01-09
447,archita,9056287057,Male,Tamil,3,38,4.15,Pending,Offline,1,2025-01-26,2025-01-26
448,archna,8376538897,Female,Tamil,10,50,4.9,Pending,Offline,409,2025-04-16,2025-04-16
449,areen,7788522688,Female,Telugu,7,28,3.63,Verified,Available,100,2025-02-17,2025-02-17
450,arham,8476082489,Female,Tamil,8,30,4.91,Pending,Busy,412,2025-07-03,2025-07-03
451,arhiyant,9177916100,Female,English,13,38,4.1,Verified,Busy,307,2025-11-23,2025-11-23
452,ariba,9544504721,Female,Hindi,2,21,3.55,Verified,Available,788,2025-05-11,2025-05-11
453,arif,9822713654,Male,Hindi,7,13,4.74,Pending,Offline,587,2025-11-30,2025-11-30
454,arifa,7950126569,Female,Malayalam,1,42,4.48,Verified,Busy,16,2025-10-26,2025-10-26
455,arindom,8103937520,Male,English,15,40,3.6,Verified,Offline,543,2025-02-24,2025-02-24
456,arindra,9447205919,Female,Malayalam,19,28,4.99,Verified,Available,361,2025-03-21,2025-03-21
457,arjina,9148867181,Male,Tamil,12,45,4.88,Pending,Available,80,2025-10-22,2025-10-22
458,arjun,6710606839,Male,English,17,47,4.22,Verified,Offline,381,2025-02-20,2025-02-20
459,armaan,6951785464,Male,Telugu,0,31,4.12,Pending,Available,708,2025-10-09,2025-10-09
460,arman,9178465898,Female,Hindi,14,25,4.57,Pending,Available,463,2025-03-27,2025-03-27
461,armita,6131878620,Male,Tamil,8,26,4.91,Pending,Busy,469,2025-05-29,2025-05-29
462,arnab,7684667000,Male,English,4,20,4.46,Pending,Available,146,2025-08-05,2025-08-05
463,arnabjit,8214907817,Female,Malayalam,10,41,3.8,Pending,Busy,650,2025-01-02,2025-01-02
464,arpit,9206023301,Female,Telugu,2,22,4.53,Verified,Available,183,2025-04-04,2025-04-04
465,arpna,8379649744,Female,Tamil,4,28,4.25,Verified,Offline,606,2025-02-06,2025-02-06
466,arsad,9720382322,Female,Kannada,3,8,4.71,Pending,Offline,292,2025-10-25,2025-10-25
467,arsh,8717416756,Female,Kannada,0,48,3.87,Pending,Available,682,2025-03-11,2025-03-11
468,arshad,6129219497,Male,Tamil,9,27,4.43,Verified,Busy,327,2025-01-09,2025-01-09
469,arshi,6481529557,Female,Hindi,15,31,3.65,Pending,Busy,315,2025-02-23,2025-02-23
470,arshla,6166480175,Male,Malayalam,0,21,4.55,Verified,Busy,635,2025-03-17,2025-03-17
471,arsi,7444458571,Male,English,10,37,3.54,Pending,Busy,180,2025-03-27,2025-03-27
472,arthi,8065238057,Female,Hindi,19,16,4.27,Verified,Busy,263,2025-02-24,2025-02-24
473,arti,7349844854,Male,Telugu,6,48,4.95,Pending,Offline,175,2025-08-17,2025-08-17
474,aru,6168099910,Male,Telugu,7,45,4.42,Pending,Offline,27,2025-02-19,2025-02-19
475,arun,8633838785,Female,English,14,30,4.22,Pending,Available,379,2025-12-08,2025-12-08
476,aruna,8724932597,Male,Kannada,2,24,4.42,Pending,Offline,446,2025-11-14,2025-11-14
477,aruni,9844523210,Male,Hindi,10,45,4.58,Pending,Busy,228,2025-11-07,2025-11-07
478,arunkumar,9297964345,Female,Malayalam,4,41,4.75,Verified,Offline,757,2025-08-12,2025-08-12
479,arvind,6463924577,Female,Tamil,18,21,3.51,Verified,Busy,164,2025-12-01,2025-12-01
480,arvinder,7283013226,Female,Tamil,5,46,3.91,Pending,Busy,343,2025-02-25,2025-02-25
481,aryan,9993247434,Male,Malayalam,16,6,4.07,Pending,Available,438,2025-08-31,2025-08-31
482,arzoo,8588305815,Female,Hindi,3,38,4.37,Verified,Busy,552,2025-07-16,2025-07-16
483,asagar,8579009053,Male,Tamil,15,10,4.85,Verified,Busy,755,2025-01-02,2025-01-02
484,asana,8930120752,Male,Hindi,8,27,3.72,Verified,Busy,322,2025-06-14,2025-06-14
485,asanti,7403969664,Male,Kannada,6,38,4.48,Pending,Busy,540,2025-01-18,2025-01-18
486,asarfi,8131091807,Female,Hindi,5,29,4.18,Pending,Available,528,2025-04-16,2025-04-16
487,asfak,9292960325,Male,Telugu,1,39,4.28,Verified,Busy,90,2025-03-15,2025-03-15
488,asfaq,9520459235,Female,Hindi,4,22,3.63,Verified,Busy,408,2025-12-04,2025-12-04
489,asgar,7972331532,Male,Tamil,6,16,4.91,Pending,Available,581,2025-09-27,2025-09-27
490,asgari,8916509935,Female,English,20,35,3.92,Pending,Available,286,2025-03-25,2025-03-25
491,asha,7671326046,Male,English,3,24,4.67,Verified,Available,766,2025-02-27,2025-02-27
492,ashad,7799361013,Female,English,12,46,4.18,Verified,Offline,144,2025-06-13,2025-06-13
493,ashak,7807156112,Female,English,16,9,4.74,Pending,Available,374,2025-03-27,2025-03-27
494,ashanjali,8011133905,Female,Telugu,13,17,3.54,Verified,Available,299,2025-06-17,2025-06-17
495,asharam,9140952942,Female,Malayalam,11,50,3.63,Pending,Available,610,2025-04-13,2025-04-13
496,asharani,8882344703,Female,Malayalam,0,43,4.83,Pending,Offline,225,2025-02-09,2025-02-09
497,ashfaq,6928776037,Female,Telugu,11,38,3.77,Pending,Busy,726,2025-08-16,2025-08-16
498,ashif,7380039328,Female,Hindi,11,42,3.96,Pending,Offline,351,2025-01-27,2025-01-27
499,ashik,7757133008,Male,Telugu,0,49,3.76,Pending,Available,493,2025-06-05,2025-06-05
500,ashima,9379506126,Male,English,3,25,4.56,Verified,Offline,379,2025-01-14,2025-01-14
501,ashiqu,8784488058,Male,Tamil,9,29,4.04,Pending,Busy,308,2025-08-14,2025-08-14
502,ashish,6295121335,Female,Hindi,18,49,3.89,Verified,Busy,685,2025-12-13,2025-12-13
503,ashishi,9550498576,Male,Kannada,17,5,4.68,Verified,Busy,747,2025-05-20,2025-05-20
504,ashiya,9673098135,Female,Tamil,1,24,3.73,Pending,Available,126,2025-09-30,2025-09-30
505,ashlam,6698632141,Female,Kannada,2,18,3.52,Pending,Offline,176,2025-07-28,2025-07-28
506,ashma,6477751127,Male,Malayalam,10,24,4.23,Pending,Available,443,2025-06-03,2025-06-03
507,ashman,6341478930,Male,Hindi,2,41,4.18,Pending,Busy,143,2025-06-18,2025-06-18
508,ashmi,6690754556,Male,Malayalam,11,32,3.65,Verified,Busy,82,2025-09-25,2025-09-25
509,ashmin,8984645749,Male,Kannada,19,43,3.8,Verified,Offline,419,2025-12-23,2025-12-23
510,ashnu,8600233564,Male,Kannada,12,11,4.81,Pending,Busy,20,2025-03-24,2025-03-24
511,asho,7186799462,Male,Telugu,2,48,4.46,Pending,Busy,80,2025-09-07,2025-09-07
512,ashok,7391869021,Female,Kannada,17,34,3.8,Verified,Offline,322,2025-08-14,2025-08-14
513,ashra,6298550552,Male,Tamil,5,10,4.61,Pending,Busy,542,2025-06-04,2025-06-04
514,ashrabi,8777240505,Male,English,14,39,3.54,Pending,Offline,342,2025-10-25,2025-10-25
515,ashraf,8192898324,Male,English,16,12,4.4,Verified,Available,182,2025-12-15,2025-12-15
516,ashrfi,7562465224,Female,Malayalam,8,48,4.11,Pending,Available,18,2025-12-26,2025-12-26
517,ashshwer,9091141117,Female,Tamil,20,18,4.33,Pending,Available,722,2025-05-04,2025-05-04
518,ashsish,8699135557,Female,Telugu,14,43,4.03,Pending,Offline,717,2025-10-08,2025-10-08
519,ashtha,6854567080,Male,Tamil,20,27,4.53,Pending,Offline,301,2025-02-02,2025-02-02
520,ashu,9913042165,Male,Telugu,4,9,4.22,Verified,Busy,543,2025-08-23,2025-08-23
521,ashutosh,6395049049,Male,Hindi,1,38,4.29,Verified,Available,466,2025-12-07,2025-12-07
522,ashwani,9077461056,Male,Kannada,11,6,3.57,Pending,Offline,220,2025-03-19,2025-03-19
523,ashwini,8582976573,Male,English,10,25,4.22,Pending,Offline,433,2025-07-22,2025-07-22
524,asi,7444092861,Female,Kannada,5,39,4.11,Verified,Busy,5,2025-08-22,2025-08-22
525,asif,9835710193,Female,Tamil,7,20,4.92,Pending,Offline,465,2025-07-25,2025-07-25
526,asish,8638899922,Male,Telugu,6,17,3.55,Verified,Busy,286,2025-10-25,2025-10-25
527,asiwani,6353166486,Male,Tamil,6,13,4.38,Pending,Offline,424,2025-07-09,2025-07-09
528,asiya,7357108777,Male,Tamil,1,29,3.95,Pending,Available,56,2025-02-26,2025-02-26
529,aslam,8814062040,Male,Malayalam,18,26,3.58,Verified,Available,726,2025-01-30,2025-01-30
530,asma,7785767292,Female,Hindi,0,18,4.26,Pending,Available,150,2025-06-23,2025-06-23
531,asman,6195105525,Male,Telugu,12,31,3.91,Pending,Available,530,2025-01-13,2025-01-13
532,asmat,7087639795,Male,Hindi,0,42,4.06,Verified,Busy,57,2025-07-20,2025-07-20
533,asmin,7035989796,Female,Kannada,8,29,3.62,Verified,Busy,595,2025-02-02,2025-02-02
534,asmina,9593462494,Male,Telugu,13,49,4.98,Pending,Available,23,2025-11-11,2025-11-11
535,asmit,7755356731,Male,English,6,30,4.23,Verified,Busy,140,2025-12-10,2025-12-10
536,asmita,6302141041,Female,Tamil,14,26,3.88,Verified,Available,22,2025-07-09,2025-07-09
537,asrani,7883215361,Female,Hindi,2,30,4.57,Verified,Available,441,2025-04-20,2025-04-20
538,asrf,9700696533,Female,Kannada,9,33,3.82,Verified,Offline,697,2025-05-18,2025-05-18
539,asruddin,6661052122,Female,English,10,41,4.28,Pending,Offline,90,2025-10-22,2025-10-22
540,astha,9897851548,Male,Tamil,4,38,3.92,Verified,Available,770,2025-04-06,2025-04-06
541,asutosh,7267946657,Female,Telugu,20,19,4.81,Pending,Busy,66,2025-11-17,2025-11-17
542,aswani,7428652209,Male,Malayalam,5,15,3.59,Pending,Busy,530,2025-02-13,2025-02-13
543,aswin,6043358329,Female,Hindi,4,29,3.9,Pending,Offline,305,2025-11-22,2025-11-22
544,atanu,9095607616,Female,Telugu,17,41,4.42,Verified,Available,615,2025-05-11,2025-05-11
545,ateek,7464944667,Male,Telugu,13,32,4.69,Pending,Available,101,2025-01-11,2025-01-11
546,atif,8209378340,Female,Hindi,7,17,4.97,Verified,Busy,126,2025-05-15,2025-05-15
547,atiq,8328903125,Male,English,6,25,4.09,Verified,Busy,495,2025-11-24,2025-11-24
548,atish,7309000310,Female,Kannada,15,25,3.77,Pending,Offline,631,2025-06-03,2025-06-03
549,atitaj,8730556759,Male,Malayalam,19,49,4.14,Verified,Available,646,2025-02-07,2025-02-07
550,atta,8581485623,Female,Kannada,5,48,3.97,Verified,Busy,20,2025-10-30,2025-10-30
551,attar,6907437878,Female,Tamil,7,14,4.96,Pending,Available,462,2025-03-19,2025-03-19
552,atu,9223490179,Male,English,10,5,4.44,Verified,Busy,221,2025-07-31,2025-07-31
553,atul,9905175333,Male,Tamil,17,18,4.43,Pending,Offline,517,2025-08-12,2025-08-12
554,avadh,8361534749,Male,Malayalam,13,36,4.85,Pending,Available,204,2025-05-25,2025-05-25
555,avantika,9320863276,Male,Malayalam,4,41,4.83,Verified,Available,491,2025-12-05,2025-12-05
556,avastha,8965735289,Male,Telugu,9,17,4.53,Verified,Offline,389,2025-05-22,2025-05-22
557,avdesh,9529396108,Female,English,16,27,4.53,Pending,Busy,267,2025-07-06,2025-07-06
558,avdhesh,6314552221,Female,Kannada,15,8,3.89,Pending,Offline,40,2025-09-06,2025-09-06
559,avfesh,7710706102,Male,English,20,27,3.54,Pending,Available,154,2025-10-26,2025-10-26
560,avi,9779116514,Female,Malayalam,0,40,3.79,Pending,Busy,441,2025-05-02,2025-05-02
561,avid,8159672020,Male,Tamil,12,35,3.87,Pending,Available,498,2025-02-26,2025-02-26
562,avinas,8546102055,Female,Telugu,9,21,4.69,Pending,Busy,752,2025-04-12,2025-04-12
563,avinash,7120794956,Female,Kannada,17,29,4.53,Pending,Available,489,2025-04-10,2025-04-10
564,avinsh,8422447260,Male,Malayalam,3,12,4.68,Pending,Busy,375,2025-03-22,2025-03-22
565,avneet,6710978589,Female,Malayalam,15,12,4.1,Pending,Available,583,2025-01-18,2025-01-18
566,avnish,6057849083,Female,Hindi,5,36,3.57,Pending,Offline,351,2025-01-11,2025-01-11
567,avnit,6833382068,Male,Hindi,5,18,3.93,Verified,Busy,115,2025-04-05,2025-04-05
568,avtar,9668853748,Female,English,2,34,4.39,Verified,Offline,615,2025-04-09,2025-04-09
569,awdesh,8137974604,Male,Malayalam,4,9,3.9,Verified,Offline,537,2025-08-16,2025-08-16
570,awdhesh,8481420514,Female,Telugu,17,13,4.64,Pending,Busy,364,2025-05-15,2025-05-15
571,awedhesh,8956627104,Female,Tamil,17,19,4.85,Verified,Offline,296,2025-02-09,2025-02-09
572,awshin,9612300755,Male,Telugu,19,37,3.99,Pending,Available,782,2025-06-06,2025-06-06
573,axat,8583507155,Male,Telugu,17,15,4.46,Pending,Available,137,2025-07-09,2025-07-09
574,ayan,7673188220,Male,Kannada,12,49,4.42,Verified,Available,480,2025-06-09,2025-06-09
575,ayasha,6369265670,Female,Telugu,3,26,4.92,Pending,Busy,144,2025-01-28,2025-01-28
576,aysha,7852857362,Female,Kannada,17,13,3.8,Verified,Offline,490,2025-01-26,2025-01-26
577,ayub,9282362235,Female,Telugu,1,25,4.97,Verified,Offline,319,2025-06-14,2025-06-14
578,ayube,7278444880,Male,Kannada,19,40,4.89,Pending,Available,501,2025-03-28,2025-03-28
579,ayush,8979722793,Female,Kannada,11,33,3.62,Pending,Available,55,2025-02-12,2025-02-12
580,ayushi,8464480905,Female,Malayalam,13,38,4.47,Pending,Busy,226,2025-05-04,2025-05-04
581,azad,9110763923,Female,Telugu,12,10,4.39,Verified,Available,341,2025-01-09,2025-01-09
582,azam,7914815479,Female,Kannada,0,37,4.5,Pending,Busy,7,2025-08-18,2025-08-18
583,azaruddin,8654357252,Male,English,11,25,3.65,Verified,Offline,424,2025-03-22,2025-03-22
584,azaz,6821497359,Male,English,6,38,4.5,Verified,Offline,63,2025-08-22,2025-08-22
585,azhar,8901794276,Male,Telugu,4,31,4.77,Pending,Busy,321,2025-11-24,2025-11-24
586,azim,8400688626,Male,Tamil,13,34,4.53,Pending,Offline,198,2025-10-17,2025-10-17
587,azmira,7568936012,Male,Kannada,11,36,4.15,Pending,Offline,586,2025-08-31,2025-08-31
588,azruddin,8171931835,Female,Telugu,15,9,3.77,Verified,Available,762,2025-10-12,2025-10-12
589,baam,9466016308,Male,Telugu,16,30,3.73,Verified,Available,788,2025-11-01,2025-11-01
590,babali,7300576276,Female,Telugu,1,33,4.02,Verified,Busy,680,2025-09-18,2025-09-18
591,babalu,8124157300,Female,Telugu,15,38,4.18,Verified,Offline,54,2025-12-26,2025-12-26
592,baban,6486895714,Male,Tamil,2,44,3.83,Verified,Busy,307,2025-05-31,2025-05-31
593,babar,6864530437,Female,Telugu,3,37,4.79,Pending,Offline,462,2025-08-24,2025-08-24
594,babbi,7423181198,Female,Kannada,6,17,4.56,Verified,Busy,345,2025-07-28,2025-07-28
595,babbu,6176104480,Male,Telugu,4,50,4.32,Pending,Available,7,2025-05-10,2025-05-10
596,babby,6108081720,Male,English,7,16,4.97,Verified,Busy,14,2025-03-16,2025-03-16
597,babita,8925682647,Male,Malayalam,20,8,4.25,Verified,Busy,412,2025-08-09,2025-08-09
598,babli,6093428271,Male,Tamil,3,39,4.35,Verified,Offline,716,2025-03-15,2025-03-15
599,babloo,8332184077,Female,Malayalam,13,14,3.7,Pending,Available,349,2025-03-12,2025-03-12
600,bablu,8795178389,Male,English,15,28,4.74,Verified,Offline,770,2025-08-10,2025-08-10
601,babram,7357227682,Female,Tamil,20,27,4.03,Verified,Available,279,2025-04-22,2025-04-22
602,babu,8400684995,Male,Kannada,13,46,4.29,Verified,Available,232,2025-01-16,2025-01-16
603,babudden,8878256800,Male,Telugu,2,12,4.55,Verified,Available,670,2025-12-19,2025-12-19
604,babuddin,6090696588,Female,Telugu,6,45,4.11,Pending,Available,742,2025-04-01,2025-04-01
605,babul,7229425969,Female,Malayalam,1,16,3.92,Pending,Offline,374,2025-01-04,2025-01-04
606,babulal,7438523599,Male,English,5,35,3.62,Verified,Available,209,2025-05-21,2025-05-21
607,babupuri,7727722558,Female,Telugu,8,7,4.06,Pending,Available,324,2025-04-06,2025-04-06
608,baburam,7326722129,Male,Kannada,3,48,3.85,Pending,Available,652,2025-08-06,2025-08-06
609,baby,7327523938,Female,Malayalam,3,43,4.68,Verified,Available,589,2025-12-10,2025-12-10
610,baccha,7796497927,Male,Tamil,20,27,3.7,Pending,Busy,766,2025-02-11,2025-02-11
611,bacche,6035474839,Female,Telugu,15,41,4.56,Pending,Offline,106,2025-03-02,2025-03-02
612,bacchu,9034003290,Male,Malayalam,20,35,3.66,Pending,Offline,611,2025-04-27,2025-04-27
613,bachan,8301779469,Male,Hindi,15,11,3.59,Pending,Available,491,2025-08-30,2025-08-30
614,bachcha,7310328404,Male,Kannada,12,9,4.49,Verified,Offline,66,2025-12-28,2025-12-28
615,bachheshwar,7591109980,Female,Kannada,0,16,4.97,Pending,Available,338,2025-01-13,2025-01-13
616,bachhu,7476296287,Male,Malayalam,15,10,4.73,Pending,Offline,76,2025-08-11,2025-08-11
617,bachu,9761323834,Male,Kannada,1,30,3.53,Verified,Busy,12,2025-05-04,2025-05-04
618,bada,7709751489,Female,Kannada,4,15,4.6,Verified,Offline,417,2025-07-23,2025-07-23
619,badal,6803212660,Male,Hindi,9,49,4.71,Verified,Available,617,2025-11-14,2025-11-14
620,badami,9547499830,Female,Hindi,1,19,4.82,Verified,Offline,446,2025-06-13,2025-06-13
621,badan,9462167063,Female,Telugu,17,43,4.41,Pending,Busy,233,2025-09-29,2025-09-29
622,badarjahan,9811065967,Male,Telugu,11,22,4.62,Pending,Offline,222,2025-05-06,2025-05-06
623,badnath,7982292765,Female,Telugu,0,8,4.71,Verified,Busy,428,2025-02-18,2025-02-18
624,badrealam,7085912889,Male,Malayalam,4,22,4.61,Verified,Offline,330,2025-09-28,2025-09-28
625,badri,6047754827,Male,Hindi,8,5,3.64,Verified,Available,100,2025-07-04,2025-07-04
626,badru,8578183531,Male,English,14,6,3.97,Pending,Offline,581,2025-12-30,2025-12-30
627,badrudeen,8508622335,Male,Hindi,20,43,3.81,Verified,Offline,698,2025-10-08,2025-10-08
628,badrulla,8761926322,Female,Telugu,20,45,4.17,Pending,Busy,228,2025-09-23,2025-09-23
629,badrunisha,7321684447,Female,Malayalam,15,8,4.22,Verified,Available,708,2025-01-26,2025-01-26
630,badshya,7087592873,Male,Kannada,6,48,4.53,Verified,Offline,645,2025-04-27,2025-04-27
631,baga,6941786005,Male,Kannada,19,34,4.83,Pending,Available,726,2025-03-24,2025-03-24
632,bagaram,9881129134,Female,English,9,30,3.69,Verified,Offline,415,2025-08-03,2025-08-03
633,bagdai,6255778883,Male,Tamil,11,34,3.72,Verified,Available,9,2025-01-03,2025-01-03
634,bagga,6220220713,Male,Tamil,14,41,4.91,Verified,Offline,455,2025-05-04,2025-05-04
635,baggusingh,9588140457,Male,Kannada,13,45,4.23,Pending,Offline,375,2025-11-09,2025-11-09
636,bagwan,6805933131,Female,Telugu,20,10,4.05,Pending,Available,649,2025-01-31,2025-01-31
637,bahadur,6028100769,Male,Malayalam,13,33,3.8,Pending,Offline,259,2025-04-08,2025-04-08
638,bahalen,9298076916,Male,Telugu,6,41,3.88,Pending,Offline,542,2025-07-12,2025-07-12
639,bahart,9016611911,Male,Telugu,11,24,3.9,Pending,Busy,397,2025-03-06,2025-03-06
640,bahnu,7206296439,Male,Malayalam,8,9,4.52,Pending,Busy,283,2025-05-01,2025-05-01
641,bahrat,6499924906,Male,Kannada,2,39,4.95,Pending,Available,263,2025-08-24,2025-08-24
642,bahwana,9704643506,Female,Telugu,10,41,4.85,Verified,Busy,406,2025-04-26,2025-04-26
643,baichan,9761915135,Female,Hindi,2,17,4.52,Pending,Offline,303,2025-06-06,2025-06-06
644,baidnath,8400953524,Female,Hindi,14,21,4.61,Pending,Offline,717,2025-09-10,2025-09-10
645,baijnath,8870635508,Female,Telugu,2,20,3.84,Pending,Busy,579,2025-03-10,2025-03-10
646,baita,6758518657,Female,Malayalam,11,12,4.75,Verified,Busy,138,2025-07-23,2025-07-23
647,bajinder,8852154382,Male,Telugu,6,22,4.54,Pending,Busy,263,2025-07-17,2025-07-17
648,bajrang,9839485294,Female,Telugu,11,5,4.06,Pending,Offline,691,2025-04-03,2025-04-03
649,bajrangi,8169302811,Male,Tamil,9,45,4.03,Verified,Busy,323,2025-05-25,2025-05-25
650,bajulal,9763406717,Female,Telugu,13,19,4.57,Verified,Available,503,2025-07-15,2025-07-15
651,bake,7548090282,Female,Hindi,16,24,3.92,Pending,Busy,46,2025-02-03,2025-02-03
652,bakhtvaar,8398182422,Female,Hindi,0,10,4.24,Verified,Offline,37,2025-11-20,2025-11-20
653,bakila,9344938068,Female,Telugu,10,34,3.62,Pending,Offline,698,2025-08-25,2025-08-25
654,baksi,8585138404,Male,Telugu,17,6,4.97,Verified,Offline,547,2025-09-21,2025-09-21
655,bal,9560095388,Male,Tamil,8,21,4.07,Verified,Offline,681,2025-03-18,2025-03-18
656,bala,7827191109,Male,Tamil,8,37,3.54,Verified,Busy,431,2025-10-20,2025-10-20
657,balak,8113538372,Female,Hindi,20,10,4.04,Pending,Offline,51,2025-02-28,2025-02-28
658,balalia,7599188183,Female,Kannada,12,40,3.71,Pending,Busy,275,2025-11-08,2025-11-08
659,balam,8536161451,Female,Hindi,0,37,4.53,Verified,Available,251,2025-11-25,2025-11-25
660,balaram,6500304540,Female,Malayalam,19,21,4.31,Verified,Busy,202,2025-06-04,2025-06-04
661,balbeer,8532429611,Male,Tamil,16,48,4.48,Verified,Busy,164,2025-04-28,2025-04-28
662,balbir,8201954335,Female,Telugu,15,31,4.79,Pending,Busy,408,2025-09-29,2025-09-29
663,balbiri,9925154835,Female,Kannada,2,28,4.83,Verified,Offline,423,2025-09-04,2025-09-04
664,balchand,6230431845,Male,English,16,12,4.57,Pending,Offline,242,2025-09-26,2025-09-26
665,baldev,7447593436,Male,Hindi,6,48,4.97,Verified,Offline,213,2025-10-18,2025-10-18
666,baleshwar,9509650751,Female,Hindi,12,24,3.74,Pending,Busy,496,2025-03-01,2025-03-01
667,baleshwer,6039429908,Male,Kannada,11,11,3.64,Verified,Offline,58,2025-12-13,2025-12-13
668,bali,9179618597,Female,Kannada,15,44,3.86,Verified,Offline,395,2025-09-09,2025-09-09
669,baliram,6482052622,Male,Telugu,3,6,4.6,Verified,Available,424,2025-11-12,2025-11-12
670,baliya,6770104713,Female,Tamil,3,30,3.52,Verified,Offline,381,2025-03-04,2025-03-04
671,baljeet,6483296801,Female,Kannada,13,35,4.11,Verified,Available,15,2025-07-29,2025-07-29
672,baljinder,7900943407,Male,Tamil,11,33,4.73,Pending,Offline,594,2025-09-12,2025-09-12
673,balkishan,6400164317,Female,Tamil,2,10,4.1,Verified,Available,388,2025-09-08,2025-09-08
674,ballu,7671684481,Male,Hindi,1,40,4.49,Verified,Available,571,2025-01-06,2025-01-06
675,balmiki,9119125700,Female,English,11,32,3.73,Verified,Available,628,2025-03-26,2025-03-26
676,balraj,7724228473,Female,Hindi,6,29,4.5,Verified,Busy,258,2025-06-23,2025-06-23
677,balram,8600800455,Male,Telugu,12,22,4.67,Pending,Available,228,2025-07-01,2025-07-01
678,balveer,8537319800,Male,English,17,45,4.2,Pending,Available,383,2025-09-21,2025-09-21
679,balvinder,7022890789,Male,Malayalam,9,48,3.68,Verified,Offline,14,2025-07-31,2025-07-31
680,balwan,9564482691,Male,English,15,17,4.47,Pending,Busy,329,2025-01-14,2025-01-14
681,balwant,6098547273,Female,Tamil,17,37,4.98,Verified,Available,329,2025-07-07,2025-07-07
682,banarsi,9274855013,Male,Malayalam,0,26,3.95,Verified,Available,176,2025-09-09,2025-09-09
683,bandana,6488206211,Female,Telugu,8,29,4.45,Pending,Busy,443,2025-04-25,2025-04-25
684,bandani,9267967438,Male,Malayalam,7,14,3.96,Verified,Offline,583,2025-02-09,2025-02-09
685,bandu,7378130023,Male,Malayalam,9,44,4.7,Pending,Busy,5,2025-05-05,2025-05-05
686,bangali,9770716342,Male,Malayalam,3,14,4.55,Pending,Available,544,2025-07-29,2025-07-29
687,banita,7476039598,Female,Malayalam,3,25,4.83,Pending,Busy,98,2025-07-25,2025-07-25
688,baniya,9033425217,Female,Hindi,11,25,4.33,Verified,Available,59,2025-02-12,2025-02-12
689,banju,6445563870,Male,Kannada,1,38,3.75,Verified,Busy,567,2025-07-10,2025-07-10
690,bannu,7067029887,Female,Malayalam,5,33,4.18,Pending,Offline,25,2025-05-11,2025-05-11
691,banshi,9090654391,Male,Telugu,0,26,4.49,Pending,Busy,747,2025-10-14,2025-10-14
692,bansi,8545868571,Male,English,10,10,3.94,Verified,Busy,732,2025-06-27,2025-06-27
693,bansilal,9532337625,Male,Tamil,9,46,3.54,Pending,Available,746,2025-08-31,2025-08-31
694,banti,7882156854,Female,Malayalam,14,9,3.88,Verified,Busy,735,2025-01-27,2025-01-27
695,bantu,6066036152,Male,English,15,27,4.92,Pending,Busy,346,2025-07-27,2025-07-27
696,banty,8590628035,Female,Hindi,14,41,4.8,Verified,Offline,493,2025-07-24,2025-07-24
697,banu,8629708915,Male,Telugu,3,36,4.64,Pending,Offline,210,2025-12-13,2025-12-13
698,banwari,9633396449,Male,Tamil,15,27,3.74,Verified,Busy,139,2025-01-02,2025-01-02
699,banwarilal,9114515704,Female,Malayalam,1,30,4.65,Pending,Available,661,2025-12-25,2025-12-25
700,bapu,6298748086,Female,English,11,37,3.83,Verified,Available,684,2025-12-16,2025-12-16
701,barakha,6117419844,Female,Malayalam,12,46,3.68,Pending,Available,710,2025-06-12,2025-06-12
702,barham,8011930967,Female,Tamil,15,44,4.07,Verified,Available,227,2025-08-11,2025-08-11
703,barj,9935883707,Male,Hindi,1,44,3.99,Verified,Offline,547,2025-10-19,2025-10-19
704,barjesh,8263820724,Female,Hindi,10,33,3.99,Verified,Busy,478,2025-12-07,2025-12-07
705,barjraj,8657965250,Male,Telugu,2,12,3.82,Verified,Available,328,2025-02-16,2025-02-16
706,barkat,9737103798,Female,Hindi,0,47,4.45,Verified,Busy,301,2025-12-04,2025-12-04
707,barkha,7391684674,Female,Kannada,1,44,4.39,Pending,Available,432,2025-05-24,2025-05-24
708,barti,8102991224,Female,Hindi,13,10,3.67,Pending,Busy,11,2025-08-16,2025-08-16
709,basant,8414292954,Male,Malayalam,19,10,4.35,Pending,Offline,393,2025-12-04,2025-12-04
710,basanta,6653422947,Female,Kannada,4,15,4.28,Verified,Offline,75,2025-04-29,2025-04-29
711,basanti,6735158352,Female,English,11,32,4.7,Pending,Available,780,2025-11-25,2025-11-25
712,bashanti,6389255724,Male,Malayalam,1,19,3.71,Pending,Available,490,2025-02-17,2025-02-17
713,bashudev,7717078147,Male,Malayalam,9,17,4.83,Pending,Offline,36,2025-08-07,2025-08-07
714,basibul,9168712426,Male,Hindi,10,18,3.56,Pending,Available,282,2025-08-05,2025-08-05
715,basiran,6868189520,Female,Kannada,12,43,4.0,Pending,Busy,54,2025-05-22,2025-05-22
716,basnti,8856084343,Female,Hindi,6,41,4.75,Verified,Busy,664,2025-07-14,2025-07-14
717,batasi,6023179247,Female,Malayalam,14,35,4.38,Pending,Available,148,2025-01-20,2025-01-20
718,batloon,8852572554,Male,Telugu,13,36,3.53,Pending,Offline,158,2025-08-16,2025-08-16
719,bato,8113010804,Male,Malayalam,18,35,4.18,Verified,Busy,143,2025-06-24,2025-06-24
720,batu,8343654876,Female,Kannada,9,37,4.65,Pending,Offline,250,2025-04-07,2025-04-07
721,batul,6632139336,Male,Hindi,20,35,4.88,Verified,Offline,353,2025-10-10,2025-10-10
722,baudi,8704857804,Female,English,4,47,3.81,Pending,Busy,367,2025-02-20,2025-02-20
723,bavita,7517226897,Female,English,2,39,4.82,Pending,Busy,273,2025-04-05,2025-04-05
724,bawan,6443234741,Male,Tamil,9,34,4.3,Verified,Available,343,2025-06-09,2025-06-09
725,beauty,6105945595,Male,Hindi,10,15,4.39,Verified,Busy,64,2025-07-29,2025-07-29
726,bebi,6044971036,Male,English,19,16,4.77,Pending,Offline,202,2025-12-24,2025-12-24
727,beby,7133031948,Female,Tamil,19,34,3.89,Pending,Available,396,2025-01-11,2025-01-11
728,bechan,6157480670,Male,English,6,36,4.26,Pending,Offline,386,2025-12-30,2025-12-30
729,beekar,9561867811,Female,English,14,42,3.9,Verified,Available,387,2025-07-26,2025-07-26
730,beena,7364871163,Female,English,20,17,4.54,Verified,Busy,741,2025-03-26,2025-03-26
731,beenu,6168678755,Female,Malayalam,10,19,4.67,Pending,Offline,448,2025-04-26,2025-04-26
732,beera,7054169242,Male,Hindi,19,22,3.68,Verified,Busy,743,2025-01-11,2025-01-11
733,beeram,7561871061,Female,Kannada,13,45,4.54,Pending,Busy,183,2025-08-13,2025-08-13
734,beeru,6173534619,Female,Tamil,16,5,4.31,Verified,Offline,55,2025-08-29,2025-08-29
735,beeti,6297921593,Female,Hindi,0,18,4.93,Pending,Available,520,2025-03-27,2025-03-27
736,beeuty,8207515738,Female,Telugu,18,28,3.94,Pending,Available,255,2025-08-30,2025-08-30
737,begam,7276968797,Male,Kannada,6,24,4.23,Verified,Busy,14,2025-03-15,2025-03-15
738,begraj,8671868850,Female,Hindi,6,17,4.59,Pending,Available,761,2025-02-25,2025-02-25
739,begum,7041543654,Female,Tamil,15,49,4.02,Verified,Offline,73,2025-12-16,2025-12-16
740,begumpur,7215647307,Male,Kannada,9,37,3.9,Verified,Available,411,2025-12-28,2025-12-28
741,belo,6838983700,Female,Telugu,16,5,4.87,Pending,Offline,303,2025-09-14,2025-09-14
742,benay,8943286386,Female,Hindi,2,15,4.63,Verified,Offline,724,2025-09-08,2025-09-08
743,beni,6248690429,Female,Hindi,14,17,4.24,Verified,Available,114,2025-06-07,2025-06-07
744,benjir,7390402529,Male,English,10,45,4.6,Pending,Busy,58,2025-09-14,2025-09-14
745,benu,7811183579,Male,Malayalam,13,39,3.51,Verified,Offline,307,2025-03-26,2025-03-26
746,beragi,6948540731,Female,Malayalam,13,40,4.41,Pending,Available,637,2025-08-03,2025-08-03
747,beti,7421287754,Female,Kannada,19,22,4.73,Pending,Busy,533,2025-12-18,2025-12-18
748,bhabhav,9952028512,Male,English,4,9,3.9,Verified,Available,289,2025-07-17,2025-07-17
749,bhabhiya,9761184032,Male,Kannada,3,8,4.47,Verified,Busy,465,2025-10-09,2025-10-09
750,bhaddal,6280905099,Female,Malayalam,12,46,3.62,Pending,Offline,61,2025-09-06,2025-09-06
751,bhadur,6581582462,Male,Malayalam,2,8,3.91,Verified,Offline,38,2025-01-31,2025-01-31
752,bhag,7774015761,Male,English,14,26,3.7,Pending,Offline,687,2025-08-07,2025-08-07
753,bhagat,6961034367,Female,English,7,47,3.56,Verified,Offline,323,2025-12-29,2025-12-29
754,bhagay,7868628725,Female,Tamil,17,42,3.68,Pending,Offline,751,2025-03-23,2025-03-23
755,bhagchand,8731054535,Female,Malayalam,1,40,3.87,Pending,Offline,772,2025-08-13,2025-08-13
756,bhaggo,6147050070,Female,Tamil,10,10,3.65,Pending,Offline,438,2025-10-09,2025-10-09
757,bhagipuri,8245120724,Male,Malayalam,17,43,4.75,Verified,Busy,723,2025-10-06,2025-10-06
758,bhagirath,8501227373,Male,Kannada,6,30,4.67,Verified,Busy,566,2025-03-08,2025-03-08
759,bhagirathi,7799498798,Female,Malayalam,7,41,4.74,Verified,Busy,644,2025-06-23,2025-06-23
760,bhagvaan,7538937050,Male,English,5,36,3.74,Pending,Available,175,2025-04-11,2025-04-11
761,bhagvati,7913039339,Male,Hindi,8,45,3.7,Verified,Busy,765,2025-02-05,2025-02-05
762,bhagwan,8132747480,Female,Kannada,14,32,4.27,Pending,Offline,15,2025-10-30,2025-10-30
763,bhagwana,9835269265,Female,Malayalam,13,22,3.92,Pending,Available,772,2025-12-13,2025-12-13
764,bhagwanaram,9936152746,Female,Tamil,14,27,3.63,Verified,Offline,557,2025-04-03,2025-04-03
765,bhagwanti,7808272154,Male,Telugu,12,30,4.19,Verified,Busy,393,2025-07-12,2025-07-12
766,bhagwat,8034855168,Female,Hindi,4,14,4.42,Verified,Offline,143,2025-03-16,2025-03-16
767,bhagwati,8369245461,Female,Telugu,4,18,4.64,Pending,Busy,781,2025-02-14,2025-02-14
768,bhagya,8660489854,Male,Telugu,5,39,4.77,Pending,Available,82,2025-08-05,2025-08-05
769,bhahadur,8698642692,Male,Hindi,15,43,4.04,Verified,Offline,516,2025-03-06,2025-03-06
770,bhajan,6251952652,Male,Kannada,13,18,3.65,Verified,Offline,94,2025-04-13,2025-04-13
771,bhajandeep,8625360643,Female,English,14,46,4.78,Pending,Offline,43,2025-09-06,2025-09-06
772,bhajanlal,7678108328,Male,Kannada,17,46,4.25,Verified,Busy,15,2025-06-19,2025-06-19
773,bhajju,9778092299,Male,English,15,23,4.8,Verified,Available,201,2025-10-18,2025-10-18
774,bhakuni,7561251921,Female,Hindi,8,38,4.09,Pending,Available,279,2025-10-08,2025-10-08
775,bhala,8685738373,Female,Telugu,10,16,3.92,Pending,Offline,554,2025-04-12,2025-04-12
776,bhalaram,6193577996,Male,English,18,46,4.05,Pending,Busy,651,2025-12-05,2025-12-05
777,bhan,9163811062,Female,Telugu,9,22,4.92,Verified,Available,521,2025-01-02,2025-01-02
778,bhani,9668668935,Male,Telugu,6,44,4.85,Pending,Available,306,2025-06-10,2025-06-10
779,bhanmati,9229925741,Female,Tamil,10,30,4.4,Verified,Available,677,2025-03-30,2025-03-30
780,bhanu,7474476523,Female,Kannada,3,35,4.67,Pending,Busy,755,2025-12-30,2025-12-30
781,bhanumati,6559109437,Male,Hindi,20,18,4.52,Pending,Available,252,2025-03-24,2025-03-24
782,bhanupriya,9980991059,Male,Malayalam,18,47,4.16,Pending,Available,422,2025-02-01,2025-02-01
783,bhanvar,8194703059,Male,Kannada,2,29,3.95,Pending,Offline,741,2025-03-20,2025-03-20
784,bhanwar,7181617123,Female,Telugu,15,5,3.65,Pending,Busy,201,2025-06-18,2025-06-18
785,bhanwari,7899873514,Female,Kannada,1,23,4.81,Pending,Busy,666,2025-04-14,2025-04-14
786,bhanwer,9414487678,Male,Telugu,14,45,4.85,Pending,Available,71,2025-10-13,2025-10-13
787,bhanweri,6370953566,Male,Kannada,6,11,4.26,Pending,Available,533,2025-01-16,2025-01-16
788,bharat,7214239159,Female,Kannada,13,17,4.06,Verified,Offline,62,2025-07-08,2025-07-08
789,bharati,7999445453,Male,Telugu,14,46,4.72,Verified,Available,34,2025-11-21,2025-11-21
790,bharatlal,6998185424,Female,Kannada,17,24,4.69,Pending,Offline,280,2025-09-14,2025-09-14
791,bharkah,6930784062,Female,Telugu,15,38,4.4,Pending,Busy,682,2025-02-05,2025-02-05
792,bharkha,6753968325,Male,English,9,22,4.59,Verified,Offline,271,2025-12-28,2025-12-28
793,bharma,8330364333,Male,English,18,9,5.0,Pending,Busy,740,2025-01-05,2025-01-05
794,bhart,7726724510,Male,Tamil,2,49,4.12,Pending,Busy,48,2025-08-25,2025-08-25
795,bhartendu,7014624990,Male,Hindi,1,18,4.35,Verified,Offline,39,2025-02-18,2025-02-18
796,bharti,6662839312,Male,Telugu,15,38,4.0,Verified,Offline,782,2025-12-21,2025-12-21
797,bhasker,6309624998,Female,Hindi,15,25,3.74,Verified,Busy,591,2025-05-22,2025-05-22
798,bhatari,8411573429,Female,Hindi,17,21,3.62,Pending,Busy,601,2025-02-21,2025-02-21
799,bhateri,6583194429,Female,Kannada,20,48,3.58,Pending,Offline,669,2025-09-12,2025-09-12
800,bhatri,8630385746,Male,Kannada,14,47,4.05,Verified,Offline,663,2025-06-22,2025-06-22
801,bhauk,6017153138,Female,Kannada,15,7,3.95,Pending,Offline,573,2025-09-11,2025-09-11
802,bhavana,7596783976,Male,Telugu,13,17,3.86,Pending,Busy,454,2025-04-03,2025-04-03
803,bhavesh,9002277148,Female,Kannada,7,12,4.22,Pending,Busy,599,2025-06-02,2025-06-02
804,bhavisaya,7193786702,Male,Tamil,3,21,4.69,Pending,Available,428,2025-04-22,2025-04-22
805,bhavishy,6033931460,Male,English,19,12,3.72,Verified,Available,641,2025-05-06,2025-05-06
806,bhavishya,9616164967,Female,Malayalam,11,48,4.08,Verified,Available,475,2025-10-04,2025-10-04
807,bhavna,8705206586,Female,English,14,34,4.59,Pending,Offline,88,2025-04-01,2025-04-01
808,bhavuk,9809644379,Female,English,5,36,3.88,Pending,Available,437,2025-02-20,2025-02-20
809,bhawan,9418481348,Female,English,14,34,4.81,Pending,Available,111,2025-11-18,2025-11-18
810,bhawana,8350085945,Male,Telugu,0,40,3.84,Verified,Offline,104,2025-08-08,2025-08-08
811,bhawani,7682415654,Female,English,4,40,4.87,Verified,Available,701,2025-05-18,2025-05-18
812,bhawar,7422921123,Male,Tamil,15,40,4.32,Pending,Busy,233,2025-06-06,2025-06-06
813,bhawari,9430857102,Female,Telugu,4,38,4.25,Verified,Busy,180,2025-05-11,2025-05-11
814,bhawna,6349039402,Male,Malayalam,3,29,3.73,Verified,Busy,20,2025-08-22,2025-08-22
815,bheem,7637423754,Female,Malayalam,0,46,3.53,Pending,Busy,753,2025-06-04,2025-06-04
816,bheema,9154284941,Male,Malayalam,7,23,3.67,Verified,Busy,726,2025-02-23,2025-02-23
817,bhemji,9508834656,Female,Tamil,7,35,3.78,Verified,Offline,385,2025-02-01,2025-02-01
818,bherav,6619971957,Male,Kannada,15,29,4.14,Pending,Offline,311,2025-06-02,2025-06-02
819,bhhatu,9132103356,Male,English,2,18,4.77,Pending,Busy,464,2025-03-25,2025-03-25
820,bhikhari,9621408972,Female,Malayalam,20,21,4.37,Verified,Available,95,2025-10-30,2025-10-30
821,bhiki,9597328975,Female,English,15,37,3.75,Verified,Busy,314,2025-05-01,2025-05-01
822,bhim,6229471394,Male,Tamil,9,41,4.9,Pending,Available,78,2025-01-06,2025-01-06
823,bhima,8035023598,Female,Hindi,16,14,3.51,Verified,Busy,164,2025-12-22,2025-12-22
824,bhimsen,7066053000,Male,English,7,34,3.8,Pending,Busy,646,2025-06-20,2025-06-20
825,bhisan,9985341688,Male,Tamil,11,8,4.15,Pending,Available,620,2025-10-14,2025-10-14
826,bhismpal,7445069367,Female,Hindi,5,25,4.35,Verified,Busy,85,2025-03-13,2025-03-13
827,bhiva,8300378062,Female,Hindi,11,50,3.76,Verified,Offline,213,2025-11-14,2025-11-14
828,bhojaram,7150757478,Female,Hindi,13,50,4.94,Verified,Offline,349,2025-04-25,2025-04-25
829,bhojpal,6305252790,Female,Telugu,20,21,4.92,Pending,Offline,741,2025-02-04,2025-02-04
830,bhola,6169800777,Female,Malayalam,12,21,4.97,Pending,Offline,239,2025-01-09,2025-01-09
831,bholaram,9591466948,Female,Malayalam,17,28,4.74,Verified,Offline,774,2025-01-27,2025-01-27
832,bhole,9523145837,Male,Malayalam,15,39,4.31,Verified,Busy,418,2025-08-18,2025-08-18
833,bholi,9719283591,Female,Telugu,5,38,4.25,Pending,Busy,673,2025-04-09,2025-04-09
834,bholu,9341365106,Female,Hindi,15,31,3.97,Verified,Busy,494,2025-03-18,2025-03-18
835,bhonu,7671473944,Male,Telugu,9,21,4.07,Verified,Available,621,2025-06-08,2025-06-08
836,bhoop,6668395199,Female,Tamil,20,31,3.84,Pending,Available,336,2025-05-09,2025-05-09
837,bhoopsingh,9621312195,Female,English,12,36,4.34,Pending,Available,383,2025-04-16,2025-04-16
838,bhoori,6061518659,Male,Hindi,11,12,4.72,Verified,Available,567,2025-12-16,2025-12-16
839,bhopal,6218521731,Male,Malayalam,0,40,3.62,Pending,Offline,449,2025-11-05,2025-11-05
840,bhorelal,8461264418,Male,English,6,21,4.94,Pending,Available,482,2025-02-08,2025-02-08
841,bhotra,7997999580,Male,Telugu,15,38,4.08,Pending,Available,439,2025-05-27,2025-05-27
842,bhram,9679283770,Male,Hindi,16,29,4.61,Pending,Offline,259,2025-02-04,2025-02-04
843,bhramanand,7287126414,Female,Telugu,14,25,4.12,Verified,Offline,441,2025-08-26,2025-08-26
844,bhrat,8902901737,Female,Kannada,12,41,4.22,Pending,Offline,320,2025-09-01,2025-09-01
845,bhrkat,9382416531,Female,Malayalam,18,31,3.86,Pending,Available,157,2025-10-17,2025-10-17
846,bhteri,8477594820,Male,Kannada,4,24,4.88,Pending,Available,716,2025-05-25,2025-05-25
847,bhud,6532469162,Female,Malayalam,9,47,3.96,Verified,Available,683,2025-05-10,2025-05-10
848,bhudev,7455888375,Female,Kannada,9,44,4.92,Verified,Busy,536,2025-02-10,2025-02-10
849,bhudevi,9466786018,Male,Tamil,14,13,4.9,Verified,Offline,708,2025-12-30,2025-12-30
850,bhudhashen,8293513396,Male,Hindi,2,11,4.64,Verified,Busy,373,2025-07-05,2025-07-05
851,bhudhi,8203829978,Female,Tamil,4,23,4.58,Pending,Busy,521,2025-07-16,2025-07-16
852,bhulaee,9233262529,Male,English,3,8,3.77,Verified,Offline,14,2025-09-20,2025-09-20
853,bhulan,9200582204,Female,Kannada,4,30,3.67,Verified,Busy,147,2025-04-27,2025-04-27
854,bhuli,7256891366,Male,Malayalam,3,26,4.07,Pending,Available,271,2025-01-28,2025-01-28
855,bhumika,9558464029,Female,Tamil,16,28,3.79,Verified,Available,184,2025-08-15,2025-08-15
856,bhundki,9252179496,Female,Malayalam,14,5,4.61,Verified,Busy,762,2025-11-06,2025-11-06
857,bhuneshwar,9400687902,Female,Telugu,7,41,3.74,Verified,Available,776,2025-12-23,2025-12-23
858,bhup,8752563653,Female,Tamil,14,31,4.74,Pending,Offline,12,2025-01-24,2025-01-24
859,bhupen,6175486770,Male,Telugu,17,49,4.05,Verified,Offline,384,2025-12-26,2025-12-26
860,bhupendar,6591598540,Female,Tamil,17,14,4.85,Pending,Busy,620,2025-06-30,2025-06-30
861,bhupender,8511749672,Male,Kannada,16,14,4.0,Pending,Offline,405,2025-12-07,2025-12-07
862,bhupendra,9988987416,Female,Hindi,7,21,4.9,Verified,Available,326,2025-09-08,2025-09-08
863,bhupesh,8163484348,Female,Tamil,17,44,4.21,Pending,Busy,767,2025-05-14,2025-05-14
864,bhura,8505541818,Female,Hindi,3,39,4.73,Pending,Available,544,2025-04-05,2025-04-05
865,bhuralal,8872547046,Female,Tamil,9,19,4.73,Pending,Busy,738,2025-02-12,2025-02-12
866,bhure,8309226865,Male,Tamil,3,13,4.74,Pending,Offline,627,2025-08-28,2025-08-28
867,bhuri,9240586814,Female,Kannada,1,19,4.15,Pending,Available,38,2025-11-19,2025-11-19
868,bhusan,8523347103,Female,Malayalam,5,10,4.49,Pending,Offline,466,2025-07-19,2025-07-19
869,bhushan,6569743207,Male,Hindi,14,25,4.14,Pending,Available,690,2025-10-30,2025-10-30
870,bhuvneshwar,7460239606,Female,Malayalam,13,27,4.49,Pending,Available,99,2025-10-30,2025-10-30
871,bhuwan,8650637142,Male,Tamil,2,30,3.93,Verified,Offline,375,2025-03-19,2025-03-19
872,bidami,7724941819,Male,Telugu,20,20,4.13,Pending,Busy,517,2025-04-12,2025-04-12
873,bidhya,9919294297,Male,Telugu,14,30,3.62,Pending,Available,520,2025-11-17,2025-11-17
874,bidur,8600821321,Male,English,8,40,4.15,Verified,Offline,514,2025-07-07,2025-07-07
875,bigan,8424430837,Male,Hindi,1,33,4.81,Pending,Busy,692,2025-07-05,2025-07-05
876,biitu,7556550005,Male,Tamil,7,47,3.83,Pending,Busy,30,2025-06-28,2025-06-28
877,bijali,6444349107,Male,Telugu,18,43,4.83,Pending,Busy,384,2025-02-06,2025-02-06
878,bijander,7777253951,Female,Tamil,18,45,4.66,Pending,Available,421,2025-06-16,2025-06-16
879,bijender,7782988062,Female,Malayalam,17,19,4.35,Verified,Available,785,2025-09-10,2025-09-10
880,bijendra,7779081267,Male,Malayalam,7,37,4.26,Verified,Available,705,2025-06-15,2025-06-15
881,bikki,8710170537,Female,Tamil,6,15,4.38,Verified,Offline,552,2025-07-01,2025-07-01
882,bikram,6899543330,Male,Malayalam,19,18,4.53,Pending,Busy,743,2025-10-21,2025-10-21
883,bilal,8837699373,Female,Telugu,19,11,4.89,Pending,Offline,215,2025-07-30,2025-07-30
884,bilke,9281595480,Male,Kannada,19,5,3.58,Verified,Available,616,2025-06-19,2025-06-19
885,bilkis,8388164563,Male,Malayalam,7,30,4.03,Verified,Offline,545,2025-10-25,2025-10-25
886,bima,7095267393,Male,Tamil,9,26,4.06,Verified,Busy,739,2025-08-10,2025-08-10
887,bimla,6889832589,Female,Malayalam,3,20,4.92,Verified,Available,616,2025-08-14,2025-08-14
888,bimlesh,8932930611,Female,Tamil,11,48,4.61,Pending,Busy,235,2025-11-13,2025-11-13
889,bina,8611836067,Male,Malayalam,14,32,4.75,Verified,Offline,228,2025-11-27,2025-11-27
890,binani,8431931257,Male,Malayalam,17,49,4.04,Verified,Offline,449,2025-07-05,2025-07-05
891,binda,7098308782,Male,Kannada,15,32,4.11,Verified,Available,394,2025-04-13,2025-04-13
892,binder,9452780795,Male,Malayalam,11,23,4.17,Verified,Available,136,2025-11-03,2025-11-03
893,bindi,9285433658,Male,Hindi,7,23,3.72,Verified,Offline,144,2025-12-11,2025-12-11
894,bindiya,8465823918,Male,Tamil,12,49,3.97,Pending,Offline,234,2025-12-02,2025-12-02
895,bindu,9845428810,Female,Telugu,10,41,4.24,Verified,Offline,747,2025-03-06,2025-03-06
896,bindvasini,8496749578,Male,Tamil,2,11,4.99,Pending,Available,723,2025-10-07,2025-10-07
897,binita,9972516093,Female,Malayalam,5,25,4.3,Verified,Available,359,2025-10-15,2025-10-15
898,binja,7639147585,Female,Telugu,9,16,3.9,Verified,Offline,93,2025-06-10,2025-06-10
899,binnu,8448508185,Female,Tamil,5,39,4.62,Pending,Offline,45,2025-05-30,2025-05-30
900,binpal,7782909368,Female,English,1,30,4.5,Verified,Offline,408,2025-04-19,2025-04-19
901,bintu,8600659580,Male,Hindi,20,7,3.67,Verified,Busy,612,2025-09-01,2025-09-01
902,binu,9921650913,Male,Telugu,9,42,3.88,Verified,Busy,468,2025-08-25,2025-08-25
903,bipin,9749081625,Female,Kannada,2,27,3.78,Verified,Offline,784,2025-10-15,2025-10-15
904,bipnesh,8847113766,Male,English,7,40,3.5,Pending,Offline,212,2025-11-27,2025-11-27
905,bir,8114144966,Female,Telugu,16,42,4.93,Pending,Busy,313,2025-10-31,2025-10-31
906,biraj,9293851701,Male,Malayalam,10,42,4.13,Pending,Busy,185,2025-08-08,2025-08-08
907,birajbhushan,7165535578,Female,English,11,19,3.87,Pending,Busy,277,2025-07-30,2025-07-30
908,birajpal,7881319824,Male,Hindi,1,32,4.98,Pending,Busy,746,2025-05-16,2025-05-16
909,biram,6350764228,Female,English,9,20,3.74,Pending,Busy,148,2025-10-23,2025-10-23
910,biran,7863329881,Female,Hindi,14,39,4.16,Verified,Busy,678,2025-12-20,2025-12-20
911,birbal,8075547816,Female,Hindi,4,34,3.85,Verified,Busy,269,2025-10-08,2025-10-08
912,birender,9556759302,Male,Kannada,17,37,4.09,Pending,Busy,762,2025-05-25,2025-05-25
913,birgesh,6747728821,Male,Malayalam,9,10,3.55,Verified,Available,65,2025-12-29,2025-12-29
914,birij,6980015766,Male,Hindi,19,43,4.51,Pending,Available,344,2025-01-03,2025-01-03
915,birjesh,7799881170,Female,Tamil,5,20,4.55,Pending,Offline,588,2025-04-25,2025-04-25
916,birju,6327730403,Female,English,18,42,4.96,Pending,Busy,669,2025-05-06,2025-05-06
917,birma,7697281130,Female,Telugu,9,27,4.15,Verified,Offline,182,2025-03-28,2025-03-28
918,birmadevi,7220651587,Female,Kannada,16,42,3.62,Verified,Available,40,2025-11-26,2025-11-26
919,birmati,8977910512,Male,English,20,13,4.15,Pending,Available,522,2025-02-15,2025-02-15
920,bironica,6948834055,Female,Malayalam,18,32,4.91,Pending,Offline,723,2025-07-14,2025-07-14
921,birpal,8050569295,Female,Malayalam,13,12,3.7,Pending,Busy,722,2025-09-30,2025-09-30
922,birtha,6612813030,Male,Tamil,2,41,4.0,Verified,Busy,480,2025-07-06,2025-07-06
923,biru,6981283364,Male,English,2,36,4.75,Pending,Available,90,2025-09-11,2025-09-11
924,bishan,9532892660,Female,English,6,43,4.65,Verified,Busy,713,2025-05-12,2025-05-12
925,bishana,9920314612,Male,English,8,17,4.08,Pending,Offline,250,2025-09-17,2025-09-17
926,bishesh,6606886966,Male,Telugu,7,41,3.76,Pending,Busy,621,2025-11-18,2025-11-18
927,bishnu,6237653591,Male,Kannada,12,32,4.36,Verified,Busy,185,2025-05-19,2025-05-19
928,bishun,6983706151,Female,Tamil,15,35,4.03,Verified,Offline,619,2025-12-06,2025-12-06
929,bismilla,7334213760,Female,Malayalam,0,43,3.78,Pending,Offline,194,2025-08-13,2025-08-13
930,bisto,8086752964,Female,Tamil,11,48,4.84,Verified,Offline,96,2025-04-21,2025-04-21
931,bitoo,8845103386,Male,Tamil,12,23,4.24,Verified,Available,405,2025-01-31,2025-01-31
932,bittan,8889304364,Male,Malayalam,14,14,4.52,Verified,Available,127,2025-02-04,2025-02-04
933,bitto,6322008881,Male,Telugu,5,20,4.53,Verified,Busy,78,2025-04-19,2025-04-19
934,bittoo,9496717210,Female,Kannada,4,26,4.87,Pending,Available,413,2026-01-01,2026-01-01
935,bittu,7636053684,Male,Telugu,9,33,3.51,Verified,Busy,485,2025-05-07,2025-05-07
936,bivla,6242738501,Female,Tamil,12,15,3.84,Verified,Offline,345,2025-06-27,2025-06-27
937,biwa,8689562533,Female,English,4,30,4.2,Verified,Busy,505,2025-10-11,2025-10-11
938,bobbi,8401327053,Male,Tamil,12,39,4.48,Pending,Offline,47,2025-04-10,2025-04-10
939,bobby,6653772965,Male,Malayalam,12,48,4.52,Verified,Busy,687,2025-12-06,2025-12-06
940,bobi,6534381673,Female,Hindi,2,31,4.07,Verified,Available,56,2025-10-24,2025-10-24
941,boby,8509908488,Male,Hindi,11,16,4.54,Verified,Offline,343,2025-12-24,2025-12-24
942,bodh,8423798612,Male,Kannada,15,10,4.02,Pending,Available,785,2025-04-08,2025-04-08
943,bodu,7644398991,Female,Hindi,14,48,4.7,Pending,Offline,233,2025-04-02,2025-04-02
944,boduram,9883092786,Male,English,13,31,4.81,Verified,Available,412,2025-02-07,2025-02-07
945,bohati,7103034339,Female,Telugu,0,13,4.26,Pending,Offline,242,2025-12-18,2025-12-18
946,braham,9203409540,Female,Malayalam,6,20,4.57,Verified,Busy,373,2025-09-26,2025-09-26
947,brahamprakash,9107505844,Male,Tamil,14,45,3.85,Verified,Offline,230,2025-02-05,2025-02-05
948,brahmanand,6312306381,Female,Malayalam,7,47,4.09,Verified,Busy,513,2025-07-15,2025-07-15
949,braj,9223084513,Male,Hindi,1,19,4.01,Verified,Offline,467,2025-11-04,2025-11-04
950,brajendra,8508816692,Female,Tamil,11,41,4.35,Pending,Offline,632,2025-08-07,2025-08-07
951,bram,6836343846,Female,Tamil,8,24,4.29,Verified,Offline,320,2025-05-19,2025-05-19
952,brij,7452359873,Male,Malayalam,13,31,3.65,Pending,Busy,209,2025-06-04,2025-06-04
953,brijesh,7293507347,Female,Hindi,7,33,4.23,Pending,Offline,747,2025-01-16,2025-01-16
954,brijlal,6598999053,Male,English,4,35,4.26,Verified,Busy,242,2025-04-06,2025-04-06
955,brijmohan,6145187927,Male,Telugu,14,38,3.62,Verified,Offline,66,2025-07-07,2025-07-07
956,brijnandan,7374317685,Female,Hindi,5,8,4.34,Verified,Busy,49,2025-12-24,2025-12-24
957,brijpal,8852415208,Female,Telugu,16,10,4.58,Pending,Offline,89,2025-02-16,2025-02-16
958,brijshwaer,9601613579,Female,English,6,13,3.58,Pending,Available,116,2025-05-29,2025-05-29
959,brinda,9511661352,Female,Telugu,7,26,4.09,Pending,Offline,127,2025-05-29,2025-05-29
960,brkha,6035876804,Female,Hindi,5,49,4.89,Pending,Busy,678,2025-04-27,2025-04-27
961,bsram,6955804623,Female,Telugu,15,46,4.13,Pending,Busy,730,2025-05-22,2025-05-22
962,buchhi,7968247196,Female,English,16,14,3.96,Verified,Busy,728,2025-02-08,2025-02-08
963,buddha,6051501308,Male,Hindi,11,10,3.97,Verified,Available,193,2025-09-13,2025-09-13
964,buddhi,7848225952,Female,Malayalam,7,26,3.87,Pending,Busy,673,2025-10-07,2025-10-07
965,budh,6520978665,Female,Kannada,3,32,4.74,Pending,Offline,556,2025-08-23,2025-08-23
966,budhan,8558175213,Male,Malayalam,11,22,4.57,Pending,Busy,406,2025-11-17,2025-11-17
967,budhi,7290765561,Female,English,19,50,4.94,Verified,Busy,448,2025-06-25,2025-06-25
968,budho,7382699769,Male,Kannada,12,26,5.0,Verified,Offline,136,2025-06-07,2025-06-07
969,budhram,8816197144,Female,Hindi,18,39,3.61,Verified,Offline,788,2025-11-11,2025-11-11
970,budhu,6507280061,Male,Kannada,20,11,3.54,Pending,Busy,633,2025-06-20,2025-06-20
971,budhwanti,9123815164,Female,Tamil,3,37,4.16,Verified,Offline,130,2025-02-11,2025-02-11
972,buhan,9065723888,Female,Tamil,13,14,3.54,Pending,Busy,105,2025-10-01,2025-10-01
973,buity,7559193278,Female,Telugu,10,30,4.67,Verified,Available,780,2025-03-29,2025-03-29
974,bulad,9037286662,Female,Malayalam,6,18,4.73,Pending,Busy,328,2025-01-17,2025-01-17
975,bulbul,8689738762,Male,English,18,35,4.88,Verified,Offline,232,2025-06-28,2025-06-28
976,bulet,8212455753,Female,Hindi,4,49,4.02,Pending,Available,486,2025-04-26,2025-04-26
977,bunda,8106833036,Male,Telugu,13,6,4.68,Pending,Available,734,2025-11-01,2025-11-01
978,bundel,9647118212,Female,Malayalam,8,25,4.59,Pending,Offline,185,2025-11-08,2025-11-08
979,bundhu,6852596943,Female,English,11,39,4.74,Verified,Offline,272,2025-11-02,2025-11-02
980,bunti,9263100623,Female,Malayalam,14,8,4.23,Verified,Available,415,2025-10-02,2025-10-02
981,bunty,8037487326,Male,Telugu,0,26,4.74,Pending,Busy,279,2025-04-02,2025-04-02
982,bupal,8652542413,Female,Kannada,16,17,4.09,Verified,Offline,525,2025-04-17,2025-04-17
983,bushara,9467083200,Female,English,0,43,4.62,Pending,Available,240,2025-02-11,2025-02-11
984,bushra,8300986652,Male,Hindi,1,8,3.57,Verified,Busy,666,2025-06-04,2025-06-04
985,busness,6134261477,Female,Hindi,14,7,4.75,Verified,Busy,456,2025-06-25,2025-06-25
986,busra,6634582685,Female,Malayalam,18,26,4.63,Pending,Available,691,2025-01-27,2025-01-27
987,captain,9562358925,Female,English,9,24,4.67,Verified,Offline,152,2025-03-06,2025-03-06
988,chabi,9267854009,Female,English,11,9,3.51,Pending,Offline,181,2025-05-20,2025-05-20
989,chahat,9691600612,Male,Hindi,12,28,3.82,Verified,Available,577,2025-03-25,2025-03-25
990,chain,9533781741,Male,Malayalam,12,29,4.7,Verified,Offline,387,2025-03-25,2025-03-25
991,chajju,7545937692,Female,Kannada,8,41,4.19,Pending,Available,787,2025-10-08,2025-10-08
992,chakra,9797990846,Male,Telugu,15,46,3.57,Pending,Busy,550,2025-09-08,2025-09-08
993,chama,8330441087,Female,Telugu,15,20,3.79,Verified,Offline,388,2025-12-28,2025-12-28
994,chaman,9766168358,Female,Telugu,12,5,4.67,Pending,Offline,401,2025-05-14,2025-05-14
995,chamanlal,9724772655,Female,Tamil,5,13,3.56,Verified,Offline,366,2025-03-17,2025-03-17
996,chameli,8179616568,Male,English,13,43,4.86,Verified,Offline,107,2025-12-23,2025-12-23
997,champa,7346539958,Male,Kannada,8,8,3.91,Pending,Busy,251,2025-08-11,2025-08-11
998,chanab,6947511529,Female,Malayalam,20,10,3.63,Verified,Offline,513,2025-10-01,2025-10-01
999,chanchal,7517496388,Female,Malayalam,4,35,4.57,Verified,Available,422,2025-08-08,2025-08-08
1000,chanchl,6181625380,Female,English,9,23,3.57,Pending,Offline,284,2025-02-02,2025-02-02
1001,chand,8333932435,Female,Kannada,9,43,4.5,Pending,Offline,106,2025-09-20,2025-09-20
1002,chanda,8141417060,Male,Malayalam,4,19,4.22,Pending,Offline,274,2025-06-14,2025-06-14
1003,chandabai,7112612900,Female,Malayalam,13,7,4.84,Verified,Busy,279,2025-09-14,2025-09-14
1004,chandan,9789479786,Female,Tamil,3,28,4.28,Verified,Offline,284,2025-10-17,2025-10-17
1005,chandani,6388106147,Male,Telugu,15,48,4.46,Verified,Offline,347,2025-03-27,2025-03-27
1006,chandar,8653147632,Female,English,16,20,3.93,Pending,Available,326,2025-01-30,2025-01-30
1007,chanden,7189957541,Male,Kannada,3,9,4.15,Pending,Offline,290,2025-02-27,2025-02-27
1008,chander,9954526195,Male,Hindi,11,32,4.67,Pending,Available,597,2025-07-10,2025-07-10
1009,chanderbal,9124917872,Male,English,8,6,4.19,Verified,Offline,44,2025-05-13,2025-05-13
1010,chanderkala,7953749806,Female,Hindi,9,39,4.99,Verified,Busy,741,2025-01-06,2025-01-06
1011,chanderkali,8643466906,Male,Telugu,10,50,4.67,Verified,Offline,498,2025-11-13,2025-11-13
1012,chanderkanta,9905152002,Female,Kannada,3,11,4.15,Verified,Offline,759,2025-05-12,2025-05-12
1013,chandermani,6366074618,Male,Tamil,9,46,3.75,Pending,Offline,416,2025-08-14,2025-08-14
1014,chanderpal,6328867874,Male,Hindi,9,6,3.69,Verified,Busy,421,2025-08-01,2025-08-01
1015,chanderwati,6005503023,Female,English,2,29,4.07,Pending,Busy,193,2025-12-01,2025-12-01
1016,chandesh,7756610943,Female,English,16,37,4.15,Pending,Offline,697,2025-02-23,2025-02-23
1017,chandeshwar,8841744620,Male,Tamil,14,24,4.85,Pending,Busy,34,2025-12-07,2025-12-07
1018,chandi,8235272363,Male,Tamil,3,47,4.11,Verified,Busy,343,2025-10-07,2025-10-07
1019,chandini,8830147706,Male,English,12,50,4.53,Pending,Available,143,2025-12-09,2025-12-09
1020,chandki,9081104764,Male,Hindi,17,48,3.65,Verified,Offline,11,2025-05-14,2025-05-14
1021,chandkor,7052634224,Male,Telugu,10,16,3.67,Pending,Available,458,2025-12-11,2025-12-11
1022,chandni,7656260898,Female,Kannada,15,12,3.63,Verified,Offline,66,2025-07-12,2025-07-12
1023,chando,9130329566,Female,Malayalam,6,24,4.22,Pending,Available,611,2025-03-06,2025-03-06
1024,chandpreet,7357258554,Male,Telugu,17,26,3.94,Pending,Busy,678,2025-08-07,2025-08-07
1025,chandra,6366237170,Female,Kannada,14,37,3.61,Pending,Busy,229,2025-10-02,2025-10-02
1026,chandracala,6483338624,Female,English,15,39,4.56,Pending,Offline,707,2025-10-05,2025-10-05
1027,chandrakala,9182168026,Male,Telugu,2,41,4.72,Verified,Available,278,2025-04-16,2025-04-16
1028,chandrashekhar,9055058360,Female,Tamil,11,18,3.55,Verified,Busy,28,2025-01-07,2025-01-07
1029,chandrawati,8826693063,Male,Malayalam,6,27,4.3,Pending,Offline,295,2025-11-21,2025-11-21
1030,chandreshwar,7457257772,Male,Tamil,13,32,3.76,Verified,Offline,239,2025-01-18,2025-01-18
1031,chandrika,9814020470,Male,English,0,26,4.48,Verified,Available,23,2025-06-18,2025-06-18
1032,chandrram,6535221143,Female,Tamil,8,34,4.75,Verified,Busy,371,2025-08-17,2025-08-17
1033,chandru,7838440380,Female,Tamil,17,20,4.31,Verified,Available,672,2025-12-15,2025-12-15
1034,chandu,8473992724,Female,Tamil,18,36,3.64,Pending,Available,674,2025-05-03,2025-05-03
1035,chango,9092587931,Female,Hindi,7,29,3.75,Pending,Offline,571,2025-11-21,2025-11-21
1036,channu,8865372385,Female,Kannada,14,15,4.96,Pending,Offline,356,2025-10-30,2025-10-30
1037,chanpa,6678617284,Male,Kannada,8,22,3.64,Verified,Available,55,2025-03-27,2025-03-27
1038,chappla,9884369060,Female,Kannada,10,37,4.38,Verified,Busy,149,2025-08-29,2025-08-29
1039,charan,9801579841,Female,Kannada,5,5,4.75,Verified,Offline,347,2025-02-24,2025-02-24
1040,charanjeet,6854502878,Female,English,9,27,4.96,Verified,Available,106,2025-11-22,2025-11-22
1041,charnjeet,8914649588,Female,Kannada,1,10,3.98,Verified,Busy,65,2025-08-12,2025-08-12
1042,charu,7276252080,Male,Tamil,18,29,4.07,Pending,Offline,263,2025-02-24,2025-02-24
1043,chatan,9526153236,Female,Telugu,2,47,4.25,Pending,Available,519,2025-10-19,2025-10-19
1044,chatar,8593156168,Male,Malayalam,5,31,4.04,Verified,Available,307,2025-12-11,2025-12-11
1045,chaterpal,6725566793,Female,English,13,49,4.01,Pending,Offline,688,2025-08-27,2025-08-27
1046,chatter,8464188965,Male,Malayalam,10,22,4.12,Verified,Available,706,2025-03-27,2025-03-27
1047,chaturbhuj,8971979156,Female,Kannada,10,33,3.95,Verified,Busy,300,2025-05-02,2025-05-02
1048,chaya,9741587243,Female,Hindi,18,20,4.41,Pending,Available,541,2025-03-23,2025-03-23
1049,cheddi,6291511584,Male,Kannada,20,5,4.75,Verified,Available,31,2025-05-17,2025-05-17
1050,cheete,9953409322,Male,Malayalam,11,49,4.68,Pending,Offline,468,2025-01-02,2025-01-02
1051,chela,6296519855,Female,Kannada,10,5,3.56,Pending,Busy,429,2025-07-26,2025-07-26
1052,chertamani,7887012670,Female,Tamil,17,20,4.14,Pending,Offline,143,2025-03-13,2025-03-13
1053,chet,9967920413,Female,Telugu,4,21,3.9,Pending,Busy,187,2025-09-03,2025-09-03
1054,chetan,6325688472,Female,Telugu,14,42,3.77,Pending,Busy,589,2025-12-16,2025-12-16
1055,chetana,9267974160,Female,Telugu,18,32,3.6,Verified,Busy,679,2025-06-10,2025-06-10
1056,chetanram,8387895670,Male,Malayalam,15,45,4.1,Verified,Offline,68,2025-11-26,2025-11-26
1057,chetanya,7952330150,Male,English,12,35,4.25,Verified,Available,120,2025-10-18,2025-10-18
1058,chetna,6075125686,Male,Kannada,8,27,4.09,Verified,Available,648,2025-10-28,2025-10-28
1059,chetram,6582871132,Male,Hindi,13,24,4.4,Pending,Offline,366,2025-10-09,2025-10-09
1060,chettan,7662823769,Female,Malayalam,19,33,4.34,Verified,Available,20,2025-01-27,2025-01-27
1061,chhabeel,8956490013,Male,Malayalam,5,11,3.79,Verified,Available,440,2025-04-28,2025-04-28
1062,chhabi,8521017957,Female,English,14,31,4.88,Pending,Offline,786,2025-11-28,2025-11-28
1063,chhabil,9663536225,Female,Hindi,6,38,3.94,Verified,Busy,156,2025-04-21,2025-04-21
1064,chhagan,6863945619,Male,Telugu,7,9,3.51,Verified,Available,88,2025-07-09,2025-07-09
1065,chhagana,9023405371,Male,Malayalam,19,9,3.99,Pending,Offline,281,2025-09-14,2025-09-14
1066,chhamo,9327098105,Male,English,0,40,3.78,Verified,Busy,691,2025-04-14,2025-04-14
1067,chhano,7185907347,Female,Malayalam,14,45,4.46,Pending,Offline,296,2025-07-17,2025-07-17
1068,chhanoyar,9844881310,Female,Kannada,1,46,4.92,Verified,Available,97,2025-05-09,2025-05-09
1069,chhantu,9936858615,Female,Tamil,11,14,3.91,Verified,Available,651,2025-11-09,2025-11-09
1070,chhanya,7740201051,Male,Hindi,12,16,4.72,Verified,Offline,204,2025-05-25,2025-05-25
1071,chhatar,6901193830,Male,Hindi,17,7,3.87,Pending,Busy,5,2025-10-19,2025-10-19
1072,chhaterwati,9657131468,Female,Telugu,3,31,3.95,Verified,Available,474,2025-07-08,2025-07-08
1073,chhavi,6786523739,Female,Hindi,0,8,3.68,Pending,Busy,274,2025-11-30,2025-11-30
1074,chhaya,9901248641,Male,Hindi,6,42,4.22,Verified,Busy,629,2025-08-08,2025-08-08
1075,chhedilal,7222108533,Female,English,15,12,3.83,Pending,Available,478,2025-01-14,2025-01-14
1076,chhidu,8856710669,Female,Hindi,2,24,3.58,Pending,Available,778,2025-06-16,2025-06-16
1077,chhinderpal,6418876683,Female,Hindi,9,26,4.0,Verified,Busy,770,2025-02-13,2025-02-13
1078,chhitar,9479577144,Female,Telugu,9,16,3.68,Verified,Available,732,2025-10-17,2025-10-17
1079,chhotelal,7592975000,Female,English,3,21,4.32,Verified,Available,224,2025-05-26,2025-05-26
1080,chhoti,8906714521,Female,Hindi,17,47,4.39,Pending,Available,482,2025-04-21,2025-04-21
1081,chhotu,8359254591,Female,Malayalam,7,41,4.19,Verified,Available,133,2025-12-08,2025-12-08
1082,chhotudevi,9003100756,Male,Kannada,10,35,3.79,Pending,Available,534,2025-04-01,2025-04-01
1083,chiddu,6938777797,Male,Hindi,15,25,4.91,Verified,Available,768,2025-12-18,2025-12-18
1084,chinki,6660172254,Female,Hindi,11,16,3.72,Verified,Offline,333,2025-03-15,2025-03-15
1085,chinku,9298677252,Female,English,20,27,3.83,Pending,Available,687,2025-07-17,2025-07-17
1086,chinta,8192189536,Male,English,10,25,3.7,Verified,Offline,600,2025-06-18,2025-06-18
1087,chintan,8777852090,Male,English,0,9,4.28,Verified,Offline,480,2025-11-06,2025-11-06
1088,chintu,9884650575,Female,Hindi,10,9,4.19,Verified,Offline,302,2025-01-03,2025-01-03
1089,chinu,8060778790,Male,Malayalam,3,28,4.67,Pending,Available,9,2025-02-23,2025-02-23
1090,chirag,8190844459,Male,English,7,28,4.98,Verified,Busy,158,2025-02-10,2025-02-10
1091,chiranjavi,9151718988,Male,Telugu,19,41,3.77,Verified,Busy,580,2025-03-07,2025-03-07
1092,chitprit,9367718091,Female,Kannada,12,20,4.65,Pending,Offline,613,2025-01-11,2025-01-11
1093,chitra,7030350154,Female,Telugu,17,39,3.74,Verified,Available,634,2025-01-19,2025-01-19
1094,chitrangan,6073460541,Female,Telugu,8,20,3.53,Verified,Busy,604,2025-04-02,2025-04-02
1095,chitranjan,7401315083,Male,English,13,31,3.73,Pending,Busy,351,2025-05-18,2025-05-18
1096,chitro,8378394213,Male,Kannada,11,14,3.61,Pending,Offline,498,2025-12-25,2025-12-25
1097,chitu,7104223103,Female,Malayalam,3,23,4.17,Verified,Offline,245,2025-04-13,2025-04-13
1098,chnada,9758791741,Female,Malayalam,3,45,4.66,Verified,Busy,419,2025-03-18,2025-03-18
1099,chnda,9641062893,Male,Tamil,7,34,4.51,Verified,Available,747,2025-02-17,2025-02-17
1100,chndrakla,8259653875,Female,Malayalam,18,48,3.62,Verified,Offline,315,2025-08-03,2025-08-03
1101,choga,6866286986,Female,Hindi,7,38,4.85,Pending,Offline,34,2025-07-27,2025-07-27
1102,chom,9014912802,Female,Telugu,17,33,4.39,Verified,Offline,462,2025-10-21,2025-10-21
1103,chootu,6031747856,Male,Kannada,12,8,3.99,Pending,Available,597,2025-08-10,2025-08-10
1104,chorag,9254384236,Female,Hindi,0,33,3.6,Verified,Offline,781,2025-11-09,2025-11-09
1105,chosh,8128495591,Male,Malayalam,6,9,3.89,Verified,Busy,56,2025-09-25,2025-09-25
1106,chotan,7836317840,Female,Tamil,5,15,4.55,Pending,Busy,402,2025-03-13,2025-03-13
1107,chote,9073051553,Male,Tamil,14,5,4.59,Verified,Offline,171,2025-12-19,2025-12-19
1108,chotelal,9570852358,Male,English,6,34,4.27,Pending,Busy,354,2025-08-02,2025-08-02
1109,choti,7137558575,Female,Kannada,4,7,4.56,Pending,Available,328,2025-05-30,2025-05-30
1110,chotibai,7210307980,Female,Malayalam,5,8,4.28,Verified,Offline,9,2025-03-14,2025-03-14
1111,chotti,8008374204,Female,Tamil,8,7,4.06,Verified,Available,88,2025-04-08,2025-04-08
1112,chottu,9047706429,Male,Kannada,6,8,4.04,Verified,Available,180,2025-03-23,2025-03-23
1113,chotu,8413042423,Female,Telugu,2,12,4.28,Verified,Available,697,2025-01-27,2025-01-27
1114,chotum,8826529384,Male,Malayalam,11,21,3.77,Verified,Busy,4,2025-04-24,2025-04-24
1115,choturam,6115174200,Male,Hindi,13,38,4.87,Verified,Available,681,2025-05-15,2025-05-15
1116,chran,8843873903,Male,Malayalam,5,26,4.19,Verified,Available,344,2025-10-24,2025-10-24
1117,chtar,7817522542,Male,Hindi,19,14,4.02,Verified,Busy,146,2025-02-06,2025-02-06
1118,chtarpal,9444363644,Female,English,2,45,4.32,Verified,Offline,436,2025-12-04,2025-12-04
1119,chumki,7298137661,Male,Telugu,16,9,4.68,Verified,Available,234,2025-12-07,2025-12-07
1120,chunaram,9840567304,Female,English,18,27,4.77,Verified,Available,579,2025-02-19,2025-02-19
1121,chuni,7356999003,Male,English,0,28,3.55,Pending,Busy,591,2025-05-19,2025-05-19
1122,chunni,8931277512,Male,Malayalam,14,14,4.78,Verified,Offline,551,2025-10-03,2025-10-03
1123,chunnu,7039558028,Female,Hindi,11,26,4.3,Verified,Available,597,2025-03-26,2025-03-26
1124,chura,6626231732,Female,Hindi,3,23,4.76,Pending,Available,1,2025-05-04,2025-05-04
1125,constable,9022721293,Male,Kannada,10,11,4.22,Verified,Offline,594,2025-09-21,2025-09-21
1126,cosmic,6216073758,Male,Tamil,5,18,4.11,Verified,Offline,766,2025-11-23,2025-11-23
1127,daaud,9819494773,Female,Hindi,5,45,4.83,Pending,Busy,451,2025-08-27,2025-08-27
1128,dabbu,6592104342,Female,Malayalam,6,36,4.66,Pending,Available,457,2025-12-09,2025-12-09
1129,dabu,9092027990,Female,English,17,32,3.65,Verified,Busy,630,2025-04-27,2025-04-27
1130,dakch,9265538008,Male,Tamil,11,47,3.97,Pending,Available,115,2025-09-22,2025-09-22
1131,daks,7184752535,Male,Tamil,16,17,3.59,Pending,Offline,483,2025-11-23,2025-11-23
1132,daksh,9386280882,Male,Hindi,0,36,4.57,Pending,Offline,630,2025-09-02,2025-09-02
1133,dakshina,7293927799,Female,Telugu,2,45,4.45,Verified,Available,511,2025-12-19,2025-12-19
1134,dakshya,6981790259,Female,Malayalam,5,39,4.61,Verified,Available,157,2025-11-10,2025-11-10
1135,dal,7725521413,Male,Telugu,7,46,3.62,Verified,Available,576,2025-12-13,2025-12-13
1136,dalchand,8783398043,Male,Kannada,17,19,3.68,Pending,Available,696,2025-01-19,2025-01-19
1137,daler,6312885971,Female,Kannada,2,8,4.13,Pending,Offline,767,2025-07-05,2025-07-05
1138,dali,9142704281,Female,Tamil,14,11,4.93,Verified,Busy,709,2025-11-22,2025-11-22
1139,dalima,9912602079,Female,Telugu,20,29,4.1,Pending,Busy,47,2025-05-04,2025-05-04
1140,dalip,7448867161,Male,Hindi,18,34,3.63,Verified,Busy,542,2025-02-03,2025-02-03
1141,daljeet,8128187445,Female,Tamil,6,45,4.53,Verified,Available,677,2025-01-15,2025-01-15
1142,daljit,9463664601,Male,Telugu,9,33,4.73,Pending,Available,641,2025-10-22,2025-10-22
1143,dalpat,8602146038,Female,Tamil,15,9,3.75,Pending,Available,639,2025-06-13,2025-06-13
1144,dama,7310341611,Male,Malayalam,16,17,3.92,Verified,Busy,287,2025-12-22,2025-12-22
1145,daman,6718585521,Male,English,17,22,4.49,Verified,Busy,301,2025-01-18,2025-01-18
1146,damanjeet,6287800703,Male,Malayalam,10,34,3.59,Pending,Offline,677,2025-04-03,2025-04-03
1147,damini,9556695048,Male,Kannada,12,27,3.55,Pending,Offline,503,2025-04-21,2025-04-21
1148,damodar,6795981012,Female,Hindi,1,31,3.64,Pending,Available,278,2025-10-19,2025-10-19
1149,dana,9887955664,Male,Kannada,10,50,4.43,Verified,Offline,58,2025-10-13,2025-10-13
1150,daniel,6481762049,Male,Hindi,8,16,4.15,Verified,Available,719,2025-08-02,2025-08-02
1151,danish,7308587017,Male,Hindi,19,5,4.49,Pending,Busy,661,2025-11-23,2025-11-23
1152,danista,8033827703,Female,Hindi,16,15,4.62,Pending,Offline,574,2025-11-13,2025-11-13
1153,danveer,7015928791,Female,Telugu,18,24,4.25,Pending,Busy,483,2025-11-22,2025-11-22
1154,danwati,7890825096,Male,Telugu,8,50,3.74,Pending,Offline,31,2025-06-07,2025-06-07
1155,dara,7470549933,Male,English,19,33,3.96,Pending,Busy,606,2025-03-14,2025-03-14
1156,darfasha,8523282221,Male,Kannada,17,34,4.73,Pending,Busy,31,2025-08-07,2025-08-07
1157,dariya,8357444766,Male,Malayalam,8,28,3.74,Verified,Offline,592,2025-05-05,2025-05-05
1158,darkash,7128497749,Female,Tamil,13,43,3.87,Pending,Busy,405,2025-04-18,2025-04-18
1159,darshan,8378020384,Female,English,7,47,4.01,Verified,Busy,324,2025-07-01,2025-07-01
1160,darshana,9242528455,Female,Hindi,5,36,4.39,Verified,Busy,600,2025-10-27,2025-10-27
1161,darshna,8830644224,Male,Kannada,12,27,4.88,Pending,Busy,504,2025-05-22,2025-05-22
1162,dasharath,6630674887,Male,Malayalam,7,14,4.41,Verified,Available,177,2025-11-11,2025-11-11
1163,dashrath,8355363718,Male,Tamil,20,14,3.51,Pending,Offline,164,2025-03-16,2025-03-16
1164,data,6469955094,Female,Telugu,4,9,3.76,Verified,Available,278,2025-04-03,2025-04-03
1165,dataterya,9856339157,Female,Kannada,3,25,4.67,Verified,Busy,54,2025-07-06,2025-07-06
1166,dauad,6571726770,Female,Kannada,0,33,4.74,Verified,Busy,286,2025-08-18,2025-08-18
1167,dauji,7446611978,Female,Tamil,3,46,3.68,Pending,Available,623,2025-12-09,2025-12-09
1168,daulat,6345261656,Male,Telugu,1,25,4.04,Pending,Busy,95,2025-04-04,2025-04-04
1169,daveena,7131151022,Female,Kannada,11,36,4.23,Verified,Available,372,2025-12-01,2025-12-01
1170,davender,8473612275,Male,English,11,34,4.42,Pending,Offline,509,2025-04-23,2025-04-23
1171,davendra,7152515562,Male,Malayalam,10,24,4.01,Verified,Available,785,2025-03-11,2025-03-11
1172,davinder,6623967593,Female,Kannada,8,9,4.8,Verified,Available,110,2025-11-18,2025-11-18
1173,daya,7504452543,Male,Kannada,13,11,4.73,Verified,Offline,769,2025-10-16,2025-10-16
1174,dayal,9475387469,Female,Malayalam,13,49,3.68,Verified,Available,377,2025-04-03,2025-04-03
1175,dayaram,9793841534,Male,Kannada,5,50,4.68,Verified,Offline,782,2025-04-18,2025-04-18
1176,dayawati,8429832674,Female,Hindi,11,32,4.52,Verified,Offline,473,2025-07-06,2025-07-06
1177,deba,8758068458,Male,Malayalam,4,23,4.49,Verified,Available,24,2025-04-06,2025-04-06
1178,deeksha,7374562705,Female,Tamil,11,29,4.03,Verified,Offline,765,2025-04-24,2025-04-24
1179,deelip,6481886289,Female,Telugu,12,32,4.53,Verified,Available,560,2025-10-17,2025-10-17
1180,deen,7019081693,Male,Kannada,7,31,4.81,Pending,Busy,342,2025-04-22,2025-04-22
1181,deendyal,6812285449,Female,Hindi,14,28,3.84,Pending,Available,726,2025-11-02,2025-11-02
1182,deep,6416759897,Female,Hindi,16,39,3.83,Verified,Busy,687,2025-10-14,2025-10-14
1183,deepa,7372173253,Female,Malayalam,8,20,4.77,Pending,Available,299,2025-05-16,2025-05-16
1184,deepaak,9438907575,Female,Telugu,13,32,4.59,Verified,Offline,650,2025-06-03,2025-06-03
1185,deepak,9697944989,Male,English,0,14,4.37,Verified,Busy,538,2025-10-27,2025-10-27
1186,deepali,9681563867,Female,Kannada,18,35,4.22,Verified,Available,41,2025-06-25,2025-06-25
1187,deepan,9977509583,Female,Hindi,9,28,4.87,Pending,Busy,140,2025-03-14,2025-03-14
1188,deepanker,9656178348,Female,Hindi,15,40,3.64,Verified,Offline,266,2025-07-15,2025-07-15
1189,deepanshi,8970746196,Female,Kannada,19,39,4.54,Pending,Busy,65,2025-09-05,2025-09-05
1190,deepanshu,6297732169,Female,Kannada,14,18,3.86,Verified,Offline,495,2025-06-13,2025-06-13
1191,deepansu,8672056963,Female,Hindi,16,6,3.92,Pending,Offline,112,2025-08-25,2025-08-25
1192,deepanti,9936054119,Female,Hindi,2,10,3.73,Pending,Busy,604,2025-08-13,2025-08-13
1193,deepchand,7016067832,Female,English,20,13,3.51,Verified,Available,378,2025-01-10,2025-01-10
1194,deepender,9748690028,Female,Tamil,6,26,4.8,Verified,Busy,523,2025-02-11,2025-02-11
1195,deepi,9336215276,Female,Telugu,19,47,4.12,Verified,Offline,160,2025-12-29,2025-12-29
1196,deepika,7581389354,Male,English,15,47,4.73,Pending,Offline,36,2025-07-12,2025-07-12
1197,deepka,6575405354,Male,Telugu,17,32,4.14,Pending,Available,469,2025-05-23,2025-05-23
1198,deepmala,8932615768,Female,English,16,27,4.41,Verified,Offline,434,2025-01-20,2025-01-20
1199,deepnarayan,6390107480,Female,Telugu,13,26,4.33,Pending,Busy,27,2025-09-02,2025-09-02
1200,deepshikha,8982446968,Male,Telugu,9,35,4.13,Pending,Offline,413,2025-11-19,2025-11-19
1201,deepti,6515623653,Male,Tamil,9,28,3.8,Verified,Offline,452,2025-10-24,2025-10-24
1202,deepu,7212089890,Male,English,12,10,3.96,Pending,Offline,304,2025-08-21,2025-08-21
1203,deepvhand,7264998010,Female,Malayalam,1,17,3.63,Pending,Available,352,2025-09-25,2025-09-25
1204,deeraj,7363790057,Female,Malayalam,16,47,4.2,Pending,Available,586,2025-09-30,2025-09-30
1205,deerendra,8027406745,Male,Malayalam,9,8,4.57,Pending,Busy,104,2025-10-29,2025-10-29
1206,deewan,8566510338,Female,Malayalam,14,16,4.55,Pending,Busy,688,2025-02-09,2025-02-09
1207,deeya,8156439296,Female,Tamil,2,10,3.9,Verified,Available,306,2025-09-23,2025-09-23
1208,denesh,7476276886,Female,Kannada,3,18,4.82,Pending,Busy,351,2025-07-22,2025-07-22
1209,deni,6271022089,Male,Kannada,6,35,4.91,Verified,Offline,230,2025-01-09,2025-01-09
1210,deou,8173336856,Female,Telugu,5,17,4.32,Pending,Offline,787,2025-11-27,2025-11-27
1211,depali,9580299803,Male,Malayalam,18,5,3.8,Pending,Available,734,2025-12-13,2025-12-13
1212,depander,8967508110,Female,Telugu,5,15,4.84,Verified,Busy,530,2025-12-11,2025-12-11
1213,desh,9805723936,Female,Kannada,10,44,4.25,Pending,Busy,98,2025-09-21,2025-09-21
1214,deshraj,8901982666,Female,Tamil,7,17,3.57,Pending,Busy,198,2025-05-23,2025-05-23
1215,dev,7907599801,Female,English,9,17,3.62,Verified,Offline,1,2025-04-09,2025-04-09
1216,deva,6389515631,Female,Telugu,13,42,3.99,Verified,Busy,144,2025-02-09,2025-02-09
1217,devanand,6147079595,Female,Hindi,4,38,3.97,Verified,Offline,110,2025-05-18,2025-05-18
1218,devanti,9968789890,Female,English,16,44,4.48,Verified,Offline,3,2025-05-06,2025-05-06
1219,devasheeh,8501382968,Male,Malayalam,3,50,4.83,Verified,Busy,566,2025-12-22,2025-12-22
1220,devashish,7342059288,Female,Hindi,7,36,4.2,Pending,Offline,701,2025-09-18,2025-09-18
1221,devasish,8368509393,Female,Kannada,5,43,4.08,Pending,Available,790,2025-09-30,2025-09-30
1222,devdhari,7985019184,Female,Hindi,8,15,4.71,Pending,Offline,60,2025-01-13,2025-01-13
1223,devender,7253944564,Male,Malayalam,14,16,3.58,Verified,Offline,496,2025-08-04,2025-08-04
1224,devendr,8761876611,Female,Kannada,13,25,4.88,Verified,Busy,561,2025-12-14,2025-12-14
1225,devendra,6878336263,Male,Telugu,17,5,4.35,Pending,Offline,165,2025-12-27,2025-12-27
1226,devendri,6762819070,Male,Hindi,3,8,4.91,Verified,Available,669,2025-03-22,2025-03-22
1227,devesh,6136877151,Male,Malayalam,0,28,4.75,Verified,Busy,104,2025-07-06,2025-07-06
1228,devi,6611472911,Female,Malayalam,12,50,4.09,Pending,Available,239,2025-05-21,2025-05-21
1229,devid,6011466055,Male,Kannada,12,40,3.59,Pending,Offline,196,2025-01-28,2025-01-28
1230,devideen,9981993316,Male,Kannada,1,8,4.22,Pending,Busy,304,2025-01-26,2025-01-26
1231,devik,8490518597,Female,English,7,37,4.45,Verified,Offline,52,2025-09-10,2025-09-10
1232,devika,7175211064,Male,Telugu,2,42,4.09,Verified,Busy,687,2025-11-20,2025-11-20
1233,devilal,9731259911,Female,Hindi,18,36,3.6,Pending,Offline,52,2025-08-08,2025-08-08
1234,devinder,7554472620,Male,Tamil,6,33,3.94,Pending,Offline,759,2025-06-08,2025-06-08
1235,devkali,7887557633,Female,Telugu,19,9,4.93,Pending,Offline,620,2025-12-05,2025-12-05
1236,devki,7522031005,Male,Telugu,5,46,3.53,Verified,Available,751,2025-05-31,2025-05-31
1237,devkran,9676692595,Male,English,3,45,3.74,Verified,Offline,733,2025-08-08,2025-08-08
1238,devli,6774832521,Female,English,7,48,4.36,Pending,Offline,615,2025-08-02,2025-08-02
1239,devpal,6334238008,Female,Malayalam,14,26,4.66,Pending,Available,117,2025-09-03,2025-09-03
1240,devraj,6742305856,Male,Tamil,8,22,4.77,Verified,Offline,5,2025-04-04,2025-04-04
1241,devya,6286156640,Female,Kannada,2,39,3.52,Verified,Offline,186,2025-06-11,2025-06-11
1242,devyani,6424644680,Male,Telugu,13,20,4.61,Verified,Available,334,2025-06-22,2025-06-22
1243,deyji,8527802395,Female,Hindi,18,25,3.65,Verified,Offline,781,2025-07-27,2025-07-27
1244,dhakhadevi,8006647210,Female,Kannada,12,21,4.11,Pending,Offline,321,2025-11-11,2025-11-11
1245,dhalchand,8781281059,Male,Malayalam,9,20,4.42,Pending,Available,789,2025-01-11,2025-01-11
1246,dhamender,9107924366,Female,Hindi,3,7,3.9,Pending,Available,473,2025-01-22,2025-01-22
1247,dhamini,6038598203,Male,Telugu,0,11,4.13,Verified,Offline,397,2025-03-18,2025-03-18
1248,dhan,6096631868,Male,Telugu,14,24,3.96,Verified,Offline,435,2025-07-01,2025-07-01
1249,dhana,7753726274,Female,Telugu,1,40,4.09,Verified,Offline,764,2025-09-21,2025-09-21
1250,dhananjai,7433632207,Male,Kannada,19,40,4.36,Verified,Busy,30,2025-05-26,2025-05-26
1251,dhananjay,7750970489,Male,Kannada,15,39,3.78,Pending,Offline,540,2025-04-03,2025-04-03
1252,dhaneswar,6066584955,Female,English,18,36,3.62,Pending,Busy,36,2025-10-18,2025-10-18
1253,dhaney,8144985638,Male,Telugu,5,33,4.54,Verified,Offline,279,2025-04-01,2025-04-01
1254,dhani,7935618573,Female,Kannada,1,21,3.91,Pending,Available,240,2025-05-03,2025-05-03
1255,dhaniya,6655280697,Female,Malayalam,5,32,4.52,Verified,Available,132,2025-06-09,2025-06-09
1256,dhanjay,7193076171,Male,Tamil,9,6,3.81,Pending,Offline,301,2025-11-26,2025-11-26
1257,dhanna,9336162259,Female,Tamil,1,7,4.91,Pending,Offline,168,2025-12-04,2025-12-04
1258,dhanni,6451309065,Male,Tamil,15,10,4.1,Verified,Available,536,2025-11-23,2025-11-23
1259,dhannu,9083954032,Male,Kannada,17,41,3.53,Pending,Busy,262,2025-04-21,2025-04-21
1260,dhanpat,6591625017,Male,Hindi,5,29,4.95,Pending,Busy,479,2025-06-07,2025-06-07
1261,dhanpati,9580954348,Female,Malayalam,14,11,3.51,Pending,Available,255,2025-09-16,2025-09-16
1262,dhanraj,9486920734,Male,Telugu,12,19,4.4,Pending,Busy,561,2025-03-29,2025-03-29
1263,dhansinghpuri,6685885516,Female,English,3,15,3.91,Pending,Available,547,2025-01-30,2025-01-30
1264,dhanu,8460230325,Female,Tamil,8,49,4.52,Verified,Busy,461,2025-10-28,2025-10-28
1265,dhanwanti,6785707676,Male,Malayalam,13,44,4.2,Pending,Offline,539,2025-05-15,2025-05-15
1266,dhanwati,7224733816,Female,Telugu,18,44,3.66,Pending,Busy,366,2025-09-28,2025-09-28
1267,dhapu,7582599276,Female,Hindi,14,21,4.08,Pending,Busy,584,2025-07-26,2025-07-26
1268,dhara,8555329083,Male,English,7,30,4.72,Pending,Busy,624,2025-05-13,2025-05-13
1269,dharam,8366757834,Male,Malayalam,19,12,4.12,Pending,Available,498,2025-04-27,2025-04-27
1270,dharambir,8928727694,Female,Hindi,2,23,4.27,Verified,Available,369,2025-10-15,2025-10-15
1271,dharamender,7624696750,Female,Telugu,18,18,4.83,Verified,Busy,523,2025-02-22,2025-02-22
1272,dharampal,8521288118,Female,Kannada,9,12,3.85,Verified,Available,406,2025-04-14,2025-04-14
1273,dharamveer,9978587197,Female,Telugu,11,16,4.12,Pending,Busy,46,2025-04-01,2025-04-01
1274,dharamvir,8249368698,Female,English,8,34,4.44,Verified,Offline,217,2025-01-31,2025-01-31
1275,dharm,9986845159,Female,Malayalam,5,20,4.51,Verified,Offline,645,2025-11-05,2025-11-05
1276,dharma,7177295547,Male,English,6,18,3.79,Pending,Busy,171,2025-10-06,2025-10-06
1277,dharmandra,7368956266,Female,English,11,22,4.97,Pending,Busy,128,2025-01-23,2025-01-23
1278,dharmbir,7213738234,Female,Telugu,10,45,4.38,Pending,Available,268,2025-06-16,2025-06-16
1279,dharmender,8358170306,Female,Malayalam,4,16,4.35,Pending,Available,360,2025-12-09,2025-12-09
1280,dharmendera,7232857149,Male,Malayalam,7,33,4.91,Verified,Available,491,2025-05-21,2025-05-21
1281,dharmendr,9981756720,Female,Tamil,7,40,4.09,Verified,Offline,144,2025-05-06,2025-05-06
1282,dharmendra,7728206298,Male,Tamil,15,47,4.71,Verified,Offline,134,2025-06-06,2025-06-06
1283,dharminder,6127295363,Male,Telugu,4,22,3.75,Pending,Available,777,2025-05-27,2025-05-27
1284,dharmpal,6273891667,Female,English,17,18,4.23,Verified,Offline,257,2025-06-29,2025-06-29
1285,dharmraj,8586556969,Female,English,16,39,4.96,Verified,Offline,71,2025-04-22,2025-04-22
1286,dharmshila,9137192749,Male,Hindi,1,30,4.01,Verified,Available,403,2025-12-20,2025-12-20
1287,dharmveer,7114953405,Female,Telugu,10,18,4.22,Pending,Offline,151,2025-05-16,2025-05-16
1288,dharmvir,7307601052,Female,Telugu,17,19,4.02,Pending,Busy,269,2025-02-01,2025-02-01
1289,dharvesh,9007432004,Male,English,10,24,4.05,Verified,Busy,622,2025-10-17,2025-10-17
1290,dhawal,8864169602,Female,Malayalam,4,28,4.32,Verified,Offline,766,2025-12-16,2025-12-16
1291,dheeraj,8026458967,Female,Hindi,13,44,4.15,Pending,Busy,678,2025-12-17,2025-12-17
1292,dheerendra,8462221149,Female,Malayalam,11,30,4.07,Pending,Busy,782,2025-05-17,2025-05-17
1293,dhermendra,9108590447,Male,Kannada,3,31,3.79,Pending,Offline,150,2025-08-30,2025-08-30
1294,dhiraj,9153966882,Male,Kannada,12,22,3.7,Verified,Available,276,2025-03-17,2025-03-17
1295,dhirender,9118712045,Male,English,13,36,3.76,Verified,Available,439,2025-06-24,2025-06-24
1296,dhirpal,8901890096,Male,Kannada,13,38,4.92,Verified,Busy,367,2025-10-02,2025-10-02
1297,dhiru,7732205788,Female,Tamil,16,14,4.67,Pending,Available,56,2025-08-30,2025-08-30
1298,dhisa,9824953648,Female,Hindi,18,38,4.85,Verified,Offline,105,2025-03-22,2025-03-22
1299,dhmendar,6514406545,Male,Tamil,12,35,4.63,Pending,Available,284,2025-12-15,2025-12-15
1300,dhodi,8403152718,Male,Telugu,20,32,3.67,Pending,Available,377,2025-11-23,2025-11-23
1301,dhola,6357162826,Male,Kannada,12,49,3.64,Pending,Busy,280,2025-10-15,2025-10-15
1302,dholi,7430155337,Female,English,16,43,3.93,Verified,Available,471,2025-03-22,2025-03-22
1303,dhram,9221155905,Male,English,7,49,4.53,Verified,Offline,232,2025-10-16,2025-10-16
1304,dhrama,6534654004,Male,Telugu,20,9,4.13,Verified,Busy,140,2025-04-24,2025-04-24
1305,dhrambir,7057382158,Male,Malayalam,12,8,4.2,Verified,Available,232,2025-05-31,2025-05-31
1306,dhramender,8877921298,Male,Tamil,3,21,4.17,Verified,Busy,261,2025-01-24,2025-01-24
1307,dhrampal,6154349130,Female,Telugu,4,19,3.98,Verified,Busy,786,2025-05-02,2025-05-02
1308,dhrampla,8723236584,Male,Telugu,6,26,4.65,Verified,Busy,568,2025-05-12,2025-05-12
1309,dhramveer,9056684338,Male,Telugu,1,49,4.22,Pending,Busy,606,2025-05-27,2025-05-27
1310,dhreej,6094971186,Male,Hindi,6,39,4.54,Pending,Available,652,2025-08-20,2025-08-20
1311,dhrmveer,8346121023,Male,Hindi,0,41,4.85,Verified,Offline,569,2025-04-09,2025-04-09
1312,dhruv,6492574508,Female,Tamil,16,19,4.56,Pending,Busy,163,2025-01-26,2025-01-26
1313,dhukhu,9622270477,Male,Tamil,11,10,3.9,Pending,Busy,570,2025-08-14,2025-08-14
1314,dhulin,7479081026,Male,Malayalam,14,15,4.07,Pending,Busy,629,2025-06-12,2025-06-12
1315,dhurav,9402339691,Male,Hindi,15,44,4.58,Verified,Available,627,2025-07-18,2025-07-18
1316,dhurender,7384028770,Male,English,0,35,4.87,Pending,Offline,411,2025-06-29,2025-06-29
1317,dhurpati,7459459916,Male,Hindi,8,40,4.97,Verified,Busy,185,2025-01-05,2025-01-05
1318,dhuruv,8738331061,Female,Kannada,10,17,4.07,Pending,Busy,114,2025-09-27,2025-09-27
1319,dhurv,7546364058,Female,Tamil,17,21,4.1,Verified,Busy,246,2025-06-27,2025-06-27
1320,dhurve,9651331118,Female,Tamil,2,24,4.48,Pending,Busy,109,2025-06-13,2025-06-13
1321,dibakar,8080727635,Female,English,2,24,3.8,Verified,Busy,58,2025-09-20,2025-09-20
1322,dibya,7830196075,Male,Telugu,2,47,4.03,Verified,Available,39,2025-02-26,2025-02-26
1323,digamber,7608115690,Female,Telugu,2,44,4.93,Pending,Offline,471,2025-06-23,2025-06-23
1324,digvijay,7762085764,Male,Tamil,10,22,4.03,Verified,Busy,80,2025-08-31,2025-08-31
1325,diksha,7238512535,Male,Malayalam,0,19,4.65,Pending,Busy,349,2025-10-20,2025-10-20
1326,dikshant,7137662809,Male,Kannada,16,39,4.38,Verified,Busy,624,2025-07-30,2025-07-30
1327,dil,7742272993,Male,Telugu,17,32,4.63,Verified,Available,420,2025-04-07,2025-04-07
1328,dila,7081131702,Female,English,18,29,3.95,Pending,Available,26,2025-10-27,2025-10-27
1329,dilawar,6438968045,Male,Malayalam,0,30,4.06,Pending,Offline,382,2025-12-08,2025-12-08
1330,dilbar,8160562809,Male,Hindi,15,34,4.92,Verified,Busy,7,2025-05-31,2025-05-31
1331,dildar,7744989761,Female,English,2,31,4.94,Verified,Available,162,2025-08-09,2025-08-09
1332,dilip,9174744174,Male,Kannada,9,20,3.79,Pending,Busy,565,2025-08-02,2025-08-02
1333,dilish,9790480209,Female,English,19,26,4.07,Verified,Offline,125,2025-12-14,2025-12-14
1334,diljan,9323108717,Female,Hindi,11,49,3.61,Verified,Busy,327,2025-08-20,2025-08-20
1335,dilkhush,8274962076,Female,Kannada,14,13,3.94,Verified,Offline,672,2025-09-15,2025-09-15
1336,dilkush,9643965510,Female,Hindi,4,29,3.94,Pending,Offline,621,2025-01-07,2025-01-07
1337,dilsad,8006677105,Male,Malayalam,14,15,4.84,Pending,Offline,11,2025-10-04,2025-10-04
1338,dilsah,8251504808,Male,Tamil,18,47,3.99,Verified,Offline,27,2025-11-09,2025-11-09
1339,dilshad,6098995055,Female,Kannada,1,17,3.54,Verified,Offline,704,2025-12-06,2025-12-06
1340,dilshadi,6954492045,Male,Tamil,1,10,3.78,Verified,Offline,218,2025-10-11,2025-10-11
1341,dilshana,9141004879,Female,English,14,26,4.55,Pending,Offline,162,2025-02-14,2025-02-14
1342,dilvar,9903172735,Male,Telugu,9,26,3.62,Verified,Busy,231,2025-02-24,2025-02-24
1343,dimpal,8421668984,Female,Tamil,18,33,4.1,Verified,Busy,299,2025-12-03,2025-12-03
1344,dimple,8750841717,Female,English,4,8,4.38,Verified,Busy,684,2025-12-12,2025-12-12
1345,dimpu,7361649066,Female,Malayalam,19,37,3.58,Verified,Available,463,2025-02-18,2025-02-18
1346,dimpy,6904374037,Male,Telugu,11,14,3.96,Pending,Offline,525,2025-05-18,2025-05-18
1347,dineesh,8494006395,Male,Telugu,14,29,4.54,Pending,Busy,686,2025-11-02,2025-11-02
1348,dinesh,9903122432,Female,Tamil,9,34,4.3,Pending,Busy,211,2025-06-22,2025-06-22
1349,dinkar,9910118756,Female,Tamil,7,20,4.73,Pending,Available,270,2025-09-30,2025-09-30
1350,dipa,8814292898,Female,Kannada,9,40,4.85,Pending,Busy,92,2025-07-22,2025-07-22
1351,dipak,6845704158,Female,English,8,24,4.77,Pending,Offline,654,2025-03-19,2025-03-19
1352,dipali,6691801356,Male,Kannada,17,32,4.35,Pending,Busy,384,2025-03-26,2025-03-26
1353,dipanshi,7208262751,Male,Tamil,7,49,4.35,Verified,Offline,54,2025-02-13,2025-02-13
1354,dipanshu,9483585964,Female,English,15,8,3.81,Verified,Offline,115,2025-09-20,2025-09-20
1355,dipansu,8595676836,Female,Kannada,19,25,4.68,Verified,Offline,654,2025-02-22,2025-02-22
1356,dipeeka,7707866281,Male,Hindi,4,11,4.67,Pending,Available,779,2025-01-07,2025-01-07
1357,dipendra,6983100139,Female,Tamil,5,9,4.97,Verified,Offline,713,2025-06-30,2025-06-30
1358,dipika,9916938635,Male,Malayalam,12,50,3.73,Verified,Busy,248,2025-03-14,2025-03-14
1359,dipti,7907128720,Male,Kannada,17,49,4.74,Verified,Available,79,2025-04-24,2025-04-24
1360,dipu,8941650733,Female,English,7,48,4.24,Verified,Busy,320,2025-02-11,2025-02-11
1361,dirgaj,6549459559,Male,Telugu,11,17,4.35,Pending,Busy,313,2025-03-24,2025-03-24
1362,disha,7185379432,Male,Hindi,3,45,4.64,Verified,Offline,736,2025-02-03,2025-02-03
1363,dishad,8021154957,Female,Telugu,12,32,3.99,Verified,Busy,82,2025-08-04,2025-08-04
1364,dishant,9235205143,Female,Hindi,4,47,3.53,Verified,Available,21,2025-09-04,2025-09-04
1365,dishu,6854504375,Female,Kannada,12,37,3.53,Verified,Offline,173,2025-07-10,2025-07-10
1366,disi,9302825772,Female,Malayalam,0,27,4.15,Verified,Offline,37,2025-11-22,2025-11-22
1367,diti,8278866420,Male,Hindi,18,47,4.03,Verified,Available,126,2025-06-21,2025-06-21
1368,divaie,7304572072,Female,Hindi,10,18,3.93,Verified,Available,687,2025-05-26,2025-05-26
1369,divakar,9420210638,Female,Hindi,18,36,3.86,Verified,Busy,478,2025-04-06,2025-04-06
1370,divansh,6197444363,Male,Malayalam,3,25,4.33,Verified,Offline,503,2025-03-19,2025-03-19
1371,divaraj,9494114427,Male,Telugu,12,46,4.36,Pending,Busy,140,2025-02-23,2025-02-23
1372,divy,9737498768,Female,Tamil,19,45,4.5,Verified,Offline,638,2025-08-04,2025-08-04
1373,divya,8707901587,Male,Malayalam,16,23,3.79,Pending,Available,620,2025-04-04,2025-04-04
1374,divyansh,8726096715,Male,Hindi,20,34,4.55,Verified,Offline,172,2025-10-15,2025-10-15
1375,diwakar,6007890302,Male,Telugu,13,44,3.58,Verified,Offline,55,2025-03-09,2025-03-09
1376,diwan,6121017298,Male,Tamil,20,27,3.78,Pending,Offline,7,2025-07-09,2025-07-09
1377,diwansi,8403670306,Male,Tamil,8,49,3.82,Pending,Offline,288,2025-12-23,2025-12-23
1378,dixya,8827071696,Male,Malayalam,5,44,4.84,Pending,Busy,199,2025-07-09,2025-07-09
1379,diya,8370718461,Female,Kannada,1,31,4.13,Pending,Busy,235,2025-06-05,2025-06-05
1380,dolat,9854094524,Male,Kannada,0,41,4.04,Verified,Busy,419,2025-11-02,2025-11-02
1381,doli,7887567751,Male,Telugu,12,40,3.56,Verified,Offline,765,2025-08-07,2025-08-07
1382,dolley,6127315830,Female,English,12,19,4.53,Verified,Offline,227,2025-11-30,2025-11-30
1383,dolly,9920114284,Female,Kannada,1,24,3.69,Verified,Busy,372,2025-09-13,2025-09-13
1384,dolo,7871119248,Male,Kannada,17,43,4.94,Pending,Busy,359,2025-07-15,2025-07-15
1385,doly,6458781663,Female,Malayalam,6,43,4.96,Pending,Busy,326,2025-04-23,2025-04-23
1386,doodhnath,7404633528,Female,Kannada,17,40,3.97,Pending,Offline,126,2025-02-04,2025-02-04
1387,dord,7331337160,Female,Hindi,9,13,4.32,Pending,Offline,530,2025-01-20,2025-01-20
1388,dorilal,8952104806,Male,Malayalam,8,40,4.11,Pending,Available,86,2025-09-10,2025-09-10
1389,doulat,6288910056,Male,Tamil,1,32,4.04,Verified,Available,120,2025-10-01,2025-10-01
1390,dowlat,6928099124,Female,Kannada,6,10,4.44,Verified,Offline,350,2025-09-06,2025-09-06
1391,dropati,6394982654,Female,Kannada,10,37,4.18,Verified,Busy,767,2025-09-20,2025-09-20
1392,dropti,7644719838,Male,Tamil,9,11,4.72,Pending,Busy,478,2025-04-23,2025-04-23
1393,druga,9018623548,Female,Kannada,16,27,4.21,Pending,Busy,777,2025-05-30,2025-05-30
1394,dukhi,9172185814,Female,Hindi,8,26,3.73,Pending,Offline,152,2025-11-13,2025-11-13
1395,dulal,7200092173,Female,Kannada,15,22,4.68,Verified,Offline,450,2025-07-21,2025-07-21
1396,dular,7943381233,Male,Tamil,20,13,4.75,Verified,Offline,697,2025-05-19,2025-05-19
1397,dulari,8340142565,Female,Malayalam,17,33,3.8,Pending,Offline,92,2025-12-11,2025-12-11
1398,dulichand,7212326491,Female,Telugu,18,14,3.6,Verified,Available,698,2025-10-07,2025-10-07
1399,dumani,8996526932,Male,Hindi,5,24,4.19,Verified,Available,556,2025-08-06,2025-08-06
1400,dumnik,6241701426,Male,English,17,30,4.93,Pending,Available,91,2025-06-17,2025-06-17
1401,dund,6077698236,Female,English,3,48,4.89,Pending,Busy,654,2025-10-08,2025-10-08
1402,duni,9531776256,Male,Telugu,14,7,4.35,Verified,Offline,736,2025-09-24,2025-09-24
1403,dur,9384539851,Female,Kannada,15,5,4.71,Verified,Available,460,2025-03-07,2025-03-07
1404,duraga,8123263176,Male,Malayalam,3,41,4.53,Verified,Available,43,2025-12-06,2025-12-06
1405,durg,9311647421,Male,Hindi,3,49,4.63,Verified,Available,716,2025-04-24,2025-04-24
1406,durga,8987292608,Male,Tamil,2,50,4.71,Pending,Offline,199,2025-02-07,2025-02-07
1407,durgabai,9753503439,Male,Telugu,11,14,4.58,Pending,Offline,180,2025-07-25,2025-07-25
1408,durgalal,6425621807,Male,Hindi,19,15,4.14,Verified,Offline,251,2025-09-22,2025-09-22
1409,durganand,8600710476,Female,Tamil,1,21,4.63,Pending,Busy,193,2025-01-16,2025-01-16
1410,durgash,9187650405,Male,Hindi,0,20,4.94,Verified,Available,137,2025-03-06,2025-03-06
1411,durgashankar,6279036097,Female,English,7,40,4.3,Verified,Available,234,2025-12-08,2025-12-08
1412,durgawati,8262836107,Male,Hindi,12,25,4.72,Pending,Busy,78,2025-10-19,2025-10-19
1413,durgesh,8327458134,Female,Telugu,0,12,3.87,Pending,Busy,202,2025-05-11,2025-05-11
1414,durgpal,6221924425,Male,Telugu,0,34,4.45,Verified,Busy,447,2025-01-12,2025-01-12
1415,durjan,8325032481,Male,Malayalam,6,40,4.64,Verified,Offline,350,2025-12-21,2025-12-21
1416,durvesh,7707839791,Female,English,2,38,4.29,Pending,Busy,107,2025-02-14,2025-02-14
1417,dushyant,8416586640,Male,Malayalam,19,26,3.72,Pending,Available,701,2025-07-27,2025-07-27
1418,dvndavva,9633903689,Female,Telugu,19,43,4.4,Verified,Busy,742,2025-09-06,2025-09-06
1419,dwarika,6143377816,Male,English,8,46,3.96,Verified,Busy,483,2025-09-19,2025-09-19
1420,dwarka,7167662647,Male,Telugu,10,33,4.83,Pending,Available,735,2025-01-11,2025-01-11
1421,dwrikaprasad,6505605638,Male,English,16,9,4.8,Pending,Busy,251,2025-11-11,2025-11-11
1422,dya,6834777115,Male,Tamil,15,11,3.59,Pending,Offline,159,2025-11-17,2025-11-17
1423,ebane,6834298200,Female,English,0,35,4.38,Pending,Busy,167,2025-10-09,2025-10-09
1424,edris,8205866796,Male,Malayalam,4,16,4.02,Verified,Offline,785,2025-10-20,2025-10-20
1425,ekamjeet,8641734270,Male,Kannada,20,41,4.59,Verified,Busy,207,2025-10-31,2025-10-31
1426,ekata,7287012314,Male,Malayalam,20,17,4.02,Pending,Offline,553,2025-04-02,2025-04-02
1427,ekram,8566610540,Female,English,12,32,3.89,Pending,Offline,715,2025-09-14,2025-09-14
1428,ekta,9239154355,Female,Malayalam,1,18,4.97,Verified,Busy,267,2025-07-30,2025-07-30
1429,eldro,8455141831,Male,Malayalam,16,29,3.84,Verified,Available,118,2025-01-08,2025-01-08
1430,eliyas,8145382003,Male,Kannada,1,49,4.88,Verified,Available,746,2025-06-28,2025-06-28
1431,elwin,7450060285,Male,Hindi,4,32,4.09,Pending,Busy,170,2025-08-08,2025-08-08
1432,emilia,7045225400,Female,Telugu,19,29,4.65,Verified,Busy,57,2025-08-16,2025-08-16
1433,emran,7028025833,Female,English,7,13,3.51,Verified,Available,164,2025-01-31,2025-01-31
1434,englas,9318346952,Male,English,6,15,4.35,Verified,Offline,388,2025-08-29,2025-08-29
1435,eshavarya,6157563219,Male,Kannada,16,22,4.58,Pending,Offline,642,2025-10-16,2025-10-16
1436,eshwari,6597570902,Male,Tamil,0,41,4.33,Verified,Offline,135,2025-11-29,2025-11-29
1437,esrail,7515943247,Female,Tamil,2,20,3.97,Verified,Busy,136,2025-12-09,2025-12-09
1438,etahsaam,6826905350,Female,Telugu,20,46,4.09,Pending,Busy,180,2025-11-13,2025-11-13
1439,evan,9974186293,Female,Hindi,10,41,4.07,Verified,Available,8,2025-08-06,2025-08-06
1440,ezaz,6782281036,Male,English,11,44,4.88,Pending,Busy,691,2025-05-03,2025-05-03
1441,faaija,9547483001,Female,Telugu,16,12,4.73,Verified,Offline,313,2025-01-03,2025-01-03
1442,fahija,7806581286,Male,Kannada,5,21,3.84,Verified,Offline,326,2025-06-20,2025-06-20
1443,fahim,6594769101,Female,English,2,21,4.1,Verified,Offline,137,2025-09-04,2025-09-04
1444,fahira,8193443125,Female,English,10,35,4.71,Verified,Offline,328,2025-01-02,2025-01-02
1445,faijal,9460491080,Male,Malayalam,2,12,4.07,Pending,Offline,286,2025-07-25,2025-07-25
1446,faijina,7147147560,Male,Malayalam,12,8,4.04,Pending,Offline,538,2025-12-24,2025-12-24
1447,faim,7893989070,Female,Hindi,16,32,4.25,Verified,Available,619,2025-04-14,2025-04-14
1448,faimuddin,6775767627,Male,Tamil,0,6,4.21,Verified,Busy,620,2025-07-30,2025-07-30
1449,faisal,9906003137,Male,Malayalam,15,22,4.32,Verified,Available,639,2025-03-08,2025-03-08
1450,faiyaaz,9263587107,Female,Tamil,11,35,3.65,Pending,Available,296,2025-01-16,2025-01-16
1451,faiz,7115342953,Female,English,3,36,3.6,Verified,Offline,745,2025-07-20,2025-07-20
1452,faizal,8764407047,Male,Malayalam,19,49,4.59,Pending,Available,433,2025-07-23,2025-07-23
1453,faizan,9552664673,Male,English,10,12,4.84,Verified,Available,608,2025-12-07,2025-12-07
1454,faizudeen,7950032697,Male,English,0,34,4.11,Pending,Available,433,2025-11-17,2025-11-17
1455,faizur,7360636322,Female,Tamil,11,49,4.54,Pending,Busy,758,2025-03-03,2025-03-03
1456,fakerey,6751314700,Female,Hindi,19,34,4.72,Pending,Busy,308,2025-10-29,2025-10-29
1457,fakiha,6063147302,Male,Telugu,2,11,4.49,Pending,Available,368,2025-02-06,2025-02-06
1458,fakir,8295644489,Female,Hindi,17,38,4.79,Verified,Available,130,2025-11-01,2025-11-01
1459,fakiri,6853513777,Female,Malayalam,11,35,4.89,Pending,Available,340,2025-08-20,2025-08-20
1460,fakrrudeen,7514074427,Female,Kannada,7,9,3.75,Pending,Offline,352,2025-08-14,2025-08-14
1461,fakrudeen,9205338948,Female,Tamil,10,40,3.74,Pending,Offline,546,2025-05-20,2025-05-20
1462,fanni,9877420018,Female,Kannada,20,15,4.98,Verified,Available,469,2025-07-27,2025-07-27
1463,faqir,7462301374,Male,Kannada,7,49,4.4,Pending,Available,106,2025-12-09,2025-12-09
1464,fara,7679689529,Male,Telugu,13,49,4.42,Verified,Available,601,2025-09-17,2025-09-17
1465,farah,6252087967,Male,English,0,42,4.9,Verified,Offline,399,2025-09-27,2025-09-27
1466,faraha,6634127441,Female,Hindi,10,5,3.56,Pending,Available,106,2025-04-23,2025-04-23
1467,faraheen,7969705265,Male,Tamil,0,43,4.15,Verified,Busy,653,2025-05-09,2025-05-09
1468,faran,8418242375,Female,Telugu,0,29,3.96,Verified,Available,680,2025-01-30,2025-01-30
1469,farana,7214050914,Female,Tamil,15,49,4.89,Verified,Available,69,2025-06-07,2025-06-07
1470,fareem,8250657637,Male,Tamil,4,42,3.6,Pending,Available,604,2025-01-12,2025-01-12
1471,fareen,8448229572,Female,Hindi,18,13,4.14,Verified,Available,169,2025-04-29,2025-04-29
1472,fareena,9080979817,Female,Telugu,2,19,4.9,Pending,Available,61,2025-07-08,2025-07-08
1473,farha,6888098507,Female,Malayalam,2,49,4.35,Pending,Available,287,2025-08-02,2025-08-02
1474,farhaja,6491023771,Female,Malayalam,11,11,3.67,Pending,Busy,341,2025-07-18,2025-07-18
1475,farhan,7132592691,Female,Telugu,8,38,4.95,Pending,Offline,310,2025-01-05,2025-01-05
1476,farhana,8500797193,Female,Kannada,20,47,3.55,Verified,Offline,524,2025-04-09,2025-04-09
1477,farhanaaz,6906639333,Male,Hindi,17,6,4.26,Verified,Offline,571,2025-12-02,2025-12-02
1478,farhanaz,9074534096,Female,Telugu,1,31,4.96,Verified,Available,255,2025-09-15,2025-09-15
1479,farheen,6262861815,Male,Malayalam,14,41,3.69,Verified,Available,368,2025-10-17,2025-10-17
1480,farhib,8677754799,Female,Tamil,16,40,4.24,Verified,Busy,577,2025-07-07,2025-07-07
1481,farhin,8429491860,Female,Malayalam,19,25,4.98,Pending,Busy,325,2025-04-30,2025-04-30
1482,farid,8748049254,Male,Malayalam,6,5,3.69,Pending,Busy,345,2025-06-12,2025-06-12
1483,farida,8679174730,Female,English,15,11,4.35,Pending,Available,789,2025-09-01,2025-09-01
1484,farina,8703415309,Female,Tamil,7,14,4.55,Pending,Offline,774,2025-02-21,2025-02-21
1485,farjana,7476605711,Female,Hindi,14,35,3.58,Pending,Busy,269,2025-05-16,2025-05-16
1486,farjand,9083742355,Female,Hindi,12,8,3.67,Verified,Offline,733,2025-09-15,2025-09-15
1487,farjanul,9071668375,Male,Tamil,11,24,3.72,Verified,Busy,137,2025-09-17,2025-09-17
1488,farku,7482838468,Male,Hindi,10,15,3.56,Verified,Offline,367,2025-12-25,2025-12-25
1489,farmaan,8039995996,Female,Kannada,3,16,4.04,Pending,Offline,276,2025-02-18,2025-02-18
1490,farman,7542456108,Male,Kannada,15,34,4.15,Pending,Busy,708,2025-03-28,2025-03-28
1491,farmeena,7472136140,Female,Hindi,1,38,4.97,Verified,Available,439,2025-05-01,2025-05-01
1492,faroj,9108362518,Male,Hindi,7,10,4.74,Verified,Available,390,2025-06-08,2025-06-08
1493,farukh,7384029427,Male,Malayalam,18,11,3.61,Pending,Busy,49,2025-11-24,2025-11-24
1494,farzana,7040396279,Male,Tamil,12,27,3.9,Verified,Busy,711,2025-07-21,2025-07-21
1495,fasrun,6781599646,Female,Kannada,14,25,4.43,Pending,Busy,676,2025-01-16,2025-01-16
1496,fateh,7520487463,Male,Telugu,20,12,3.71,Pending,Busy,548,2025-03-22,2025-03-22
1497,father,6719070361,Female,Tamil,1,49,3.68,Pending,Busy,219,2025-04-07,2025-04-07
1498,fatima,9058046943,Female,Tamil,8,23,4.98,Verified,Offline,711,2025-10-18,2025-10-18
1499,fatma,6403264261,Female,Telugu,20,41,4.17,Pending,Busy,237,2025-10-03,2025-10-03
1500,fauina,8446358239,Female,Hindi,16,46,4.29,Verified,Busy,76,2025-04-26,2025-04-26
1501,faujdar,8316840152,Female,Telugu,13,13,4.38,Verified,Busy,594,2025-07-10,2025-07-10
1502,fauji,9732438674,Female,English,2,12,4.05,Pending,Available,688,2025-12-10,2025-12-10
1503,fazaley,9450925907,Male,Malayalam,12,32,3.71,Verified,Busy,213,2025-09-03,2025-09-03
1504,fazaz,7697297676,Female,Tamil,9,28,4.37,Pending,Busy,409,2025-06-12,2025-06-12
1505,fazia,7158056859,Female,Hindi,4,26,4.0,Verified,Available,536,2025-07-28,2025-07-28
1506,fazin,6370375838,Male,English,10,10,4.06,Pending,Offline,756,2025-05-14,2025-05-14
1507,fazulla,6066352324,Male,Kannada,6,27,3.65,Pending,Busy,587,2025-07-07,2025-07-07
1508,feflibai,6859221375,Female,Malayalam,18,8,4.89,Pending,Offline,57,2025-03-20,2025-03-20
1509,felicia,7047835044,Male,Telugu,3,17,4.84,Pending,Offline,745,2025-02-03,2025-02-03
1510,feru,8583912769,Male,Hindi,20,23,3.9,Pending,Busy,308,2025-10-01,2025-10-01
1511,fhaishal,7188270446,Female,Malayalam,3,48,3.62,Verified,Offline,384,2025-04-12,2025-04-12
1512,fharman,9935015414,Female,Kannada,8,18,3.78,Verified,Offline,769,2025-08-23,2025-08-23
1513,fida,6608837791,Male,Tamil,13,32,4.92,Verified,Busy,209,2025-10-03,2025-10-03
1514,fija,6007209789,Female,Hindi,3,37,4.56,Verified,Offline,288,2025-05-18,2025-05-18
1515,firakat,8527058847,Male,English,16,46,4.67,Verified,Busy,118,2025-02-09,2025-02-09
1516,firasat,7945943536,Female,Kannada,13,41,3.54,Verified,Offline,572,2025-09-04,2025-09-04
1517,firdosh,9844344764,Male,English,19,13,3.74,Verified,Offline,250,2025-01-22,2025-01-22
1518,firdous,7884955240,Female,Malayalam,6,27,3.92,Pending,Available,347,2025-08-04,2025-08-04
1519,firida,6148294113,Male,Tamil,3,10,4.45,Pending,Busy,700,2025-04-24,2025-04-24
1520,firoj,7998228703,Female,Telugu,2,28,3.72,Verified,Busy,432,2025-11-23,2025-11-23
1521,firoja,7570271547,Female,Malayalam,5,29,4.96,Verified,Busy,382,2025-12-20,2025-12-20
1522,firoz,9117883219,Male,Hindi,20,47,4.02,Verified,Offline,307,2025-08-20,2025-08-20
1523,firoza,7982401888,Female,English,0,23,4.89,Pending,Offline,143,2025-10-28,2025-10-28
1524,firtu,6567162001,Female,Hindi,20,30,4.08,Pending,Available,465,2025-07-09,2025-07-09
1525,fitrat,6019808689,Male,English,8,15,3.9,Pending,Offline,178,2025-10-08,2025-10-08
1526,fiyaz,7728019126,Female,English,2,22,4.68,Pending,Available,670,2025-05-28,2025-05-28
1527,fiza,7897713895,Male,Telugu,13,24,3.77,Pending,Available,549,2025-07-04,2025-07-04
1528,fool,7761475942,Female,Kannada,1,10,4.59,Verified,Offline,695,2025-03-30,2025-03-30
1529,foola,9310273052,Male,Tamil,17,37,4.7,Verified,Offline,444,2025-08-16,2025-08-16
1530,fooljhnah,7800088554,Male,Kannada,9,22,4.48,Verified,Busy,460,2025-03-13,2025-03-13
1531,foolmaya,9973870671,Male,Telugu,0,49,4.75,Pending,Offline,212,2025-03-07,2025-03-07
1532,foolwati,8366109932,Female,Tamil,4,50,4.81,Pending,Busy,419,2025-06-20,2025-06-20
1533,for,8083132788,Male,Kannada,1,6,3.86,Verified,Available,209,2025-03-04,2025-03-04
1534,foranta,6961854990,Female,English,8,9,4.49,Verified,Offline,282,2025-10-13,2025-10-13
1535,foranti,6636351918,Male,English,20,29,4.42,Pending,Available,306,2025-10-27,2025-10-27
1536,fornta,7023370871,Female,English,12,16,4.36,Pending,Offline,236,2025-08-02,2025-08-02
1537,forshan,8268417197,Female,Hindi,7,19,4.5,Pending,Busy,429,2025-07-08,2025-07-08
1538,fozia,8990886230,Female,Kannada,2,46,4.42,Verified,Busy,500,2025-02-17,2025-02-17
1539,fra,8314048566,Female,Malayalam,17,39,4.3,Pending,Offline,772,2025-01-29,2025-01-29
1540,frjana,9242290495,Male,Tamil,1,8,4.24,Verified,Available,300,2025-11-10,2025-11-10
1541,frra,8241933928,Male,English,9,43,4.59,Verified,Busy,708,2025-10-27,2025-10-27
1542,fuli,6500010159,Male,Hindi,10,45,3.97,Verified,Available,239,2025-05-25,2025-05-25
1543,fuljhadi,7977761873,Female,English,18,26,4.94,Pending,Busy,743,2025-03-23,2025-03-23
1544,fulmiya,6824445879,Male,Kannada,19,44,4.82,Verified,Busy,294,2025-04-14,2025-04-14
1545,fulo,7706447461,Female,Malayalam,11,24,4.0,Pending,Offline,450,2025-01-26,2025-01-26
1546,furkan,6062893831,Female,Kannada,12,46,4.67,Verified,Offline,189,2025-01-16,2025-01-16
1547,furkhan,7244743673,Male,Kannada,19,18,4.31,Verified,Offline,401,2025-11-26,2025-11-26
1548,gaffar,7945317178,Female,Malayalam,1,10,3.88,Pending,Offline,114,2025-11-08,2025-11-08
1549,gaffur,7105587168,Male,Kannada,7,14,4.93,Verified,Offline,340,2025-06-20,2025-06-20
1550,gafur,6987966584,Male,Telugu,15,9,4.45,Verified,Offline,226,2025-07-18,2025-07-18
1551,gagan,8256151226,Female,Kannada,19,12,4.45,Verified,Offline,522,2025-07-17,2025-07-17
1552,gagandeep,7847873545,Male,Malayalam,15,6,4.16,Pending,Busy,560,2025-02-23,2025-02-23
1553,gahnshyam,9305225644,Male,English,14,34,3.51,Pending,Available,285,2025-12-23,2025-12-23
1554,gaitri,7550215443,Male,Hindi,7,45,4.97,Verified,Offline,547,2025-06-21,2025-06-21
1555,gajala,9504632390,Male,Telugu,1,8,4.13,Verified,Busy,746,2025-01-22,2025-01-22
1556,gajana,8986186502,Female,Tamil,19,18,4.1,Pending,Busy,788,2025-01-27,2025-01-27
1557,gajender,8506757851,Male,Hindi,15,23,3.59,Pending,Busy,293,2025-03-08,2025-03-08
1558,gajendra,6185553297,Female,English,12,23,4.75,Verified,Available,692,2025-12-30,2025-12-30
1559,gajla,9075211514,Male,Hindi,17,18,4.21,Verified,Offline,723,2025-12-06,2025-12-06
1560,gajraj,6441466038,Female,Telugu,18,22,4.54,Verified,Available,373,2025-08-04,2025-08-04
1561,gajwanti,9770455128,Male,Telugu,8,15,4.71,Pending,Offline,68,2025-01-04,2025-01-04
1562,gali,8461802177,Female,Malayalam,10,43,4.98,Verified,Available,448,2025-07-29,2025-07-29
1563,galiya,8293557336,Male,Malayalam,0,42,3.61,Verified,Busy,569,2025-11-28,2025-11-28
1564,galu,7195294239,Female,Kannada,0,26,4.69,Verified,Available,40,2025-12-02,2025-12-02
1565,gambhir,9314571865,Female,Hindi,4,9,4.71,Verified,Available,663,2025-10-21,2025-10-21
1566,gamer,9247949493,Female,Hindi,3,39,4.64,Verified,Busy,645,2025-08-29,2025-08-29
1567,gandharv,6643988562,Female,Telugu,0,39,4.96,Pending,Available,223,2025-09-02,2025-09-02
1568,gandhi,8937828461,Female,Hindi,2,26,4.68,Verified,Offline,316,2025-11-08,2025-11-08
1569,ganesh,6077099896,Male,English,2,36,4.66,Verified,Offline,16,2025-12-25,2025-12-25
1570,ganeshi,6284701586,Female,Telugu,8,45,3.64,Verified,Busy,295,2025-05-11,2025-05-11
1571,ganesi,8097798846,Female,Kannada,7,9,3.93,Pending,Offline,233,2025-09-28,2025-09-28
1572,ganga,8585395185,Male,Tamil,17,30,3.98,Verified,Busy,397,2025-10-07,2025-10-07
1573,gangadhar,6296697683,Male,Malayalam,9,49,4.09,Verified,Busy,373,2025-08-05,2025-08-05
1574,gangajali,8103759890,Male,Hindi,9,45,4.92,Pending,Busy,730,2025-01-12,2025-01-12
1575,gangaram,7681201470,Female,Malayalam,18,14,3.85,Verified,Offline,220,2025-06-03,2025-06-03
1576,gango,6684682150,Male,English,2,5,4.98,Verified,Available,184,2025-05-28,2025-05-28
1577,ganita,7202535319,Male,Malayalam,1,44,4.2,Pending,Busy,735,2025-06-21,2025-06-21
1578,ganpat,6766532960,Female,Kannada,19,9,4.14,Verified,Offline,484,2025-03-21,2025-03-21
1579,ganpati,7474724363,Female,Tamil,14,30,4.82,Pending,Busy,228,2025-10-14,2025-10-14
1580,ganpatram,8730598225,Male,Tamil,15,5,4.61,Pending,Available,446,2025-07-30,2025-07-30
1581,gantantra,8743973909,Female,Kannada,8,44,4.92,Verified,Available,471,2025-08-06,2025-08-06
1582,gappu,7007958737,Female,Malayalam,10,8,4.91,Pending,Busy,15,2025-01-17,2025-01-17
1583,gargi,7044685244,Female,Kannada,1,7,3.93,Pending,Available,580,2025-05-23,2025-05-23
1584,garib,6717585110,Male,Kannada,6,7,3.61,Verified,Available,446,2025-03-29,2025-03-29
1585,garima,8931745569,Female,Hindi,9,12,4.0,Pending,Busy,372,2025-07-03,2025-07-03
1586,garsh,6257097560,Male,Hindi,3,30,4.51,Verified,Offline,684,2025-06-30,2025-06-30
1587,garupal,8834267881,Female,Kannada,9,23,4.72,Pending,Available,377,2025-09-24,2025-09-24
1588,garv,9313871781,Female,Tamil,7,13,4.0,Verified,Busy,221,2025-04-19,2025-04-19
1589,gattu,6529257780,Male,Hindi,12,42,4.01,Pending,Busy,307,2025-12-17,2025-12-17
1590,gaura,9007915460,Male,Telugu,16,40,3.74,Verified,Available,303,2025-01-25,2025-01-25
1591,gaurav,9094438048,Male,English,15,24,3.58,Pending,Offline,452,2025-03-15,2025-03-15
1592,gauravgil,6660598096,Male,English,1,31,3.85,Verified,Offline,471,2025-09-04,2025-09-04
1593,gauri,8969274460,Female,Telugu,0,35,4.32,Verified,Busy,494,2025-07-25,2025-07-25
1594,gautam,8778714889,Male,Malayalam,1,15,3.7,Verified,Offline,530,2025-12-09,2025-12-09
1595,gawali,6178238426,Male,English,16,21,4.93,Pending,Available,617,2025-06-11,2025-06-11
1596,gawri,6642809157,Male,Telugu,2,28,3.69,Verified,Offline,122,2025-09-14,2025-09-14
1597,gayatri,9096387763,Male,Kannada,18,31,3.73,Verified,Available,26,2025-02-03,2025-02-03
1598,gaytree,6216057589,Male,Tamil,10,13,4.48,Verified,Offline,36,2025-06-13,2025-06-13
1599,gaytri,8765337097,Male,Hindi,8,37,4.99,Verified,Busy,123,2025-03-31,2025-03-31
1600,geernish,8820935106,Male,Tamil,4,39,3.73,Pending,Available,31,2025-07-19,2025-07-19
1601,geesa,7059000504,Male,Hindi,9,5,4.43,Verified,Available,667,2025-11-07,2025-11-07
1602,geet,8662775207,Female,Tamil,2,37,3.5,Verified,Busy,500,2025-03-05,2025-03-05
1603,geeta,6089843490,Female,English,10,16,4.97,Verified,Busy,749,2025-10-26,2025-10-26
1604,geetanjali,6912309367,Female,Tamil,13,8,4.92,Verified,Available,495,2025-02-26,2025-02-26
1605,geetika,9788514291,Male,Hindi,18,18,3.79,Pending,Available,419,2025-08-26,2025-08-26
1606,geetu,6601720965,Male,Malayalam,15,12,4.51,Pending,Offline,654,2025-03-25,2025-03-25
1607,gen,9618174845,Male,Malayalam,12,40,4.28,Pending,Available,431,2025-06-24,2025-06-24
1608,genda,8851410866,Female,Tamil,9,32,4.56,Verified,Busy,294,2025-08-07,2025-08-07
1609,gendi,9467941100,Male,English,17,39,3.65,Verified,Busy,114,2025-03-10,2025-03-10
1610,gendu,9195753684,Male,Tamil,3,39,4.14,Verified,Busy,201,2025-07-20,2025-07-20
1611,gensingh,6585090081,Female,Telugu,9,13,4.82,Pending,Available,610,2025-02-24,2025-02-24
1612,ghan,7606594582,Male,Telugu,20,20,4.54,Verified,Busy,471,2025-05-09,2025-05-09
1613,ghanshayam,7777636958,Male,English,20,7,4.43,Verified,Available,209,2025-11-12,2025-11-12
1614,ghanshyam,6674332870,Male,Tamil,10,45,4.74,Pending,Offline,544,2025-09-25,2025-09-25
1615,ghansyam,8991442679,Female,Malayalam,19,8,4.52,Pending,Busy,500,2025-08-10,2025-08-10
1616,ghantoli,6581736788,Female,Malayalam,1,28,4.82,Pending,Available,627,2025-05-09,2025-05-09
1617,ghaseeta,9391625274,Female,Tamil,9,12,3.53,Verified,Busy,345,2025-04-19,2025-04-19
1618,ghasiram,9209468074,Male,Tamil,3,43,4.64,Verified,Busy,296,2025-10-16,2025-10-16
1619,gheesa,8814232805,Female,English,10,19,3.59,Verified,Busy,475,2025-01-13,2025-01-13
1620,ghisaram,9067078429,Male,Telugu,9,32,4.63,Verified,Available,481,2025-08-01,2025-08-01
1621,ghurul,6508984336,Male,Hindi,15,13,4.48,Verified,Offline,746,2025-12-25,2025-12-25
1622,gila,7591558775,Male,Kannada,15,15,3.53,Verified,Busy,569,2025-05-18,2025-05-18
1623,gilbahar,9812424656,Male,Tamil,7,34,4.57,Verified,Busy,34,2025-02-25,2025-02-25
1624,girdhari,7867419919,Female,English,8,13,4.26,Verified,Offline,89,2025-04-09,2025-04-09
1625,giri,9172651982,Male,Telugu,3,36,4.06,Pending,Available,437,2025-12-23,2025-12-23
1626,girija,6460951682,Male,Hindi,1,29,4.21,Verified,Available,574,2025-05-22,2025-05-22
1627,girijarani,9142088902,Female,Telugu,13,11,4.52,Verified,Busy,762,2025-12-19,2025-12-19
1628,giriraj,7725026459,Male,Telugu,13,22,3.95,Verified,Available,419,2025-07-22,2025-07-22
1629,girish,6872422911,Female,English,11,19,3.8,Pending,Available,365,2025-02-22,2025-02-22
1630,girishchandra,6544911407,Female,Malayalam,0,23,3.5,Pending,Available,785,2025-04-05,2025-04-05
1631,girishi,6648683100,Male,Tamil,17,27,4.77,Verified,Available,546,2025-02-18,2025-02-18
1632,girja,8151942325,Male,Kannada,13,48,4.02,Pending,Available,336,2025-08-05,2025-08-05
1633,girjesh,7093823830,Female,English,10,46,4.21,Pending,Offline,473,2025-03-21,2025-03-21
1634,girraj,7226925890,Female,Malayalam,15,40,4.72,Pending,Available,501,2025-12-17,2025-12-17
1635,girwer,6209743711,Male,Kannada,1,35,4.25,Pending,Available,729,2025-03-03,2025-03-03
1636,gita,9771698278,Male,Malayalam,9,23,4.97,Pending,Offline,585,2025-03-01,2025-03-01
1637,gitika,9174135081,Female,English,12,29,4.31,Verified,Busy,40,2025-06-05,2025-06-05
1638,givinda,8100377725,Female,Kannada,15,29,4.11,Verified,Available,769,2025-12-04,2025-12-04
1639,gjender,7273702792,Female,Kannada,5,29,4.83,Pending,Offline,84,2025-10-15,2025-10-15
1640,gladwin,6330066835,Male,Malayalam,9,25,4.75,Verified,Available,681,2025-01-29,2025-01-29
1641,gobind,6377814346,Female,English,0,43,4.34,Verified,Offline,714,2025-02-16,2025-02-16
1642,godambari,9568431519,Male,Hindi,2,11,4.61,Verified,Offline,196,2025-06-26,2025-06-26
1643,gokul,8785720580,Female,English,2,43,4.68,Pending,Busy,167,2025-12-05,2025-12-05
1644,goldan,9988171119,Male,Tamil,15,14,4.46,Verified,Available,640,2025-11-07,2025-11-07
1645,golden,8784409835,Female,Telugu,4,32,4.63,Verified,Busy,484,2025-09-19,2025-09-19
1646,goldi,6915015746,Female,Tamil,3,21,3.68,Verified,Offline,14,2025-11-09,2025-11-09
1647,goldy,6272642780,Male,Kannada,13,42,3.83,Verified,Available,625,2025-04-04,2025-04-04
1648,gollu,8628837586,Male,Tamil,6,30,3.61,Verified,Offline,751,2025-12-09,2025-12-09
1649,golu,8824366896,Female,Malayalam,11,20,4.97,Pending,Available,620,2025-03-21,2025-03-21
1650,gomati,6775302598,Male,Hindi,7,35,3.85,Verified,Available,411,2025-05-17,2025-05-17
1651,gomti,9796768382,Female,Kannada,7,5,4.76,Pending,Offline,357,2025-01-10,2025-01-10
1652,gona,6345815752,Female,Hindi,7,14,4.65,Verified,Offline,16,2025-04-17,2025-04-17
1653,gonsan,6400678685,Female,Telugu,2,8,4.7,Pending,Available,159,2025-09-29,2025-09-29
1654,goopi,7790490467,Male,English,0,28,3.83,Verified,Offline,144,2025-08-10,2025-08-10
1655,gopal,9971721720,Female,Hindi,16,23,3.65,Verified,Available,73,2025-06-27,2025-06-27
1656,gopesh,8506560437,Female,English,15,21,3.72,Pending,Available,535,2025-06-28,2025-06-28
1657,gopi,7305163809,Male,Kannada,1,17,4.05,Verified,Offline,698,2025-05-16,2025-05-16
1658,gopiram,8747225234,Male,Malayalam,8,12,4.28,Pending,Offline,602,2025-01-19,2025-01-19
1659,gora,7426190493,Male,Tamil,3,30,3.96,Pending,Offline,556,2025-02-27,2025-02-27
1660,gorav,7011895307,Male,Hindi,11,7,4.7,Pending,Busy,560,2025-07-26,2025-07-26
1661,gordhan,6342306241,Female,English,0,48,4.06,Pending,Available,229,2025-03-05,2025-03-05
1662,gordhanlal,9568706676,Female,Tamil,15,11,3.71,Verified,Available,619,2025-04-21,2025-04-21
1663,gori,9992201792,Female,Malayalam,6,18,3.95,Pending,Busy,616,2025-09-13,2025-09-13
1664,goruav,8631847205,Female,Kannada,4,26,4.23,Pending,Offline,705,2025-10-26,2025-10-26
1665,gorv,8633299671,Male,Malayalam,12,32,3.66,Verified,Available,477,2025-04-17,2025-04-17
1666,gosia,7165589585,Male,English,6,43,3.78,Verified,Available,744,2025-05-14,2025-05-14
1667,gotam,9722646736,Male,English,5,37,4.77,Pending,Available,267,2025-09-12,2025-09-12
1668,gotiya,8337307428,Female,English,2,44,4.05,Pending,Available,744,2025-08-27,2025-08-27
1669,gourav,8509794966,Female,Hindi,19,5,3.71,Pending,Busy,269,2025-04-25,2025-04-25
1670,gouri,9547749765,Male,Telugu,3,17,4.75,Pending,Busy,694,2025-07-11,2025-07-11
1671,goutam,7146507732,Male,Hindi,1,27,3.84,Verified,Available,430,2025-01-27,2025-01-27
1672,goverdhan,6978042902,Male,Kannada,14,29,3.74,Pending,Busy,553,2025-12-04,2025-12-04
1673,govind,7858729508,Female,Tamil,18,5,4.82,Pending,Available,218,2025-03-11,2025-03-11
1674,govinda,6450243687,Female,Kannada,0,43,3.56,Pending,Available,692,2025-03-26,2025-03-26
1675,grace,8792713951,Male,Kannada,9,41,4.67,Pending,Offline,752,2025-08-29,2025-08-29
1676,grish,8842570013,Female,Hindi,2,30,4.81,Pending,Busy,637,2025-10-12,2025-10-12
1677,groti,9797500518,Male,Malayalam,9,34,4.75,Verified,Busy,117,2025-01-20,2025-01-20
1678,grpreet,8324826543,Female,Telugu,2,24,4.89,Verified,Offline,107,2025-11-28,2025-11-28
1679,gruchran,9392775655,Male,English,15,23,4.48,Pending,Available,582,2025-03-27,2025-03-27
1680,guddi,7598097183,Male,Malayalam,12,31,3.76,Verified,Busy,767,2025-12-19,2025-12-19
1681,guddibai,7255069367,Female,Hindi,19,46,4.27,Pending,Available,631,2025-11-12,2025-11-12
1682,guddiya,6353624783,Female,English,16,11,4.01,Verified,Available,632,2025-11-10,2025-11-10
1683,guddo,9023853277,Female,Hindi,10,19,3.96,Pending,Busy,748,2025-09-01,2025-09-01
1684,guddu,9422387659,Male,Telugu,14,9,4.04,Verified,Available,651,2025-09-28,2025-09-28
1685,gudia,7692154132,Female,Malayalam,11,6,4.78,Verified,Offline,761,2025-11-27,2025-11-27
1686,gudiya,9426782733,Female,English,2,34,3.92,Pending,Busy,520,2025-02-18,2025-02-18
1687,gudya,9171617124,Male,English,0,25,4.87,Pending,Available,12,2025-01-09,2025-01-09
1688,gufraan,8421491706,Female,Telugu,15,10,4.87,Verified,Offline,487,2025-09-20,2025-09-20
1689,gufran,6771661053,Male,Tamil,19,31,3.54,Verified,Available,685,2025-12-20,2025-12-20
1690,gugna,9502705454,Male,English,7,17,3.88,Pending,Offline,426,2025-11-17,2025-11-17
1691,gul,9149608649,Male,English,4,31,3.74,Pending,Busy,319,2025-10-12,2025-10-12
1692,gulab,9619011938,Male,Kannada,7,45,4.59,Pending,Available,256,2025-05-29,2025-05-29
1693,gulabsa,9444218811,Female,Malayalam,16,11,5.0,Verified,Busy,575,2025-08-03,2025-08-03
1694,gulabsha,9687922376,Male,Hindi,19,16,4.75,Pending,Busy,35,2025-06-22,2025-06-22
1695,gulafsa,6056525382,Male,Tamil,12,35,4.88,Verified,Available,465,2025-02-14,2025-02-14
1696,gulafsha,9128193774,Female,Hindi,10,23,4.49,Verified,Busy,55,2025-09-21,2025-09-21
1697,gulafshan,8754892657,Male,Telugu,3,34,4.16,Pending,Available,81,2025-12-09,2025-12-09
1698,gulam,6549587860,Female,Telugu,11,18,4.65,Verified,Offline,674,2025-05-16,2025-05-16
1699,gulashan,7406360739,Male,Telugu,15,7,4.93,Verified,Offline,294,2025-07-25,2025-07-25
1700,gulbasha,7229391931,Female,Malayalam,1,43,4.14,Pending,Offline,88,2025-07-01,2025-07-01
1701,guldasta,6078348741,Male,Malayalam,10,11,4.69,Pending,Offline,583,2025-10-09,2025-10-09
1702,gulesta,6738955824,Female,Kannada,7,9,3.61,Pending,Offline,82,2025-01-07,2025-01-07
1703,gulfam,7220596892,Female,Malayalam,1,48,4.78,Pending,Available,559,2025-06-20,2025-06-20
1704,gulfan,6928934685,Female,Hindi,20,5,4.52,Pending,Busy,506,2025-07-21,2025-07-21
1705,gulfara,7025208197,Female,Kannada,1,28,3.67,Verified,Available,551,2025-04-14,2025-04-14
1706,gulfasa,8261441666,Male,Tamil,3,20,4.55,Pending,Offline,70,2025-10-07,2025-10-07
1707,gulfasha,9838462332,Female,Telugu,7,21,4.79,Verified,Offline,570,2025-04-25,2025-04-25
1708,gulfsa,9502951429,Female,Malayalam,16,28,3.85,Verified,Offline,181,2025-08-19,2025-08-19
1709,gulfsal,8774964889,Male,Kannada,2,18,3.94,Pending,Offline,136,2025-10-11,2025-10-11
1710,gulista,8335732527,Male,Hindi,2,25,4.22,Verified,Busy,402,2025-04-12,2025-04-12
1711,guljan,7697760751,Male,Tamil,10,34,3.6,Pending,Busy,172,2025-06-17,2025-06-17
1712,guljar,6076598961,Male,Tamil,2,36,3.68,Pending,Available,353,2025-09-05,2025-09-05
1713,gulnaaz,8282422240,Female,Tamil,0,9,3.83,Verified,Available,445,2025-07-19,2025-07-19
1714,gulnaj,7848739240,Male,Tamil,3,14,3.68,Pending,Offline,329,2025-09-30,2025-09-30
1715,gulnanj,8586967702,Male,English,16,27,3.73,Pending,Offline,294,2025-04-26,2025-04-26
1716,gulnaz,6104820574,Female,Telugu,4,8,3.77,Pending,Available,391,2025-03-15,2025-03-15
1717,gulnaza,8270937901,Male,Malayalam,20,50,4.58,Verified,Available,449,2025-11-17,2025-11-17
1718,gulpacha,7298367813,Male,Hindi,1,5,4.88,Pending,Busy,494,2025-03-31,2025-03-31
1719,gulran,6198969630,Female,Tamil,8,37,4.02,Pending,Available,486,2025-05-12,2025-05-12
1720,gulreg,9075587817,Female,Malayalam,12,28,3.57,Pending,Busy,204,2025-01-31,2025-01-31
1721,gulsan,8543927543,Female,Tamil,9,48,4.54,Verified,Offline,107,2025-08-04,2025-08-04
1722,gulsana,8563297772,Male,Telugu,2,46,3.99,Verified,Available,320,2025-09-27,2025-09-27
1723,gulsha,7737215105,Female,Malayalam,8,22,3.81,Verified,Busy,596,2025-08-26,2025-08-26
1724,gulshad,8574137851,Male,Hindi,3,25,4.06,Pending,Offline,195,2025-03-12,2025-03-12
1725,gulshafa,8058081176,Male,English,0,33,4.47,Verified,Offline,197,2025-07-17,2025-07-17
1726,gulshan,8960079052,Male,Tamil,13,7,3.74,Pending,Offline,40,2025-06-01,2025-06-01
1727,gulshana,9931551639,Male,Hindi,10,11,4.49,Verified,Available,375,2025-09-02,2025-09-02
1728,gulsher,9051553044,Female,Malayalam,3,48,3.62,Verified,Available,388,2025-07-09,2025-07-09
1729,gulshtab,9093047278,Female,Kannada,7,36,4.8,Verified,Available,691,2025-09-12,2025-09-12
1730,gulsida,6344308868,Female,Kannada,11,48,4.65,Verified,Busy,220,2025-12-31,2025-12-31
1731,guluram,7998782606,Male,Telugu,2,25,3.89,Pending,Busy,408,2025-03-21,2025-03-21
1732,gulwasha,7704619643,Female,Tamil,9,49,4.43,Pending,Busy,372,2025-07-14,2025-07-14
1733,guman,8012915745,Male,Tamil,0,32,3.64,Verified,Busy,436,2025-03-13,2025-03-13
1734,gunanidhi,7233424998,Female,Telugu,18,13,4.64,Verified,Busy,231,2025-05-06,2025-05-06
1735,gungun,9631116768,Female,Malayalam,16,29,3.82,Pending,Offline,388,2025-03-05,2025-03-05
1736,guni,7177243454,Female,Malayalam,14,45,3.63,Verified,Offline,141,2025-04-24,2025-04-24
1737,gunja,8686798938,Female,English,0,36,4.27,Pending,Offline,338,2025-01-14,2025-01-14
1738,gunjan,9116943313,Female,Tamil,1,15,3.65,Verified,Offline,361,2025-01-07,2025-01-07
1739,gur,9400480725,Male,Hindi,18,11,4.48,Pending,Busy,66,2025-02-12,2025-02-12
1740,gurbachan,9520368981,Female,Telugu,12,43,4.06,Verified,Available,555,2025-12-20,2025-12-20
1741,gurbax,9272226155,Female,Telugu,7,16,4.35,Verified,Offline,560,2025-06-06,2025-06-06
1742,gurcharan,8164550800,Male,Hindi,18,38,3.85,Verified,Offline,87,2025-08-04,2025-08-04
1743,gurdarshan,7094383166,Female,Malayalam,1,34,4.3,Verified,Offline,193,2025-05-13,2025-05-13
1744,gurdayal,6575932109,Female,Hindi,20,11,4.01,Pending,Offline,497,2025-01-31,2025-01-31
1745,gurdeep,9304010949,Female,Hindi,6,23,3.78,Verified,Busy,12,2025-08-18,2025-08-18
1746,gurfaan,6888380817,Male,Tamil,12,18,4.77,Verified,Offline,785,2025-05-26,2025-05-26
1747,gurjeet,7329689913,Female,English,18,27,4.87,Pending,Available,91,2025-07-10,2025-07-10
1748,gurjit,8409047293,Female,Telugu,9,9,3.74,Verified,Available,732,2025-02-14,2025-02-14
1749,gurlal,9913327239,Female,Tamil,5,49,4.07,Verified,Busy,499,2025-11-11,2025-11-11
1750,gurmeet,6184778574,Female,Malayalam,9,41,3.72,Verified,Offline,327,2025-01-27,2025-01-27
1751,gurmel,7336924000,Female,Kannada,17,23,4.84,Verified,Available,391,2025-07-31,2025-07-31
1752,gurmit,7497980068,Female,English,10,27,3.83,Pending,Busy,305,2025-02-08,2025-02-08
1753,gurnam,6477229788,Male,Hindi,3,13,3.65,Pending,Busy,22,2025-12-07,2025-12-07
1754,gurpreet,9017477513,Female,Kannada,1,6,4.9,Pending,Busy,465,2025-12-16,2025-12-16
1755,gurprit,8799369208,Male,Malayalam,12,25,3.66,Verified,Busy,74,2025-11-12,2025-11-12
1756,gursimaran,6355366796,Female,Telugu,15,41,3.54,Verified,Offline,153,2025-03-07,2025-03-07
1757,guru,7057888615,Male,Tamil,5,29,4.68,Verified,Busy,110,2025-03-15,2025-03-15
1758,gurubaksh,7754937863,Male,Telugu,0,42,4.38,Verified,Offline,532,2025-12-02,2025-12-02
1759,gurucharan,9161708780,Female,Tamil,6,45,4.3,Verified,Offline,198,2025-03-10,2025-03-10
1760,gurudut,8865719815,Female,Tamil,3,19,3.81,Verified,Offline,43,2025-09-21,2025-09-21
1761,gurupreet,6646110569,Male,Kannada,1,44,4.27,Verified,Available,196,2025-09-30,2025-09-30
1762,guruvachan,9276113286,Female,Hindi,13,23,3.59,Pending,Available,13,2025-09-13,2025-09-13
1763,gurvinder,7026330810,Female,Hindi,5,28,3.93,Verified,Offline,329,2025-02-13,2025-02-13
1764,gutam,7533195467,Male,Kannada,2,50,4.28,Verified,Available,338,2025-08-01,2025-08-01
1765,gya,9821301133,Female,Hindi,12,23,4.14,Pending,Available,151,2025-12-01,2025-12-01
1766,gyaan,9821437715,Female,Tamil,10,15,3.83,Verified,Available,615,2025-12-18,2025-12-18
1767,gyan,7884124934,Female,English,8,42,3.59,Pending,Busy,239,2025-11-16,2025-11-16
1768,gyandeep,6583446316,Female,English,5,34,4.48,Pending,Offline,63,2025-07-03,2025-07-03
1769,gyanender,7314489431,Male,English,12,33,4.4,Pending,Available,60,2025-10-10,2025-10-10
1770,gyanendra,9729731974,Female,Kannada,10,21,4.66,Verified,Offline,554,2025-09-29,2025-09-29
1771,gyanu,8593255294,Female,Tamil,10,41,3.5,Verified,Busy,65,2025-08-24,2025-08-24
1772,gyanwati,9475269698,Male,Telugu,0,45,4.79,Pending,Busy,647,2025-12-11,2025-12-11
1773,gyarsi,8715079077,Male,Tamil,2,38,4.47,Verified,Offline,429,2025-05-03,2025-05-03
1774,gyatri,9942944891,Male,Kannada,1,18,4.57,Pending,Available,507,2025-12-28,2025-12-28
1775,gytri,6085144833,Female,Telugu,14,17,3.94,Verified,Available,563,2025-03-19,2025-03-19
1776,habib,6615519457,Male,Hindi,13,10,3.64,Verified,Available,36,2025-09-10,2025-09-10
1777,habiba,6899295637,Male,Telugu,15,27,3.71,Verified,Available,375,2025-01-13,2025-01-13
1778,hadarali,9157078349,Female,Hindi,4,15,4.32,Verified,Offline,659,2025-03-20,2025-03-20
1779,hadisha,7367108255,Male,Kannada,18,45,4.98,Pending,Available,768,2025-01-24,2025-01-24
1780,hafsa,6035371529,Male,Hindi,11,29,3.95,Pending,Available,194,2025-09-23,2025-09-23
1781,hagami,7162234316,Male,Kannada,7,33,3.99,Pending,Available,339,2025-02-13,2025-02-13
1782,haider,8823497641,Male,Kannada,14,9,4.95,Pending,Offline,446,2025-07-17,2025-07-17
1783,hailena,6697506768,Male,Malayalam,2,13,3.61,Pending,Busy,688,2025-11-05,2025-11-05
1784,hajari,9950160889,Male,English,16,6,3.67,Verified,Available,151,2025-01-27,2025-01-27
1785,haji,9282279267,Female,English,7,8,4.4,Pending,Busy,638,2025-02-24,2025-02-24
1786,hajrat,6767728356,Male,Malayalam,11,28,4.73,Pending,Available,772,2025-12-24,2025-12-24
1787,hajrati,6265071200,Female,Malayalam,13,37,3.94,Verified,Offline,63,2025-06-07,2025-06-07
1788,hakam,8889846824,Male,Hindi,17,41,4.24,Pending,Busy,676,2025-07-24,2025-07-24
1789,hakimuddin,8834923068,Male,Hindi,18,10,4.47,Pending,Busy,623,2025-04-17,2025-04-17
1790,halima,6140978662,Female,Tamil,7,42,4.27,Verified,Available,122,2025-08-31,2025-08-31
1791,haliya,8910239873,Male,English,15,34,4.78,Pending,Busy,114,2025-10-24,2025-10-24
1792,halke,8507145600,Male,English,12,17,4.69,Verified,Offline,707,2025-05-19,2025-05-19
1793,halki,9230511310,Male,Tamil,14,43,4.86,Verified,Busy,745,2025-04-08,2025-04-08
1794,halkuji,7501614247,Female,Kannada,14,41,3.79,Pending,Available,112,2025-05-23,2025-05-23
1795,hament,7232224558,Female,English,5,49,4.82,Pending,Available,38,2025-03-16,2025-03-16
1796,hamid,8790784860,Male,Kannada,14,46,4.82,Verified,Available,183,2025-09-03,2025-09-03
1797,hamida,9182547277,Male,Kannada,12,50,3.99,Pending,Available,604,2025-03-24,2025-03-24
1798,hamim,7278222351,Male,Telugu,3,50,4.99,Pending,Busy,87,2025-08-22,2025-08-22
1799,hamsiran,8462297444,Female,Tamil,15,21,3.96,Pending,Busy,213,2025-10-10,2025-10-10
1800,hamza,6630224075,Female,Malayalam,11,13,3.58,Verified,Busy,224,2025-12-29,2025-12-29
1801,handu,7297747779,Male,Hindi,7,37,4.54,Pending,Busy,152,2025-05-07,2025-05-07
1802,haneef,9672478858,Male,Malayalam,20,24,3.96,Pending,Available,184,2025-07-26,2025-07-26
1803,hani,9171939182,Female,Kannada,20,20,4.08,Pending,Available,494,2025-06-06,2025-06-06
1804,hanif,9757340061,Male,English,20,14,5.0,Verified,Busy,216,2025-08-03,2025-08-03
1805,hanish,7084880721,Male,Telugu,18,45,5.0,Pending,Busy,301,2025-02-27,2025-02-27
1806,hanni,7805332316,Female,Tamil,4,15,3.87,Pending,Busy,466,2025-09-11,2025-09-11
1807,hanny,9431062367,Male,Kannada,8,50,4.32,Pending,Available,175,2025-04-26,2025-04-26
1808,hansa,8041225061,Male,Hindi,19,30,4.63,Verified,Offline,559,2025-04-21,2025-04-21
1809,hanshraj,7090136339,Female,Kannada,16,33,4.84,Pending,Available,367,2025-08-22,2025-08-22
1810,hansraj,7253094137,Male,Malayalam,19,22,4.47,Verified,Busy,34,2025-07-30,2025-07-30
1811,hanuman,6094420656,Male,Malayalam,2,17,4.87,Pending,Available,327,2025-05-14,2025-05-14
1812,hanumanram,9163960989,Female,Malayalam,4,33,3.91,Pending,Available,442,2025-04-06,2025-04-06
1813,happy,9749139597,Male,Telugu,8,23,4.48,Pending,Offline,260,2025-09-20,2025-09-20
1814,har,6514953994,Male,Telugu,8,37,4.26,Pending,Busy,575,2025-08-23,2025-08-23
1815,harak,9209442960,Female,Telugu,0,36,4.92,Verified,Busy,211,2025-05-23,2025-05-23
1816,harana,9183311214,Male,Hindi,14,25,4.4,Verified,Offline,533,2025-12-10,2025-12-10
1817,hararat,6483468715,Female,Tamil,2,6,4.91,Pending,Available,403,2025-07-03,2025-07-03
1818,harbai,7796444323,Male,Malayalam,9,38,4.4,Pending,Available,551,2025-02-16,2025-02-16
1819,harbanschauhan,7252636944,Male,Malayalam,1,44,3.58,Verified,Busy,534,2025-02-10,2025-02-10
1820,harbansh,6970801596,Male,Hindi,13,50,4.01,Verified,Available,750,2025-01-07,2025-01-07
1821,harbas,6300668548,Male,Tamil,13,50,4.13,Verified,Busy,578,2025-08-15,2025-08-15
1822,harbhajan,7766284413,Male,Telugu,3,18,4.2,Verified,Busy,410,2025-07-28,2025-07-28
1823,harbinder,8105561977,Female,English,2,43,3.67,Verified,Busy,224,2025-03-20,2025-03-20
1824,harbir,7755342834,Male,Malayalam,5,23,3.8,Pending,Busy,588,2025-03-31,2025-03-31
1825,hardam,7209166976,Female,Malayalam,16,12,4.81,Pending,Available,754,2025-12-21,2025-12-21
1826,hardas,7468020937,Female,Malayalam,2,28,4.95,Pending,Offline,247,2025-07-21,2025-07-21
1827,hardass,8375515424,Male,Tamil,5,47,4.68,Verified,Available,508,2025-03-13,2025-03-13
1828,hardeep,6370390195,Female,Hindi,0,8,4.23,Verified,Available,63,2025-06-09,2025-06-09
1829,hardev,9189182321,Female,Kannada,20,32,3.93,Pending,Busy,334,2025-09-03,2025-09-03
1830,hardik,8571482583,Female,Tamil,16,43,4.82,Pending,Busy,505,2025-08-10,2025-08-10
1831,hare,9698381227,Female,Tamil,19,13,4.23,Pending,Offline,505,2025-10-15,2025-10-15
1832,harees,8406653555,Male,Hindi,3,25,3.8,Pending,Available,610,2025-04-03,2025-04-03
1833,harender,9110018003,Male,Kannada,10,22,3.65,Verified,Offline,650,2025-06-02,2025-06-02
1834,harendra,9474452402,Female,Kannada,2,9,3.77,Pending,Available,701,2025-11-05,2025-11-05
1835,hareshwar,9031696960,Female,Hindi,2,11,3.91,Pending,Offline,60,2025-02-14,2025-02-14
1836,hari,7074735201,Male,Telugu,5,38,4.09,Pending,Busy,416,2025-09-20,2025-09-20
1837,harib,6396094501,Male,Tamil,11,22,3.53,Verified,Available,689,2025-12-30,2025-12-30
1838,harichand,7041753840,Female,Tamil,12,27,3.74,Pending,Busy,361,2025-12-18,2025-12-18
1839,haridutt,9845229772,Male,English,4,17,3.87,Pending,Offline,541,2025-08-26,2025-08-26
1840,hariesh,7190594447,Female,English,4,20,4.52,Verified,Offline,591,2025-08-12,2025-08-12
1841,harikishan,6862905087,Male,Malayalam,12,29,3.53,Verified,Available,305,2025-07-03,2025-07-03
1842,harimohan,9821494830,Female,Kannada,20,12,4.59,Verified,Available,706,2025-03-06,2025-03-06
1843,harinarayan,9000143093,Male,Kannada,6,28,4.21,Pending,Busy,124,2025-05-05,2025-05-05
1844,harinder,7851609982,Female,Malayalam,11,5,3.76,Verified,Busy,298,2025-07-21,2025-07-21
1845,hariom,9679372770,Male,Hindi,20,5,4.96,Verified,Busy,758,2025-08-10,2025-08-10
1846,hariram,7209268230,Male,Hindi,3,32,4.12,Pending,Busy,81,2025-11-10,2025-11-10
1847,harish,8844072027,Male,Malayalam,7,33,3.56,Pending,Available,290,2025-05-18,2025-05-18
1848,harishankar,7348744912,Female,Hindi,14,14,3.7,Verified,Available,730,2025-02-05,2025-02-05
1849,harishchandr,7207477185,Female,Telugu,1,19,4.95,Verified,Available,567,2025-08-16,2025-08-16
1850,harishen,9186487993,Male,English,9,41,3.84,Verified,Offline,759,2025-07-18,2025-07-18
1851,harison,6408973650,Female,English,16,12,4.29,Verified,Offline,506,2025-03-23,2025-03-23
1852,harjeet,8644478852,Male,Telugu,20,24,3.99,Pending,Offline,150,2025-07-15,2025-07-15
1853,harji,8319118893,Male,Tamil,15,50,4.47,Pending,Offline,763,2025-12-25,2025-12-25
1854,harjit,6958351455,Female,Malayalam,11,16,3.53,Verified,Busy,368,2025-11-17,2025-11-17
1855,harkesh,6044774611,Female,English,9,9,4.25,Verified,Available,382,2025-08-26,2025-08-26
1856,harleen,8120299323,Female,English,5,20,4.49,Verified,Offline,533,2025-07-27,2025-07-27
1857,harman,6460142270,Male,Malayalam,1,24,4.16,Pending,Busy,535,2025-09-24,2025-09-24
1858,harmani,8520083270,Female,Kannada,14,44,4.19,Pending,Busy,607,2025-12-19,2025-12-19
1859,harmeet,7673240971,Male,Hindi,16,48,4.12,Pending,Available,80,2025-01-31,2025-01-31
1860,harmit,7657665052,Female,Kannada,3,14,3.96,Pending,Available,8,2025-02-02,2025-02-02
1861,harnam,8134799656,Male,Kannada,5,49,4.04,Pending,Busy,777,2025-03-09,2025-03-09
1862,harneet,8545824791,Male,Hindi,0,24,3.94,Verified,Busy,345,2025-03-12,2025-03-12
1863,harpal,8296096491,Female,Telugu,11,33,3.56,Pending,Offline,758,2025-07-03,2025-07-03
1864,harprasad,7249671132,Female,Malayalam,12,8,4.23,Pending,Available,679,2025-06-27,2025-06-27
1865,harpreet,6259787112,Male,Malayalam,8,23,3.9,Pending,Busy,469,2025-11-19,2025-11-19
1866,harprit,6458939474,Male,Hindi,6,40,3.8,Verified,Busy,20,2025-05-10,2025-05-10
1867,harry,6967113969,Female,Kannada,11,15,4.39,Verified,Offline,313,2025-08-01,2025-08-01
1868,harsh,6622993580,Female,Hindi,9,33,3.58,Pending,Busy,329,2025-12-03,2025-12-03
1869,harsha,8716670429,Male,Malayalam,5,19,4.07,Verified,Busy,9,2025-04-28,2025-04-28
1870,harshdeep,7524793297,Male,English,17,8,4.45,Pending,Busy,683,2025-10-06,2025-10-06
1871,harshi,6964321123,Male,Telugu,8,33,3.73,Pending,Offline,378,2025-03-28,2025-03-28
1872,harshit,8302117736,Male,English,15,42,3.61,Verified,Offline,758,2025-02-20,2025-02-20
1873,harshita,8183904161,Male,Telugu,7,26,4.18,Pending,Offline,442,2025-11-11,2025-11-11
1874,harshmeet,6081310969,Male,Malayalam,0,13,4.15,Verified,Busy,769,2025-04-20,2025-04-20
1875,harun,6633795842,Male,Kannada,11,14,3.84,Verified,Available,26,2025-04-16,2025-04-16
1876,harvans,6159396122,Male,Hindi,1,12,3.99,Pending,Available,417,2025-12-13,2025-12-13
1877,harvansh,9576542336,Male,Tamil,14,20,4.97,Pending,Available,714,2025-01-10,2025-01-10
1878,harvinder,8895510773,Female,Tamil,4,13,4.0,Verified,Busy,448,2025-11-23,2025-11-23
1879,harvindra,6036382465,Female,Telugu,15,19,4.03,Pending,Available,526,2025-04-13,2025-04-13
1880,harwindra,8839398420,Male,Tamil,17,40,4.58,Verified,Offline,477,2025-08-14,2025-08-14
1881,hasan,6544304923,Female,English,19,31,4.42,Verified,Offline,193,2025-11-19,2025-11-19
1882,hasbul,9003565985,Female,Tamil,19,10,4.5,Verified,Available,233,2025-04-23,2025-04-23
1883,haseem,8332628758,Female,Malayalam,3,23,4.46,Pending,Offline,527,2025-07-20,2025-07-20
1884,haseen,8242278510,Female,Malayalam,11,10,3.85,Verified,Busy,595,2025-06-07,2025-06-07
1885,haseena,8449988808,Female,English,6,50,4.17,Verified,Busy,173,2025-06-23,2025-06-23
1886,hashim,8108785833,Male,Malayalam,12,29,3.73,Pending,Offline,263,2025-07-11,2025-07-11
1887,hashrat,8356099651,Male,English,16,36,4.6,Pending,Available,766,2025-06-20,2025-06-20
1888,hasibul,6028890875,Female,English,19,32,4.24,Verified,Busy,622,2025-07-07,2025-07-07
1889,hasibullah,8249605924,Female,Tamil,14,21,4.36,Pending,Offline,554,2025-07-15,2025-07-15
1890,hasim,8218738802,Male,English,18,7,4.42,Pending,Busy,571,2025-11-21,2025-11-21
1891,hasina,7781618924,Female,Malayalam,20,43,4.16,Verified,Busy,181,2025-07-12,2025-07-12
1892,hasir,7938276450,Male,Kannada,13,36,4.11,Verified,Busy,218,2025-05-17,2025-05-17
1893,hasmita,7470644777,Female,Hindi,19,27,3.64,Pending,Offline,709,2025-01-06,2025-01-06
1894,hawa,7297914449,Female,Telugu,16,14,3.54,Pending,Available,742,2025-04-08,2025-04-08
1895,hayatul,7306631733,Female,Tamil,3,15,4.4,Pending,Offline,348,2025-02-01,2025-02-01
1896,hazara,7316539657,Male,Tamil,19,19,3.92,Verified,Offline,651,2025-06-21,2025-06-21
1897,hazari,8338359964,Male,Malayalam,6,23,3.61,Pending,Available,254,2025-03-28,2025-03-28
1898,hazi,8710597256,Female,Telugu,10,9,4.71,Pending,Offline,424,2025-07-14,2025-07-14
1899,hazira,9207242258,Female,Kannada,0,21,4.49,Verified,Offline,3,2025-11-13,2025-11-13
1900,hazra,8528711574,Male,Kannada,4,26,4.39,Verified,Busy,595,2025-06-13,2025-06-13
1901,hazrat,7809661797,Female,English,12,30,4.42,Verified,Offline,667,2025-12-22,2025-12-22
1902,hazu,6032114595,Male,Malayalam,17,39,4.33,Verified,Offline,274,2025-03-06,2025-03-06
1903,heeera,6037160255,Male,Malayalam,4,32,3.83,Verified,Offline,705,2025-04-19,2025-04-19
1904,heena,9838045178,Female,Malayalam,17,14,3.68,Pending,Offline,168,2025-10-27,2025-10-27
1905,heera,9783521395,Female,Telugu,3,19,3.58,Verified,Available,288,2025-12-08,2025-12-08
1906,heeralal,6153141461,Female,Hindi,3,15,4.12,Verified,Busy,380,2025-03-07,2025-03-07
1907,hem,8820315281,Female,Hindi,6,13,4.31,Verified,Busy,486,2025-07-12,2025-07-12
1908,hema,6553183849,Male,Malayalam,16,38,4.53,Pending,Available,657,2025-07-25,2025-07-25
1909,hemani,9576174301,Male,Hindi,19,41,4.75,Verified,Available,304,2025-10-10,2025-10-10
1910,hemanshu,7729367853,Male,Kannada,3,34,4.27,Verified,Busy,727,2025-12-03,2025-12-03
1911,hemant,6666261634,Male,Kannada,12,9,3.65,Pending,Busy,13,2025-01-12,2025-01-12
1912,hemanti,6142974900,Female,Telugu,20,16,4.58,Verified,Offline,595,2025-05-02,2025-05-02
1913,hemavanti,9130436153,Male,Tamil,5,26,3.56,Pending,Available,765,2025-06-04,2025-06-04
1914,hemlat,7461723485,Female,Kannada,18,17,4.83,Verified,Offline,340,2025-07-26,2025-07-26
1915,hemlata,8163019102,Female,Telugu,7,13,4.74,Verified,Busy,149,2025-02-11,2025-02-11
1916,hemleta,7253362226,Female,Malayalam,2,14,4.35,Verified,Busy,459,2025-06-16,2025-06-16
1917,hemraj,6725460937,Male,Hindi,19,25,3.67,Pending,Offline,153,2025-01-07,2025-01-07
1918,hemuna,8106419101,Male,Hindi,7,33,4.66,Pending,Offline,611,2025-01-14,2025-01-14
1919,hena,6549370321,Female,Hindi,0,13,3.91,Pending,Available,343,2025-04-28,2025-04-28
1920,henkhochon,9832393810,Female,Malayalam,15,49,3.55,Verified,Offline,90,2025-08-11,2025-08-11
1921,hera,8670611640,Male,English,20,18,3.65,Verified,Busy,439,2025-06-25,2025-06-25
1922,hetal,7658021295,Female,English,19,48,3.81,Verified,Available,378,2025-02-19,2025-02-19
1923,hifjul,6949975736,Female,Tamil,3,36,4.5,Verified,Available,319,2025-06-13,2025-06-13
1924,himal,9859081318,Male,Tamil,3,48,3.94,Verified,Available,411,2025-05-30,2025-05-30
1925,himani,9519745367,Female,Kannada,17,27,4.63,Verified,Offline,538,2025-07-27,2025-07-27
1926,himanshee,6223755097,Male,Malayalam,18,34,3.66,Pending,Available,436,2025-02-09,2025-02-09
1927,himanshi,6677195532,Male,Tamil,15,40,4.19,Verified,Available,10,2025-08-30,2025-08-30
1928,himanshu,9276307450,Male,Kannada,9,26,4.46,Pending,Available,64,2025-11-15,2025-11-15
1929,himansi,9499840927,Male,Kannada,4,41,3.8,Pending,Available,149,2025-03-26,2025-03-26
1930,himansu,9393959087,Male,Kannada,7,28,4.69,Verified,Available,413,2025-08-05,2025-08-05
1931,himashu,6186982696,Male,Hindi,8,18,4.07,Verified,Available,700,2025-02-18,2025-02-18
1932,himmat,8958351351,Male,Malayalam,1,9,4.59,Verified,Available,309,2025-08-07,2025-08-07
1933,hina,9391651321,Female,Kannada,17,10,4.73,Verified,Busy,234,2025-11-27,2025-11-27
1934,hini,7738343575,Female,Kannada,3,45,4.17,Verified,Available,122,2025-10-20,2025-10-20
1935,hira,7983855265,Male,Hindi,7,5,3.54,Verified,Available,367,2025-10-17,2025-10-17
1936,hiralal,9702728422,Female,Tamil,5,11,3.89,Pending,Busy,663,2025-02-25,2025-02-25
1937,hiramani,8444160300,Female,English,3,49,4.06,Pending,Offline,536,2025-10-25,2025-10-25
1938,hiri,8893045573,Female,Kannada,6,9,3.99,Pending,Busy,253,2025-03-04,2025-03-04
1939,hisamuddin,9905002862,Male,Hindi,20,48,4.15,Verified,Available,66,2025-08-01,2025-08-01
1940,hisham,7352762525,Male,Hindi,17,19,4.28,Pending,Offline,1,2025-06-13,2025-06-13
1941,hiten,9614262927,Male,Tamil,15,40,4.82,Pending,Busy,675,2025-02-15,2025-02-15
1942,hitender,9345450086,Female,Hindi,9,42,3.72,Pending,Offline,360,2025-12-20,2025-12-20
1943,hitesh,7577870425,Female,Kannada,10,13,3.74,Verified,Offline,282,2025-03-04,2025-03-04
1944,hitlar,7420511549,Male,Malayalam,9,18,4.28,Pending,Busy,222,2025-09-08,2025-09-08
1945,hom,9030362909,Female,Tamil,7,8,4.69,Pending,Offline,563,2025-01-22,2025-01-22
1946,homa,9385310730,Male,Telugu,18,9,4.83,Verified,Busy,351,2025-02-08,2025-02-08
1947,honey,9736898118,Male,Tamil,8,34,3.6,Pending,Busy,1,2025-07-09,2025-07-09
1948,hongsi,8207710924,Female,English,20,13,4.83,Verified,Available,338,2025-02-20,2025-02-20
1949,hoor,6393253023,Female,Tamil,5,29,4.25,Pending,Available,425,2025-06-14,2025-06-14
1950,horam,6306490999,Male,Telugu,8,19,3.93,Verified,Offline,484,2025-04-27,2025-04-27
1951,hosiyarilal,9223424194,Female,Telugu,16,17,4.96,Pending,Offline,582,2025-03-03,2025-03-03
1952,hoti,8582876002,Male,Telugu,6,43,3.58,Pending,Busy,510,2025-02-03,2025-02-03
1953,hrithik,8380692574,Female,Telugu,7,31,3.78,Pending,Offline,351,2025-02-28,2025-02-28
1954,hritik,9139034196,Female,English,0,36,3.95,Pending,Offline,711,2025-10-12,2025-10-12
1955,hudi,6400631777,Female,Tamil,0,23,4.72,Verified,Offline,445,2025-06-14,2025-06-14
1956,hukam,6586186448,Male,Hindi,15,47,3.8,Pending,Offline,375,2025-01-24,2025-01-24
1957,hukamchand,8494702625,Female,Kannada,5,14,4.4,Verified,Available,14,2025-06-04,2025-06-04
1958,hukma,7208493491,Female,Hindi,0,38,4.66,Pending,Busy,721,2025-04-07,2025-04-07
1959,hukum,9953862468,Female,English,16,30,4.72,Verified,Offline,118,2025-08-23,2025-08-23
1960,huma,8592699800,Male,Kannada,13,23,3.84,Verified,Busy,154,2025-06-22,2025-06-22
1961,humera,9118006929,Male,Tamil,0,9,4.08,Pending,Busy,226,2025-05-25,2025-05-25
1962,hurji,7053401728,Male,English,20,20,4.84,Verified,Offline,560,2025-12-14,2025-12-14
1963,husain,6609868813,Male,Tamil,7,10,4.12,Verified,Available,97,2025-08-09,2025-08-09
1964,husainpreet,6163950117,Male,Kannada,10,41,4.98,Verified,Offline,330,2025-03-10,2025-03-10
1965,husana,9776373148,Male,Tamil,5,40,4.5,Verified,Available,237,2025-07-08,2025-07-08
1966,huseni,7067444745,Female,Tamil,5,34,4.17,Pending,Available,758,2025-10-01,2025-10-01
1967,husina,9503996620,Female,Hindi,2,35,4.3,Pending,Busy,694,2025-03-17,2025-03-17
1968,husiya,7075503308,Female,English,20,12,4.67,Pending,Available,183,2025-04-23,2025-04-23
1969,husnara,9389455526,Male,Kannada,11,38,4.46,Verified,Available,216,2025-11-08,2025-11-08
1970,husno,9265923508,Female,Telugu,9,8,4.29,Verified,Available,685,2025-10-05,2025-10-05
1971,hyatun,8002612293,Female,English,5,47,4.75,Pending,Busy,223,2025-09-15,2025-09-15
1972,iarfan,9878923539,Female,English,17,44,3.59,Pending,Busy,154,2025-12-09,2025-12-09
1973,ibarhim,9302472896,Male,Tamil,3,34,3.68,Verified,Available,773,2025-07-18,2025-07-18
1974,ibraham,7539815361,Male,Telugu,1,44,3.69,Pending,Offline,379,2025-11-13,2025-11-13
1975,ibraheem,7851984086,Female,Tamil,20,18,4.08,Verified,Offline,467,2025-11-26,2025-11-26
1976,ibrahim,9001412089,Male,Tamil,7,29,4.65,Pending,Offline,403,2025-03-03,2025-03-03
1977,idrish,7319024243,Female,Telugu,0,33,4.97,Verified,Available,1,2025-01-30,2025-01-30
1978,iema,6019481737,Female,Tamil,13,37,4.95,Pending,Busy,16,2025-07-11,2025-07-11
1979,iesha,6333853164,Male,English,13,33,4.57,Pending,Busy,712,2025-07-18,2025-07-18
1980,ifteshyam,8904098216,Female,Kannada,8,42,4.67,Pending,Offline,115,2025-10-14,2025-10-14
1981,ijhar,6803554893,Female,Kannada,3,47,4.08,Verified,Busy,487,2025-08-14,2025-08-14
1982,ikara,8563924359,Female,Malayalam,6,28,4.54,Pending,Offline,768,2025-05-28,2025-05-28
1983,ikbal,9002944824,Female,Hindi,5,6,3.75,Verified,Busy,764,2025-03-25,2025-03-25
1984,iklakh,6758621186,Female,English,17,36,4.99,Pending,Available,362,2025-04-01,2025-04-01
1985,ikramuddin,7194410992,Female,Tamil,16,35,4.09,Verified,Busy,237,2025-02-15,2025-02-15
1986,ikramudeen,7797899845,Female,English,5,49,4.34,Verified,Offline,587,2025-08-29,2025-08-29
1987,ikrar,6988691059,Female,Malayalam,12,32,4.28,Pending,Busy,723,2025-11-15,2025-11-15
1988,ilayat,9775269313,Female,Hindi,17,25,4.53,Verified,Busy,677,2025-02-17,2025-02-17
1989,ilema,9142613050,Male,Kannada,1,29,3.57,Pending,Available,670,2025-11-26,2025-11-26
1990,ilesh,8113011374,Female,Tamil,2,33,3.63,Pending,Offline,258,2025-07-25,2025-07-25
1991,ilma,6470337486,Female,Malayalam,16,20,3.53,Verified,Busy,175,2025-09-17,2025-09-17
1992,ilyas,7425462996,Male,Telugu,18,40,4.78,Verified,Available,693,2025-07-15,2025-07-15
1993,imam,7815645758,Female,Tamil,0,16,4.18,Pending,Available,35,2025-05-28,2025-05-28
1994,imaman,9305058521,Male,Kannada,8,19,3.91,Verified,Available,158,2025-04-30,2025-04-30
1995,imamuddin,8148823665,Female,Telugu,5,47,4.11,Pending,Offline,257,2025-06-25,2025-06-25
1996,imamudeen,9709150811,Male,English,12,18,3.77,Verified,Available,505,2025-08-09,2025-08-09
1997,imran,8623316770,Female,Hindi,15,29,4.19,Pending,Available,389,2025-01-17,2025-01-17
1998,imrana,8114532476,Male,Telugu,20,9,4.76,Verified,Busy,39,2025-11-04,2025-11-04
1999,imsaan,8623218402,Female,Kannada,6,38,3.61,Pending,Busy,311,2025-04-22,2025-04-22
2000,imtiaz,9592191424,Female,Hindi,7,15,4.2,Verified,Offline,740,2025-06-27,2025-06-27
2001,imtiyaz,6218978713,Male,Tamil,17,34,3.76,Pending,Busy,38,2025-09-09,2025-09-09
2002,imtyaz,9276407060,Male,Telugu,2,8,4.24,Verified,Available,535,2025-07-22,2025-07-22
2003,inayat,8316030777,Female,English,5,42,3.85,Pending,Offline,294,2025-10-08,2025-10-08
2004,incee,6546716926,Male,Telugu,12,35,3.78,Pending,Available,122,2025-03-25,2025-03-25
2005,inda,6295001313,Male,English,1,20,3.57,Verified,Busy,157,2025-11-24,2025-11-24
2006,indal,7773147293,Female,English,9,28,3.53,Pending,Offline,760,2025-04-21,2025-04-21
2007,indara,8453617488,Female,Kannada,20,21,4.05,Verified,Offline,596,2025-12-21,2025-12-21
2008,inder,9322449305,Male,Kannada,9,13,4.14,Pending,Offline,560,2025-09-19,2025-09-19
2009,inderjeet,8326500945,Female,Hindi,16,48,4.76,Pending,Offline,177,2025-05-02,2025-05-02
2010,inderjit,9307855869,Female,English,13,16,3.62,Verified,Busy,74,2025-10-24,2025-10-24
2011,indernath,9074242478,Female,English,19,36,4.18,Verified,Busy,315,2025-05-24,2025-05-24
2012,inderpaal,7202212061,Male,Tamil,19,13,3.71,Verified,Busy,597,2025-11-22,2025-11-22
2013,inderpal,7164891400,Female,Tamil,20,25,4.54,Pending,Available,18,2025-09-27,2025-09-27
2014,indervesh,7184276364,Female,Hindi,9,9,3.77,Verified,Busy,769,2025-03-28,2025-03-28
2015,indira,8689295884,Male,Telugu,15,43,3.89,Verified,Available,40,2025-03-30,2025-03-30
2016,indra,8035649894,Male,Malayalam,7,36,4.43,Pending,Offline,395,2025-01-18,2025-01-18
2017,indraj,7986729044,Female,Hindi,3,15,4.52,Pending,Busy,122,2025-03-27,2025-03-27
2018,indresh,7229880551,Male,Telugu,16,39,4.71,Pending,Available,763,2025-05-17,2025-05-17
2019,indrvati,6183549118,Female,Telugu,15,41,3.61,Pending,Available,489,2025-08-23,2025-08-23
2020,indta,8476996571,Male,Hindi,3,41,3.71,Pending,Busy,160,2025-10-26,2025-10-26
2021,indu,8584644441,Female,English,12,5,4.86,Verified,Offline,590,2025-11-29,2025-11-29
2022,injmam,7717284528,Male,Tamil,8,12,4.03,Pending,Available,479,2025-12-01,2025-12-01
2023,injum,9758726070,Female,Telugu,19,24,4.68,Verified,Available,406,2025-03-31,2025-03-31
2024,inkoo,8836019374,Male,Hindi,3,45,3.81,Verified,Offline,770,2025-05-14,2025-05-14
2025,insaf,9106211858,Female,Kannada,17,30,3.92,Verified,Available,335,2025-10-19,2025-10-19
2026,iqarar,8004890694,Female,Kannada,16,6,4.81,Pending,Busy,779,2025-11-07,2025-11-07
2027,iqbal,7132690897,Male,Tamil,15,27,4.12,Pending,Busy,161,2025-02-01,2025-02-01
2028,iqra,8486378752,Female,Kannada,17,6,4.76,Pending,Offline,634,2025-09-19,2025-09-19
2029,iqram,6286828368,Male,Tamil,17,22,3.62,Pending,Busy,746,2025-11-04,2025-11-04
2030,iqrar,6285087810,Male,Malayalam,1,21,4.17,Pending,Available,13,2025-06-11,2025-06-11
2031,iqubal,8963261874,Male,English,17,42,4.25,Pending,Offline,5,2025-06-04,2025-06-04
2032,iram,7298037534,Male,Kannada,5,13,4.01,Pending,Available,146,2025-04-19,2025-04-19
2033,irfa,6305186158,Female,Kannada,10,31,3.71,Verified,Busy,188,2025-09-15,2025-09-15
2034,irfan,6057101088,Female,Telugu,8,50,3.56,Pending,Busy,759,2025-01-27,2025-01-27
2035,irphan,8661986390,Female,Malayalam,6,38,4.65,Pending,Offline,728,2025-10-06,2025-10-06
2036,irsad,9965827802,Female,Tamil,18,30,3.61,Pending,Available,169,2025-06-25,2025-06-25
2037,irshad,9204140032,Male,Kannada,15,18,4.33,Verified,Available,363,2025-08-06,2025-08-06
2038,irtu,8390890243,Male,Telugu,15,12,4.06,Pending,Available,523,2025-05-05,2025-05-05
2039,ish,7516317293,Female,English,3,20,4.71,Verified,Offline,631,2025-08-25,2025-08-25
2040,isha,9074879865,Male,Telugu,7,34,4.93,Pending,Busy,402,2025-01-20,2025-01-20
2041,ishan,9364900312,Male,Malayalam,16,36,4.75,Verified,Offline,681,2025-05-24,2025-05-24
2042,ishant,8021376772,Female,Telugu,19,43,4.04,Verified,Available,549,2025-03-01,2025-03-01
2043,isharar,8693645806,Male,Kannada,11,11,4.62,Verified,Busy,426,2025-11-01,2025-11-01
2044,ishatkar,7788953868,Female,Kannada,7,7,3.84,Pending,Busy,141,2025-01-29,2025-01-29
2045,ishawar,6731789798,Male,Tamil,0,42,4.03,Pending,Available,442,2025-03-05,2025-03-05
2046,ishika,8298979530,Female,Tamil,17,22,4.28,Pending,Available,155,2025-07-02,2025-07-02
2047,ishita,9462959667,Male,Telugu,11,38,4.48,Verified,Busy,591,2025-06-10,2025-06-10
2048,ishmita,8286338348,Female,Hindi,6,42,4.1,Pending,Offline,697,2025-08-10,2025-08-10
2049,ishrana,9885376375,Male,Hindi,14,22,4.56,Pending,Available,505,2025-07-02,2025-07-02
2050,ishrat,8782989167,Male,Malayalam,5,32,4.42,Pending,Available,743,2025-10-20,2025-10-20
2051,ishtkar,8929985866,Female,Tamil,14,8,4.28,Verified,Offline,45,2025-10-08,2025-10-08
2052,ishu,9787089782,Female,Telugu,1,9,4.83,Pending,Busy,588,2025-12-16,2025-12-16
2053,ishwar,8514253658,Female,English,10,16,3.59,Pending,Available,728,2025-09-01,2025-09-01
2054,ishwari,7228339876,Male,Tamil,14,16,4.08,Verified,Available,508,2025-05-12,2025-05-12
2055,ishwer,6837710708,Female,Telugu,1,27,4.3,Pending,Offline,463,2025-10-25,2025-10-25
2056,isika,6407739976,Female,Telugu,18,31,3.98,Pending,Busy,684,2025-01-16,2025-01-16
2057,islam,7341642665,Male,Hindi,11,47,3.74,Verified,Busy,63,2025-07-06,2025-07-06
2058,islamuddin,8781534350,Female,Tamil,3,15,3.79,Verified,Available,462,2025-04-14,2025-04-14
2059,islamudin,7983116856,Male,Kannada,5,46,4.41,Verified,Busy,598,2025-05-29,2025-05-29
2060,ismaliye,7034601940,Female,Kannada,15,25,4.37,Pending,Offline,771,2025-12-02,2025-12-02
2061,isnesh,6047544879,Male,English,18,9,4.1,Pending,Available,88,2025-10-22,2025-10-22
2062,israil,7285138959,Female,Hindi,19,12,3.66,Pending,Available,174,2025-07-22,2025-07-22
2063,israr,6579668661,Female,Telugu,3,42,4.3,Verified,Busy,480,2025-09-14,2025-09-14
2064,isthar,6696976134,Male,Kannada,16,46,4.58,Pending,Offline,614,2025-02-27,2025-02-27
2065,istikar,8771925212,Female,Malayalam,9,48,3.88,Verified,Busy,253,2025-11-04,2025-11-04
2066,istkhar,7926310462,Female,Malayalam,20,27,4.18,Verified,Available,27,2025-05-13,2025-05-13
2067,istyak,6223851755,Male,English,20,45,3.59,Pending,Available,6,2025-05-07,2025-05-07
2068,istyara,7900056975,Male,Malayalam,1,32,4.01,Pending,Offline,646,2025-08-15,2025-08-15
2069,iswar,9747979513,Male,English,16,17,4.11,Pending,Offline,559,2025-11-26,2025-11-26
2070,iswer,7041251332,Female,Kannada,12,47,4.41,Pending,Offline,196,2025-07-19,2025-07-19
2071,itwari,6389827205,Female,English,20,38,4.03,Pending,Offline,153,2025-09-04,2025-09-04
2072,jaanki,6207472900,Male,Telugu,10,21,3.62,Pending,Busy,412,2025-04-15,2025-04-15
2073,jaanu,7267598417,Male,Hindi,15,7,4.58,Verified,Offline,360,2025-10-16,2025-10-16
2074,jabbar,6408030345,Female,Kannada,15,31,3.6,Pending,Offline,62,2025-06-03,2025-06-03
2075,jabir,8620945901,Female,English,3,45,3.77,Pending,Offline,354,2025-02-15,2025-02-15
2076,jacky,9252455618,Male,Kannada,16,12,4.11,Pending,Busy,752,2025-03-21,2025-03-21
2077,jacob,8269174530,Female,Malayalam,8,32,4.05,Verified,Offline,89,2025-06-16,2025-06-16
2078,jadu,7819500719,Male,English,12,22,3.56,Pending,Available,440,2025-10-11,2025-10-11
2079,jafar,7555829750,Male,English,16,5,4.53,Pending,Available,625,2025-01-13,2025-01-13
2080,jaffar,7592414551,Male,Telugu,3,37,4.95,Verified,Busy,215,2025-05-14,2025-05-14
2081,jafrin,8664473700,Female,Hindi,6,39,4.84,Pending,Offline,667,2025-12-13,2025-12-13
2082,jafruddin,7059154491,Female,Malayalam,13,26,4.62,Pending,Available,291,2025-05-06,2025-05-06
2083,jag,9519858241,Female,Kannada,20,23,4.75,Pending,Available,191,2025-09-10,2025-09-10
2084,jaga,6568311559,Male,English,13,8,4.14,Verified,Offline,189,2025-08-18,2025-08-18
2085,jagan,8097399797,Male,Malayalam,2,26,3.94,Verified,Busy,334,2025-03-14,2025-03-14
2086,jagat,8347453345,Female,Hindi,12,11,4.22,Pending,Busy,774,2025-10-26,2025-10-26
2087,jagbir,9089142973,Male,Telugu,18,50,3.5,Verified,Busy,250,2025-08-01,2025-08-01
2088,jagdamba,7196845017,Female,Malayalam,11,39,4.26,Verified,Busy,46,2025-02-23,2025-02-23
2089,jagdambika,6691267649,Male,Malayalam,12,47,4.58,Pending,Busy,388,2025-07-31,2025-07-31
2090,jagdeep,9102647996,Female,English,7,31,4.12,Verified,Available,262,2025-11-02,2025-11-02
2091,jagdeesh,7459244168,Female,Tamil,20,6,4.43,Verified,Available,258,2025-07-11,2025-07-11
2092,jagdesh,9564906717,Female,Hindi,1,41,4.38,Verified,Busy,524,2025-06-02,2025-06-02
2093,jagdiesh,7520784397,Female,Malayalam,0,48,3.76,Verified,Available,496,2025-02-09,2025-02-09
2094,jagdish,6905956596,Female,Telugu,9,33,4.87,Verified,Busy,131,2025-02-23,2025-02-23
2095,jagir,6831088544,Male,Malayalam,0,31,4.3,Pending,Available,251,2025-08-23,2025-08-23
2096,jagjeet,8472980095,Female,Hindi,16,35,4.34,Pending,Available,460,2025-02-28,2025-02-28
2097,jagjiwan,9583757126,Female,Tamil,15,19,3.62,Verified,Available,480,2025-09-03,2025-09-03
2098,jagmal,9887441212,Female,Tamil,12,49,4.49,Verified,Busy,457,2025-09-20,2025-09-20
2099,jagmohan,8700365658,Female,Tamil,9,31,3.9,Pending,Offline,165,2025-07-17,2025-07-17
2100,jagnath,7283126812,Female,Kannada,10,39,3.58,Verified,Available,190,2025-12-20,2025-12-20
2101,jagpati,8799987291,Male,Malayalam,12,13,4.62,Verified,Busy,386,2025-11-04,2025-11-04
2102,jagrti,6642237435,Female,English,12,37,4.59,Verified,Busy,391,2025-06-10,2025-06-10
2103,jagtar,6108070178,Male,English,14,17,3.88,Verified,Offline,139,2025-10-17,2025-10-17
2104,jagviri,7151400910,Female,Malayalam,20,25,4.26,Verified,Busy,445,2025-01-27,2025-01-27
2105,jahagir,8714156430,Male,Malayalam,2,29,4.67,Pending,Busy,275,2025-01-22,2025-01-22
2106,jahani,9414866798,Female,Malayalam,10,45,4.15,Pending,Offline,3,2025-08-23,2025-08-23
2107,jahgeer,7084867491,Female,Kannada,18,40,4.11,Verified,Available,47,2025-01-16,2025-01-16
2108,jahid,7876765695,Male,Tamil,18,48,3.75,Pending,Busy,739,2025-08-08,2025-08-08
2109,jahir,9573683499,Male,Hindi,0,29,4.84,Pending,Offline,663,2025-06-18,2025-06-18
2110,jahirul,7376642707,Male,English,19,10,4.66,Pending,Offline,660,2025-02-21,2025-02-21
2111,jahoor,9728163191,Male,English,9,20,3.64,Pending,Offline,380,2025-09-13,2025-09-13
2112,jai,9705893833,Female,Tamil,19,38,4.15,Pending,Busy,727,2025-06-27,2025-06-27
2113,jaibhagwan,7027403394,Female,English,1,14,3.96,Pending,Available,58,2025-09-06,2025-09-06
2114,jaibir,8459422816,Female,English,13,29,4.85,Pending,Available,484,2026-01-01,2026-01-01
2115,jaichand,7122863874,Female,Kannada,11,20,4.09,Verified,Offline,766,2025-10-09,2025-10-09
2116,jaideep,9572054413,Female,Kannada,11,37,3.57,Verified,Offline,541,2025-06-04,2025-06-04
2117,jaidev,7660873089,Female,Telugu,11,35,4.98,Verified,Offline,139,2025-12-25,2025-12-25
2118,jaidul,8466398345,Male,Tamil,18,11,3.69,Verified,Busy,559,2025-07-16,2025-07-16
2119,jaiguna,6882074348,Male,Hindi,13,41,4.19,Pending,Busy,555,2025-10-26,2025-10-26
2120,jaijairam,9620142230,Female,Hindi,18,39,4.97,Pending,Available,703,2025-06-29,2025-06-29
2121,jaimala,7453071496,Male,Kannada,10,27,4.11,Verified,Busy,695,2025-03-11,2025-03-11
2122,jaimata,9180667830,Male,Telugu,19,42,3.65,Pending,Offline,287,2025-10-13,2025-10-13
2123,jaimati,6029860294,Female,Hindi,14,8,4.65,Verified,Available,633,2025-07-31,2025-07-31
2124,jainab,6744015070,Male,English,0,27,4.34,Pending,Available,250,2025-04-10,2025-04-10
2125,jainaf,6335948475,Female,Kannada,6,44,4.21,Pending,Busy,673,2025-08-07,2025-08-07
2126,jainub,8395688956,Female,Telugu,5,20,4.6,Verified,Busy,144,2025-10-25,2025-10-25
2127,jaipal,7729641712,Female,Hindi,3,27,4.3,Pending,Offline,315,2025-07-04,2025-07-04
2128,jaiparkash,9871428365,Female,English,3,19,4.79,Pending,Available,461,2025-03-30,2025-03-30
2129,jaiprakash,7579393280,Male,Hindi,12,47,4.99,Verified,Available,76,2025-12-25,2025-12-25
2130,jaiprkesh,8476630505,Female,Tamil,0,23,4.23,Verified,Busy,433,2025-04-07,2025-04-07
2131,jairam,8306839194,Female,Tamil,20,43,4.16,Pending,Busy,717,2025-08-15,2025-08-15
2132,jaishmin,6022013887,Female,English,20,47,4.52,Pending,Busy,654,2025-07-10,2025-07-10
2133,jaisigh,9807305541,Female,English,4,21,3.63,Verified,Offline,214,2025-03-10,2025-03-10
2134,jaismeen,9795780753,Male,Hindi,16,43,4.54,Pending,Offline,303,2025-07-18,2025-07-18
2135,jaitun,8562431280,Female,Hindi,8,37,4.9,Verified,Available,266,2025-05-18,2025-05-18
2136,jaivanti,9631518975,Male,Tamil,12,20,3.57,Verified,Offline,528,2025-06-08,2025-06-08
2137,jaiveer,9887064801,Male,Malayalam,19,21,3.65,Verified,Busy,640,2025-08-25,2025-08-25
2138,jaivind,6399629272,Male,Kannada,11,31,3.5,Verified,Offline,403,2025-08-26,2025-08-26
2139,jaiwanti,7029560991,Male,Tamil,5,41,4.88,Verified,Available,577,2025-01-03,2025-01-03
2140,jakh,8299083873,Male,Tamil,17,24,4.23,Pending,Offline,685,2025-02-18,2025-02-18
2141,jakir,6754180967,Male,Kannada,14,39,4.71,Pending,Offline,70,2025-04-28,2025-04-28
2142,jakra,7548704673,Female,Telugu,7,8,3.67,Verified,Available,651,2025-07-17,2025-07-17
2143,jalaluddin,7872904773,Male,Malayalam,17,35,4.26,Verified,Busy,25,2025-12-05,2025-12-05
2144,jalil,8346513584,Male,Tamil,11,32,3.93,Verified,Offline,407,2025-03-10,2025-03-10
2145,jalmi,6204933759,Female,English,2,35,4.09,Pending,Available,287,2025-01-04,2025-01-04
2146,jalsingh,6877964954,Female,Malayalam,15,37,4.68,Pending,Offline,552,2025-09-20,2025-09-20
2147,jalwad,9577010639,Male,Tamil,6,30,4.2,Verified,Busy,75,2025-09-16,2025-09-16
2148,jamaal,7082214228,Male,Telugu,13,50,3.56,Verified,Available,756,2025-05-16,2025-05-16
2149,jamad,6210406584,Male,Tamil,8,14,4.0,Verified,Offline,200,2025-09-09,2025-09-09
2150,jamadar,6926220044,Male,English,19,29,4.66,Pending,Available,727,2025-01-27,2025-01-27
2151,jamal,9906557212,Female,Telugu,17,5,4.26,Pending,Offline,200,2025-04-01,2025-04-01
2152,jamee,6522839093,Female,Hindi,2,21,4.53,Verified,Offline,696,2025-09-28,2025-09-28
2153,jameela,7701427160,Male,Kannada,12,40,4.32,Verified,Offline,322,2025-11-26,2025-11-26
2154,jameer,9580062700,Female,Malayalam,14,28,3.96,Verified,Offline,6,2025-07-13,2025-07-13
2155,jamil,6753299683,Female,Kannada,9,37,4.83,Pending,Available,219,2025-08-05,2025-08-05
2156,jamila,8003458064,Male,Malayalam,5,43,3.71,Verified,Busy,257,2025-10-24,2025-10-24
2157,jamir,7874635675,Male,Tamil,20,44,4.01,Verified,Busy,31,2025-01-06,2025-01-06
2158,jamna,9129650977,Female,English,16,14,4.75,Pending,Offline,206,2025-03-15,2025-03-15
2159,jamnaa,8938232323,Female,Tamil,7,42,4.36,Pending,Busy,104,2025-09-04,2025-09-04
2160,jamrujaha,7288596208,Female,English,9,8,4.87,Pending,Busy,762,2025-08-17,2025-08-17
2161,jamshed,8216472021,Female,Hindi,19,45,4.67,Pending,Offline,477,2025-01-09,2025-01-09
2162,jamuna,7152974743,Female,Hindi,0,12,4.47,Pending,Busy,146,2025-09-26,2025-09-26
2163,janak,6451467246,Male,Tamil,2,37,4.97,Verified,Offline,294,2025-02-06,2025-02-06
2164,janaki,9752433404,Male,Hindi,9,32,3.7,Pending,Available,723,2025-11-24,2025-11-24
2165,janam,7193878682,Male,Hindi,2,15,4.48,Pending,Offline,432,2025-03-26,2025-03-26
2166,janardam,6310468630,Male,Hindi,6,17,4.22,Pending,Available,661,2025-05-23,2025-05-23
2167,janesh,9184730405,Female,Malayalam,4,16,4.23,Pending,Offline,382,2025-07-22,2025-07-22
2168,janeshwar,8905604545,Female,English,20,5,4.37,Pending,Available,18,2025-09-02,2025-09-02
2169,jang,9867129834,Male,Hindi,8,16,4.15,Verified,Offline,392,2025-11-13,2025-11-13
2170,jani,6498314046,Male,Kannada,1,31,4.22,Verified,Available,472,2025-12-21,2025-12-21
2171,janid,7634532927,Male,Malayalam,20,32,4.53,Verified,Available,2,2025-11-18,2025-11-18
2172,janki,6115009016,Male,Kannada,17,40,4.2,Verified,Offline,252,2025-04-15,2025-04-15
2173,jankidas,6740548310,Female,Hindi,16,27,4.15,Pending,Available,447,2025-10-20,2025-10-20
2174,jankraj,6039278553,Female,Malayalam,6,38,4.37,Pending,Offline,482,2025-04-07,2025-04-07
2175,janmesh,8655076523,Female,Tamil,18,10,3.64,Pending,Available,68,2025-11-21,2025-11-21
2176,jannat,7616340346,Male,English,3,11,4.33,Verified,Busy,437,2025-01-26,2025-01-26
2177,janta,9578247558,Male,Tamil,14,45,4.38,Verified,Available,686,2025-02-16,2025-02-16
2178,jantarpal,7133202834,Female,Telugu,3,17,4.24,Pending,Offline,149,2025-03-05,2025-03-05
2179,januka,6776537264,Female,Malayalam,8,50,4.38,Pending,Offline,191,2025-05-02,2025-05-02
2180,janvi,8190137222,Female,Tamil,1,19,4.39,Verified,Busy,142,2025-10-18,2025-10-18
2181,janwi,8390210574,Female,Hindi,19,24,3.87,Pending,Available,73,2025-11-14,2025-11-14
2182,japneet,7844781037,Male,Telugu,3,26,3.65,Verified,Available,477,2025-12-25,2025-12-25
2183,jaquir,7069623171,Male,Telugu,20,11,4.37,Pending,Busy,183,2025-01-11,2025-01-11
2184,jareena,7602353099,Female,Malayalam,8,11,4.93,Verified,Busy,661,2025-07-24,2025-07-24
2185,jarif,6848971625,Female,Hindi,6,14,4.03,Pending,Busy,702,2025-07-16,2025-07-16
2186,jarim,7704559570,Male,Malayalam,1,14,4.76,Verified,Busy,537,2025-03-27,2025-03-27
2187,jarina,8528462665,Male,English,18,46,3.98,Pending,Offline,195,2025-09-26,2025-09-26
2188,jarnail,8032168464,Female,Hindi,11,36,3.85,Pending,Available,411,2025-03-25,2025-03-25
2189,jasbir,8537152737,Female,Hindi,15,34,3.6,Pending,Busy,571,2025-09-02,2025-09-02
2190,jashgul,8429393046,Male,Hindi,15,46,4.34,Pending,Available,268,2025-09-21,2025-09-21
2191,jashinal,8831878851,Female,Telugu,16,23,3.68,Pending,Available,736,2025-12-07,2025-12-07
2192,jasim,8321326757,Male,Kannada,10,38,3.71,Pending,Available,361,2025-05-01,2025-05-01
2193,jasina,8177170357,Male,Hindi,2,42,3.56,Verified,Busy,31,2025-10-23,2025-10-23
2194,jasiram,6415726819,Male,Malayalam,0,5,3.62,Pending,Offline,44,2025-11-30,2025-11-30
2195,jaskaran,6441532038,Male,English,16,28,3.83,Verified,Available,390,2025-06-25,2025-06-25
2196,jaskirat,7895183522,Male,Kannada,0,43,4.3,Pending,Available,268,2025-12-23,2025-12-23
2197,jasleen,7037565660,Female,Hindi,6,26,4.36,Verified,Busy,412,2025-02-13,2025-02-13
2198,jaslin,7795098365,Female,Hindi,3,36,4.99,Pending,Offline,399,2025-05-28,2025-05-28
2199,jasmeet,9076617907,Female,Kannada,9,18,4.05,Pending,Offline,464,2025-05-18,2025-05-18
2200,jasmen,9102805591,Female,Tamil,4,38,4.16,Verified,Busy,330,2025-06-13,2025-06-13
2201,jasmina,6992107546,Female,Kannada,4,32,4.87,Pending,Offline,564,2025-08-06,2025-08-06
2202,jasoda,8230832545,Male,Malayalam,8,6,4.32,Verified,Offline,383,2025-12-03,2025-12-03
2203,jaspal,9933382273,Male,Telugu,17,10,4.25,Pending,Offline,674,2025-10-18,2025-10-18
2204,jaspreet,6216038642,Male,Telugu,15,48,4.13,Pending,Available,184,2025-10-28,2025-10-28
2205,jassi,6785407905,Female,Malayalam,16,5,3.78,Verified,Busy,552,2025-04-18,2025-04-18
2206,jasvant,7808256545,Female,English,10,19,4.94,Verified,Busy,425,2025-02-02,2025-02-02
2207,jasveen,7740898187,Male,Telugu,16,29,3.73,Pending,Busy,534,2025-05-30,2025-05-30
2208,jasveer,6205404717,Male,Tamil,7,45,4.36,Pending,Offline,734,2025-01-28,2025-01-28
2209,jasvinder,8936086314,Female,Kannada,15,34,3.95,Verified,Offline,526,2025-08-05,2025-08-05
2210,jasvindir,8973297585,Female,Tamil,13,26,4.56,Verified,Available,735,2025-03-22,2025-03-22
2211,jasvir,8002103654,Female,English,8,13,4.51,Verified,Busy,343,2025-08-10,2025-08-10
2212,jaswant,7023588499,Female,Tamil,5,32,3.81,Verified,Available,748,2025-07-17,2025-07-17
2213,jaswinder,9413233885,Female,Kannada,12,32,5.0,Pending,Busy,359,2025-01-01,2025-01-01
2214,jat,9094878720,Female,Malayalam,11,14,3.87,Pending,Offline,220,2025-10-14,2025-10-14
2215,jatan,6284737921,Male,Malayalam,0,16,3.72,Verified,Busy,595,2025-03-19,2025-03-19
2216,jatin,6566780165,Female,Tamil,16,50,4.33,Verified,Available,247,2025-10-22,2025-10-22
2217,jatinder,8685589758,Male,Telugu,20,30,4.74,Verified,Available,779,2025-05-18,2025-05-18
2218,jauli,6604506300,Female,Tamil,18,38,3.82,Verified,Busy,396,2025-12-11,2025-12-11
2219,javade,6629853939,Male,Kannada,3,34,4.62,Verified,Available,107,2025-11-07,2025-11-07
2220,javal,9087513513,Male,Malayalam,16,12,4.51,Pending,Available,649,2025-01-03,2025-01-03
2221,javed,7938237541,Male,Kannada,15,33,4.05,Verified,Available,139,2025-07-31,2025-07-31
2222,javid,7049912426,Male,Malayalam,6,40,4.77,Pending,Busy,117,2025-09-10,2025-09-10
2223,javitri,6944743028,Female,Malayalam,6,27,4.13,Verified,Offline,62,2025-08-10,2025-08-10
2224,javuneesha,6936560642,Female,Tamil,10,25,4.83,Verified,Busy,538,2025-06-03,2025-06-03
2225,jawahar,9331293621,Female,Hindi,16,17,4.74,Pending,Available,184,2025-12-23,2025-12-23
2226,jawed,9440106774,Female,Malayalam,7,16,4.35,Pending,Available,104,2025-09-01,2025-09-01
2227,jawhar,9143983566,Male,Kannada,20,16,4.91,Pending,Busy,487,2025-03-24,2025-03-24
2228,jay,7596743581,Female,English,11,44,3.81,Verified,Offline,155,2025-10-25,2025-10-25
2229,jaya,7571466110,Male,Malayalam,20,37,3.75,Pending,Offline,61,2025-12-03,2025-12-03
2230,jayada,8195213157,Male,Hindi,19,43,4.14,Verified,Available,728,2025-12-09,2025-12-09
2231,jayantadass,6963491860,Male,Kannada,16,38,4.05,Pending,Busy,403,2025-06-18,2025-06-18
2232,jayanti,9720213980,Female,Tamil,13,17,3.67,Verified,Busy,764,2025-05-10,2025-05-10
2233,jayda,6703717801,Female,Malayalam,8,7,3.75,Pending,Available,361,2025-03-15,2025-03-15
2234,jaydurga,7674778541,Male,Tamil,1,20,5.0,Verified,Available,51,2025-05-17,2025-05-17
2235,jayesh,8581648836,Female,Hindi,10,9,4.08,Verified,Busy,400,2025-09-08,2025-09-08
2236,jaykumar,6539854257,Female,Hindi,16,8,4.94,Pending,Busy,620,2025-09-02,2025-09-02
2237,jaynarayan,9040950258,Female,Kannada,5,7,4.99,Verified,Available,161,2025-04-10,2025-04-10
2238,jayoti,9128560700,Male,Kannada,4,30,4.77,Pending,Available,524,2025-09-29,2025-09-29
2239,jayotli,9133437695,Female,Kannada,13,32,4.62,Pending,Offline,360,2025-08-03,2025-08-03
2240,jayshing,9542578135,Male,English,0,46,4.6,Verified,Offline,370,2025-01-11,2025-01-11
2241,jayuti,8950519917,Male,Telugu,0,40,4.68,Pending,Busy,139,2025-10-11,2025-10-11
2242,jeba,9890972717,Male,Telugu,12,36,3.96,Verified,Busy,724,2025-03-25,2025-03-25
2243,jebi,9493177445,Male,English,7,20,4.19,Verified,Available,666,2025-04-26,2025-04-26
2244,jedu,9574429755,Male,Malayalam,13,36,4.99,Pending,Available,4,2025-10-27,2025-10-27
2245,jeenat,7726717067,Female,Telugu,7,44,4.27,Verified,Offline,580,2025-06-09,2025-06-09
2246,jeeren,8918651297,Female,Kannada,17,49,4.65,Pending,Busy,166,2025-01-05,2025-01-05
2247,jeesan,7616497365,Male,Kannada,8,27,4.21,Verified,Available,761,2025-10-06,2025-10-06
2248,jeeshan,6129671218,Male,Tamil,12,26,4.1,Verified,Available,34,2025-03-23,2025-03-23
2249,jeet,8800162006,Female,Kannada,10,37,4.45,Verified,Busy,36,2025-06-25,2025-06-25
2250,jeete,8954409636,Female,English,8,5,4.88,Pending,Offline,569,2025-10-29,2025-10-29
2251,jeeth,6246849639,Male,Hindi,19,9,4.38,Pending,Available,331,2025-08-08,2025-08-08
2252,jeetram,9934596430,Male,Tamil,8,47,4.22,Verified,Available,660,2025-05-29,2025-05-29
2253,jeetu,6164164244,Female,English,11,9,4.0,Verified,Busy,443,2025-02-02,2025-02-02
2254,jeevan,9509681671,Male,Telugu,10,19,4.02,Verified,Available,117,2025-09-06,2025-09-06
2255,jeevanlata,8991954363,Female,Malayalam,9,27,3.93,Pending,Offline,298,2025-10-16,2025-10-16
2256,jeeya,9163073655,Female,Hindi,0,6,4.44,Verified,Available,42,2025-05-20,2025-05-20
2257,jenab,9530661302,Male,English,11,13,4.08,Pending,Offline,484,2025-05-13,2025-05-13
2258,jenifer,6096113498,Male,Hindi,4,9,3.78,Pending,Available,633,2025-05-15,2025-05-15
2259,jenny,6014023027,Female,Tamil,5,37,4.82,Pending,Available,302,2025-06-11,2025-06-11
2260,jesmin,6531281397,Male,English,2,42,3.88,Verified,Available,612,2025-06-25,2025-06-25
2261,jeta,7867593224,Male,Hindi,16,33,3.57,Verified,Available,460,2025-01-15,2025-01-15
2262,jetender,7511892220,Female,Hindi,14,41,4.12,Pending,Busy,3,2025-05-12,2025-05-12
2263,jewa,6933907413,Female,Telugu,8,28,4.81,Pending,Busy,573,2025-06-19,2025-06-19
2264,jgdish,8717684449,Male,Hindi,20,15,4.19,Verified,Offline,3,2025-02-03,2025-02-03
2265,jhaban,6854934934,Male,Kannada,16,23,4.75,Verified,Busy,512,2025-12-12,2025-12-12
2266,jhagdoo,9527850124,Male,English,15,10,4.73,Pending,Offline,150,2025-02-23,2025-02-23
2267,jhagdu,6400854733,Male,Telugu,8,38,4.35,Pending,Busy,221,2025-08-10,2025-08-10
2268,jhakar,7279157795,Male,Telugu,13,37,4.04,Verified,Available,337,2025-07-30,2025-07-30
2269,jhalla,9212465108,Male,Malayalam,17,26,3.94,Pending,Busy,54,2025-03-13,2025-03-13
2270,jhanjhariya,8238632235,Male,Hindi,7,22,3.53,Pending,Busy,751,2025-06-10,2025-06-10
2271,jhansi,6167069098,Male,Tamil,15,48,4.17,Pending,Offline,198,2025-10-16,2025-10-16
2272,jharna,8489738542,Female,Telugu,4,35,4.85,Verified,Offline,284,2025-02-21,2025-02-21
2273,jhawar,6823437660,Male,Malayalam,12,26,4.1,Pending,Available,787,2025-10-06,2025-10-06
2274,jhingi,6933009803,Male,Malayalam,8,27,3.98,Pending,Busy,455,2025-10-19,2025-10-19
2275,jhora,8272107376,Male,Hindi,15,10,4.01,Pending,Offline,133,2025-04-03,2025-04-03
2276,jhoti,8857373548,Male,English,4,6,4.66,Verified,Offline,743,2025-08-17,2025-08-17
2277,jhuhi,6053114375,Male,Kannada,16,10,4.24,Verified,Available,196,2025-10-30,2025-10-30
2278,jhuma,7847785445,Female,Hindi,4,14,4.48,Verified,Available,72,2025-05-02,2025-05-02
2279,jhumki,8235552000,Male,Tamil,19,24,4.93,Verified,Busy,640,2025-12-19,2025-12-19
2280,jhunna,8519463503,Female,English,12,46,3.86,Pending,Offline,453,2025-12-16,2025-12-16
2281,jhunnu,7769860830,Male,Hindi,16,31,4.48,Verified,Busy,373,2025-05-09,2025-05-09
2282,jibanti,9128352845,Female,Kannada,14,48,4.39,Pending,Busy,204,2025-07-12,2025-07-12
2283,jigar,7604362161,Female,English,9,12,4.06,Verified,Offline,332,2025-11-03,2025-11-03
2284,jile,7376193012,Male,Malayalam,13,10,3.84,Pending,Busy,535,2025-06-14,2025-06-14
2285,jimi,8974606029,Male,Tamil,14,36,4.01,Verified,Offline,671,2025-02-10,2025-02-10
2286,jimmi,9030890991,Female,Hindi,14,41,4.28,Pending,Available,63,2025-10-22,2025-10-22
2287,jina,6521717758,Female,English,3,13,3.91,Verified,Busy,252,2025-12-05,2025-12-05
2288,jinat,8946871007,Male,Telugu,19,45,4.79,Verified,Available,563,2025-02-20,2025-02-20
2289,jincy,8824793462,Female,Tamil,19,8,4.55,Pending,Available,385,2025-05-27,2025-05-27
2290,jioty,7812617957,Male,Telugu,5,14,4.04,Pending,Available,497,2025-04-23,2025-04-23
2291,jisaan,7443816913,Male,Hindi,16,39,4.84,Verified,Busy,584,2025-04-07,2025-04-07
2292,jisan,8277366641,Female,English,20,28,4.96,Verified,Offline,446,2025-01-28,2025-01-28
2293,jishan,6013089084,Male,English,9,18,4.17,Pending,Offline,271,2025-02-24,2025-02-24
2294,jishant,7516102066,Female,Hindi,13,16,4.0,Verified,Available,540,2025-07-04,2025-07-04
2295,jism,9339463571,Male,Malayalam,7,12,4.97,Verified,Available,226,2025-12-30,2025-12-30
2296,jisu,9120182475,Male,Kannada,2,24,4.26,Verified,Offline,755,2025-08-18,2025-08-18
2297,jit,9891516187,Female,Malayalam,0,50,4.93,Pending,Available,239,2025-06-12,2025-06-12
2298,jitan,7983152586,Male,English,20,50,4.36,Pending,Offline,608,2025-12-21,2025-12-21
2299,jitander,8008732037,Female,Tamil,6,9,4.89,Pending,Busy,52,2025-05-22,2025-05-22
2300,jite,9194939676,Male,Hindi,2,40,4.55,Verified,Available,432,2025-01-07,2025-01-07
2301,jitender,9302502428,Female,Kannada,8,16,4.03,Verified,Busy,76,2025-07-29,2025-07-29
2302,jitendera,8413207270,Male,English,6,6,4.68,Pending,Offline,521,2025-05-05,2025-05-05
2303,jitendr,7388598933,Male,Telugu,14,25,4.78,Verified,Offline,381,2025-12-30,2025-12-30
2304,jitendra,7119334860,Male,Kannada,14,44,4.4,Pending,Available,33,2025-09-26,2025-09-26
2305,jitesh,6729138427,Female,Tamil,4,39,4.97,Pending,Busy,198,2025-12-08,2025-12-08
2306,jitin,7747305772,Male,Kannada,3,49,4.61,Verified,Available,6,2025-09-06,2025-09-06
2307,jittender,7432533690,Female,Telugu,6,27,3.86,Pending,Available,226,2025-04-17,2025-04-17
2308,jitu,9914229841,Female,Hindi,11,12,3.88,Verified,Available,328,2025-09-25,2025-09-25
2309,jiwan,8240007426,Female,English,6,22,3.76,Verified,Available,146,2025-10-31,2025-10-31
2310,jiya,7375339047,Male,English,19,50,4.15,Verified,Offline,388,2025-03-13,2025-03-13
2311,jiyaul,6339041637,Male,English,15,48,3.8,Verified,Busy,467,2025-10-05,2025-10-05
2312,job,7361495362,Female,Tamil,18,11,3.74,Verified,Offline,331,2025-10-07,2025-10-07
2313,jockyipai,7676462399,Female,Hindi,16,5,4.62,Verified,Busy,704,2025-04-08,2025-04-08
2314,jodhi,6641295290,Male,Telugu,4,34,3.6,Pending,Offline,720,2025-05-07,2025-05-07
2315,joga,6990845190,Female,English,4,14,4.74,Verified,Available,492,2025-08-16,2025-08-16
2316,jogender,8887975673,Male,Malayalam,8,11,4.19,Verified,Busy,467,2025-04-08,2025-04-08
2317,joginder,9422302002,Male,Kannada,14,39,4.52,Pending,Available,479,2025-03-20,2025-03-20
2318,joholal,7111508277,Female,Malayalam,2,31,4.29,Verified,Available,132,2025-04-19,2025-04-19
2319,joity,7729382242,Male,English,17,7,4.8,Verified,Offline,508,2025-06-26,2025-06-26
2320,jomiya,9101250120,Male,Hindi,0,30,3.73,Pending,Busy,434,2025-04-19,2025-04-19
2321,jon,8238887551,Female,Malayalam,10,6,3.78,Verified,Available,314,2025-10-21,2025-10-21
2322,joni,7296065752,Female,Tamil,7,20,4.9,Verified,Offline,6,2025-10-29,2025-10-29
2323,jony,6183069733,Female,Malayalam,6,30,4.29,Verified,Available,570,2025-01-23,2025-01-23
2324,joohi,9005961189,Male,Telugu,0,18,3.86,Verified,Available,530,2025-07-24,2025-07-24
2325,joria,9664473421,Female,Kannada,7,9,3.66,Verified,Offline,361,2025-07-03,2025-07-03
2326,jorj,8686160677,Male,English,19,33,4.99,Verified,Busy,508,2025-12-24,2025-12-24
2327,joshna,6632333019,Female,Tamil,18,43,3.87,Verified,Offline,77,2025-01-03,2025-01-03
2328,josin,7762003843,Male,English,17,27,4.73,Verified,Busy,449,2025-09-13,2025-09-13
2329,jot,6522510783,Male,Malayalam,11,10,4.01,Pending,Busy,92,2025-11-26,2025-11-26
2330,jotyi,9601650868,Female,Telugu,4,29,3.51,Verified,Available,297,2025-05-24,2025-05-24
2331,joy,9365408008,Female,Hindi,11,38,4.38,Pending,Busy,262,2025-10-05,2025-10-05
2332,joya,6991045723,Female,English,17,24,3.96,Pending,Available,471,2025-02-03,2025-02-03
2333,joyaa,8591112481,Male,Malayalam,2,14,3.88,Pending,Available,393,2025-02-12,2025-02-12
2334,joyate,6981535213,Female,Tamil,15,32,3.87,Pending,Available,511,2025-09-16,2025-09-16
2335,joycee,9668080937,Female,Hindi,2,11,4.79,Verified,Available,744,2025-12-11,2025-12-11
2336,joydeep,6734200819,Male,Hindi,8,34,4.18,Pending,Available,682,2025-03-02,2025-03-02
2337,joyti,8073791799,Male,English,5,13,4.68,Verified,Busy,672,2025-04-03,2025-04-03
2338,jubaira,7408210916,Male,Kannada,8,11,3.79,Pending,Available,517,2025-02-26,2025-02-26
2339,jubed,9326362342,Female,Hindi,8,41,3.73,Pending,Offline,141,2025-03-07,2025-03-07
2340,jubeda,8459532764,Male,Malayalam,14,15,4.37,Verified,Busy,209,2025-08-01,2025-08-01
2341,juber,9196420110,Male,Telugu,13,48,3.51,Verified,Busy,238,2025-09-28,2025-09-28
2342,jugal,8613083998,Female,English,11,30,4.53,Pending,Offline,216,2025-02-27,2025-02-27
2343,jugan,9818417324,Male,Malayalam,18,19,3.84,Pending,Offline,322,2025-03-31,2025-03-31
2344,jugani,8367659762,Male,English,6,18,4.01,Pending,Busy,253,2025-08-05,2025-08-05
2345,jugender,7873088072,Female,Kannada,14,44,4.7,Pending,Busy,93,2025-03-21,2025-03-21
2346,juhewuddin,7982933630,Female,Kannada,7,25,4.62,Pending,Available,131,2025-11-07,2025-11-07
2347,juhi,7278453892,Female,Kannada,14,45,4.98,Pending,Offline,773,2025-08-11,2025-08-11
2348,julee,9911310006,Male,Tamil,5,12,4.82,Verified,Busy,286,2025-09-25,2025-09-25
2349,julekha,6641416766,Male,Hindi,13,8,3.84,Pending,Available,648,2025-04-20,2025-04-20
2350,julfi,7958332987,Female,Malayalam,2,42,4.19,Pending,Busy,208,2025-07-13,2025-07-13
2351,julficar,9475778792,Female,Hindi,14,19,4.51,Verified,Busy,323,2025-09-26,2025-09-26
2352,julfikaar,8506011164,Male,Hindi,15,22,4.5,Pending,Available,424,2025-06-28,2025-06-28
2353,juli,9596821304,Male,Tamil,7,5,3.75,Pending,Busy,712,2025-11-23,2025-11-23
2354,jully,9431141331,Female,Malayalam,12,24,4.03,Pending,Available,128,2025-04-28,2025-04-28
2355,jumman,6892926810,Male,English,18,19,3.51,Verified,Offline,336,2025-04-24,2025-04-24
2356,jumrati,8350351776,Female,Tamil,18,28,4.76,Pending,Available,141,2025-11-26,2025-11-26
2357,juna,8059053665,Female,Malayalam,2,22,4.74,Verified,Available,175,2025-09-20,2025-09-20
2358,junaid,8809139729,Female,Telugu,4,38,4.66,Pending,Available,126,2025-08-25,2025-08-25
2359,juneb,6275990039,Female,Telugu,17,23,4.05,Pending,Available,226,2025-03-26,2025-03-26
2360,junl,6264357030,Female,Tamil,18,26,4.25,Verified,Busy,194,2025-03-26,2025-03-26
2361,junna,6949795819,Female,Telugu,8,28,4.64,Pending,Offline,731,2025-12-24,2025-12-24
2362,justin,9855688955,Male,Kannada,7,26,4.09,Verified,Offline,34,2025-11-19,2025-11-19
2363,juvel,7876908229,Female,Malayalam,12,35,3.61,Pending,Busy,368,2025-07-14,2025-07-14
2364,jwala,6185391842,Male,English,3,24,3.83,Pending,Available,247,2025-01-20,2025-01-20
2365,jya,6439216129,Male,Tamil,9,28,4.49,Pending,Busy,41,2025-04-19,2025-04-19
2366,jyoti,8739204245,Male,English,18,9,4.17,Pending,Offline,245,2025-03-27,2025-03-27
2367,jyotsana,6355816796,Female,Hindi,16,18,3.76,Pending,Available,517,2025-08-21,2025-08-21
2368,jyoty,8803189991,Male,English,15,38,3.57,Verified,Busy,743,2025-07-19,2025-07-19
2369,kaamini,9584312073,Male,Telugu,9,39,3.8,Pending,Offline,285,2025-10-26,2025-10-26
2370,kaari,9423553244,Female,Hindi,19,10,3.56,Verified,Offline,168,2025-01-23,2025-01-23
2371,kaarti,9836642862,Female,Hindi,13,14,4.08,Pending,Offline,470,2025-12-11,2025-12-11
2372,kabal,7359735314,Female,Kannada,11,11,3.85,Pending,Available,126,2025-08-13,2025-08-13
2373,kabid,7366322085,Female,Telugu,10,23,3.82,Pending,Available,397,2025-01-08,2025-01-08
2374,kabir,6908907859,Male,Kannada,0,48,4.63,Pending,Busy,199,2025-11-06,2025-11-06
2375,kabul,6549893697,Female,Telugu,10,45,4.65,Verified,Busy,593,2025-01-11,2025-01-11
2376,kachan,7036533481,Female,Telugu,1,16,4.94,Pending,Offline,757,2025-08-02,2025-08-02
2377,kachri,8719448643,Male,Kannada,20,39,4.57,Pending,Available,293,2025-12-15,2025-12-15
2378,kadir,8305155658,Female,Tamil,7,44,4.87,Pending,Available,149,2025-10-10,2025-10-10
2379,kadu,7111679012,Female,Malayalam,4,25,4.38,Verified,Busy,296,2025-01-14,2025-01-14
2380,kafia,6313422575,Female,Malayalam,3,47,4.1,Pending,Busy,340,2025-12-15,2025-12-15
2381,kaif,7168288833,Female,Hindi,18,30,3.96,Verified,Busy,201,2025-01-12,2025-01-12
2382,kaifiya,9125214624,Male,Malayalam,17,13,4.14,Verified,Offline,674,2025-03-18,2025-03-18
2383,kailaki,7531252242,Male,Telugu,13,25,3.62,Verified,Available,87,2025-07-14,2025-07-14
2384,kailash,6064956641,Male,Tamil,19,7,4.78,Verified,Offline,189,2025-07-22,2025-07-22
2385,kailashi,8591371703,Male,Tamil,4,30,3.8,Verified,Busy,723,2025-03-12,2025-03-12
2386,kailesh,7467410309,Female,Hindi,17,38,3.69,Verified,Available,564,2025-05-30,2025-05-30
2387,kaishav,7598266678,Male,Kannada,2,50,3.72,Pending,Busy,441,2025-11-27,2025-11-27
2388,kajal,8554916539,Female,Telugu,1,13,3.71,Pending,Offline,420,2025-02-20,2025-02-20
2389,kajamuddih,9877908909,Female,Malayalam,16,34,4.15,Verified,Busy,730,2025-10-04,2025-10-04
2390,kajar,7808407794,Male,Malayalam,13,10,4.94,Pending,Offline,285,2025-10-02,2025-10-02
2391,kajol,7110928069,Male,Hindi,7,28,4.93,Verified,Offline,256,2025-09-11,2025-09-11
2392,kajul,6144050973,Male,English,1,37,3.82,Verified,Busy,345,2025-09-12,2025-09-12
2393,kala,6717270688,Female,English,2,11,4.1,Verified,Busy,563,2025-05-24,2025-05-24
2394,kalap,7015711691,Male,English,9,27,4.02,Pending,Offline,547,2025-08-31,2025-08-31
2395,kalashi,9058564009,Female,Malayalam,8,13,4.24,Verified,Busy,614,2025-12-04,2025-12-04
2396,kalavati,6954085716,Male,Tamil,12,27,4.44,Pending,Available,120,2025-02-16,2025-02-16
2397,kalawati,9916802126,Male,Hindi,17,36,4.49,Verified,Offline,29,2025-02-12,2025-02-12
2398,kalayan,8171550620,Male,Tamil,6,48,4.26,Pending,Busy,105,2025-04-05,2025-04-05
2399,kale,8192925416,Male,Malayalam,10,43,4.62,Pending,Busy,635,2025-08-14,2025-08-14
2400,kaleem,9333797016,Female,Kannada,10,45,4.71,Verified,Available,500,2025-10-24,2025-10-24
2401,kaleram,9891971081,Female,Kannada,11,32,4.98,Pending,Available,253,2025-09-17,2025-09-17
2402,kali,6650918556,Male,Telugu,14,16,3.87,Pending,Busy,543,2025-06-29,2025-06-29
2403,kalicharan,6448124321,Male,Malayalam,20,28,4.47,Verified,Available,663,2025-04-07,2025-04-07
2404,kalip,7316851083,Male,Kannada,13,23,4.24,Pending,Offline,462,2025-06-13,2025-06-13
2405,kalish,7392117004,Female,Kannada,5,27,3.77,Pending,Busy,670,2025-08-02,2025-08-02
2406,kalla,7458181361,Female,Tamil,11,43,4.46,Pending,Available,201,2025-10-05,2025-10-05
2407,kallo,7187192316,Female,Malayalam,19,48,4.61,Verified,Offline,414,2025-09-12,2025-09-12
2408,kallu,8497209453,Male,Telugu,13,13,4.02,Verified,Available,293,2025-01-19,2025-01-19
2409,kalma,7111227309,Male,Kannada,14,5,4.1,Verified,Busy,422,2025-05-25,2025-05-25
2410,kaloo,8377209120,Female,Hindi,16,45,4.5,Pending,Busy,507,2025-06-27,2025-06-27
2411,kalpadma,6187667719,Male,Tamil,4,37,3.56,Pending,Busy,694,2025-03-31,2025-03-31
2412,kalpana,9109312783,Female,Tamil,2,29,4.43,Verified,Busy,576,2025-11-02,2025-11-02
2413,kalpesh,8729515437,Male,English,18,35,3.72,Pending,Available,736,2025-09-22,2025-09-22
2414,kalpeshwari,9645874225,Male,Tamil,18,37,3.51,Pending,Available,105,2025-08-17,2025-08-17
2415,kalpna,6459467066,Male,Malayalam,4,5,4.9,Pending,Available,641,2025-11-24,2025-11-24
2416,kalu,8241592972,Male,Tamil,15,25,4.59,Verified,Busy,52,2025-11-29,2025-11-29
2417,kalua,7356144170,Male,English,3,23,4.69,Pending,Offline,630,2025-03-21,2025-03-21
2418,kaluram,6177615794,Female,Hindi,9,23,3.54,Verified,Busy,24,2025-11-16,2025-11-16
2419,kalusingh,7898605447,Female,Tamil,17,22,4.41,Pending,Offline,602,2025-11-25,2025-11-25
2420,kalwant,8994575254,Male,English,3,26,4.01,Pending,Busy,237,2025-07-13,2025-07-13
2421,kalwati,9692774553,Male,Kannada,9,22,4.24,Pending,Available,727,2025-02-16,2025-02-16
2422,kalyan,6481351531,Female,Telugu,9,34,3.73,Pending,Busy,351,2025-04-03,2025-04-03
2423,kalyani,9251505020,Female,Telugu,13,18,4.07,Pending,Offline,593,2025-06-09,2025-06-09
2424,kamakshya,8701133847,Male,Telugu,1,48,4.14,Pending,Offline,403,2025-09-22,2025-09-22
2425,kamal,9888289039,Male,English,13,41,4.78,Verified,Busy,265,2025-09-07,2025-09-07
2426,kamala,7734378634,Female,Tamil,8,32,4.54,Verified,Available,166,2025-02-25,2025-02-25
2427,kamaldeep,8665022980,Female,Hindi,2,47,4.06,Verified,Busy,507,2025-10-08,2025-10-08
2428,kamaljeet,8245265607,Male,English,3,44,3.99,Verified,Busy,773,2025-03-25,2025-03-25
2429,kamalkishore,7966911709,Male,Telugu,20,12,4.7,Pending,Offline,428,2025-05-17,2025-05-17
2430,kamana,9258131920,Female,Malayalam,2,6,4.35,Pending,Available,577,2025-05-28,2025-05-28
2431,kamar,7171835289,Male,Kannada,6,38,4.86,Pending,Offline,83,2025-11-01,2025-11-01
2432,kamesh,9393412972,Female,English,3,20,4.17,Verified,Offline,122,2025-01-06,2025-01-06
2433,kamil,7297536356,Female,Kannada,2,43,3.53,Pending,Available,185,2025-09-26,2025-09-26
2434,kamini,6819689592,Female,English,0,22,3.96,Pending,Available,260,2025-03-05,2025-03-05
2435,kamjeet,9256620380,Male,Telugu,13,32,4.43,Pending,Offline,295,2025-12-14,2025-12-14
2436,kamla,7311268310,Male,Telugu,14,10,4.55,Pending,Busy,78,2025-11-20,2025-11-20
2437,kamlajeet,9834974161,Male,Malayalam,1,46,4.98,Verified,Offline,100,2025-02-09,2025-02-09
2438,kamlash,9938433917,Male,English,10,38,4.58,Pending,Available,577,2025-04-13,2025-04-13
2439,kamlesh,6597789570,Female,Hindi,1,35,3.61,Verified,Available,261,2025-03-09,2025-03-09
2440,kamleshwar,7033240557,Female,Kannada,9,24,4.62,Verified,Available,506,2025-02-18,2025-02-18
2441,kamli,9462755811,Female,Malayalam,7,24,3.55,Verified,Offline,662,2025-03-21,2025-03-21
2442,kamna,6771689088,Male,Kannada,1,18,4.13,Pending,Available,223,2025-10-06,2025-10-06
2443,kamni,9396229437,Male,Kannada,10,13,3.76,Pending,Busy,725,2025-12-27,2025-12-27
2444,kamraan,8834429970,Female,Tamil,0,9,4.06,Pending,Offline,457,2025-06-20,2025-06-20
2445,kamre,6804395021,Female,Telugu,12,5,4.81,Pending,Busy,521,2025-01-09,2025-01-09
2446,kamreen,9028866468,Female,Telugu,13,29,4.0,Pending,Busy,421,2025-07-09,2025-07-09
2447,kamruddin,7004925635,Male,Kannada,9,37,4.31,Verified,Offline,28,2026-01-01,2026-01-01
2448,kamrudeen,6595263522,Female,English,19,24,4.81,Pending,Offline,411,2025-01-21,2025-01-21
2449,kamrulnisha,9559487732,Female,Tamil,18,21,3.63,Pending,Busy,562,2025-09-15,2025-09-15
2450,kamta,6413810967,Male,Tamil,13,48,4.31,Pending,Busy,618,2025-08-14,2025-08-14
2451,kana,8516046235,Male,English,13,38,3.67,Verified,Offline,166,2025-02-16,2025-02-16
2452,kanahiya,9995963377,Female,Malayalam,1,24,3.81,Verified,Offline,544,2025-05-13,2025-05-13
2453,kanak,8110537035,Male,English,11,18,4.51,Verified,Busy,219,2025-07-04,2025-07-04
2454,kanchan,6016910299,Female,Malayalam,16,50,3.52,Pending,Available,642,2025-10-05,2025-10-05
2455,kanchaniya,6822340111,Female,Hindi,12,47,4.11,Pending,Offline,169,2025-01-14,2025-01-14
2456,kanchi,9454036817,Female,Telugu,20,8,4.52,Pending,Busy,425,2025-12-27,2025-12-27
2457,kanchn,6672350663,Female,English,10,9,4.14,Verified,Offline,284,2025-07-11,2025-07-11
2458,kanda,7055574296,Male,Telugu,3,19,4.12,Verified,Busy,116,2025-09-16,2025-09-16
2459,kangana,6490001130,Female,Kannada,18,20,3.67,Verified,Busy,268,2025-11-18,2025-11-18
2460,kanhaiya,6617887108,Male,Telugu,9,37,4.44,Verified,Offline,523,2025-09-21,2025-09-21
2461,kanhaiyalal,9606205048,Male,Malayalam,5,10,4.08,Verified,Available,667,2025-09-11,2025-09-11
2462,kanhaya,6534749196,Female,Kannada,13,20,3.83,Verified,Busy,161,2025-02-05,2025-02-05
2463,kanheya,6319202785,Male,English,9,13,4.12,Pending,Available,602,2025-01-02,2025-01-02
2464,kanhiya,6991303536,Female,English,15,42,3.56,Pending,Busy,68,2025-06-12,2025-06-12
2465,kanhyalal,8957038740,Female,Kannada,20,45,4.05,Verified,Busy,714,2025-10-21,2025-10-21
2466,kanika,7266174791,Male,Malayalam,16,49,4.04,Pending,Offline,192,2025-02-07,2025-02-07
2467,kanishakraj,8540004288,Female,Tamil,0,48,4.41,Verified,Available,505,2025-04-17,2025-04-17
2468,kanisk,6906335520,Male,Tamil,15,38,3.56,Verified,Busy,491,2025-08-08,2025-08-08
2469,kanki,6206556663,Female,Kannada,6,15,3.75,Pending,Offline,276,2025-01-23,2025-01-23
2470,kanku,7316355243,Female,Tamil,12,46,3.87,Verified,Offline,80,2025-04-21,2025-04-21
2471,kanok,8430548844,Female,Telugu,17,37,3.86,Pending,Available,133,2025-11-15,2025-11-15
2472,kanta,7783911745,Male,Hindi,4,27,4.57,Verified,Offline,135,2025-01-29,2025-01-29
2473,kanti,6991781369,Male,Kannada,10,49,3.81,Verified,Busy,400,2025-01-25,2025-01-25
2474,kantil,8171268833,Male,English,5,10,3.6,Pending,Offline,528,2025-09-29,2025-09-29
2475,kanwar,8493525783,Female,Malayalam,15,15,3.62,Verified,Busy,330,2025-03-15,2025-03-15
2476,kanya,7752174190,Female,Tamil,13,47,3.97,Pending,Available,272,2025-05-05,2025-05-05
2477,kapiil,8267035859,Male,Tamil,4,6,4.3,Verified,Offline,706,2025-06-09,2025-06-09
2478,kapil,8465599941,Female,Hindi,11,36,4.23,Pending,Busy,722,2025-09-08,2025-09-08
2479,kaptan,8885052676,Male,Telugu,6,17,3.82,Verified,Offline,310,2025-01-03,2025-01-03
2480,karamjeet,9258363976,Female,English,12,37,4.22,Pending,Busy,720,2025-07-28,2025-07-28
2481,karamvir,6354046619,Male,Telugu,10,14,4.81,Pending,Available,176,2025-06-05,2025-06-05
2482,karan,8001165805,Female,English,4,17,3.63,Verified,Available,72,2025-07-20,2025-07-20
2483,karandeep,6015063426,Female,Malayalam,15,15,3.91,Verified,Busy,182,2025-06-26,2025-06-26
2484,karansingh,8384261308,Male,Kannada,9,23,4.09,Verified,Busy,619,2025-10-01,2025-10-01
2485,karanveer,9054355951,Male,Hindi,7,27,4.07,Pending,Available,343,2025-05-27,2025-05-27
2486,kareshan,7749412269,Male,Telugu,3,23,4.79,Pending,Offline,643,2025-03-21,2025-03-21
2487,karim,9252099349,Male,English,3,44,4.35,Verified,Busy,126,2025-05-26,2025-05-26
2488,karima,8326800623,Male,English,15,7,3.66,Pending,Busy,498,2025-04-19,2025-04-19
2489,karina,6867720797,Male,English,8,31,4.57,Pending,Available,335,2025-02-10,2025-02-10
2490,karishama,9952290992,Female,Kannada,4,41,4.0,Verified,Offline,537,2025-08-28,2025-08-28
2491,karishan,9059081201,Female,Kannada,7,28,3.66,Verified,Available,548,2025-08-05,2025-08-05
2492,karishma,9155282629,Female,English,19,19,4.52,Pending,Available,231,2025-03-18,2025-03-18
2493,karisma,8924804055,Male,Tamil,3,43,3.64,Verified,Busy,29,2025-10-29,2025-10-29
2494,karma,7056752760,Male,Kannada,0,37,4.9,Verified,Offline,406,2025-05-01,2025-05-01
2495,karmbir,7518677838,Female,English,6,49,3.55,Verified,Offline,330,2025-08-03,2025-08-03
2496,karmi,7856835642,Male,Telugu,19,14,3.74,Verified,Busy,445,2025-04-03,2025-04-03
2497,karmveer,9394303156,Male,Malayalam,15,50,4.97,Verified,Busy,769,2025-12-14,2025-12-14
2498,karnesh,7322255893,Female,Tamil,4,39,4.58,Verified,Available,178,2025-12-20,2025-12-20
2499,karshana,9690347759,Male,Malayalam,10,26,4.26,Pending,Busy,496,2025-05-11,2025-05-11
2500,karshma,9916781885,Female,Tamil,10,17,4.47,Verified,Available,533,2025-06-20,2025-06-20
2501,kartar,8728229841,Female,Malayalam,9,45,4.48,Verified,Offline,94,2025-01-22,2025-01-22
2502,kartik,6777455575,Female,Hindi,1,11,3.51,Verified,Busy,149,2025-06-01,2025-06-01
2503,kartika,8392878509,Female,Tamil,3,8,4.38,Pending,Offline,589,2025-04-20,2025-04-20
2504,karuna,8861634567,Female,Tamil,19,23,4.52,Verified,Offline,480,2025-10-20,2025-10-20
2505,karunakar,7882197978,Male,English,14,20,4.87,Pending,Offline,398,2025-06-04,2025-06-04
2506,kashi,9304791578,Male,Kannada,1,21,4.0,Verified,Offline,654,2025-08-20,2025-08-20
2507,kashiram,9793299824,Male,English,15,37,4.54,Pending,Busy,91,2025-10-10,2025-10-10
2508,kashis,8340434559,Female,Telugu,14,19,3.67,Pending,Offline,286,2025-08-16,2025-08-16
2509,kashish,8394258268,Female,Telugu,15,39,4.43,Verified,Offline,39,2025-08-05,2025-08-05
2510,kashiv,6983503750,Female,Telugu,20,37,3.75,Verified,Offline,619,2025-03-11,2025-03-11
2511,kashmir,8816524886,Male,English,16,27,4.33,Verified,Busy,404,2025-07-21,2025-07-21
2512,kashum,6592641729,Female,Malayalam,17,27,4.01,Verified,Busy,656,2025-09-25,2025-09-25
2513,kasid,9540292242,Male,Tamil,0,49,4.33,Pending,Busy,719,2025-09-30,2025-09-30
2514,kasim,9533632765,Male,Hindi,4,5,4.62,Verified,Available,675,2025-07-14,2025-07-14
2515,kasish,7631164390,Female,Malayalam,15,12,4.24,Verified,Offline,507,2025-05-15,2025-05-15
2516,kastoori,7073744219,Male,Tamil,9,44,4.55,Pending,Busy,210,2025-01-01,2025-01-01
2517,kasturi,8488429891,Female,Malayalam,16,36,4.75,Pending,Busy,166,2025-01-25,2025-01-25
2518,kasumbi,7514855837,Female,Kannada,5,44,4.82,Verified,Available,679,2025-04-05,2025-04-05
2519,katwa,6264433320,Male,Malayalam,14,30,3.86,Pending,Available,260,2025-09-28,2025-09-28
2520,katyayani,9884107413,Male,Kannada,17,40,4.67,Verified,Available,207,2025-12-28,2025-12-28
2521,kausal,7291740573,Male,Telugu,12,6,3.86,Verified,Available,709,2025-06-17,2025-06-17
2522,kaushal,9962861246,Female,Hindi,11,19,4.98,Pending,Available,628,2025-08-04,2025-08-04
2523,kaushaliya,6403770630,Male,Tamil,6,15,3.82,Verified,Offline,697,2025-11-17,2025-11-17
2524,kaushalya,9604872457,Female,English,0,31,4.0,Verified,Busy,89,2025-02-15,2025-02-15
2525,kaushar,7330231634,Female,Telugu,13,32,4.59,Pending,Available,45,2025-03-15,2025-03-15
2526,kaushik,8546413623,Female,English,11,40,4.7,Verified,Offline,677,2025-03-07,2025-03-07
2527,kauslender,6612782908,Male,Hindi,14,26,3.69,Pending,Offline,34,2025-03-07,2025-03-07
2528,kauva,7435599734,Male,English,5,11,4.05,Pending,Offline,435,2025-05-08,2025-05-08
2529,kaval,6936430541,Female,Tamil,17,31,4.35,Verified,Busy,555,2025-01-01,2025-01-01
2530,kavilash,9845068159,Male,Telugu,4,14,3.93,Pending,Available,335,2025-03-20,2025-03-20
2531,kavit,9417860687,Female,English,19,44,4.11,Verified,Busy,353,2025-04-15,2025-04-15
2532,kavita,7341018301,Male,Tamil,16,7,4.66,Pending,Offline,94,2025-11-04,2025-11-04
2533,kawa,8316434229,Female,English,15,30,4.29,Pending,Available,503,2025-05-23,2025-05-23
2534,kawal,6738690281,Male,Kannada,14,15,4.9,Verified,Available,441,2025-07-25,2025-07-25
2535,kawaljeet,8408213664,Male,Malayalam,7,46,4.83,Pending,Busy,679,2025-07-02,2025-07-02
2536,kawita,7690973457,Male,Tamil,15,37,4.55,Pending,Offline,515,2025-09-08,2025-09-08
2537,kayamuddin,6767362516,Female,Kannada,4,25,4.28,Pending,Busy,181,2025-05-07,2025-05-07
2538,kayum,9688261984,Male,English,12,7,3.93,Verified,Offline,387,2025-07-29,2025-07-29
2539,kazal,7911299462,Female,English,5,48,3.75,Pending,Busy,330,2025-08-09,2025-08-09
2540,kbeta,7714960349,Female,Malayalam,15,17,4.51,Pending,Offline,295,2025-10-10,2025-10-10
2541,kedarmal,7252777526,Male,Kannada,12,42,3.86,Pending,Busy,533,2025-02-09,2025-02-09
2542,kedarnath,9712713572,Female,Malayalam,5,9,4.09,Verified,Busy,657,2025-07-03,2025-07-03
2543,kehkasa,9182548389,Male,English,7,13,4.02,Verified,Offline,656,2025-03-10,2025-03-10
2544,kehkasha,7138527496,Male,Telugu,8,38,3.8,Pending,Offline,420,2025-12-27,2025-12-27
2545,kela,6276174160,Female,Malayalam,6,23,4.09,Verified,Busy,384,2025-11-02,2025-11-02
2546,kelama,7026113615,Female,Tamil,17,11,4.66,Pending,Offline,314,2025-10-16,2025-10-16
2547,kelashi,6346530406,Female,Kannada,13,15,4.68,Pending,Available,682,2025-08-09,2025-08-09
2548,keli,9892320758,Male,Hindi,10,20,4.22,Verified,Offline,282,2025-11-30,2025-11-30
2549,kesar,9374540334,Male,Tamil,16,18,3.81,Pending,Offline,771,2025-09-16,2025-09-16
2550,kesav,8482787446,Female,English,10,21,3.78,Verified,Available,275,2025-02-07,2025-02-07
2551,kesavi,9473084229,Male,English,13,40,3.53,Verified,Busy,590,2025-02-08,2025-02-08
2552,kesha,6990605841,Female,Hindi,5,37,4.3,Verified,Offline,358,2025-05-23,2025-05-23
2553,keshanti,9717252248,Male,Kannada,4,7,4.08,Pending,Offline,190,2025-11-17,2025-11-17
2554,keshar,7416024934,Male,English,10,33,4.07,Verified,Offline,627,2025-12-25,2025-12-25
2555,keshav,9613209113,Female,Tamil,13,27,4.2,Pending,Busy,776,2025-02-03,2025-02-03
2556,keshave,8897734403,Male,English,7,17,4.56,Pending,Busy,521,2025-10-12,2025-10-12
2557,keshram,7863244581,Male,Kannada,18,11,4.88,Pending,Offline,318,2025-09-28,2025-09-28
2558,keshri,8250072589,Female,Hindi,17,36,4.0,Verified,Available,221,2025-06-10,2025-06-10
2559,keshu,8887890819,Male,Telugu,6,9,4.59,Pending,Busy,770,2025-07-05,2025-07-05
2560,kesnata,6425678538,Female,English,2,30,4.8,Verified,Busy,561,2025-03-11,2025-03-11
2561,kesri,6465872561,Male,Hindi,13,22,4.43,Verified,Busy,106,2025-06-07,2025-06-07
2562,keta,8011260611,Male,Malayalam,7,21,4.55,Verified,Offline,474,2025-10-01,2025-10-01
2563,ketan,9789407099,Female,Hindi,14,39,3.81,Verified,Busy,728,2025-09-24,2025-09-24
2564,keval,8041736718,Male,Malayalam,9,21,4.8,Verified,Offline,742,2025-01-06,2025-01-06
2565,kewal,6843376177,Male,Kannada,0,6,4.58,Pending,Busy,344,2025-04-12,2025-04-12
2566,khadak,9897280936,Female,Malayalam,7,25,3.61,Verified,Offline,100,2025-11-26,2025-11-26
2567,khairti,8093277629,Male,Telugu,4,31,4.71,Pending,Offline,278,2025-03-14,2025-03-14
2568,khairu,8151389480,Female,Tamil,7,15,4.11,Verified,Available,489,2025-08-05,2025-08-05
2569,khajan,9817357294,Male,Tamil,1,46,4.13,Pending,Offline,245,2025-12-31,2025-12-31
2570,khalid,7592605299,Female,Kannada,13,9,3.54,Verified,Busy,421,2025-01-05,2025-01-05
2571,khalidur,9631890811,Male,Malayalam,6,39,4.67,Pending,Offline,611,2025-09-14,2025-09-14
2572,khalil,7571093074,Male,English,12,14,4.54,Pending,Available,771,2025-12-03,2025-12-03
2573,khamchand,8867801924,Female,Kannada,1,6,4.63,Verified,Busy,269,2025-07-02,2025-07-02
2574,khanchan,8404884018,Male,English,2,20,4.43,Verified,Available,661,2025-06-30,2025-06-30
2575,khangara,6988632809,Male,Malayalam,10,47,4.56,Pending,Offline,734,2025-06-24,2025-06-24
2576,khasbhoo,9609369768,Male,English,8,13,4.41,Pending,Offline,392,2025-05-23,2025-05-23
2577,khashbu,8680116127,Male,Malayalam,17,13,3.78,Verified,Busy,369,2025-08-31,2025-08-31
2578,khasti,8361808591,Male,Malayalam,1,12,4.58,Verified,Busy,381,2025-08-09,2025-08-09
2579,kheem,9357799077,Male,Telugu,6,28,3.65,Pending,Available,313,2025-05-17,2025-05-17
2580,khemchand,6387326467,Female,Kannada,0,49,3.98,Pending,Offline,348,2025-07-09,2025-07-09
2581,khemraj,7521764000,Male,English,9,35,3.53,Pending,Available,317,2025-11-15,2025-11-15
2582,kherul,9431096636,Male,Hindi,17,10,4.32,Pending,Offline,137,2025-08-08,2025-08-08
2583,khetra,6673952161,Male,Malayalam,12,31,4.24,Verified,Available,155,2025-03-20,2025-03-20
2584,khima,6784562749,Female,Tamil,10,45,4.96,Verified,Offline,628,2025-08-24,2025-08-24
2585,khimanand,6159272365,Male,English,3,50,4.85,Pending,Available,410,2025-05-05,2025-05-05
2586,khokan,6767820824,Male,Malayalam,20,18,4.85,Verified,Offline,83,2025-05-06,2025-05-06
2587,khooshboo,6555212233,Female,Kannada,8,19,4.56,Pending,Busy,494,2025-07-07,2025-07-07
2588,khshbu,6452271550,Male,Hindi,18,30,4.87,Verified,Offline,749,2025-05-10,2025-05-10
2589,khubchand,8151580665,Female,Kannada,18,14,4.11,Pending,Available,116,2025-01-17,2025-01-17
2590,khubhu,6155601490,Male,Malayalam,20,10,3.85,Verified,Busy,456,2025-04-26,2025-04-26
2591,khubi,9629957193,Female,Telugu,10,40,4.95,Verified,Busy,276,2025-09-13,2025-09-13
2592,khuma,7592287575,Female,Kannada,7,32,4.29,Pending,Busy,103,2025-05-05,2025-05-05
2593,khumlo,8507554848,Female,Malayalam,4,48,3.86,Pending,Offline,596,2025-06-25,2025-06-25
2594,khursheed,6705158266,Male,English,13,31,3.78,Pending,Busy,382,2025-05-18,2025-05-18
2595,khurshid,9648531704,Male,Malayalam,3,7,4.3,Pending,Busy,464,2025-02-20,2025-02-20
2596,khurshida,9731955332,Male,Tamil,11,32,3.61,Verified,Available,314,2025-11-13,2025-11-13
2597,khursid,9135285754,Male,English,7,23,4.86,Verified,Available,113,2025-11-07,2025-11-07
2598,khusaboo,8796256231,Female,Hindi,19,15,4.4,Pending,Available,687,2025-03-01,2025-03-01
2599,khusbhoo,7227537660,Female,Tamil,0,24,3.53,Verified,Offline,205,2025-12-21,2025-12-21
2600,khusbhu,9624744731,Male,Kannada,17,15,4.59,Pending,Busy,753,2025-12-14,2025-12-14
2601,khusboo,6960862640,Female,Telugu,15,21,3.99,Verified,Offline,68,2025-07-02,2025-07-02
2602,khusbu,9819724664,Male,Malayalam,19,48,4.05,Pending,Offline,193,2025-06-07,2025-06-07
2603,khush,7965677130,Female,Telugu,14,30,4.46,Pending,Available,357,2025-09-13,2025-09-13
2604,khushabu,7217066689,Male,English,3,10,4.87,Verified,Available,735,2025-10-10,2025-10-10
2605,khushal,8686176869,Male,English,16,21,4.79,Verified,Offline,255,2025-07-26,2025-07-26
2606,khushbari,8920270959,Female,Telugu,16,30,4.04,Verified,Offline,641,2025-07-02,2025-07-02
2607,khushbhu,6426001121,Male,English,12,44,4.38,Pending,Busy,5,2025-06-03,2025-06-03
2608,khushboo,6925961806,Female,English,9,38,4.12,Pending,Available,555,2025-02-18,2025-02-18
2609,khushbu,8984609571,Female,English,16,33,4.47,Verified,Available,615,2025-07-18,2025-07-18
2610,khushi,6770950142,Female,Malayalam,7,32,4.44,Pending,Offline,669,2025-04-29,2025-04-29
2611,khushnaseeb,7292572845,Male,Tamil,0,15,3.56,Pending,Busy,58,2025-06-14,2025-06-14
2612,khushnasiba,7402209617,Female,Malayalam,15,39,4.12,Pending,Offline,36,2025-08-12,2025-08-12
2613,khushnudi,6811409734,Female,Malayalam,1,9,4.77,Pending,Offline,114,2025-06-28,2025-06-28
2614,khushnuma,8745098929,Male,Telugu,2,47,3.76,Verified,Busy,235,2025-11-30,2025-11-30
2615,kifayat,8093307238,Male,Malayalam,7,48,3.84,Verified,Offline,6,2025-08-10,2025-08-10
2616,killo,8821890440,Female,Hindi,19,36,3.53,Verified,Available,785,2025-05-12,2025-05-12
2617,kimat,7028618669,Male,Hindi,16,24,3.91,Verified,Busy,238,2025-09-16,2025-09-16
2618,kimmi,9558144546,Female,Malayalam,19,47,4.93,Verified,Busy,1,2025-05-04,2025-05-04
2619,kingkar,6104378851,Female,Telugu,5,50,4.72,Verified,Available,403,2025-04-13,2025-04-13
2620,kiniya,7154114551,Male,Kannada,11,9,3.68,Verified,Busy,452,2025-04-21,2025-04-21
2621,kinya,6202697177,Female,English,15,45,4.11,Pending,Available,141,2025-11-30,2025-11-30
2622,kiran,6157674390,Male,Telugu,12,8,4.28,Verified,Offline,734,2025-12-29,2025-12-29
2623,kirann,8909310315,Male,Tamil,11,27,4.99,Verified,Available,167,2025-05-25,2025-05-25
2624,kiranti,6757043216,Female,Kannada,10,5,4.87,Pending,Busy,728,2025-10-09,2025-10-09
2625,kirashan,7013969788,Female,English,20,34,4.45,Verified,Offline,350,2025-07-10,2025-07-10
2626,kiriti,9828847492,Male,Malayalam,19,29,4.64,Verified,Busy,116,2025-03-21,2025-03-21
2627,kirodimal,7909871982,Male,English,16,6,3.9,Verified,Available,677,2025-11-27,2025-11-27
2628,kirorimal,9981696609,Female,Telugu,17,24,4.88,Pending,Busy,200,2025-08-25,2025-08-25
2629,kirpa,6856312434,Female,Kannada,9,11,4.32,Verified,Offline,743,2025-02-23,2025-02-23
2630,kirshan,7958810573,Female,Telugu,10,23,4.29,Verified,Available,374,2025-09-12,2025-09-12
2631,kirshanpal,8912788678,Female,Malayalam,7,8,4.35,Pending,Offline,390,2025-10-21,2025-10-21
2632,kirshn,7333227841,Female,Malayalam,7,16,4.57,Pending,Busy,77,2025-01-13,2025-01-13
2633,kirshna,8174019909,Female,English,9,5,4.85,Pending,Available,225,2025-08-11,2025-08-11
2634,kirti,6418726391,Male,English,19,9,4.54,Pending,Available,779,2025-08-05,2025-08-05
2635,kirtiman,8997148871,Female,English,1,43,3.99,Pending,Offline,483,2025-04-26,2025-04-26
2636,kisan,8742961131,Male,Telugu,8,47,4.28,Pending,Offline,226,2025-08-21,2025-08-21
2637,kishan,9786952494,Male,Tamil,10,19,4.59,Pending,Busy,17,2025-11-06,2025-11-06
2638,kishana,6272491662,Male,Telugu,12,25,4.56,Pending,Offline,540,2025-10-05,2025-10-05
2639,kishmat,9664254755,Male,Telugu,17,23,4.32,Pending,Offline,427,2025-02-15,2025-02-15
2640,kishn,7405627562,Male,Hindi,6,20,4.58,Pending,Available,232,2025-06-28,2025-06-28
2641,kishnaram,9702912998,Male,Hindi,8,26,4.79,Verified,Busy,242,2025-07-05,2025-07-05
2642,kishor,7338505259,Female,Tamil,2,7,3.55,Verified,Offline,306,2025-06-12,2025-06-12
2643,kishore,9310628441,Male,English,19,47,3.83,Pending,Busy,146,2025-09-18,2025-09-18
2644,kismat/,9293842653,Female,Telugu,17,29,3.73,Verified,Available,241,2025-11-19,2025-11-19
2645,kismti,6995062295,Female,English,15,31,4.89,Pending,Available,47,2025-08-02,2025-08-02
2646,kisori,9485489870,Female,Kannada,1,47,4.11,Pending,Offline,552,2025-05-18,2025-05-18
2647,kiswar,6125082703,Male,English,12,39,4.42,Verified,Available,246,2025-11-28,2025-11-28
2648,kitti,7188074779,Male,English,18,42,3.69,Verified,Available,552,2025-05-08,2025-05-08
2649,klash,8187544934,Male,Tamil,10,45,3.96,Pending,Available,43,2025-12-24,2025-12-24
2650,klu,7476883706,Male,Hindi,1,22,4.83,Pending,Offline,100,2025-09-12,2025-09-12
2651,km0,9381615203,Female,English,9,29,3.81,Verified,Offline,359,2025-05-20,2025-05-20
2652,kmles,7145733677,Female,Malayalam,15,14,4.42,Pending,Busy,342,2025-05-21,2025-05-21
2653,kmo,7658498050,Male,Tamil,15,21,4.13,Pending,Busy,682,2026-01-01,2026-01-01
2654,knheyalal,9318830364,Male,English,13,19,4.53,Verified,Available,485,2025-05-10,2025-05-10
2655,kohinoor,8440015788,Male,Telugu,7,45,4.27,Verified,Offline,24,2025-02-16,2025-02-16
2656,koilu,7154787920,Female,English,4,29,4.45,Verified,Available,565,2025-01-19,2025-01-19
2657,kokil,7096697933,Female,Telugu,13,31,4.16,Verified,Available,120,2025-03-24,2025-03-24
2658,kokila,8016161174,Male,English,16,20,3.71,Pending,Available,177,2025-09-02,2025-09-02
2659,komal,7845033402,Male,Kannada,1,17,4.11,Verified,Available,759,2025-11-23,2025-11-23
2660,konika,6886798737,Male,Kannada,7,34,4.38,Verified,Offline,516,2025-03-14,2025-03-14
2661,konti,6552497579,Male,Tamil,7,15,4.0,Pending,Offline,124,2025-09-29,2025-09-29
2662,kooki,9803893744,Female,English,1,46,3.69,Verified,Offline,583,2025-09-09,2025-09-09
2663,kosaleya,7670539882,Male,Malayalam,1,14,3.55,Verified,Available,141,2025-04-05,2025-04-05
2664,kosalya,7949429572,Female,Tamil,3,34,4.11,Verified,Busy,637,2025-01-31,2025-01-31
2665,kosar,7307308802,Male,Tamil,16,46,4.04,Verified,Available,350,2025-04-17,2025-04-17
2666,koshal,7278776244,Male,English,17,8,4.46,Verified,Offline,41,2025-01-02,2025-01-02
2667,koshalya,8716232651,Male,Malayalam,4,28,4.41,Pending,Available,378,2025-06-06,2025-06-06
2668,koshlya,8733085111,Female,Malayalam,20,5,4.17,Verified,Available,403,2025-07-26,2025-07-26
2669,koslya,6493694226,Male,Tamil,2,29,4.4,Verified,Busy,354,2025-06-04,2025-06-04
2670,kosylaya,9596929209,Male,Malayalam,19,38,3.66,Pending,Offline,435,2026-01-01,2026-01-01
2671,kouchu,7746131713,Male,Telugu,10,40,3.94,Verified,Offline,704,2025-09-29,2025-09-29
2672,koushik,8343383439,Female,Telugu,13,38,4.44,Verified,Available,146,2025-12-27,2025-12-27
2673,koyal,9097940983,Female,English,17,7,4.84,Pending,Available,684,2025-03-18,2025-03-18
2674,koyali,7957842354,Female,Tamil,7,14,4.87,Verified,Offline,284,2025-10-19,2025-10-19
2675,kranti,7766465642,Male,Tamil,5,46,3.71,Pending,Offline,321,2025-04-19,2025-04-19
2676,krashana,6793615661,Male,Hindi,18,13,3.94,Pending,Offline,382,2025-09-27,2025-09-27
2677,krashna,8579316751,Male,Hindi,8,6,4.07,Pending,Available,416,2025-02-13,2025-02-13
2678,kripal,8351605667,Male,Tamil,7,44,3.57,Pending,Offline,454,2025-06-21,2025-06-21
2679,kripya,7904067483,Male,Malayalam,7,15,3.86,Verified,Offline,643,2025-04-03,2025-04-03
2680,krisana,8833168140,Male,Telugu,14,30,4.1,Verified,Available,687,2025-09-04,2025-09-04
2681,krish,7973559777,Male,Tamil,15,17,4.61,Verified,Available,259,2025-11-13,2025-11-13
2682,krishama,8129124870,Male,Telugu,9,38,4.65,Pending,Available,469,2025-09-04,2025-09-04
2683,krishan,7767569776,Female,English,4,45,3.75,Verified,Offline,332,2025-10-02,2025-10-02
2684,krishana,8619883109,Female,Kannada,14,40,4.66,Pending,Available,702,2025-06-20,2025-06-20
2685,krishen,9394056632,Female,Tamil,9,17,4.68,Verified,Available,473,2025-11-26,2025-11-26
2686,krishka,6255869334,Female,Malayalam,8,20,3.88,Pending,Available,783,2025-01-01,2025-01-01
2687,krishma,9318320664,Female,English,8,21,4.05,Pending,Busy,451,2025-09-27,2025-09-27
2688,krishn,8550279567,Male,Malayalam,11,12,4.69,Pending,Available,434,2025-11-29,2025-11-29
2689,krishna,9907808784,Male,Telugu,5,45,4.1,Pending,Available,255,2025-08-23,2025-08-23
2690,krishnal,8906208018,Male,Kannada,7,18,4.44,Pending,Offline,708,2025-04-18,2025-04-18
2691,kriti,6319958168,Female,Telugu,3,36,3.95,Pending,Available,392,2025-02-01,2025-02-01
2692,kritika,7427626035,Female,Kannada,3,30,5.0,Pending,Available,158,2025-03-04,2025-03-04
2693,kudeep,8154477998,Male,Kannada,15,48,4.14,Pending,Available,747,2025-03-06,2025-03-06
2694,kudtusu,6493792587,Female,English,18,6,3.89,Pending,Offline,185,2025-04-29,2025-04-29
2695,kulbhushan,9288119588,Female,Kannada,8,12,3.66,Pending,Offline,291,2025-02-08,2025-02-08
2696,kulbir,9499002603,Male,Hindi,10,7,4.55,Verified,Offline,520,2025-07-16,2025-07-16
2697,kuldeel,9814393045,Male,Telugu,4,8,3.77,Pending,Offline,222,2025-10-29,2025-10-29
2698,kuldeep,7480212580,Male,Tamil,20,8,4.12,Pending,Offline,94,2025-03-24,2025-03-24
2699,kulina,7642307464,Male,Tamil,9,45,4.77,Verified,Offline,225,2025-04-05,2025-04-05
2700,kulli,6070289435,Male,English,16,49,4.98,Verified,Offline,356,2025-06-09,2025-06-09
2701,kulsum,7872189913,Male,Telugu,10,49,4.3,Verified,Busy,42,2025-04-11,2025-04-11
2702,kulvinder,8656643612,Male,Malayalam,1,33,4.68,Pending,Offline,128,2025-04-04,2025-04-04
2703,kulwant,9519403933,Female,English,2,26,4.41,Verified,Offline,572,2025-04-03,2025-04-03
2704,kulwinder,6150374045,Male,Malayalam,20,30,3.99,Verified,Available,156,2025-09-04,2025-09-04
2705,kum,8286168681,Male,Hindi,6,15,4.84,Verified,Available,353,2025-06-11,2025-06-11
2706,kumail,9521218366,Male,Tamil,11,13,4.42,Pending,Busy,587,2025-04-09,2025-04-09
2707,kumar,7283823925,Male,Kannada,7,32,3.89,Verified,Busy,734,2025-09-07,2025-09-07
2708,kumara,9338190218,Female,Tamil,8,39,3.58,Verified,Busy,131,2025-01-22,2025-01-22
2709,kumarage,8319114366,Male,Hindi,7,42,3.62,Pending,Available,322,2025-11-03,2025-11-03
2710,kumare,6600876012,Male,Kannada,2,19,4.44,Pending,Offline,386,2025-06-30,2025-06-30
2711,kumari,8653741249,Male,Telugu,16,19,4.14,Verified,Offline,677,2025-12-30,2025-12-30
2712,kumkum,6293986807,Male,Malayalam,0,24,4.25,Pending,Busy,96,2025-01-20,2025-01-20
2713,kumod,9761565462,Male,Hindi,16,15,4.42,Pending,Available,170,2025-01-03,2025-01-03
2714,kumresh,8390558469,Male,English,1,17,3.68,Verified,Offline,133,2025-05-13,2025-05-13
2715,kumud,9402537138,Female,Tamil,9,37,3.73,Pending,Available,319,2025-11-22,2025-11-22
2716,kunal,6258653366,Female,Hindi,1,37,4.88,Pending,Busy,581,2025-12-05,2025-12-05
2717,kunda,9993335861,Female,Hindi,15,12,4.19,Pending,Busy,375,2025-04-11,2025-04-11
2718,kundan,9309906316,Male,English,12,14,3.95,Verified,Offline,60,2025-10-23,2025-10-23
2719,kunden,6988958028,Male,Kannada,10,24,4.84,Verified,Busy,455,2025-12-19,2025-12-19
2720,kundin,7395049714,Female,Tamil,17,29,4.93,Pending,Busy,380,2025-05-10,2025-05-10
2721,kunj,8208706893,Male,Tamil,2,48,4.22,Pending,Busy,758,2025-12-23,2025-12-23
2722,kunod,7048045743,Female,English,18,13,4.02,Pending,Offline,643,2025-07-26,2025-07-26
2723,kuntesh,7102156356,Male,Telugu,10,11,4.33,Verified,Busy,99,2025-09-11,2025-09-11
2724,kunti,7419680651,Female,Hindi,11,50,4.24,Pending,Busy,138,2025-04-23,2025-04-23
2725,kunwar,6935135407,Male,Kannada,8,17,3.62,Pending,Busy,234,2025-05-04,2025-05-04
2726,kuparth,6486141327,Female,Malayalam,16,11,4.44,Pending,Available,641,2025-05-06,2025-05-06
2727,kurban,9637789266,Female,Kannada,16,13,3.75,Pending,Available,183,2025-04-24,2025-04-24
2728,kureja,8722398866,Male,Malayalam,8,27,4.8,Pending,Offline,145,2025-06-14,2025-06-14
2729,kush,6037485096,Female,Malayalam,18,43,4.85,Pending,Busy,257,2025-11-26,2025-11-26
2730,kushagra,8863627713,Female,English,13,5,3.53,Verified,Offline,385,2025-08-08,2025-08-08
2731,kushal,8232621195,Female,Kannada,11,37,3.78,Verified,Offline,307,2025-04-19,2025-04-19
2732,kusham,7950856291,Male,Kannada,7,12,3.69,Verified,Available,601,2025-12-07,2025-12-07
2733,kushamvir,9875566382,Male,English,8,22,4.23,Pending,Offline,147,2025-07-30,2025-07-30
2734,kushbu,8973525765,Female,Hindi,6,39,4.49,Verified,Available,438,2025-11-11,2025-11-11
2735,kushi,8182865178,Male,Kannada,1,47,3.74,Verified,Offline,226,2025-08-04,2025-08-04
2736,kushma,6487431952,Male,Malayalam,2,11,4.46,Pending,Busy,337,2025-06-13,2025-06-13
2737,kushmi,7656302244,Male,English,19,33,4.44,Verified,Offline,544,2025-12-02,2025-12-02
2738,kushmita,9094938457,Male,Hindi,15,50,4.14,Pending,Offline,319,2025-07-31,2025-07-31
2739,kushum,8374338934,Male,Tamil,4,33,4.52,Verified,Offline,560,2026-01-01,2026-01-01
2740,kushumavati,7339014510,Male,Malayalam,0,21,4.5,Verified,Busy,130,2025-04-18,2025-04-18
2741,kushumlata,7846698121,Female,Malayalam,8,43,4.31,Pending,Offline,658,2025-08-31,2025-08-31
2742,kuso,8184977738,Female,English,20,32,4.03,Pending,Offline,289,2025-11-17,2025-11-17
2743,kusum,6637051552,Male,Malayalam,0,19,4.17,Verified,Busy,313,2025-11-27,2025-11-27
2744,kusuma,8126158913,Female,Hindi,7,35,4.91,Verified,Busy,788,2025-12-10,2025-12-10
2745,kusumakar,8689943144,Female,Kannada,14,13,3.87,Pending,Busy,81,2025-01-02,2025-01-02
2746,kusumlata,8233232216,Female,Malayalam,5,22,4.23,Pending,Available,667,2025-03-22,2025-03-22
2747,kuwar,8884841447,Female,Hindi,9,31,4.1,Verified,Offline,731,2025-04-10,2025-04-10
2748,kuwarjeet,6549313012,Male,Malayalam,15,43,4.67,Verified,Busy,604,2025-07-22,2025-07-22
2749,labbhi,6790799719,Female,Telugu,15,33,3.9,Verified,Available,39,2025-01-07,2025-01-07
2750,lad,7123428087,Female,Telugu,9,37,4.47,Pending,Offline,550,2025-10-12,2025-10-12
2751,lada,9999045244,Female,Malayalam,0,47,4.4,Pending,Busy,99,2025-08-31,2025-08-31
2752,ladakunvar,9798798827,Male,Hindi,4,21,3.5,Verified,Offline,309,2025-04-29,2025-04-29
2753,laddha,7999210049,Male,Hindi,9,33,4.03,Verified,Busy,507,2025-06-27,2025-06-27
2754,ladli,9373009913,Male,Kannada,7,10,4.01,Pending,Busy,657,2025-09-13,2025-09-13
2755,lahida,6382675677,Male,Kannada,8,19,3.97,Pending,Busy,120,2025-07-16,2025-07-16
2756,laja,7370113965,Male,Malayalam,8,26,3.71,Verified,Available,717,2025-08-14,2025-08-14
2757,lajja,7784189309,Male,Kannada,13,13,4.49,Pending,Offline,674,2025-07-09,2025-07-09
2758,lajjavati,6422974775,Female,Malayalam,9,14,3.95,Pending,Busy,425,2025-02-01,2025-02-01
2759,laka,7554896719,Male,Telugu,5,14,4.0,Pending,Offline,432,2025-02-13,2025-02-13
2760,lakh,7895897418,Female,Kannada,2,50,3.8,Pending,Offline,150,2025-01-12,2025-01-12
2761,lakhami,8968954885,Female,English,2,5,4.5,Pending,Offline,617,2025-07-02,2025-07-02
2762,lakhamichand,6222173375,Female,Malayalam,7,22,4.58,Pending,Available,475,2025-04-07,2025-04-07
2763,lakhan,8266052906,Female,Hindi,7,39,4.34,Verified,Busy,184,2025-06-20,2025-06-20
2764,lakhbir,7543577444,Male,Telugu,12,18,3.76,Verified,Busy,448,2025-01-19,2025-01-19
2765,lakhe,9830091243,Female,Hindi,15,44,4.39,Pending,Available,146,2025-08-27,2025-08-27
2766,lakhi,6412102744,Female,Tamil,2,20,3.77,Pending,Busy,53,2025-09-02,2025-09-02
2767,lakhmi,7189797960,Male,Kannada,16,21,4.82,Pending,Busy,659,2025-09-19,2025-09-19
2768,lakhraj,7865567621,Male,English,3,21,3.92,Verified,Offline,32,2025-10-08,2025-10-08
2769,lakhsmi,6848530797,Female,English,13,31,3.58,Verified,Offline,708,2025-10-27,2025-10-27
2770,lakhu,8594454468,Female,English,1,37,4.24,Verified,Offline,406,2025-06-13,2025-06-13
2771,lakhua,8972519109,Male,English,6,33,3.96,Verified,Busy,657,2025-04-23,2025-04-23
2772,lakhvinder,7932139193,Male,Telugu,14,41,3.65,Verified,Available,733,2025-12-20,2025-12-20
2773,lakhwinder,8200669525,Male,Hindi,3,12,3.68,Verified,Available,441,2025-12-19,2025-12-19
2774,lakhya,8807012485,Male,Telugu,15,31,4.47,Verified,Busy,297,2025-11-26,2025-11-26
2775,lakki,8397984147,Female,English,15,12,4.86,Pending,Offline,44,2025-09-26,2025-09-26
2776,lakky,8506844120,Male,Hindi,20,26,3.85,Pending,Busy,711,2025-03-22,2025-03-22
2777,laksh,6848095918,Male,Telugu,16,36,4.48,Verified,Offline,707,2025-07-27,2025-07-27
2778,lakshay,6356717506,Male,Telugu,4,30,4.4,Pending,Busy,394,2025-10-28,2025-10-28
2779,lakshaya,6960706329,Male,Tamil,18,50,4.48,Pending,Available,645,2025-11-01,2025-11-01
2780,lakshit,9680744402,Female,Hindi,13,33,3.69,Pending,Busy,742,2025-03-11,2025-03-11
2781,lakshman,6621223748,Female,Kannada,11,13,4.48,Verified,Offline,179,2025-03-25,2025-03-25
2782,lakshmi,9305441962,Female,Telugu,3,16,4.48,Verified,Available,328,2025-01-12,2025-01-12
2783,lakshy,8266784987,Female,Kannada,18,32,4.62,Verified,Offline,411,2025-08-07,2025-08-07
2784,lakshya,8691045673,Male,Telugu,14,29,4.52,Pending,Available,659,2025-07-25,2025-07-25
2785,lal,7417469739,Female,English,4,28,4.72,Verified,Available,179,2025-08-16,2025-08-16
2786,lala,7391610351,Male,Telugu,17,20,3.5,Pending,Offline,346,2025-09-15,2025-09-15
2787,lalan,8731263226,Female,Kannada,4,12,4.84,Verified,Offline,455,2025-10-06,2025-10-06
2788,lalaram,6275978256,Male,Malayalam,14,5,4.94,Verified,Offline,75,2025-07-21,2025-07-21
2789,laldhari,6473613982,Male,Telugu,0,10,4.23,Verified,Busy,9,2025-05-14,2025-05-14
2790,lali,6147997447,Male,Tamil,9,43,4.89,Pending,Offline,391,2025-08-18,2025-08-18
2791,lalit,7887554653,Male,Malayalam,1,16,4.93,Pending,Available,552,2025-07-03,2025-07-03
2792,lalita,8776638408,Male,Hindi,15,10,3.87,Verified,Busy,648,2025-12-24,2025-12-24
2793,lalital,7450603235,Female,English,3,32,4.34,Pending,Busy,656,2025-05-17,2025-05-17
2794,laliya,8047526439,Female,Kannada,20,17,4.52,Verified,Busy,713,2025-05-30,2025-05-30
2795,lallu,9200885730,Male,Tamil,12,16,4.66,Pending,Busy,445,2025-01-09,2025-01-09
2796,lalmuni,9128134099,Male,Malayalam,12,27,4.35,Pending,Available,168,2025-06-22,2025-06-22
2797,laltes,9491910714,Male,Kannada,13,42,3.59,Pending,Busy,320,2025-05-27,2025-05-27
2798,laltha,7644810418,Female,Telugu,5,47,4.21,Pending,Busy,286,2025-06-12,2025-06-12
2799,laltia,6607667233,Female,English,5,34,4.18,Verified,Available,452,2025-04-03,2025-04-03
2800,lalu,8937858953,Male,Kannada,20,13,3.86,Verified,Offline,591,2025-12-21,2025-12-21
2801,lalutha,6743176649,Female,Malayalam,5,47,3.75,Verified,Available,488,2025-09-01,2025-09-01
2802,lamani,9549226663,Male,Malayalam,16,30,3.86,Verified,Available,202,2025-10-25,2025-10-25
2803,lambhu,8525726355,Female,Tamil,18,31,4.87,Pending,Offline,61,2025-10-30,2025-10-30
2804,lasar,9797685693,Female,Hindi,4,30,3.52,Verified,Offline,781,2025-06-25,2025-06-25
2805,lashma,7800956599,Male,English,3,11,4.23,Verified,Offline,786,2025-12-14,2025-12-14
2806,laskshita,6327498239,Male,Telugu,10,33,3.74,Verified,Offline,770,2025-07-08,2025-07-08
2807,lata,8303374297,Male,English,12,49,4.92,Verified,Available,146,2025-09-05,2025-09-05
2808,lateef,9379017649,Male,Malayalam,6,5,4.28,Verified,Available,501,2025-05-30,2025-05-30
2809,latesh,6117409250,Female,Telugu,10,28,3.74,Pending,Busy,685,2025-03-16,2025-03-16
2810,latoor,8256431887,Female,Hindi,13,25,4.38,Pending,Available,310,2025-05-26,2025-05-26
2811,latur,8514888144,Female,Kannada,0,23,4.17,Verified,Available,604,2025-01-29,2025-01-29
2812,laukush,6193044242,Female,Malayalam,0,42,3.8,Verified,Offline,42,2025-11-25,2025-11-25
2813,lav,6945564545,Male,Telugu,13,35,4.55,Verified,Busy,46,2025-10-07,2025-10-07
2814,lavali,7044831668,Female,English,0,41,4.97,Verified,Offline,187,2025-03-17,2025-03-17
2815,lave,6573027618,Female,English,9,14,4.11,Verified,Busy,503,2025-12-15,2025-12-15
2816,lavi,8788120748,Female,Malayalam,16,33,4.37,Pending,Busy,308,2025-02-20,2025-02-20
2817,lavish,8017131208,Male,Telugu,12,6,4.82,Verified,Offline,117,2025-07-21,2025-07-21
2818,lavkush,9218042171,Female,Malayalam,17,11,4.19,Pending,Busy,372,2025-01-24,2025-01-24
2819,lavli,6954801586,Female,Kannada,18,5,4.03,Verified,Busy,295,2025-03-19,2025-03-19
2820,lavpreet,6948488629,Male,Malayalam,3,25,3.66,Verified,Available,660,2025-02-07,2025-02-07
2821,lavtar,6778895866,Male,Hindi,6,35,4.97,Verified,Available,738,2025-11-19,2025-11-19
2822,lawli,9035143345,Male,Kannada,13,31,4.56,Pending,Offline,561,2025-04-20,2025-04-20
2823,lawrence,9103049948,Female,English,16,40,3.97,Pending,Busy,28,2025-10-13,2025-10-13
2824,laxami,7733623813,Male,Tamil,17,12,4.9,Pending,Busy,93,2025-04-03,2025-04-03
2825,laxita,8213563039,Female,Kannada,3,13,3.98,Verified,Busy,75,2025-03-26,2025-03-26
2826,laxman,8066682084,Female,Hindi,10,46,3.97,Pending,Offline,361,2025-10-20,2025-10-20
2827,laxmanram,7807921228,Male,Telugu,8,17,3.96,Verified,Offline,491,2025-08-11,2025-08-11
2828,laxmeena,8089770676,Female,Kannada,4,23,3.59,Verified,Offline,780,2025-08-23,2025-08-23
2829,laxmi,9396856733,Female,Kannada,18,13,4.63,Verified,Busy,590,2025-04-13,2025-04-13
2830,laxmikant,7076333192,Female,Malayalam,4,8,4.79,Pending,Available,278,2025-07-13,2025-07-13
2831,laxminarain,7397183155,Female,Tamil,1,47,3.63,Pending,Available,263,2025-09-05,2025-09-05
2832,layba,9489877431,Male,Tamil,8,22,3.83,Verified,Available,218,2025-12-08,2025-12-08
2833,layman,6377766895,Female,Tamil,2,25,3.55,Pending,Offline,468,2025-06-16,2025-06-16
2834,leela,7019415388,Male,Malayalam,7,15,3.8,Verified,Offline,74,2025-04-07,2025-04-07
2835,leelawati,6187799079,Female,Hindi,16,38,4.35,Verified,Available,277,2025-06-16,2025-06-16
2836,leelu,6864102940,Female,Malayalam,0,35,4.35,Verified,Busy,638,2025-11-29,2025-11-29
2837,leena,6161400363,Female,Hindi,9,14,4.21,Pending,Available,238,2025-01-22,2025-01-22
2838,lehru,6544953430,Female,English,3,12,4.3,Verified,Busy,267,2025-04-26,2025-04-26
2839,lekhraj,6261487720,Male,Kannada,0,28,3.96,Pending,Busy,639,2025-03-25,2025-03-25
2840,lekhram,9991011080,Female,Malayalam,10,46,4.73,Verified,Available,263,2025-11-22,2025-11-22
2841,lekose,9890677397,Female,Kannada,15,7,4.92,Pending,Available,640,2025-05-04,2025-05-04
2842,leo,7571085810,Male,Kannada,3,31,4.85,Verified,Offline,461,2025-06-05,2025-06-05
2843,libin,7937584285,Female,Hindi,14,40,3.65,Pending,Offline,554,2025-05-23,2025-05-23
2844,lila,9915009344,Male,English,11,27,4.99,Pending,Offline,774,2026-01-01,2026-01-01
2845,lilabai,6575036174,Male,Kannada,3,32,4.5,Pending,Offline,496,2025-06-03,2025-06-03
2846,liladevi,6003857234,Female,Hindi,13,35,4.28,Verified,Offline,338,2025-10-10,2025-10-10
2847,lilaki,8047202880,Male,English,13,15,4.11,Verified,Available,315,2025-06-12,2025-06-12
2848,lilaram,6504872936,Male,Hindi,17,17,4.32,Verified,Available,331,2025-12-15,2025-12-15
2849,lilavati,8224552659,Male,English,17,22,4.91,Verified,Available,697,2025-11-21,2025-11-21
2850,lilima,7841397157,Female,Telugu,18,15,3.95,Verified,Offline,626,2025-04-07,2025-04-07
2851,lilu,9855484525,Male,Malayalam,6,40,4.74,Pending,Busy,105,2025-12-26,2025-12-26
2852,limca,8824565316,Male,Telugu,5,33,4.49,Verified,Available,700,2025-04-10,2025-04-10
2853,lisha,8236061633,Male,Kannada,18,21,3.84,Verified,Busy,237,2025-04-02,2025-04-02
2854,liveri,6326489287,Male,Malayalam,14,50,4.37,Pending,Available,509,2025-03-26,2025-03-26
2855,liyakat,9720907338,Male,Malayalam,6,41,3.63,Verified,Busy,327,2025-03-30,2025-03-30
2856,lllllllllllllllllll,9978870969,Male,Malayalam,3,25,4.48,Pending,Offline,118,2025-08-21,2025-08-21
2857,lok,9125811284,Female,Telugu,19,26,3.65,Verified,Available,436,2025-05-31,2025-05-31
2858,lokender,8464501428,Female,Tamil,1,25,4.25,Verified,Available,695,2025-11-04,2025-11-04
2859,lokendra,7738709695,Male,Malayalam,16,15,4.25,Pending,Busy,781,2025-01-19,2025-01-19
2860,lokesh,9406935037,Male,Malayalam,3,10,4.84,Pending,Offline,561,2025-10-20,2025-10-20
2861,lokindra,8357217051,Male,Malayalam,1,48,4.51,Verified,Busy,122,2025-03-30,2025-03-30
2862,long,8288917676,Male,Telugu,4,12,3.65,Pending,Busy,128,2025-04-11,2025-04-11
2863,love,7280641301,Male,Tamil,1,44,3.73,Verified,Available,609,2025-02-27,2025-02-27
2864,lovely,8865511110,Male,Kannada,16,16,4.17,Verified,Busy,390,2025-12-03,2025-12-03
2865,lovly,8832650439,Male,English,8,18,4.17,Verified,Busy,201,2025-05-14,2025-05-14
2866,lta,7367611831,Male,English,5,13,4.09,Verified,Offline,490,2025-06-27,2025-06-27
2867,lucki,9178596370,Male,Malayalam,2,7,3.78,Verified,Offline,475,2025-06-25,2025-06-25
2868,lucky,9179209895,Female,Telugu,14,33,4.11,Pending,Offline,145,2025-10-13,2025-10-13
2869,lukkad,8181326246,Female,English,5,44,4.34,Pending,Available,672,2025-01-19,2025-01-19
2870,lukman,6626606357,Male,Tamil,3,12,4.08,Pending,Offline,217,2025-09-14,2025-09-14
2871,lushi,8525845670,Male,Hindi,13,23,4.18,Pending,Offline,350,2025-05-12,2025-05-12
2872,luv,9926269045,Female,English,7,29,4.31,Verified,Offline,217,2025-05-25,2025-05-25
2873,luxmi,7773780855,Male,English,12,37,4.6,Verified,Busy,26,2025-07-06,2025-07-06
2874,maadhuri,7251961187,Male,Kannada,12,20,3.9,Verified,Busy,677,2025-12-09,2025-12-09
2875,maahi,6060199982,Female,Tamil,11,50,3.53,Pending,Available,262,2025-09-14,2025-09-14
2876,maalti,6577483906,Female,Malayalam,19,50,4.11,Verified,Available,456,2025-08-13,2025-08-13
2877,maan,8457021801,Female,Telugu,3,5,4.91,Pending,Offline,240,2025-08-28,2025-08-28
2878,maanmati,9838451868,Female,Telugu,3,46,4.76,Pending,Available,509,2025-12-11,2025-12-11
2879,maansingh,6701468397,Male,Telugu,5,50,4.95,Pending,Busy,370,2025-09-27,2025-09-27
2880,maatwar,9279291524,Female,Kannada,9,38,3.6,Pending,Offline,669,2025-04-16,2025-04-16
2881,maaya,7741515349,Female,English,18,9,3.93,Pending,Busy,462,2025-03-18,2025-03-18
2882,mabiya,8728664358,Female,English,18,31,3.64,Pending,Offline,461,2025-05-29,2025-05-29
2883,machhala,8092104521,Female,Kannada,12,39,4.47,Verified,Busy,214,2025-09-03,2025-09-03
2884,madam,9713525247,Female,English,14,22,4.81,Pending,Available,75,2025-07-29,2025-07-29
2885,madan,6626537594,Male,Telugu,12,12,3.89,Pending,Available,606,2025-07-22,2025-07-22
2886,madanlal,6382156816,Male,Telugu,7,36,4.73,Pending,Busy,567,2025-06-12,2025-06-12
2887,madhan,9021695468,Male,Tamil,5,46,4.97,Pending,Available,695,2025-07-29,2025-07-29
2888,madharam,6801917611,Female,Kannada,7,32,4.53,Verified,Available,22,2025-01-14,2025-01-14
2889,madho,9378673236,Female,Tamil,8,45,4.96,Pending,Available,297,2025-03-19,2025-03-19
2890,madhu,9128386291,Female,Kannada,6,50,4.32,Pending,Busy,467,2025-08-19,2025-08-19
2891,madhubala,9770037697,Male,Hindi,16,5,4.48,Verified,Busy,652,2025-04-12,2025-04-12
2892,madhuni,6222833782,Female,Kannada,11,9,3.85,Pending,Busy,95,2025-09-05,2025-09-05
2893,madhuri,8584236039,Female,Tamil,0,40,4.96,Pending,Available,190,2025-06-07,2025-06-07
2894,madhusudan,7491973239,Female,Hindi,8,28,4.31,Pending,Busy,387,2025-07-15,2025-07-15
2895,madhvi,6835407882,Male,Malayalam,14,33,3.77,Pending,Available,778,2025-03-24,2025-03-24
2896,madhwi,6151761980,Female,Tamil,17,37,4.2,Verified,Offline,483,2025-08-30,2025-08-30
2897,madina,6220222360,Male,Hindi,3,5,4.83,Pending,Offline,321,2025-10-04,2025-10-04
2898,magat,9453157933,Female,Telugu,7,37,3.83,Verified,Busy,236,2025-11-30,2025-11-30
2899,mager,8330605630,Female,Kannada,2,42,4.67,Pending,Offline,415,2025-04-07,2025-04-07
2900,maha,7336955892,Female,Tamil,20,45,3.86,Pending,Offline,598,2025-12-12,2025-12-12
2901,mahabir,6863387372,Female,Malayalam,6,40,4.92,Verified,Offline,562,2025-06-06,2025-06-06
2902,mahadev,8310041688,Female,English,8,42,3.64,Verified,Offline,508,2025-01-05,2025-01-05
2903,mahadevi,8946009522,Male,Malayalam,8,41,4.27,Pending,Available,480,2025-06-21,2025-06-21
2904,mahak,8867287172,Male,Kannada,3,42,4.33,Verified,Available,308,2025-10-03,2025-10-03
2905,mahammd,8706315806,Female,Telugu,13,40,3.69,Verified,Busy,758,2025-04-28,2025-04-28
2906,mahasingh,9648407177,Female,Telugu,13,32,4.42,Pending,Offline,739,2025-02-25,2025-02-25
2907,mahaveer,6847991342,Female,English,16,14,4.87,Pending,Offline,324,2025-10-12,2025-10-12
2908,mahavir,9740813352,Female,Kannada,13,36,4.64,Pending,Busy,507,2025-12-03,2025-12-03
2909,mahbir,6004758947,Male,English,3,9,3.52,Pending,Busy,559,2025-07-06,2025-07-06
2910,mahboob,7916923329,Male,Malayalam,2,45,4.48,Pending,Offline,698,2025-08-10,2025-08-10
2911,mahbub,6193453480,Female,Telugu,11,32,3.94,Verified,Offline,539,2025-08-04,2025-08-04
2912,mahendar,8241991995,Male,Kannada,17,31,4.68,Verified,Busy,204,2025-12-26,2025-12-26
2913,mahender,7596246330,Male,Malayalam,9,26,4.81,Pending,Available,133,2025-09-23,2025-09-23
2914,mahendra,9945068973,Male,Tamil,16,30,4.72,Pending,Available,16,2025-02-06,2025-02-06
2915,mahesh,9033670750,Female,Telugu,16,15,4.17,Verified,Busy,20,2025-02-28,2025-02-28
2916,maheshar,9685609485,Male,English,17,35,4.08,Pending,Offline,612,2025-05-08,2025-05-08
2917,mahfooj,9918245785,Female,Kannada,14,25,4.23,Verified,Offline,529,2025-09-17,2025-09-17
2918,mahfooz,8866225139,Male,Kannada,1,49,4.36,Pending,Offline,580,2025-12-10,2025-12-10
2919,mahfuj,7229637000,Male,Hindi,18,39,4.46,Verified,Busy,455,2025-10-02,2025-10-02
2920,mahi,8304977858,Male,Kannada,17,21,4.74,Pending,Busy,771,2025-12-02,2025-12-02
2921,mahima,6801239262,Male,English,7,40,3.96,Pending,Offline,685,2025-02-20,2025-02-20
2922,mahinder,7491612723,Female,Hindi,0,44,3.71,Verified,Available,200,2025-06-15,2025-06-15
2923,mahindra,9545329088,Female,Telugu,1,19,3.76,Pending,Busy,55,2025-10-24,2025-10-24
2924,mahinudin,6669865600,Male,Tamil,18,42,4.82,Pending,Busy,752,2025-12-10,2025-12-10
2925,mahipal,6700372418,Female,Kannada,9,40,3.58,Verified,Offline,762,2025-06-04,2025-06-04
2926,mahjabi,9809440943,Male,Telugu,6,36,3.67,Pending,Offline,647,2025-12-24,2025-12-24
2927,mahkar,7042273283,Female,Kannada,0,15,3.8,Verified,Offline,334,2025-12-14,2025-12-14
2928,mahlikka,7287525895,Female,Hindi,12,34,4.53,Verified,Offline,66,2025-02-07,2025-02-07
2929,mahmun,6086241368,Female,Tamil,6,22,3.9,Pending,Available,438,2025-08-08,2025-08-08
2930,mahnatha,8013334639,Male,Telugu,9,49,4.26,Verified,Busy,18,2025-11-05,2025-11-05
2931,mahraj,9332821926,Male,Tamil,12,5,4.94,Pending,Busy,427,2025-04-04,2025-04-04
2932,mahroj,9030298010,Female,Hindi,12,47,4.12,Pending,Offline,469,2025-09-24,2025-09-24
2933,mahrul,6285251940,Male,Kannada,5,31,4.45,Pending,Busy,553,2025-05-03,2025-05-03
2934,mahtab,7663568255,Female,Kannada,18,41,4.75,Pending,Available,287,2025-10-16,2025-10-16
2935,mahud,6983268128,Female,Malayalam,9,38,4.55,Verified,Busy,746,2025-09-20,2025-09-20
2936,mahveer,6982892974,Male,Hindi,18,5,3.58,Verified,Busy,472,2025-01-14,2025-01-14
2937,mahvish,9907865720,Male,Kannada,15,5,4.31,Verified,Available,609,2025-02-18,2025-02-18
2938,mahzbin,9415846596,Female,Tamil,4,23,4.31,Pending,Busy,688,2025-02-11,2025-02-11
2939,maigo,7541712893,Male,Kannada,16,11,4.67,Verified,Offline,739,2025-02-01,2025-02-01
2940,maina,6753832097,Male,Tamil,11,21,4.5,Verified,Available,221,2025-12-10,2025-12-10
2941,mainka,6519976438,Female,Malayalam,1,33,4.86,Verified,Offline,594,2025-10-25,2025-10-25
2942,mairi,9200759297,Male,Malayalam,19,6,4.69,Pending,Busy,786,2025-05-12,2025-05-12
2943,mairy,9396857618,Female,Telugu,3,45,4.45,Verified,Offline,636,2025-04-13,2025-04-13
2944,maisan,7651365070,Male,Telugu,4,7,3.85,Pending,Offline,765,2025-01-26,2025-01-26
2945,majid,8227969425,Female,Kannada,5,18,4.12,Pending,Busy,85,2025-10-21,2025-10-21
2946,majida,6790522833,Male,Kannada,0,24,4.21,Verified,Busy,147,2025-03-25,2025-03-25
2947,majidunisha,6481805251,Male,Malayalam,17,43,4.34,Pending,Busy,98,2025-05-31,2025-05-31
2948,majoo,7374984322,Female,Hindi,14,41,3.66,Verified,Busy,434,2025-05-30,2025-05-30
2949,majrula,7592291513,Male,Malayalam,5,25,4.47,Pending,Offline,585,2025-09-28,2025-09-28
2950,majunew,8980113636,Female,Tamil,8,18,4.6,Pending,Offline,394,2025-03-21,2025-03-21
2951,makan,7121887410,Female,English,14,33,3.55,Verified,Available,491,2025-03-22,2025-03-22
2952,makbul,6815765996,Female,English,15,37,4.2,Pending,Offline,68,2025-03-23,2025-03-23
2953,makhan,6248420864,Female,Tamil,15,29,4.79,Verified,Available,186,2025-03-11,2025-03-11
2954,makrud,6877043432,Female,Tamil,11,37,4.12,Pending,Available,232,2025-04-06,2025-04-06
2955,maksood,6539797516,Female,Tamil,0,50,4.63,Pending,Offline,265,2025-03-18,2025-03-18
2956,maksud,6438304978,Male,Tamil,18,30,3.56,Pending,Offline,413,2025-12-17,2025-12-17
2957,mala,9990873005,Female,English,17,37,4.45,Verified,Available,285,2025-08-13,2025-08-13
2958,malchand,6810430299,Male,Telugu,6,29,3.75,Verified,Busy,160,2026-01-01,2026-01-01
2959,mali,8535954817,Female,Hindi,3,46,3.58,Verified,Offline,398,2025-02-12,2025-02-12
2960,malika,6322464735,Female,Hindi,6,45,3.67,Pending,Available,213,2025-03-20,2025-03-20
2961,malkeet,7232965745,Male,English,18,27,4.93,Verified,Busy,265,2025-07-08,2025-07-08
2962,malkiat,6402628275,Male,Tamil,0,13,4.52,Verified,Available,60,2025-07-31,2025-07-31
2963,mallik,8383909789,Male,Telugu,7,43,3.83,Pending,Available,629,2025-10-17,2025-10-17
2964,mallika,6777478781,Female,Malayalam,10,23,4.87,Pending,Offline,611,2025-06-22,2025-06-22
2965,mallo,6933196072,Male,English,9,15,3.54,Verified,Busy,16,2025-04-25,2025-04-25
2966,malti,8040179585,Female,Tamil,3,36,4.04,Verified,Busy,35,2025-07-12,2025-07-12
2967,malvika,8902581560,Male,English,10,10,3.64,Pending,Busy,664,2025-04-02,2025-04-02
2968,mam,6493231712,Female,Tamil,4,41,4.29,Pending,Busy,706,2025-05-07,2025-05-07
2969,maman,6252520934,Male,Telugu,7,10,3.69,Verified,Available,245,2025-02-07,2025-02-07
2970,mamanbai,6395227698,Male,Telugu,20,6,4.18,Verified,Available,51,2025-10-19,2025-10-19
2971,mamata,6423492727,Female,Malayalam,12,48,3.96,Verified,Offline,713,2025-06-13,2025-06-13
2972,mamchand,8633522909,Male,English,15,13,4.03,Pending,Offline,656,2025-10-02,2025-10-02
2973,mamini,9739523485,Male,Kannada,12,46,3.79,Pending,Offline,435,2025-07-10,2025-07-10
2974,mamita,8464634738,Female,Kannada,13,45,4.81,Verified,Available,271,2025-07-26,2025-07-26
2975,mammta,9121103159,Female,English,6,47,3.91,Pending,Busy,14,2025-09-07,2025-09-07
2976,mamoita,7782062197,Female,Hindi,4,20,4.38,Pending,Busy,132,2025-10-31,2025-10-31
2977,mamraj,7074663861,Female,Telugu,9,32,4.36,Verified,Offline,198,2025-09-22,2025-09-22
2978,mamt,6797138982,Female,English,12,10,4.85,Verified,Available,469,2025-08-09,2025-08-09
2979,mamta,7112607324,Male,Kannada,11,33,4.39,Verified,Offline,772,2025-10-28,2025-10-28
2980,mamtha,9417632608,Female,Telugu,12,46,4.22,Pending,Available,347,2025-08-18,2025-08-18
2981,mamu,7638531988,Female,English,2,42,4.09,Pending,Offline,122,2025-10-25,2025-10-25
2982,mamuna,7225675444,Male,Malayalam,17,41,4.19,Pending,Busy,529,2025-12-02,2025-12-02
2983,mamuni,6128034152,Female,Malayalam,10,41,4.16,Pending,Available,699,2025-03-21,2025-03-21
2984,man,9824974185,Male,Tamil,15,30,3.84,Pending,Available,621,2025-06-19,2025-06-19
2985,mana,7511193751,Female,Hindi,7,19,4.77,Pending,Offline,659,2025-06-17,2025-06-17
2986,manak,9889547602,Female,Tamil,15,36,4.89,Verified,Available,357,2025-09-06,2025-09-06
2987,manali,6581458367,Female,Malayalam,8,35,4.41,Verified,Offline,17,2025-07-11,2025-07-11
2988,manash,8437317754,Male,Hindi,9,33,4.37,Verified,Offline,306,2025-07-25,2025-07-25
2989,manav,7619399636,Female,Malayalam,19,27,3.9,Verified,Offline,693,2025-11-15,2025-11-15
2990,manbai,6632621986,Male,English,17,9,4.59,Pending,Offline,132,2025-02-24,2025-02-24
2991,manbhar,7989083357,Female,Tamil,2,36,4.18,Pending,Available,375,2025-04-08,2025-04-08
2992,manbharbai,7346296661,Female,Telugu,2,45,3.71,Pending,Busy,410,2025-12-28,2025-12-28
2993,manbhari,7590215980,Female,Kannada,9,28,4.9,Verified,Busy,656,2025-01-06,2025-01-06
2994,manchan,8062001545,Male,Telugu,17,37,4.47,Pending,Busy,520,2025-05-22,2025-05-22
2995,manda,8974912395,Female,Hindi,15,10,4.72,Pending,Available,260,2025-02-17,2025-02-17
2996,mandan,6040903231,Male,Tamil,11,22,4.45,Verified,Offline,244,2025-10-11,2025-10-11
2997,mandeep,9563933846,Male,English,10,21,3.58,Pending,Busy,295,2025-01-30,2025-01-30
2998,mandi,7417730645,Female,Kannada,13,20,4.7,Verified,Available,482,2025-05-30,2025-05-30
2999,mandira,6844292049,Male,Tamil,6,38,3.58,Pending,Offline,469,2025-07-09,2025-07-09
3000,mandothi,8475436474,Female,Malayalam,2,8,3.66,Verified,Busy,243,2025-03-21,2025-03-21
3001,mandu,7922681744,Female,Telugu,9,17,4.89,Pending,Available,574,2025-03-28,2025-03-28
3002,mandvi,7430867911,Female,Hindi,9,39,4.03,Pending,Busy,197,2025-06-20,2025-06-20
3003,maneesh,9996009509,Female,English,17,43,4.26,Pending,Offline,641,2025-09-06,2025-09-06
3004,maneesha,7336760811,Female,Hindi,14,29,4.58,Verified,Available,718,2025-09-13,2025-09-13
3005,maneeta,8929814741,Male,Tamil,8,20,4.79,Pending,Busy,220,2025-07-27,2025-07-27
3006,manender,8172360332,Female,Hindi,17,8,4.42,Verified,Busy,42,2025-08-25,2025-08-25
3007,manesh,9304413410,Female,Kannada,7,46,4.74,Verified,Offline,150,2025-12-27,2025-12-27
3008,manfool,8009320299,Male,English,14,28,4.25,Pending,Busy,370,2025-01-23,2025-01-23
3009,manful,8551314648,Male,Tamil,8,22,4.75,Verified,Offline,561,2025-12-07,2025-12-07
3010,mangal,9859236780,Male,Hindi,2,50,4.07,Verified,Available,743,2025-10-14,2025-10-14
3011,mangala,8845739420,Female,Malayalam,15,26,3.5,Pending,Available,593,2025-06-02,2025-06-02
3012,mangat,6898276142,Female,Tamil,15,7,3.98,Pending,Busy,538,2025-05-04,2025-05-04
3013,mangelal,8377898670,Male,Tamil,8,37,4.76,Verified,Available,298,2025-11-24,2025-11-24
3014,mangeram,9213084503,Male,Malayalam,14,37,4.3,Verified,Offline,16,2025-05-15,2025-05-15
3015,mangeshwar,8157160225,Male,Hindi,12,32,4.77,Verified,Busy,705,2025-11-21,2025-11-21
3016,mangi,9727582258,Male,Telugu,6,18,4.9,Verified,Offline,61,2025-12-17,2025-12-17
3017,mangilal,7872970568,Female,Hindi,19,8,4.44,Verified,Available,754,2025-08-05,2025-08-05
3018,mangla,9578489362,Male,Telugu,11,49,4.46,Verified,Available,720,2025-10-02,2025-10-02
3019,manglesh,7581923027,Female,English,1,43,3.95,Verified,Offline,501,2025-12-22,2025-12-22
3020,mangol,6525826096,Female,Kannada,6,46,4.8,Verified,Available,417,2025-11-29,2025-11-29
3021,mangta,6281244850,Female,Tamil,8,49,3.88,Verified,Busy,707,2025-08-27,2025-08-27
3022,mangu,7596441166,Male,Telugu,15,7,3.8,Verified,Busy,250,2025-01-28,2025-01-28
3023,mangubai,8150244388,Female,Kannada,20,48,4.46,Pending,Busy,214,2025-10-27,2025-10-27
3024,mani,9947908740,Male,Telugu,20,29,4.97,Verified,Available,292,2025-11-17,2025-11-17
3025,manikchand,7111825105,Male,Tamil,17,38,3.91,Pending,Busy,47,2025-07-15,2025-07-15
3026,manimegla,7470190831,Male,Tamil,7,19,4.74,Pending,Offline,239,2025-12-05,2025-12-05
3027,maninder,9779411275,Female,Malayalam,11,41,4.41,Verified,Busy,732,2025-03-07,2025-03-07
3028,manira,9454111390,Female,Telugu,2,46,4.07,Verified,Busy,35,2025-11-19,2025-11-19
3029,maniram,7510649617,Female,English,9,14,4.31,Verified,Busy,611,2025-02-06,2025-02-06
3030,manisa,7979547776,Female,Tamil,0,29,3.65,Pending,Busy,568,2025-01-10,2025-01-10
3031,manish,9108575388,Male,Malayalam,16,25,4.19,Verified,Offline,505,2025-03-30,2025-03-30
3032,manisha,7744624011,Male,Hindi,0,22,4.74,Verified,Offline,252,2025-08-14,2025-08-14
3033,manit,9514335518,Male,Malayalam,3,22,4.9,Pending,Busy,521,2025-12-08,2025-12-08
3034,manita,9426251739,Male,English,2,11,4.41,Pending,Available,719,2025-02-01,2025-02-01
3035,manjar,8988486264,Female,Hindi,9,5,4.85,Verified,Busy,341,2025-09-01,2025-09-01
3036,manjeet,6704036279,Male,Tamil,8,48,4.38,Verified,Busy,727,2025-06-26,2025-06-26
3037,manjesh,9746131070,Male,Kannada,14,36,3.55,Verified,Busy,99,2025-01-16,2025-01-16
3038,manjinder,8127697724,Female,Kannada,2,44,4.23,Pending,Busy,520,2025-12-06,2025-12-06
3039,manjit,7739954783,Male,Telugu,10,14,3.66,Verified,Available,546,2025-02-07,2025-02-07
3040,manjiv,6517944986,Male,Malayalam,19,24,4.06,Verified,Busy,458,2025-09-07,2025-09-07
3041,manjoo,8927532678,Male,Hindi,17,31,4.36,Verified,Offline,587,2025-04-25,2025-04-25
3042,manju,6736478990,Female,Hindi,9,45,4.33,Pending,Busy,422,2025-03-07,2025-03-07
3043,manjula,8629133036,Female,English,19,12,4.41,Pending,Offline,381,2025-09-20,2025-09-20
3044,manjusha,9628902916,Male,Tamil,16,18,3.6,Pending,Busy,575,2025-10-30,2025-10-30
3045,manka,7830190164,Male,Hindi,15,16,4.12,Pending,Busy,26,2025-10-30,2025-10-30
3046,manku,9807325143,Female,Malayalam,19,35,4.88,Pending,Offline,776,2025-06-29,2025-06-29
3047,mankuri,6508801588,Female,Tamil,19,50,4.71,Verified,Offline,217,2025-01-10,2025-01-10
3048,manlisa,8297890556,Female,Hindi,14,22,4.98,Verified,Available,374,2025-12-09,2025-12-09
3049,manmath,7631969686,Male,Kannada,19,21,4.97,Verified,Available,485,2025-11-26,2025-11-26
3050,manmeet,6851478343,Female,Malayalam,13,42,4.93,Verified,Busy,219,2025-08-17,2025-08-17
3051,manmohan,7562739228,Male,Malayalam,3,35,3.71,Pending,Busy,706,2025-02-27,2025-02-27
3052,manni,8876231039,Male,Hindi,2,49,4.96,Verified,Busy,181,2025-11-02,2025-11-02
3053,manno,6933808146,Female,Telugu,6,22,3.77,Verified,Offline,639,2025-04-13,2025-04-13
3054,mannu,9656103060,Female,Malayalam,19,12,3.79,Pending,Busy,787,2025-04-14,2025-04-14
3055,mannulal,6555648953,Female,English,4,10,3.7,Verified,Available,742,2025-05-26,2025-05-26
3056,manohar,7643593156,Male,Kannada,3,13,4.05,Pending,Offline,706,2025-07-13,2025-07-13
3057,manoish,9760172196,Male,Kannada,15,28,4.82,Verified,Busy,590,2025-02-15,2025-02-15
3058,manoj,7246121618,Female,Kannada,13,25,3.85,Pending,Offline,447,2025-11-09,2025-11-09
3059,manojkumar,8818467744,Female,Kannada,15,32,4.55,Pending,Available,202,2025-03-02,2025-03-02
3060,manorma,6009656060,Male,Hindi,12,40,4.65,Verified,Offline,27,2025-08-08,2025-08-08
3061,manormapal,7681559446,Female,Kannada,7,6,4.71,Verified,Offline,188,2025-12-15,2025-12-15
3062,manosh,9166509713,Male,Telugu,3,31,4.73,Pending,Available,186,2025-10-03,2025-10-03
3063,manoti,6823368486,Male,English,14,34,4.73,Verified,Available,22,2025-06-22,2025-06-22
3064,manowar,7953369191,Female,Kannada,18,18,4.98,Verified,Available,148,2025-05-15,2025-05-15
3065,manphool,9600037688,Male,Telugu,6,38,3.98,Pending,Busy,297,2025-03-29,2025-03-29
3066,manpreet,8748166557,Male,Kannada,10,27,4.4,Pending,Busy,576,2025-08-14,2025-08-14
3067,manpritkour,8156526738,Female,Telugu,0,43,4.91,Pending,Busy,732,2025-10-24,2025-10-24
3068,mansa,6132041885,Male,Malayalam,0,19,3.75,Pending,Busy,496,2025-04-27,2025-04-27
3069,mansavi,6714256515,Female,Hindi,10,20,4.95,Verified,Offline,449,2025-07-29,2025-07-29
3070,mansha,7465028282,Female,English,7,15,4.22,Pending,Offline,460,2025-09-03,2025-09-03
3071,mansharam,9222716577,Male,Tamil,9,18,3.89,Verified,Available,258,2025-09-12,2025-09-12
3072,manshi,8554036704,Male,Telugu,5,36,4.42,Verified,Offline,79,2025-07-28,2025-07-28
3073,mansi,7016371454,Female,Malayalam,2,29,4.42,Pending,Available,450,2025-02-25,2025-02-25
3074,mansoor,8055423326,Male,English,12,32,4.47,Verified,Busy,711,2025-04-07,2025-04-07
3075,mansur,9452319323,Male,Malayalam,10,20,3.92,Verified,Offline,92,2025-11-27,2025-11-27
3076,mantasha,7283839531,Female,Kannada,10,43,4.82,Verified,Available,336,2025-08-15,2025-08-15
3077,manti,9396742945,Male,Kannada,6,25,4.2,Verified,Busy,517,2025-04-03,2025-04-03
3078,mantosh,9943019005,Female,English,3,37,4.44,Pending,Busy,69,2025-12-26,2025-12-26
3079,mantu,9135076067,Male,Telugu,19,35,4.63,Pending,Offline,304,2025-02-18,2025-02-18
3080,manu,7587260558,Male,Kannada,15,15,3.5,Pending,Available,705,2025-11-04,2025-11-04
3081,manuja,6635817922,Male,Kannada,1,35,4.67,Pending,Offline,660,2025-01-26,2025-01-26
3082,manuvar,6821096944,Female,Kannada,4,30,3.54,Verified,Available,545,2025-05-27,2025-05-27
3083,manvendra,7863408398,Female,Tamil,18,14,4.38,Pending,Busy,661,2025-02-23,2025-02-23
3084,manver,9810732312,Male,Malayalam,15,41,3.81,Pending,Available,513,2025-07-09,2025-07-09
3085,manvi,9792414423,Female,Tamil,7,50,3.58,Pending,Offline,154,2025-08-20,2025-08-20
3086,manvir,9942439321,Female,Malayalam,9,8,4.84,Pending,Available,618,2025-09-15,2025-09-15
3087,manwi,6451141780,Male,Kannada,8,9,4.3,Pending,Available,552,2025-05-11,2025-05-11
3088,maqsood,9263110221,Male,Telugu,1,43,3.72,Verified,Offline,740,2025-02-04,2025-02-04
3089,mariam,8445251472,Male,Malayalam,5,17,4.28,Pending,Busy,637,2025-06-19,2025-06-19
3090,marium,7319588707,Female,Hindi,8,31,4.31,Pending,Available,106,2025-02-01,2025-02-01
3091,mariya,7518897701,Female,Kannada,8,44,4.04,Verified,Available,311,2025-10-15,2025-10-15
3092,mariyam,6742062367,Female,Hindi,16,29,3.95,Pending,Available,155,2025-03-11,2025-03-11
3093,marjana,7741942008,Female,Malayalam,4,9,4.59,Verified,Offline,506,2025-11-07,2025-11-07
3094,marjina,6876721571,Female,English,15,21,4.88,Verified,Available,566,2025-04-15,2025-04-15
3095,marshilah,9278615563,Male,English,20,12,4.97,Verified,Busy,567,2025-02-06,2025-02-06
3096,marti,6272888716,Female,Malayalam,11,35,4.25,Verified,Offline,581,2025-04-29,2025-04-29
3097,marya,8245311487,Male,Malayalam,19,26,4.54,Verified,Busy,468,2025-05-28,2025-05-28
3098,maryam,8136724630,Female,English,4,13,4.99,Pending,Busy,685,2025-02-23,2025-02-23
3099,maryana,7020328954,Male,Kannada,18,16,4.14,Pending,Offline,574,2025-05-21,2025-05-21
3100,marzina,9601860730,Male,Tamil,2,12,4.76,Pending,Busy,162,2025-03-21,2025-03-21
3101,masheen,7656331751,Male,Kannada,4,47,4.23,Verified,Available,675,2025-08-16,2025-08-16
3102,mashli,8168164745,Female,English,19,20,4.56,Verified,Available,148,2025-08-02,2025-08-02
3103,masoom,9017671813,Female,Tamil,12,18,4.1,Verified,Available,384,2025-07-29,2025-07-29
3104,mast,6983296129,Female,Malayalam,13,10,3.67,Verified,Available,13,2025-06-26,2025-06-26
3105,mastan,8041945444,Female,Malayalam,2,41,4.71,Verified,Offline,110,2025-06-09,2025-06-09
3106,master,9859599457,Female,Kannada,3,6,3.55,Verified,Offline,758,2025-03-17,2025-03-17
3107,masum,8026741230,Female,Hindi,5,48,4.37,Verified,Offline,107,2025-12-22,2025-12-22
3108,masuma,8425548605,Male,Hindi,0,27,4.94,Pending,Busy,12,2025-02-17,2025-02-17
3109,mata,9274379029,Male,Tamil,10,23,3.68,Pending,Available,20,2025-04-15,2025-04-15
3110,matadeen,8039392106,Female,Hindi,9,25,4.98,Verified,Offline,528,2025-04-14,2025-04-14
3111,matbar,6440558699,Male,Tamil,12,48,3.87,Pending,Busy,666,2025-06-07,2025-06-07
3112,mathura,9033318435,Male,Telugu,19,18,3.92,Verified,Busy,490,2025-05-07,2025-05-07
3113,matok,9151344446,Female,Hindi,11,48,4.94,Pending,Busy,403,2025-04-06,2025-04-06
3114,matul,7737950111,Male,Telugu,19,30,3.61,Verified,Busy,361,2025-11-03,2025-11-03
3115,maujim,8560658598,Male,Malayalam,2,6,3.8,Pending,Offline,166,2025-10-31,2025-10-31
3116,mausam,7441022752,Female,Kannada,20,19,3.92,Verified,Busy,504,2025-04-09,2025-04-09
3117,maushid,8484605636,Male,Kannada,13,25,3.9,Verified,Available,734,2025-02-12,2025-02-12
3118,maya,6114591859,Male,Kannada,17,18,4.44,Pending,Offline,300,2025-09-30,2025-09-30
3119,mayak,8754603770,Male,English,10,20,4.32,Pending,Available,399,2025-01-27,2025-01-27
3120,mayank,8206088659,Male,Telugu,11,38,4.67,Verified,Available,353,2025-09-03,2025-09-03
3121,mayur,7406086733,Male,Telugu,14,33,4.48,Pending,Offline,748,2025-07-21,2025-07-21
3122,mayuri,7081701643,Male,Kannada,7,39,4.34,Verified,Offline,675,2025-01-23,2025-01-23
3123,mazhar,7435795794,Female,Kannada,0,5,4.09,Verified,Available,616,2025-07-31,2025-07-31
3124,mazida,7453096671,Male,Tamil,11,36,4.07,Pending,Offline,165,2025-07-13,2025-07-13
3125,meela,6059815204,Female,Kannada,19,8,4.63,Pending,Offline,609,2025-07-25,2025-07-25
3126,meena,9865833673,Female,Malayalam,19,32,4.27,Verified,Available,395,2025-09-16,2025-09-16
3127,meenakashi,8825209739,Male,Malayalam,10,21,4.61,Pending,Available,733,2025-09-14,2025-09-14
3128,meenakshi,9988786576,Male,Hindi,4,9,3.84,Verified,Busy,730,2025-06-01,2025-06-01
3129,meenat,7577866296,Female,Telugu,16,48,3.76,Pending,Offline,428,2025-10-31,2025-10-31
3130,meenaxi,8073373282,Female,Malayalam,3,40,4.12,Pending,Busy,65,2025-07-22,2025-07-22
3131,meenaz,7534847729,Female,Hindi,1,44,4.5,Pending,Available,474,2025-09-19,2025-09-19
3132,meenu,7058774028,Female,Malayalam,12,39,4.5,Verified,Available,589,2025-07-23,2025-07-23
3133,meer,7330017848,Female,Telugu,15,40,4.98,Pending,Available,395,2025-10-29,2025-10-29
3134,meera,7736296520,Male,Malayalam,5,38,4.65,Pending,Available,286,2025-12-18,2025-12-18
3135,meeramai,6245290631,Male,Kannada,16,17,3.83,Verified,Offline,60,2025-10-22,2025-10-22
3136,meesh,6379720353,Female,Hindi,20,42,4.43,Pending,Offline,20,2025-11-24,2025-11-24
3137,meeta,9308251333,Female,Tamil,18,24,3.88,Pending,Busy,90,2025-12-28,2025-12-28
3138,meethu,6809063277,Male,Malayalam,3,17,4.51,Pending,Offline,258,2025-04-13,2025-04-13
3139,meetu,7826102347,Male,English,0,43,4.2,Verified,Busy,370,2025-12-30,2025-12-30
3140,mega,9363362334,Male,Tamil,18,38,4.11,Verified,Available,653,2025-10-13,2025-10-13
3141,megh,9457877044,Male,Malayalam,2,24,4.82,Pending,Busy,665,2025-12-05,2025-12-05
3142,megha,7974495359,Male,Kannada,11,14,3.56,Verified,Available,308,2025-09-21,2025-09-21
3143,meghana,8590724332,Female,Telugu,11,45,4.99,Verified,Busy,206,2025-06-14,2025-06-14
3144,meghanath,7260924663,Male,Telugu,0,11,3.64,Pending,Busy,580,2025-04-05,2025-04-05
3145,megharaj,9937959372,Male,Telugu,19,48,4.26,Verified,Available,644,2025-04-11,2025-04-11
3146,megharam,7632293980,Female,Telugu,13,48,3.89,Pending,Available,189,2025-05-28,2025-05-28
3147,meghashayam,9271458410,Male,Kannada,10,47,4.34,Verified,Offline,774,2025-01-26,2025-01-26
3148,meghu,9528736311,Male,Malayalam,14,35,4.68,Pending,Busy,162,2025-12-25,2025-12-25
3149,megraaj,6647698221,Female,English,9,34,4.42,Verified,Busy,305,2025-07-14,2025-07-14
3150,mehak,7094906672,Female,Telugu,7,6,4.77,Pending,Offline,423,2025-03-04,2025-03-04
3151,mehandi,8676849798,Female,Tamil,1,39,4.5,Verified,Available,219,2025-07-12,2025-07-12
3152,mehar,7568620764,Male,English,14,39,3.77,Verified,Available,513,2025-08-03,2025-08-03
3153,meharban,9529766165,Female,Malayalam,1,20,3.8,Pending,Busy,702,2025-05-24,2025-05-24
3154,meharuddin,7476891237,Male,Tamil,13,9,4.99,Verified,Offline,585,2025-07-21,2025-07-21
3155,mehbob,8511260845,Male,Hindi,9,34,3.74,Pending,Busy,310,2025-11-13,2025-11-13
3156,mehboob,6765209607,Male,Kannada,18,8,3.51,Verified,Available,469,2025-06-29,2025-06-29
3157,mehfooj,6895015507,Male,Hindi,7,39,3.9,Verified,Busy,500,2025-03-22,2025-03-22
3158,mehib,6038069633,Female,Kannada,5,16,4.71,Verified,Offline,782,2025-09-18,2025-09-18
3159,mehinder,9319765686,Female,Tamil,3,37,4.84,Verified,Available,549,2025-02-15,2025-02-15
3160,mehnaj,7915161704,Male,Hindi,14,28,4.74,Pending,Available,239,2025-05-11,2025-05-11
3161,mehnaz,9814176781,Female,Malayalam,19,41,5.0,Pending,Busy,642,2025-04-14,2025-04-14
3162,mehphal,7099932330,Female,Kannada,16,31,3.87,Verified,Offline,703,2025-11-08,2025-11-08
3163,mehraj,8075271397,Male,English,0,14,3.62,Pending,Available,37,2025-11-16,2025-11-16
3164,mehronisha,9419827824,Male,Tamil,2,31,3.51,Verified,Offline,104,2025-04-12,2025-04-12
3165,mehru,9383710870,Female,Kannada,13,17,3.54,Verified,Offline,308,2025-10-14,2025-10-14
3166,mehruddin,7604460619,Male,Hindi,1,14,3.86,Verified,Available,568,2025-01-18,2025-01-18
3167,mehrunisha,8883630133,Male,Kannada,0,20,4.21,Pending,Available,238,2025-12-24,2025-12-24
3168,mehtab,8931204477,Female,Hindi,17,7,4.32,Verified,Available,573,2025-07-22,2025-07-22
3169,mehvish,6219392688,Female,Hindi,16,34,4.61,Verified,Busy,81,2025-02-09,2025-02-09
3170,mehwish,8395481055,Male,Telugu,10,47,3.64,Verified,Available,496,2025-07-28,2025-07-28
3171,mem,8061026864,Male,English,10,13,4.5,Verified,Offline,43,2025-12-06,2025-12-06
3172,mema,8839801908,Male,Kannada,19,46,3.87,Verified,Busy,130,2025-08-30,2025-08-30
3173,mena,8941581005,Male,English,6,22,3.54,Verified,Available,340,2025-08-18,2025-08-18
3174,menadevi,9045373779,Female,English,14,38,3.83,Verified,Available,537,2025-12-07,2025-12-07
3175,menakshi,8603336458,Male,Kannada,17,12,3.87,Verified,Available,106,2025-09-01,2025-09-01
3176,menka,7089514408,Female,Kannada,3,15,4.05,Pending,Offline,206,2025-07-10,2025-07-10
3177,menpal,8979497234,Male,English,16,17,3.98,Pending,Busy,531,2025-05-28,2025-05-28
3178,menu,8949455352,Male,Telugu,16,39,4.33,Pending,Offline,249,2025-07-13,2025-07-13
3179,mercy,9601588305,Female,Malayalam,9,33,3.61,Pending,Offline,261,2025-04-29,2025-04-29
3180,mero,7181384409,Female,Malayalam,13,11,4.11,Pending,Available,549,2025-10-02,2025-10-02
3181,merry,7639947841,Female,Telugu,18,30,3.66,Verified,Offline,162,2025-09-24,2025-09-24
3182,mesak,9717146866,Male,Malayalam,16,26,3.74,Verified,Offline,48,2025-08-22,2025-08-22
3183,methun,8372600234,Female,Tamil,20,10,4.74,Pending,Offline,43,2025-05-24,2025-05-24
3184,meti,6574572497,Male,Hindi,5,27,4.85,Pending,Busy,709,2025-01-12,2025-01-12
3185,metily,7293942867,Male,Telugu,20,26,3.71,Verified,Available,516,2025-03-15,2025-03-15
3186,meva,8828810056,Male,Kannada,6,8,3.58,Verified,Available,77,2025-06-19,2025-06-19
3187,mhega,7031733927,Female,Kannada,1,19,3.67,Verified,Busy,642,2025-04-13,2025-04-13
3188,mhendar,6027525629,Female,Hindi,19,30,3.86,Verified,Busy,415,2025-01-30,2025-01-30
3189,mho,9897152108,Female,Telugu,6,35,4.61,Pending,Offline,150,2025-05-09,2025-05-09
3190,mhoomad,9910675629,Male,Telugu,14,34,3.87,Pending,Offline,87,2025-07-06,2025-07-06
3191,mhosin,7114188284,Female,English,0,33,4.81,Pending,Offline,46,2025-02-09,2025-02-09
3192,michael,6481820080,Male,Tamil,7,18,4.53,Pending,Offline,236,2025-10-14,2025-10-14
3193,midda,9311781577,Female,Telugu,20,46,3.73,Pending,Offline,134,2025-04-28,2025-04-28
3194,midhana,7490972051,Female,Hindi,5,40,4.1,Verified,Available,69,2025-04-03,2025-04-03
3195,miha,6925816555,Female,Tamil,18,34,4.41,Pending,Offline,48,2025-05-31,2025-05-31
3196,mihir,7659289082,Male,Kannada,19,37,4.46,Verified,Offline,166,2025-06-20,2025-06-20
3197,mikel,7327226741,Female,Kannada,3,19,3.82,Pending,Available,631,2025-12-10,2025-12-10
3198,milan,6219604274,Male,Telugu,15,18,3.95,Pending,Offline,235,2025-09-05,2025-09-05
3199,milap,8496166326,Male,Malayalam,11,7,4.25,Pending,Busy,192,2025-01-04,2025-01-04
3200,mili,9264521554,Female,Hindi,16,21,4.78,Pending,Offline,593,2025-12-03,2025-12-03
3201,milka,9087736749,Male,Kannada,2,39,3.71,Verified,Available,636,2025-03-02,2025-03-02
3202,milkhi,6865306903,Male,Kannada,9,12,3.57,Verified,Available,218,2025-01-01,2025-01-01
3203,mina,6300114620,Male,Hindi,14,15,4.63,Pending,Available,288,2025-04-06,2025-04-06
3204,minakchi,8552955749,Male,Tamil,17,24,3.8,Verified,Busy,548,2025-09-24,2025-09-24
3205,minakshi,6625046187,Female,Telugu,13,48,3.93,Pending,Offline,448,2025-09-18,2025-09-18
3206,minaksi,9139622001,Female,Malayalam,11,45,4.62,Verified,Available,289,2025-11-15,2025-11-15
3207,minakumari,9670462667,Female,Kannada,18,40,4.99,Pending,Busy,364,2025-06-06,2025-06-06
3208,minakxi,7558744497,Male,Hindi,13,48,4.22,Verified,Available,617,2025-08-25,2025-08-25
3209,minaxi,9837153420,Female,Tamil,15,48,3.92,Pending,Offline,775,2025-12-06,2025-12-06
3210,minaxni,9045798497,Male,Kannada,9,34,4.89,Verified,Available,525,2025-08-14,2025-08-14
3211,minder,8010716612,Male,Kannada,2,46,4.94,Verified,Available,709,2025-07-07,2025-07-07
3212,mini,8735994858,Female,English,20,11,4.64,Pending,Available,285,2025-11-01,2025-11-01
3213,minitwa,9344135794,Male,Kannada,1,11,4.67,Pending,Available,459,2025-02-07,2025-02-07
3214,minka,9217641345,Male,Hindi,20,12,3.89,Verified,Available,572,2025-05-14,2025-05-14
3215,minkashi,9105141566,Female,Tamil,0,39,4.42,Verified,Busy,162,2025-11-01,2025-11-01
3216,mintu,8236325229,Female,Kannada,0,25,3.76,Pending,Available,780,2025-02-23,2025-02-23
3217,minu,9887959346,Male,Malayalam,6,39,4.2,Verified,Available,756,2025-02-23,2025-02-23
3218,mira,8872264891,Female,Kannada,7,39,4.3,Verified,Busy,47,2025-08-14,2025-08-14
3219,miraz,8442018183,Male,Telugu,11,30,4.27,Pending,Available,231,2025-02-20,2025-02-20
3220,mis,9001009577,Male,Tamil,14,10,4.61,Verified,Offline,358,2025-07-30,2025-07-30
3221,misbah,8466945573,Male,English,14,49,3.83,Pending,Offline,388,2025-05-09,2025-05-09
3222,mishbha,9983581154,Female,Kannada,9,21,4.37,Verified,Offline,540,2025-09-30,2025-09-30
3223,mishri,7747137705,Female,Telugu,18,36,4.43,Pending,Offline,530,2025-08-19,2025-08-19
3224,mishrilaal,6886102165,Male,Tamil,20,6,4.71,Pending,Offline,744,2025-08-07,2025-08-07
3225,misri,8112554038,Female,Telugu,0,14,4.5,Pending,Busy,752,2025-09-24,2025-09-24
3226,miss,6045136524,Male,Hindi,1,27,3.92,Verified,Busy,570,2025-07-03,2025-07-03
3227,mitali,8892219635,Male,Hindi,0,32,3.81,Verified,Offline,89,2025-11-15,2025-11-15
3228,mithalesh,9163802146,Male,Kannada,0,6,4.74,Pending,Available,11,2025-07-24,2025-07-24
3229,mithelash,8093966473,Male,Kannada,19,29,4.83,Verified,Offline,117,2025-07-09,2025-07-09
3230,mithi,9930984918,Female,Malayalam,2,34,4.77,Pending,Busy,486,2025-05-10,2025-05-10
3231,mithilesh,7798271428,Female,Tamil,4,21,4.47,Verified,Available,17,2025-01-17,2025-01-17
3232,mithlesh,7742343379,Female,Tamil,7,46,4.4,Verified,Offline,144,2025-01-30,2025-01-30
3233,mithu,7947923747,Male,Tamil,11,9,3.64,Verified,Available,333,2025-07-29,2025-07-29
3234,mithun,6648079693,Male,Malayalam,13,20,3.67,Pending,Busy,234,2025-04-10,2025-04-10
3235,mitlesh,9920365873,Male,Tamil,5,48,3.52,Pending,Available,397,2025-07-16,2025-07-16
3236,mitnu,9937264625,Female,Malayalam,0,40,4.16,Pending,Available,389,2025-07-10,2025-07-10
3237,mitthu,6318043339,Male,Kannada,20,20,4.6,Pending,Busy,70,2025-08-16,2025-08-16
3238,mitthun,7775378680,Female,Tamil,11,23,4.22,Pending,Available,653,2025-08-05,2025-08-05
3239,mittopuri,7454926263,Male,Tamil,2,20,3.55,Verified,Available,598,2025-05-08,2025-05-08
3240,mjudi,7719356824,Male,Telugu,4,30,4.67,Pending,Busy,640,2025-09-14,2025-09-14
3241,mmta,6452672632,Female,Hindi,14,39,4.59,Verified,Busy,598,2025-06-13,2025-06-13
3242,mnisha,6099105032,Female,Hindi,13,41,3.77,Verified,Offline,464,2025-06-30,2025-06-30
3243,mnoj,8618080014,Female,Kannada,8,9,4.62,Pending,Busy,628,2025-05-02,2025-05-02
3244,mnyak,9782698180,Male,Malayalam,20,33,4.06,Verified,Offline,337,2025-06-19,2025-06-19
3245,mobarkar,9707623994,Female,Malayalam,1,18,3.87,Verified,Available,556,2025-02-28,2025-02-28
3246,mobin,8503136389,Female,Malayalam,7,46,3.88,Verified,Busy,298,2025-09-28,2025-09-28
3247,mobsheera,7641004269,Female,Kannada,3,16,4.21,Verified,Busy,758,2025-05-31,2025-05-31
3248,modh,7068950891,Female,Malayalam,7,34,4.69,Verified,Available,95,2025-08-17,2025-08-17
3249,mogan,9732759739,Female,Hindi,4,50,3.54,Verified,Offline,411,2025-01-08,2025-01-08
3250,mogli,9164774370,Female,Kannada,18,28,4.71,Pending,Busy,403,2025-03-07,2025-03-07
3251,moh,6333720834,Female,Hindi,13,22,4.3,Pending,Offline,459,2025-08-11,2025-08-11
3252,moh0,9837349726,Female,Hindi,6,14,4.47,Pending,Busy,702,2025-08-01,2025-08-01
3253,mohabbat,7035547067,Male,Malayalam,4,17,3.59,Pending,Busy,562,2025-05-18,2025-05-18
3254,mohad,9167132854,Male,Telugu,0,22,4.28,Pending,Busy,276,2025-08-08,2025-08-08
3255,mohak,6283035991,Female,Kannada,0,9,3.97,Verified,Offline,510,2025-08-13,2025-08-13
3256,moham,9719492832,Female,Kannada,10,47,4.79,Pending,Available,571,2025-01-20,2025-01-20
3257,mohamad,9117657761,Male,Telugu,11,29,3.56,Verified,Offline,650,2025-01-13,2025-01-13
3258,mohammad,9345601462,Male,Tamil,6,30,4.43,Verified,Busy,250,2025-06-22,2025-06-22
3259,mohan,7029070549,Male,Kannada,13,25,3.87,Pending,Offline,285,2025-07-09,2025-07-09
3260,mohani,9369728882,Male,Telugu,2,39,4.7,Verified,Available,553,2025-07-16,2025-07-16
3261,mohanlal,7519418829,Female,Tamil,17,16,4.26,Pending,Available,579,2025-06-14,2025-06-14
3262,mohanram,8088199128,Female,Tamil,2,9,4.5,Verified,Offline,229,2025-03-20,2025-03-20
3263,mohar,9857685804,Male,Kannada,9,10,4.75,Pending,Available,241,2025-04-24,2025-04-24
3264,moharan,6317675804,Male,Malayalam,17,23,4.27,Verified,Offline,240,2025-10-22,2025-10-22
3265,mohardi,8510633773,Female,Tamil,9,47,4.03,Verified,Offline,192,2025-12-15,2025-12-15
3266,mohatter,9782787839,Male,Telugu,1,46,4.57,Verified,Offline,760,2025-12-10,2025-12-10
3267,mohd,7383783783,Male,Kannada,18,34,4.66,Verified,Busy,661,2025-03-12,2025-03-12
3268,mohhmad,9350151036,Male,Tamil,5,13,4.71,Pending,Available,596,2025-10-30,2025-10-30
3269,mohini,9712853100,Male,English,16,18,3.74,Verified,Busy,490,2025-04-13,2025-04-13
3270,mohinuddin,8504113945,Female,Malayalam,13,13,3.51,Pending,Offline,653,2025-02-25,2025-02-25
3271,mohit,9912483608,Male,Hindi,6,50,4.37,Verified,Offline,109,2025-09-22,2025-09-22
3272,mohmad,7145054043,Male,Malayalam,19,10,4.44,Pending,Available,22,2025-05-29,2025-05-29
3273,mohmed,9402826598,Male,English,10,45,4.49,Verified,Offline,152,2025-08-21,2025-08-21
3274,mohmmad,6600684219,Male,English,18,7,3.96,Verified,Offline,98,2025-08-21,2025-08-21
3275,mohmmd,7139779046,Male,Hindi,0,5,4.23,Pending,Offline,438,2025-06-26,2025-06-26
3276,mohni,9410751202,Female,Malayalam,20,36,4.24,Pending,Busy,85,2025-08-03,2025-08-03
3277,mohseena,8826632089,Female,Tamil,17,35,4.36,Pending,Offline,570,2025-07-16,2025-07-16
3278,mohsin,6221586527,Male,Hindi,4,31,4.86,Verified,Offline,106,2025-07-21,2025-07-21
3279,mohsina,8844838546,Male,Telugu,4,39,4.54,Verified,Available,76,2025-05-07,2025-05-07
3280,moin,9992819028,Female,Tamil,13,40,3.8,Pending,Offline,716,2025-07-31,2025-07-31
3281,moinuddin,6479956006,Female,Tamil,14,44,3.83,Pending,Busy,46,2025-06-22,2025-06-22
3282,moka,8431407828,Male,Hindi,1,46,4.85,Verified,Busy,549,2025-03-25,2025-03-25
3283,mokida,7096519496,Female,Hindi,13,38,4.6,Verified,Available,151,2025-10-20,2025-10-20
3284,molu,9183513370,Male,Malayalam,13,5,4.96,Verified,Offline,297,2025-08-15,2025-08-15
3285,momena,7755722270,Male,Hindi,6,25,4.87,Verified,Busy,474,2025-02-11,2025-02-11
3286,momin,6250224514,Female,Malayalam,18,45,4.28,Pending,Offline,46,2025-11-23,2025-11-23
3287,momina,9898454560,Male,Hindi,8,17,4.94,Pending,Available,185,2025-07-29,2025-07-29
3288,momita,8087670351,Male,English,17,50,5.0,Verified,Offline,238,2025-02-01,2025-02-01
3289,mona,7630461434,Female,Malayalam,15,31,4.68,Pending,Offline,3,2025-01-20,2025-01-20
3290,monam,6368555493,Female,Malayalam,6,26,3.79,Pending,Busy,325,2025-09-14,2025-09-14
3291,moni,6753427537,Female,Tamil,15,44,4.95,Verified,Busy,257,2025-12-15,2025-12-15
3292,monika,8563621169,Male,Hindi,4,32,4.61,Pending,Available,418,2025-09-01,2025-09-01
3293,monini,8235027057,Female,Hindi,5,50,4.53,Pending,Available,407,2025-12-29,2025-12-29
3294,monish,9078876672,Female,Telugu,18,18,3.95,Verified,Busy,214,2025-01-17,2025-01-17
3295,monny,9510427746,Female,Tamil,11,8,4.05,Verified,Offline,625,2025-08-09,2025-08-09
3296,monti,7266057740,Male,Tamil,8,45,4.41,Verified,Offline,619,2025-08-23,2025-08-23
3297,montu,9472472010,Male,Telugu,15,27,4.47,Pending,Busy,139,2025-10-04,2025-10-04
3298,monty,6445539954,Male,Malayalam,13,29,4.48,Verified,Offline,511,2025-12-08,2025-12-08
3299,monu,6057767590,Male,Hindi,17,27,4.86,Verified,Busy,93,2025-12-11,2025-12-11
3300,monupal,9524081055,Male,Hindi,8,23,4.4,Verified,Offline,427,2025-12-03,2025-12-03
3301,mony,6075957500,Female,Malayalam,5,36,4.33,Verified,Busy,473,2025-07-26,2025-07-26
3302,mookan,7905004836,Male,Tamil,18,30,3.6,Verified,Busy,635,2025-01-06,2025-01-06
3303,mool,9839477416,Female,Telugu,11,12,3.88,Pending,Busy,42,2025-07-09,2025-07-09
3304,moolchand,8851792167,Male,Kannada,9,25,3.85,Pending,Busy,373,2025-01-30,2025-01-30
3305,moolchul,9118180288,Male,Kannada,16,9,3.54,Pending,Available,153,2025-06-17,2025-06-17
3306,mooldan,7019896483,Male,Kannada,5,39,4.34,Pending,Busy,178,2025-07-05,2025-07-05
3307,mooli,6963536731,Male,Hindi,20,23,3.54,Verified,Available,198,2025-07-15,2025-07-15
3308,moona,8357572332,Female,Telugu,11,42,3.85,Pending,Available,391,2025-11-16,2025-11-16
3309,moral,9692128543,Female,Malayalam,2,6,5.0,Pending,Offline,354,2025-08-24,2025-08-24
3310,morki,9162668118,Male,Hindi,12,9,4.97,Verified,Available,595,2025-01-07,2025-01-07
3311,mosam,8749153526,Female,Telugu,15,14,4.76,Pending,Busy,536,2025-07-13,2025-07-13
3312,moshad,8247361097,Male,English,10,24,4.19,Verified,Busy,754,2025-07-25,2025-07-25
3313,moshin,8372205354,Female,Tamil,19,27,4.21,Verified,Busy,665,2025-09-11,2025-09-11
3314,moshri,6901613251,Female,Tamil,2,15,3.63,Pending,Busy,179,2025-03-22,2025-03-22
3315,mosim,7030678759,Female,Kannada,15,7,4.63,Verified,Available,768,2025-11-12,2025-11-12
3316,mosmi,7571445286,Male,English,6,39,4.47,Pending,Offline,673,2025-01-17,2025-01-17
3317,moti,7991376687,Female,Kannada,19,42,4.09,Verified,Available,664,2025-02-21,2025-02-21
3318,motilaal,9479001104,Female,Malayalam,6,31,4.06,Pending,Offline,741,2025-07-18,2025-07-18
3319,motilal,9874448250,Female,English,19,25,4.96,Verified,Available,394,2025-07-12,2025-07-12
3320,motolal,9085216049,Female,English,13,40,4.89,Verified,Busy,477,2025-09-17,2025-09-17
3321,mousam,6687198475,Male,Hindi,15,18,4.55,Pending,Available,183,2025-06-10,2025-06-10
3322,mousin,7385353057,Female,Kannada,1,14,3.55,Pending,Available,761,2025-03-01,2025-03-01
3323,mrityunjay,7843952000,Female,Malayalam,10,27,3.71,Pending,Available,669,2025-05-09,2025-05-09
3324,mrs,7253163838,Male,Kannada,17,22,4.06,Pending,Available,20,2025-04-17,2025-04-17
3325,mubarik,9522590379,Male,Kannada,8,40,3.7,Pending,Offline,760,2025-06-18,2025-06-18
3326,mubashir,8211225980,Male,English,11,9,4.48,Verified,Available,571,2025-12-23,2025-12-23
3327,mubshshira,8535303493,Male,Tamil,8,20,4.07,Verified,Offline,600,2025-07-22,2025-07-22
3328,mudasar,6807431663,Male,Malayalam,16,45,3.6,Pending,Offline,510,2025-06-02,2025-06-02
3329,mudbir,6991018653,Male,Tamil,15,24,4.22,Verified,Offline,673,2025-10-12,2025-10-12
3330,mudrika,9506913825,Female,English,17,37,4.28,Pending,Available,770,2025-03-02,2025-03-02
3331,mudsay,7856600116,Male,Malayalam,6,20,3.57,Verified,Available,197,2025-06-09,2025-06-09
3332,mudsir,9166441136,Female,Kannada,8,27,4.67,Verified,Available,777,2025-03-15,2025-03-15
3333,mudssir,8693994340,Male,Malayalam,17,28,4.66,Verified,Offline,694,2025-05-05,2025-05-05
3334,muhmad,8778878182,Female,Kannada,15,40,4.57,Verified,Offline,542,2025-09-24,2025-09-24
3335,mujaffar,9996824373,Male,Tamil,7,20,4.71,Verified,Busy,632,2025-05-21,2025-05-21
3336,mujeeb,6853660149,Female,Hindi,10,8,3.85,Verified,Available,259,2025-09-25,2025-09-25
3337,mujefir,6471745784,Male,Tamil,13,40,4.56,Pending,Busy,336,2025-03-06,2025-03-06
3338,mujibu,8019925356,Male,Tamil,13,10,4.93,Verified,Busy,351,2025-08-28,2025-08-28
3339,mukaram,9446989498,Male,English,14,48,4.34,Pending,Available,688,2025-07-29,2025-07-29
3340,mukat,8608795007,Female,Tamil,15,48,4.0,Verified,Busy,426,2025-07-17,2025-07-17
3341,mukeemuddin,9561185312,Male,Telugu,3,24,3.81,Pending,Busy,578,2025-08-23,2025-08-23
3342,mukesh,9624740259,Female,Telugu,2,43,3.66,Pending,Busy,136,2025-08-14,2025-08-14
3343,mukhtar,7788915254,Male,Telugu,5,19,4.27,Pending,Busy,28,2025-08-31,2025-08-31
3344,mukhtiyar,8014273756,Male,Kannada,18,44,3.51,Pending,Offline,756,2025-06-17,2025-06-17
3345,mukhtyar,8875042060,Female,English,15,47,3.86,Verified,Busy,97,2025-12-03,2025-12-03
3346,mukiman,6393297783,Male,Malayalam,4,24,4.43,Verified,Offline,153,2025-10-05,2025-10-05
3347,mukish,8858440016,Female,Hindi,7,35,4.56,Pending,Available,487,2025-12-04,2025-12-04
3348,mukkesh,8964244394,Male,English,2,49,3.89,Pending,Offline,585,2025-10-18,2025-10-18
3349,mukram,7979005232,Male,Malayalam,15,29,4.71,Pending,Offline,737,2025-05-14,2025-05-14
3350,muksndi,6570455879,Female,Telugu,3,42,3.83,Verified,Available,510,2025-07-13,2025-07-13
3351,mukti,9262316959,Female,Tamil,1,11,4.85,Verified,Offline,351,2025-03-14,2025-03-14
3352,mukul,7348483175,Male,English,13,46,3.83,Pending,Busy,54,2025-02-23,2025-02-23
3353,mukund,7454880967,Female,Telugu,5,49,4.41,Verified,Available,110,2025-08-11,2025-08-11
3354,mul,7534670149,Female,Kannada,17,38,4.94,Verified,Busy,273,2025-04-10,2025-04-10
3355,mula,7193610832,Female,English,14,33,4.19,Pending,Offline,212,2025-09-07,2025-09-07
3356,muli,6957561465,Female,Tamil,6,48,3.68,Verified,Available,80,2025-10-07,2025-10-07
3357,mulina,8778701955,Male,Hindi,15,27,4.94,Verified,Busy,235,2025-06-28,2025-06-28
3358,multan,9911249099,Male,Telugu,1,8,4.47,Verified,Offline,97,2025-12-27,2025-12-27
3359,mum,8194899496,Female,Kannada,3,17,4.23,Verified,Busy,136,2025-11-26,2025-11-26
3360,mumtaj,6190735851,Female,Kannada,14,29,4.61,Pending,Busy,388,2025-10-25,2025-10-25
3361,mumtaz,7517227855,Female,English,3,9,4.17,Verified,Busy,318,2025-10-09,2025-10-09
3362,munajir,6014009368,Male,English,19,31,3.79,Pending,Busy,649,2025-08-11,2025-08-11
3363,munbura,6535960104,Male,Tamil,11,26,4.02,Pending,Offline,503,2025-06-14,2025-06-14
3364,munder,6930708743,Male,Hindi,15,16,3.96,Pending,Busy,784,2025-11-17,2025-11-17
3365,muneer,6186646326,Male,Malayalam,18,34,4.13,Pending,Offline,494,2025-07-16,2025-07-16
3366,munender,6299841953,Male,Malayalam,0,33,4.35,Pending,Busy,750,2025-02-07,2025-02-07
3367,munesh,9236658602,Female,Telugu,16,33,3.57,Pending,Offline,430,2025-01-12,2025-01-12
3368,muni,9659337924,Male,English,18,45,3.96,Verified,Available,206,2025-03-14,2025-03-14
3369,munia,6807916909,Female,Telugu,16,34,4.56,Verified,Busy,525,2025-05-08,2025-05-08
3370,munish,9210883178,Male,Kannada,9,31,4.41,Verified,Busy,317,2025-03-27,2025-03-27
3371,munjira,9275004076,Male,Hindi,18,11,3.65,Verified,Busy,678,2025-12-25,2025-12-25
3372,munkad,8200146721,Male,English,13,16,3.75,Pending,Available,483,2025-09-25,2025-09-25
3373,munmun,6067735262,Female,Tamil,2,35,4.81,Verified,Available,198,2025-05-23,2025-05-23
3374,munna,8617516198,Male,English,19,36,3.92,Pending,Offline,445,2025-08-12,2025-08-12
3375,munnadevi,7374999271,Female,Malayalam,19,48,4.13,Pending,Busy,154,2025-01-27,2025-01-27
3376,munnakumar,8984046074,Female,Tamil,20,22,4.14,Verified,Busy,371,2025-09-08,2025-09-08
3377,munnawar,9898143924,Male,Telugu,14,33,4.47,Verified,Offline,690,2025-05-02,2025-05-02
3378,munne,8705951810,Male,English,14,41,3.58,Verified,Busy,197,2025-06-11,2025-06-11
3379,munnem,9830234938,Male,Tamil,1,22,3.63,Pending,Busy,341,2025-03-14,2025-03-14
3380,munni,9864214824,Male,Hindi,4,46,3.85,Verified,Busy,50,2025-03-12,2025-03-12
3381,munnia,9824047993,Female,Hindi,15,48,4.32,Pending,Available,588,2025-05-04,2025-05-04
3382,munnu,8672069400,Male,Telugu,19,41,4.13,Pending,Busy,112,2025-11-29,2025-11-29
3383,munny,9894208836,Female,Hindi,19,33,4.27,Verified,Offline,731,2025-09-24,2025-09-24
3384,munshi,7425315950,Female,Malayalam,3,21,4.31,Pending,Available,718,2025-01-09,2025-01-09
3385,munsi,8357158772,Female,Kannada,7,49,4.16,Verified,Busy,454,2025-03-09,2025-03-09
3386,muntajar,9183388126,Female,Kannada,8,29,4.95,Pending,Offline,617,2025-08-03,2025-08-03
3387,muntiyaj,9257024602,Male,Hindi,15,21,4.94,Pending,Offline,707,2025-08-19,2025-08-19
3388,muntjar,9636483084,Female,Kannada,12,34,4.7,Verified,Available,713,2025-04-23,2025-04-23
3389,muntrin,7160729369,Female,Malayalam,0,30,4.18,Pending,Available,561,2025-02-13,2025-02-13
3390,muqhtar,9461978305,Female,Malayalam,2,43,4.99,Pending,Available,407,2025-08-04,2025-08-04
3391,murad,7291741534,Male,Hindi,1,18,4.66,Pending,Busy,95,2025-03-04,2025-03-04
3392,murari,8301264272,Female,Malayalam,10,29,4.43,Pending,Offline,27,2025-03-16,2025-03-16
3393,murarilal,6830387480,Female,English,20,35,4.39,Verified,Offline,712,2025-08-21,2025-08-21
3394,murjina,7859626193,Male,Malayalam,3,39,3.75,Verified,Busy,770,2025-07-06,2025-07-06
3395,murli,7823027470,Male,Hindi,3,11,4.79,Verified,Busy,50,2025-12-01,2025-12-01
3396,murshida,8170450266,Male,English,16,22,4.86,Pending,Busy,567,2025-06-26,2025-06-26
3397,mursida,8003166998,Male,Malayalam,0,23,4.82,Pending,Offline,465,2025-12-19,2025-12-19
3398,murti,6419650367,Female,Tamil,14,32,4.83,Pending,Offline,290,2025-01-31,2025-01-31
3399,murtibai,8831582089,Male,Tamil,19,38,4.3,Pending,Available,73,2025-06-30,2025-06-30
3400,musarrat,8410635219,Male,Malayalam,17,45,4.21,Verified,Busy,314,2025-01-24,2025-01-24
3401,mushir,8616695554,Male,Telugu,0,32,4.77,Pending,Offline,596,2025-04-17,2025-04-17
3402,mushkan,7500017302,Male,Malayalam,14,37,4.82,Pending,Available,494,2025-02-05,2025-02-05
3403,mushrraf,6162766885,Female,Hindi,1,29,4.15,Verified,Available,689,2025-08-15,2025-08-15
3404,musibat,7133321509,Male,Kannada,1,17,3.58,Verified,Offline,90,2025-05-06,2025-05-06
3405,muskaan,7565534205,Male,Kannada,12,23,4.37,Verified,Offline,683,2025-09-18,2025-09-18
3406,muskan,7424988289,Female,Hindi,15,13,3.82,Verified,Busy,61,2025-12-24,2025-12-24
3407,muskarn,8958389836,Female,Telugu,7,50,3.84,Pending,Busy,719,2025-11-09,2025-11-09
3408,muskhan,8322078496,Male,Hindi,5,22,4.17,Pending,Busy,545,2025-01-13,2025-01-13
3409,muskuran,7792686008,Male,Kannada,6,34,4.53,Verified,Busy,30,2025-09-24,2025-09-24
3410,muslim,8524204321,Female,Malayalam,4,41,4.85,Pending,Busy,302,2025-07-06,2025-07-06
3411,musmi,8790863250,Male,English,9,34,3.84,Verified,Offline,674,2025-09-19,2025-09-19
3412,musra,8448244771,Male,English,15,15,4.48,Pending,Available,521,2025-08-27,2025-08-27
3413,musrat,8704798509,Male,Telugu,20,9,4.6,Verified,Busy,365,2025-09-14,2025-09-14
3414,mustafa,8650146694,Male,Kannada,1,47,3.64,Verified,Available,704,2025-04-10,2025-04-10
3415,mustak,7670245587,Female,Tamil,13,32,4.61,Verified,Busy,89,2025-06-28,2025-06-28
3416,mustaq,6097817718,Male,Hindi,20,37,4.18,Pending,Available,358,2025-12-28,2025-12-28
3417,mustikeem,6077570430,Male,Malayalam,2,41,4.69,Pending,Offline,639,2025-07-11,2025-07-11
3418,mustkeem,9455258297,Male,English,8,43,4.45,Pending,Available,479,2025-10-11,2025-10-11
3419,mustki,7868884365,Male,Telugu,12,5,4.29,Pending,Offline,223,2025-10-11,2025-10-11
3420,mustkim,9694946906,Female,English,6,7,4.76,Pending,Busy,82,2025-02-18,2025-02-18
3421,muzamiil,7070108484,Male,Kannada,13,13,3.64,Pending,Offline,252,2025-07-04,2025-07-04
3422,muzim,6761685239,Male,Tamil,8,19,4.92,Pending,Offline,389,2025-09-14,2025-09-14
3423,muzmil,9659577476,Female,Hindi,12,15,4.65,Verified,Offline,695,2025-10-03,2025-10-03
3424,naajim,7624618377,Male,Telugu,5,6,4.1,Verified,Busy,725,2025-02-09,2025-02-09
3425,nabal,9380325068,Male,Telugu,2,6,4.65,Pending,Busy,448,2025-01-07,2025-01-07
3426,nabav,9224360750,Female,Tamil,20,20,4.58,Verified,Offline,449,2025-04-30,2025-04-30
3427,nabi,8768676516,Male,Hindi,20,27,4.46,Verified,Offline,664,2025-08-29,2025-08-29
3428,nabijan,8056843755,Female,Telugu,10,48,4.21,Pending,Available,213,2025-12-03,2025-12-03
3429,nabila,8550890417,Male,Hindi,7,29,4.49,Pending,Busy,217,2025-03-03,2025-03-03
3430,nachita,6862638935,Female,English,10,6,3.85,Pending,Offline,139,2025-05-31,2025-05-31
3431,nadeem,9323843175,Female,Kannada,14,12,4.78,Verified,Busy,287,2025-06-26,2025-06-26
3432,nadem,7434303013,Male,Telugu,15,25,4.0,Verified,Available,144,2025-06-12,2025-06-12
3433,nadhim,9596871752,Male,Hindi,19,15,3.91,Verified,Offline,497,2025-09-07,2025-09-07
3434,nadim,8203578067,Male,Hindi,13,50,4.05,Verified,Busy,277,2025-11-03,2025-11-03
3435,nadir,6357038882,Male,Malayalam,1,39,4.71,Pending,Busy,774,2025-11-05,2025-11-05
3436,naeem,8218891925,Male,English,13,20,3.76,Pending,Offline,745,2025-07-10,2025-07-10
3437,nafe,7771885171,Female,Malayalam,17,38,4.18,Pending,Busy,600,2025-02-22,2025-02-22
3438,nafeesa,8555756735,Female,Kannada,11,13,4.58,Verified,Offline,677,2025-05-10,2025-05-10
3439,nafisa,6319398077,Male,English,0,22,3.72,Verified,Available,156,2025-01-24,2025-01-24
3440,nagaji,7778262106,Male,Tamil,16,25,4.44,Pending,Offline,142,2025-12-17,2025-12-17
3441,nagender,9564285346,Male,Malayalam,10,39,4.17,Pending,Available,469,2025-05-12,2025-05-12
3442,nagendra,6600677704,Male,Tamil,9,48,4.61,Pending,Offline,139,2025-12-20,2025-12-20
3443,nagia,7103648829,Male,Kannada,13,14,3.68,Pending,Offline,589,2025-06-02,2025-06-02
3444,nagina,6084563090,Male,Malayalam,9,21,4.17,Pending,Offline,214,2025-04-08,2025-04-08
3445,nagma,6565257673,Female,Hindi,1,21,4.6,Pending,Offline,133,2025-10-24,2025-10-24
3446,nahani,8616334446,Female,Tamil,3,37,4.94,Pending,Available,681,2025-06-17,2025-06-17
3447,nahar,6096034876,Female,Hindi,11,28,4.92,Verified,Available,227,2025-08-04,2025-08-04
3448,nahid,9438646227,Female,Malayalam,20,48,3.99,Verified,Busy,687,2025-06-09,2025-06-09
3449,nahida,7146551543,Male,Kannada,10,50,4.46,Pending,Busy,361,2025-12-23,2025-12-23
3450,naim,6738698155,Female,Tamil,3,20,4.6,Pending,Offline,588,2025-09-18,2025-09-18
3451,naima,6221143719,Female,Hindi,5,12,4.47,Verified,Available,404,2025-08-22,2025-08-22
3452,naimuddin,9766095847,Male,English,19,23,3.84,Verified,Available,459,2025-06-15,2025-06-15
3453,nain,7556457602,Male,English,2,19,3.63,Pending,Busy,425,2025-10-28,2025-10-28
3454,naina,6150575738,Male,Malayalam,11,11,4.99,Verified,Available,394,2025-03-09,2025-03-09
3455,nainshi,7797141180,Female,Malayalam,3,29,4.33,Pending,Offline,626,2025-09-06,2025-09-06
3456,naisi,7485078764,Female,Telugu,0,37,3.96,Verified,Offline,404,2025-10-07,2025-10-07
3457,naitik,7753796051,Female,English,8,47,3.73,Verified,Offline,231,2025-04-19,2025-04-19
3458,najar,7663127160,Female,Tamil,12,12,3.8,Verified,Busy,325,2025-12-09,2025-12-09
3459,najara,8957988543,Male,Tamil,20,46,4.5,Verified,Busy,353,2025-11-30,2025-11-30
3460,najarana,8939561895,Male,Telugu,15,33,3.95,Pending,Busy,639,2025-10-25,2025-10-25
3461,najda,7489161084,Male,Hindi,13,12,4.4,Verified,Busy,19,2025-06-11,2025-06-11
3462,najim,9609065383,Male,Kannada,19,15,3.95,Verified,Offline,386,2025-11-25,2025-11-25
3463,najimuddin,6089454919,Male,Malayalam,5,26,5.0,Verified,Offline,123,2025-02-09,2025-02-09
3464,najira,6745747484,Female,Hindi,12,5,4.39,Pending,Busy,701,2025-07-27,2025-07-27
3465,najis,6317277747,Male,Hindi,8,33,4.26,Pending,Busy,231,2025-05-16,2025-05-16
3466,najiya,9464373475,Female,Hindi,9,37,3.8,Verified,Busy,664,2025-08-01,2025-08-01
3467,najma,6773459010,Male,Telugu,2,17,4.04,Verified,Offline,100,2025-09-03,2025-09-03
3468,najmin,6553517623,Male,Malayalam,3,18,3.56,Verified,Offline,776,2025-12-18,2025-12-18
3469,najni,6194307369,Male,Tamil,14,27,3.73,Pending,Busy,105,2025-09-28,2025-09-28
3470,najo,6527184900,Female,English,20,39,4.41,Pending,Busy,734,2025-04-12,2025-04-12
3471,najrana,6358873887,Female,Hindi,15,7,3.54,Verified,Busy,223,2025-07-31,2025-07-31
3472,najre,8643527680,Male,English,11,43,4.89,Verified,Busy,205,2025-11-08,2025-11-08
3473,najreen,8472514398,Female,Tamil,15,7,4.24,Verified,Available,263,2025-07-20,2025-07-20
3474,najrin,9649292019,Female,Malayalam,1,44,4.1,Verified,Offline,392,2025-05-09,2025-05-09
3475,najubai,6376909271,Male,Tamil,8,39,4.51,Verified,Available,672,2025-04-25,2025-04-25
3476,nakched,9942129211,Male,English,17,44,4.33,Verified,Available,27,2025-06-17,2025-06-17
3477,nakul,7308553092,Male,Kannada,3,26,4.44,Pending,Offline,204,2025-12-11,2025-12-11
3478,naman,8493106784,Male,Telugu,2,22,4.22,Verified,Busy,670,2025-09-15,2025-09-15
3479,namarta,9995366862,Female,English,4,32,4.82,Verified,Available,103,2025-06-23,2025-06-23
3480,name,9319313161,Female,Tamil,16,37,3.73,Verified,Offline,519,2025-06-22,2025-06-22
3481,nameeta,8549460738,Male,Hindi,6,42,4.98,Verified,Offline,250,2025-06-12,2025-06-12
3482,namen,9488088984,Male,English,19,41,4.68,Verified,Busy,63,2025-03-28,2025-03-28
3483,namita,7836405618,Male,Malayalam,18,31,3.99,Verified,Offline,506,2025-05-31,2025-05-31
3484,namra,9626096618,Female,Telugu,18,23,4.2,Pending,Offline,499,2025-10-05,2025-10-05
3485,nana,8284497081,Female,English,14,7,4.58,Verified,Available,745,2025-10-08,2025-10-08
3486,nanagram,9747051108,Female,Malayalam,1,15,3.95,Pending,Offline,229,2025-05-23,2025-05-23
3487,nanak,6249698147,Male,Malayalam,19,35,4.61,Pending,Offline,108,2025-01-07,2025-01-07
3488,nancy,7211947155,Male,Malayalam,5,36,3.59,Verified,Busy,489,2025-01-15,2025-01-15
3489,nand,8870494224,Male,Hindi,12,36,4.0,Verified,Busy,592,2025-12-14,2025-12-14
3490,nanda,9812942914,Male,English,12,30,3.79,Pending,Busy,540,2025-03-06,2025-03-06
3491,nandani,6878262189,Female,Malayalam,2,46,4.87,Pending,Busy,352,2025-06-12,2025-06-12
3492,nandi,8956177675,Male,Kannada,18,26,3.72,Pending,Busy,683,2025-02-04,2025-02-04
3493,nandini,9176533809,Male,Kannada,2,40,4.37,Verified,Offline,47,2025-09-14,2025-09-14
3494,nandita,8352006394,Male,English,6,35,3.53,Pending,Available,771,2025-01-01,2025-01-01
3495,nandkishore,6570396285,Male,Tamil,13,38,4.24,Pending,Offline,526,2025-03-27,2025-03-27
3496,nandni,9460224871,Female,Malayalam,7,43,3.97,Pending,Available,552,2025-02-01,2025-02-01
3497,nandram,6937731480,Male,English,19,43,4.43,Verified,Offline,47,2025-06-27,2025-06-27
3498,nandu,6386262703,Female,Telugu,12,33,3.92,Verified,Offline,558,2025-01-31,2025-01-31
3499,nanhe,8697623845,Male,Hindi,8,5,4.4,Verified,Busy,264,2025-04-04,2025-04-04
3500,nanhey,8796882582,Male,Kannada,4,11,4.81,Pending,Available,282,2025-05-05,2025-05-05
3501,nanhu,8722453718,Male,English,0,21,4.52,Pending,Offline,151,2025-03-18,2025-03-18
3502,nanka,8372285481,Male,English,2,8,4.43,Pending,Available,27,2025-07-18,2025-07-18
3503,nankesh,8965374377,Female,Telugu,10,49,3.56,Verified,Available,783,2025-09-10,2025-09-10
3504,nanki,8033675258,Female,Kannada,8,47,4.12,Verified,Offline,232,2025-02-24,2025-02-24
3505,nanku,9303165404,Male,Telugu,20,34,4.41,Verified,Available,259,2025-05-24,2025-05-24
3506,nanni,6710178464,Female,Kannada,2,39,4.23,Pending,Available,642,2025-12-20,2025-12-20
3507,nannu,9236022288,Female,Tamil,9,45,4.54,Pending,Offline,293,2025-05-27,2025-05-27
3508,nano,9084930910,Female,Kannada,20,7,3.69,Verified,Offline,75,2025-04-28,2025-04-28
3509,nanshi,6074720159,Female,Hindi,8,47,4.15,Pending,Busy,211,2025-01-15,2025-01-15
3510,nanu,7325167170,Male,Tamil,5,49,4.05,Pending,Busy,103,2025-04-30,2025-04-30
3511,nanveet,7667829655,Female,Kannada,18,39,4.55,Verified,Offline,378,2025-10-06,2025-10-06
3512,nar,9237598427,Female,Telugu,13,29,4.05,Verified,Busy,516,2025-04-05,2025-04-05
3513,narain,6983142075,Female,Tamil,6,8,3.87,Pending,Busy,730,2025-10-03,2025-10-03
3514,naraini,9939824634,Male,Hindi,7,27,4.78,Pending,Offline,365,2025-02-25,2025-02-25
3515,narander,8012420603,Female,English,13,47,3.81,Verified,Offline,151,2025-02-09,2025-02-09
3516,narayan,7881285993,Female,Hindi,4,33,3.77,Pending,Offline,786,2025-06-12,2025-06-12
3517,narayani,7662230017,Male,Tamil,5,6,4.21,Pending,Available,52,2025-03-10,2025-03-10
3518,narbada,6380080926,Female,Malayalam,1,46,4.47,Pending,Offline,511,2025-07-31,2025-07-31
3519,narbahadur,6078684417,Male,Tamil,6,22,3.68,Verified,Busy,171,2025-01-31,2025-01-31
3520,narbda,6557568594,Female,Malayalam,2,27,3.99,Verified,Offline,763,2025-01-19,2025-01-19
3521,narbir,6381177406,Male,English,18,49,3.86,Pending,Offline,197,2025-02-28,2025-02-28
3522,narendar,8609798592,Female,Tamil,15,39,4.06,Pending,Offline,665,2025-08-11,2025-08-11
3523,narender,9779339927,Female,Hindi,5,36,4.14,Pending,Available,526,2025-08-26,2025-08-26
3524,narendera,6544394237,Male,Malayalam,2,46,4.53,Verified,Busy,672,2025-07-17,2025-07-17
3525,narendra,7354458728,Male,English,1,33,4.69,Verified,Available,368,2025-02-07,2025-02-07
3526,naresh,9468085693,Male,Tamil,6,37,4.21,Pending,Available,763,2025-06-16,2025-06-16
3527,nareshpal,9467896857,Male,Tamil,16,19,4.89,Pending,Busy,8,2025-11-15,2025-11-15
3528,nargesh,8282325236,Female,Kannada,15,32,3.75,Verified,Offline,275,2025-06-23,2025-06-23
3529,nargis,9208708887,Female,Malayalam,7,37,4.21,Verified,Offline,557,2025-04-05,2025-04-05
3530,nargish,8125070659,Male,Kannada,4,5,3.62,Pending,Offline,159,2025-01-28,2025-01-28
3531,narhasi,6783805965,Female,Malayalam,14,9,4.32,Verified,Available,745,2025-10-05,2025-10-05
3532,narinder,6128624849,Male,Tamil,13,44,4.76,Pending,Available,174,2025-02-25,2025-02-25
3533,narmada,9365680735,Female,Telugu,3,25,4.9,Verified,Busy,553,2025-02-02,2025-02-02
3534,narmda,9958515994,Female,Hindi,15,24,4.92,Pending,Busy,102,2025-06-26,2025-06-26
3535,naroo,6203430777,Male,English,3,32,4.97,Verified,Busy,670,2025-08-19,2025-08-19
3536,narpendra,7200679338,Female,Kannada,13,37,3.67,Pending,Offline,295,2025-12-14,2025-12-14
3537,narsa,8279766041,Female,Telugu,6,12,3.97,Pending,Offline,200,2025-09-06,2025-09-06
3538,narsingh,7472306426,Male,Kannada,15,6,4.46,Pending,Available,203,2025-08-31,2025-08-31
3539,naruram,9497041814,Female,Telugu,18,43,4.24,Pending,Offline,608,2025-03-11,2025-03-11
3540,naryan,6402326598,Male,English,18,40,4.34,Verified,Busy,37,2025-12-22,2025-12-22
3541,naryani,7053060711,Female,Telugu,3,36,3.54,Pending,Available,704,2025-01-01,2025-01-01
3542,nasar,6960016628,Male,Tamil,3,19,4.86,Pending,Offline,330,2025-05-29,2025-05-29
3543,naseeba,7676083180,Female,Kannada,3,18,3.81,Verified,Busy,270,2025-01-15,2025-01-15
3544,naseef,8038485290,Female,English,1,31,3.62,Verified,Offline,568,2025-03-26,2025-03-26
3545,naseem,6535101613,Male,Telugu,3,19,5.0,Verified,Available,582,2025-05-12,2025-05-12
3546,naseema,9378524190,Male,Tamil,17,45,4.02,Pending,Offline,643,2025-10-03,2025-10-03
3547,nashim,7787008737,Female,English,0,35,3.52,Verified,Offline,608,2025-10-15,2025-10-15
3548,nashima,9990310991,Female,Tamil,16,21,4.31,Pending,Busy,241,2025-08-26,2025-08-26
3549,nashimuddin,7096326560,Male,Kannada,8,22,4.06,Pending,Offline,384,2025-03-11,2025-03-11
3550,nashrin,8685644115,Male,Hindi,8,18,4.93,Verified,Busy,296,2025-02-23,2025-02-23
3551,nasiar,7507344663,Male,Kannada,10,23,3.81,Verified,Offline,752,2025-01-17,2025-01-17
3552,nasibu,7532782533,Female,Tamil,4,26,4.76,Pending,Offline,241,2025-10-02,2025-10-02
3553,nasim,9092352187,Male,Telugu,6,19,4.91,Verified,Busy,437,2025-06-17,2025-06-17
3554,nasima,9761882779,Male,Kannada,15,5,3.68,Verified,Offline,120,2025-03-09,2025-03-09
3555,nasir,6750973341,Female,Kannada,0,39,3.65,Verified,Offline,453,2025-06-28,2025-06-28
3556,nasira,6597153521,Female,Telugu,3,24,3.59,Pending,Offline,760,2025-02-11,2025-02-11
3557,nasreema,7160293276,Female,Malayalam,14,38,4.47,Pending,Busy,107,2025-12-04,2025-12-04
3558,nasreen,9133916762,Male,Telugu,0,39,3.7,Verified,Offline,645,2025-07-13,2025-07-13
3559,nasrin,9835627930,Male,English,8,37,4.13,Pending,Offline,300,2025-02-25,2025-02-25
3560,nasruddin,7864413741,Female,Tamil,18,7,3.55,Verified,Available,771,2025-03-03,2025-03-03
3561,nasrudeen,9864162907,Male,English,0,7,4.45,Verified,Offline,664,2025-01-29,2025-01-29
3562,nasrul,7137050613,Male,Hindi,13,41,3.58,Verified,Available,638,2025-01-29,2025-01-29
3563,nassin,6559090315,Female,Malayalam,18,44,3.6,Pending,Available,213,2025-10-19,2025-10-19
3564,natasha,8734075419,Male,Telugu,19,47,4.94,Verified,Offline,153,2025-07-08,2025-07-08
3565,natha,8949142588,Male,Tamil,13,14,4.94,Pending,Busy,485,2025-07-16,2025-07-16
3566,nathani,8818360613,Male,Tamil,17,30,3.57,Pending,Available,608,2025-09-15,2025-09-15
3567,nathi,8284639167,Male,Tamil,12,41,3.63,Verified,Busy,626,2025-09-28,2025-09-28
3568,nathiya,7491090848,Female,Hindi,16,20,4.58,Pending,Busy,365,2025-02-09,2025-02-09
3569,nathu,7180319197,Female,Hindi,11,24,4.56,Verified,Available,332,2025-04-14,2025-04-14
3570,nathulal,9913198477,Male,Kannada,5,41,4.83,Verified,Offline,574,2025-08-08,2025-08-08
3571,nathuram,7945448526,Female,English,2,9,4.61,Pending,Available,35,2025-01-24,2025-01-24
3572,natthu,9249838897,Female,Kannada,5,40,4.53,Pending,Busy,366,2025-11-28,2025-11-28
3573,naulakh,8922706266,Female,Telugu,5,5,4.7,Verified,Busy,324,2025-04-02,2025-04-02
3574,naulesh,9450770128,Female,Malayalam,4,37,4.76,Verified,Offline,612,2025-06-12,2025-06-12
3575,nausad,8714167680,Female,Telugu,11,32,3.78,Pending,Busy,365,2025-07-10,2025-07-10
3576,naushad,7202400412,Female,English,7,21,4.61,Pending,Available,773,2025-01-12,2025-01-12
3577,naushi,9526447043,Male,Tamil,7,15,3.95,Pending,Busy,639,2025-11-30,2025-11-30
3578,naval,6063764158,Female,Tamil,12,18,3.53,Verified,Busy,292,2025-05-19,2025-05-19
3579,navdeep,8909413949,Male,Telugu,15,14,4.24,Verified,Offline,574,2025-12-15,2025-12-15
3580,naved,9610267630,Female,Kannada,7,10,3.75,Verified,Available,401,2025-05-18,2025-05-18
3581,naveeda,9620915897,Male,Tamil,13,35,4.74,Pending,Available,731,2025-05-19,2025-05-19
3582,naveela,8455265065,Female,English,4,5,4.62,Pending,Offline,248,2025-03-01,2025-03-01
3583,naveen,7311266320,Female,Hindi,1,35,3.85,Pending,Available,172,2025-08-04,2025-08-04
3584,naveena,8127280706,Female,Tamil,6,26,4.52,Verified,Busy,469,2025-11-03,2025-11-03
3585,navendra,6073888461,Female,Hindi,8,18,4.83,Verified,Offline,142,2025-11-06,2025-11-06
3586,navi,7921167648,Female,Kannada,8,31,4.93,Pending,Offline,609,2025-06-03,2025-06-03
3587,navin,6547440588,Male,Tamil,4,33,3.86,Verified,Available,507,2025-03-30,2025-03-30
3588,navita,7221519593,Female,Hindi,19,43,4.03,Verified,Available,419,2025-06-12,2025-06-12
3589,naviya,9028052354,Male,Hindi,20,49,4.78,Verified,Offline,201,2025-02-10,2025-02-10
3590,navjat,7527403110,Female,Hindi,7,32,3.53,Verified,Busy,83,2025-04-21,2025-04-21
3591,navjoot,7494297972,Female,English,2,26,4.38,Pending,Available,523,2025-11-03,2025-11-03
3592,navleen,9883903894,Male,Hindi,5,47,4.14,Pending,Available,366,2025-10-24,2025-10-24
3593,navneet,9835877089,Female,Tamil,20,29,4.11,Verified,Busy,152,2025-07-11,2025-07-11
3594,navnit,6171148485,Female,Kannada,5,35,3.88,Pending,Busy,114,2025-08-04,2025-08-04
3595,nawab,7065095148,Female,Telugu,18,49,3.92,Pending,Busy,708,2025-08-16,2025-08-16
3596,nawal,8076783161,Male,Telugu,14,14,3.95,Verified,Offline,583,2025-02-10,2025-02-10
3597,nawaz,7085356526,Female,Kannada,7,15,3.82,Pending,Available,392,2025-06-11,2025-06-11
3598,nawed,8625578232,Male,English,3,8,3.7,Pending,Busy,366,2025-04-15,2025-04-15
3599,nayaka,7825754356,Female,Telugu,1,24,4.61,Pending,Available,750,2025-12-18,2025-12-18
3600,nayamati,6901404296,Male,English,9,40,3.64,Verified,Available,27,2025-02-10,2025-02-10
3601,nayan,9507466848,Female,Hindi,20,46,4.9,Pending,Available,549,2025-03-23,2025-03-23
3602,nayana,9870075544,Male,Kannada,9,31,3.9,Pending,Offline,42,2025-11-28,2025-11-28
3603,nayeem,7232836080,Female,Kannada,8,7,4.66,Verified,Offline,751,2025-03-14,2025-03-14
3604,nayna,7979550833,Female,Malayalam,1,46,4.06,Verified,Available,433,2025-06-13,2025-06-13
3605,nazahat,9465222254,Male,Tamil,0,35,3.53,Verified,Available,8,2025-01-04,2025-01-04
3606,nazani,9608680927,Male,Malayalam,8,36,4.1,Pending,Offline,465,2025-07-21,2025-07-21
3607,nazeem,8006422837,Female,Hindi,19,46,4.61,Pending,Busy,572,2025-11-13,2025-11-13
3608,nazia,9744387308,Female,Malayalam,12,8,4.56,Pending,Offline,174,2025-02-08,2025-02-08
3609,nazibuneesha,7229075491,Male,Tamil,0,29,3.61,Verified,Offline,386,2025-08-27,2025-08-27
3610,nazim,9283891037,Male,Telugu,6,17,3.53,Pending,Offline,621,2025-01-09,2025-01-09
3611,nazima,7571797400,Female,Tamil,20,35,4.61,Verified,Available,49,2025-11-23,2025-11-23
3612,nazir,8815589939,Female,Tamil,16,47,3.92,Pending,Offline,476,2025-01-29,2025-01-29
3613,nazira,8452501906,Female,Hindi,4,6,3.65,Verified,Available,121,2025-12-30,2025-12-30
3614,nazirul,7878134097,Male,Malayalam,2,25,4.13,Verified,Busy,14,2025-06-18,2025-06-18
3615,naziya,9704252550,Female,Telugu,20,14,4.25,Verified,Available,191,2025-12-13,2025-12-13
3616,nazma,8504089887,Male,Malayalam,17,20,4.81,Verified,Offline,269,2025-01-20,2025-01-20
3617,nazmaa,6839608972,Female,English,15,12,4.7,Pending,Offline,739,2025-11-28,2025-11-28
3618,nazmin,9681306334,Female,Tamil,12,41,4.27,Pending,Available,50,2025-02-16,2025-02-16
3619,nazmuslam,7389795946,Female,Malayalam,14,45,3.79,Verified,Busy,355,2025-10-30,2025-10-30
3620,nazneen,7277545093,Female,English,9,16,4.21,Pending,Busy,688,2025-11-16,2025-11-16
3621,nazrana,8372345469,Male,Telugu,18,16,4.02,Verified,Offline,701,2025-10-08,2025-10-08
3622,nazreen,8389647779,Male,Tamil,2,15,3.91,Verified,Busy,46,2025-03-20,2025-03-20
3623,nazrin,9313435959,Female,Telugu,1,45,4.36,Pending,Available,490,2025-04-07,2025-04-07
3624,neaha,6278678234,Male,Telugu,16,46,3.8,Pending,Available,484,2025-10-19,2025-10-19
3625,neela,6533102236,Male,Tamil,11,49,3.57,Verified,Offline,452,2025-05-14,2025-05-14
3626,neelachal,8744241826,Female,Hindi,16,41,4.84,Verified,Busy,465,2025-01-23,2025-01-23
3627,neelajan,8318180680,Female,Malayalam,12,24,4.81,Pending,Available,584,2025-02-21,2025-02-21
3628,neelam,8587554222,Female,Telugu,8,13,4.42,Pending,Offline,440,2025-11-16,2025-11-16
3629,neeli,9420316808,Male,Malayalam,18,19,4.56,Verified,Available,190,2025-09-01,2025-09-01
3630,neelima,9961381175,Female,Kannada,13,34,3.96,Pending,Busy,431,2025-09-30,2025-09-30
3631,neelkant,6187546917,Female,Malayalam,3,44,4.38,Verified,Offline,542,2025-07-26,2025-07-26
3632,neelu,7031864940,Male,Kannada,8,15,4.29,Verified,Busy,1,2025-02-15,2025-02-15
3633,neema,7261056092,Male,Malayalam,6,40,4.84,Pending,Available,165,2025-02-12,2025-02-12
3634,neemi,6513395685,Female,Tamil,8,29,3.63,Verified,Available,563,2025-09-20,2025-09-20
3635,neeraj,6316959793,Female,Malayalam,17,27,3.91,Verified,Offline,412,2025-05-23,2025-05-23
3636,neeru,8006086272,Male,Malayalam,7,13,4.29,Pending,Available,451,2025-03-15,2025-03-15
3637,neesa,6142846937,Female,Telugu,3,28,3.72,Verified,Offline,147,2025-03-19,2025-03-19
3638,neesha,8311907136,Male,Hindi,7,36,4.04,Pending,Offline,701,2025-05-10,2025-05-10
3639,neeshu,8574210039,Male,Tamil,1,42,4.31,Verified,Busy,486,2025-09-07,2025-09-07
3640,neeta,9618355113,Female,Hindi,8,18,4.94,Verified,Offline,93,2025-04-11,2025-04-11
3641,neeti,8842620808,Male,Telugu,7,6,3.67,Verified,Busy,379,2025-04-21,2025-04-21
3642,neetu,8405133376,Male,Telugu,0,50,4.49,Pending,Available,84,2025-01-01,2025-01-01
3643,neeven,6890046122,Male,Telugu,4,16,3.56,Verified,Offline,106,2025-06-04,2025-06-04
3644,neha,6320159417,Male,Telugu,8,25,3.68,Verified,Offline,741,2025-10-11,2025-10-11
3645,nehal,6922444874,Male,English,2,24,3.83,Verified,Offline,52,2025-11-20,2025-11-20
3646,neharika,8435571650,Male,Hindi,12,39,4.86,Pending,Offline,571,2025-11-27,2025-11-27
3647,nej,7093717047,Male,Malayalam,11,5,4.7,Pending,Offline,416,2025-12-10,2025-12-10
3648,nek,8222164289,Male,Kannada,4,44,4.19,Verified,Offline,757,2025-05-25,2025-05-25
3649,neki,8277164711,Female,Tamil,12,15,4.48,Pending,Busy,10,2025-08-03,2025-08-03
3650,nekki,7989412903,Male,English,19,11,3.76,Pending,Offline,188,2025-05-11,2025-05-11
3651,nelam,8991986160,Male,Malayalam,10,28,3.92,Verified,Available,383,2025-03-22,2025-03-22
3652,nemsi,9029537519,Male,Malayalam,6,18,4.97,Verified,Available,397,2025-05-23,2025-05-23
3653,nena,8934722613,Female,Tamil,16,36,3.85,Pending,Offline,346,2025-02-05,2025-02-05
3654,nency,6091380581,Male,Tamil,0,13,3.91,Pending,Offline,266,2025-02-23,2025-02-23
3655,nenhe,9744289838,Male,Kannada,19,18,4.4,Pending,Available,385,2025-12-23,2025-12-23
3656,neni,9985342322,Female,Telugu,15,31,3.94,Verified,Busy,214,2025-03-27,2025-03-27
3657,nenshi,9265277760,Female,Telugu,0,14,3.94,Verified,Available,675,2025-12-12,2025-12-12
3658,nensi,9576225274,Female,Kannada,0,17,4.65,Verified,Available,137,2025-03-21,2025-03-21
3659,nepal,8296283620,Male,Malayalam,11,38,3.63,Pending,Available,404,2025-01-12,2025-01-12
3660,neraj,8245273293,Male,Telugu,12,19,4.75,Verified,Offline,147,2025-09-29,2025-09-29
3661,nesha,8973269409,Female,Kannada,10,5,3.57,Verified,Available,553,2025-12-11,2025-12-11
3662,netra,7496366096,Female,English,2,20,3.93,Verified,Offline,401,2025-10-05,2025-10-05
3663,netram,8915235148,Female,English,15,19,4.82,Verified,Busy,681,2025-07-01,2025-07-01
3664,netrapal,8377757044,Male,Kannada,17,5,4.09,Verified,Busy,479,2025-09-20,2025-09-20
3665,newal,8016754949,Male,Kannada,8,30,4.88,Verified,Available,532,2025-03-12,2025-03-12
3666,nibha,6396189186,Female,English,19,13,4.89,Pending,Offline,125,2025-05-25,2025-05-25
3667,nibo,7086375596,Female,Tamil,6,50,4.37,Verified,Busy,454,2025-06-21,2025-06-21
3668,nicharon,9115157972,Female,Kannada,12,12,4.15,Verified,Offline,491,2025-05-04,2025-05-04
3669,nida,7922625691,Male,Hindi,12,16,3.87,Verified,Available,356,2025-02-18,2025-02-18
3670,nidhi,7278646927,Male,Telugu,18,25,3.96,Verified,Offline,455,2025-06-21,2025-06-21
3671,nigar,9687409515,Female,Tamil,18,43,4.56,Pending,Busy,524,2025-07-19,2025-07-19
3672,nihal,7346785167,Male,Telugu,4,37,4.1,Verified,Available,142,2025-04-11,2025-04-11
3673,nihalchand,9195467666,Female,Malayalam,20,20,4.26,Verified,Offline,184,2025-08-23,2025-08-23
3674,nijam,7174719213,Female,Telugu,16,11,4.11,Pending,Available,528,2025-12-04,2025-12-04
3675,nijamuddin,7144407571,Female,Kannada,8,45,3.95,Pending,Available,616,2025-11-08,2025-11-08
3676,nijamudeen,8077000914,Male,Telugu,20,23,4.4,Verified,Available,412,2025-11-05,2025-11-05
3677,nikahat,8763029071,Female,Tamil,20,9,4.85,Verified,Busy,86,2025-07-01,2025-07-01
3678,nikhad,6171048769,Female,Kannada,19,45,4.19,Verified,Available,633,2025-06-15,2025-06-15
3679,nikhat,6260482352,Female,Hindi,19,17,4.64,Pending,Busy,195,2025-04-27,2025-04-27
3680,nikhil,8755734855,Female,Malayalam,8,50,3.98,Pending,Available,265,2025-07-26,2025-07-26
3681,nikhleshwar,7979825839,Male,Malayalam,0,8,4.45,Pending,Available,68,2025-06-24,2025-06-24
3682,nikil,6623534177,Male,Kannada,19,48,4.34,Pending,Busy,650,2025-10-04,2025-10-04
3683,nikita,9330652610,Female,Hindi,16,22,3.8,Pending,Busy,184,2025-12-08,2025-12-08
3684,nikkhar,8285135644,Male,English,17,28,4.87,Verified,Available,147,2025-04-23,2025-04-23
3685,nikki,8904335014,Male,Malayalam,2,19,4.79,Pending,Busy,551,2025-08-18,2025-08-18
3686,nikky,7303765826,Male,Tamil,6,45,4.75,Pending,Busy,370,2025-11-06,2025-11-06
3687,niksiya,6374495775,Female,Hindi,7,19,4.54,Verified,Offline,100,2025-11-12,2025-11-12
3688,nila,7567872737,Female,English,5,15,4.38,Pending,Busy,194,2025-11-01,2025-11-01
3689,nilam,7051473025,Male,English,2,9,4.99,Verified,Available,657,2025-08-02,2025-08-02
3690,nilesh,7847199928,Male,Malayalam,12,16,3.68,Pending,Available,583,2025-09-21,2025-09-21
3691,nilofar,7332699807,Female,Telugu,13,14,3.66,Verified,Busy,107,2025-08-30,2025-08-30
3692,nilu,6203213049,Female,Telugu,11,14,4.37,Verified,Busy,138,2025-09-02,2025-09-02
3693,nimahe,9741255560,Male,Malayalam,6,19,3.9,Verified,Offline,404,2025-05-04,2025-05-04
3694,nimesh,6898557211,Male,English,18,12,4.51,Verified,Offline,711,2025-08-16,2025-08-16
3695,nimla,7820887467,Male,Tamil,20,31,4.34,Verified,Available,123,2025-09-18,2025-09-18
3696,nimmy,6153871548,Male,Malayalam,9,39,4.72,Pending,Available,354,2025-07-04,2025-07-04
3697,nini,9712000539,Female,Malayalam,3,45,4.73,Verified,Offline,370,2025-10-20,2025-10-20
3698,nipam,6206660452,Male,Telugu,11,48,4.39,Pending,Available,754,2025-02-27,2025-02-27
3699,nipun,7454359167,Female,Hindi,13,36,3.56,Verified,Offline,75,2025-10-29,2025-10-29
3700,niraj,8050568653,Female,Telugu,5,31,3.65,Pending,Offline,767,2025-01-12,2025-01-12
3701,niranjan,7827955827,Female,Malayalam,7,38,3.87,Pending,Offline,424,2025-09-08,2025-09-08
3702,nirbhay,7777085114,Female,Malayalam,19,11,4.59,Pending,Available,490,2025-02-11,2025-02-11
3703,nirja,6686114594,Female,Telugu,8,12,3.75,Verified,Available,334,2025-08-06,2025-08-06
3704,nirjala,6437882266,Male,Telugu,9,24,4.81,Pending,Available,451,2025-01-16,2025-01-16
3705,nirjla,6851090158,Male,English,9,30,4.55,Verified,Available,627,2025-05-03,2025-05-03
3706,nirma,7584478041,Male,Tamil,13,11,3.87,Verified,Available,506,2025-10-05,2025-10-05
3707,nirmal,7636225579,Female,English,11,38,4.25,Pending,Offline,689,2025-06-03,2025-06-03
3708,nirmala,8391250203,Male,Tamil,10,12,4.07,Pending,Busy,406,2025-04-30,2025-04-30
3709,nirmaljeet,6991643412,Male,Kannada,10,20,4.4,Pending,Offline,427,2025-06-19,2025-06-19
3710,nirmla,7133674563,Male,Kannada,15,15,4.8,Verified,Offline,318,2025-10-11,2025-10-11
3711,nirosha,7496036304,Male,Hindi,3,13,4.11,Verified,Busy,61,2025-06-30,2025-06-30
3712,niru,6729535357,Female,Telugu,5,18,4.77,Verified,Busy,149,2025-01-24,2025-01-24
3713,nirutma,6500448592,Female,Malayalam,4,41,3.8,Verified,Busy,759,2025-06-02,2025-06-02
3714,nirvat,8418132088,Female,Telugu,13,46,3.71,Verified,Busy,294,2025-03-15,2025-03-15
3715,nirwat,7444166209,Female,Kannada,16,6,4.0,Pending,Offline,173,2025-12-06,2025-12-06
3716,nisa,6266116077,Female,Malayalam,20,13,4.21,Verified,Offline,396,2025-02-18,2025-02-18
3717,nisar,7678423187,Female,Hindi,4,50,4.48,Pending,Available,58,2025-03-31,2025-03-31
3718,nisat,6335042195,Male,English,20,13,4.44,Pending,Offline,698,2025-05-23,2025-05-23
3719,nischaya,8755427489,Male,Malayalam,0,28,4.08,Verified,Offline,487,2025-01-14,2025-01-14
3720,nisha,7844209666,Male,Malayalam,1,41,4.49,Verified,Busy,4,2025-09-27,2025-09-27
3721,nishal,6702751991,Female,Telugu,18,23,4.6,Pending,Offline,528,2025-03-06,2025-03-06
3722,nishant,6790960179,Female,Hindi,16,26,4.46,Verified,Available,237,2025-04-22,2025-04-22
3723,nishar,8283148334,Male,Tamil,9,17,4.23,Verified,Available,251,2025-11-30,2025-11-30
3724,nishith,7945895427,Female,English,16,35,4.33,Verified,Offline,129,2025-09-18,2025-09-18
3725,nishtha,8384144588,Female,Hindi,19,27,3.52,Pending,Available,499,2025-11-15,2025-11-15
3726,nishu,8016971184,Female,Malayalam,3,17,3.55,Pending,Available,703,2025-02-13,2025-02-13
3727,nitam,9013762231,Female,English,1,47,3.78,Pending,Offline,116,2025-07-09,2025-07-09
3728,nitasha,6062109106,Female,Hindi,9,28,4.74,Verified,Busy,270,2025-08-10,2025-08-10
3729,nitesh,6797842209,Male,Tamil,5,27,4.19,Verified,Available,326,2025-07-13,2025-07-13
3730,nithyanandham,8750981516,Female,Kannada,7,41,4.47,Pending,Busy,488,2025-08-25,2025-08-25
3731,niti,6416326619,Male,Tamil,0,36,4.98,Verified,Available,711,2025-04-26,2025-04-26
3732,nitika,7762912492,Female,Kannada,1,22,4.12,Pending,Available,616,2025-09-06,2025-09-06
3733,nitin,7432431945,Male,Telugu,1,21,4.87,Pending,Available,359,2025-07-03,2025-07-03
3734,nitish,8974362970,Female,English,12,40,4.57,Pending,Busy,678,2025-07-11,2025-07-11
3735,nittin,9591007007,Male,Kannada,7,33,4.35,Verified,Available,431,2025-10-29,2025-10-29
3736,nitu,7968451405,Female,Telugu,4,17,4.43,Verified,Available,371,2025-11-13,2025-11-13
3737,niwas,6682488856,Male,English,11,40,4.62,Verified,Available,237,2025-07-11,2025-07-11
3738,niyaaz,7086912261,Male,English,8,14,4.83,Pending,Available,500,2025-07-24,2025-07-24
3739,nizam,6810129723,Female,Tamil,15,7,4.74,Pending,Busy,713,2025-06-09,2025-06-09
3740,nizamuddin,9754998883,Female,English,15,34,3.85,Verified,Offline,141,2025-09-20,2025-09-20
3741,njare,6353028437,Male,Kannada,0,49,4.71,Pending,Available,736,2025-10-11,2025-10-11
3742,noni,7662542332,Male,English,20,43,4.55,Pending,Offline,722,2025-12-17,2025-12-17
3743,noojo,8119570925,Female,Kannada,19,36,4.09,Pending,Available,250,2025-08-20,2025-08-20
3744,noomi,8002564916,Female,English,13,34,3.67,Verified,Busy,565,2025-03-23,2025-03-23
3745,noor,8995744519,Male,English,1,37,4.7,Verified,Available,645,2025-09-04,2025-09-04
3746,noora,6507093614,Female,English,2,7,4.32,Pending,Busy,168,2025-02-26,2025-02-26
3747,nooralam,8646060019,Female,Telugu,0,15,3.87,Pending,Offline,476,2025-04-20,2025-04-20
3748,nooralha,9548910365,Male,English,8,7,4.57,Verified,Available,267,2025-04-23,2025-04-23
3749,noore,8289327945,Male,Hindi,18,38,4.16,Pending,Available,752,2025-05-06,2025-05-06
3750,nooreen,8421033522,Male,Hindi,12,50,4.69,Verified,Available,335,2025-09-19,2025-09-19
3751,noori,6173251458,Female,Kannada,12,12,4.6,Verified,Available,428,2025-12-11,2025-12-11
3752,noorin,7063404397,Male,Kannada,2,35,4.69,Verified,Available,103,2025-10-27,2025-10-27
3753,noorjaha,8289034126,Male,Malayalam,9,8,3.52,Pending,Available,601,2025-06-03,2025-06-03
3754,noorjahan,6451754581,Female,Hindi,17,50,3.71,Pending,Available,530,2025-03-30,2025-03-30
3755,noorjama,7756197250,Female,Tamil,13,28,4.02,Verified,Busy,738,2025-01-31,2025-01-31
3756,noorjhan,6422383296,Female,English,12,35,3.72,Verified,Available,596,2025-12-11,2025-12-11
3757,noornabi,9047122036,Female,Telugu,19,45,4.37,Pending,Offline,519,2025-03-26,2025-03-26
3758,noorpa,9441960316,Female,Kannada,3,48,3.55,Pending,Offline,737,2025-03-13,2025-03-13
3759,nooruddin,7131816929,Female,English,4,13,5.0,Pending,Offline,764,2025-04-19,2025-04-19
3760,nootan,8435512880,Male,Malayalam,20,23,4.63,Pending,Busy,620,2025-07-10,2025-07-10
3761,noreen,6240016920,Female,English,4,9,3.5,Verified,Offline,259,2025-04-13,2025-04-13
3762,norti,6887800674,Female,Tamil,17,27,4.98,Pending,Offline,362,2025-05-22,2025-05-22
3763,nosad,6332431169,Female,Kannada,9,50,3.68,Pending,Offline,731,2025-06-25,2025-06-25
3764,nosar,6964748531,Male,English,2,10,3.87,Pending,Busy,425,2025-03-11,2025-03-11
3765,noshad,8480203851,Male,English,18,22,3.9,Pending,Available,605,2025-01-05,2025-01-05
3766,nosi,7226855394,Male,Hindi,4,18,4.93,Pending,Available,74,2025-03-10,2025-03-10
3767,not,6505321324,Male,Hindi,2,44,4.32,Verified,Available,392,2025-12-09,2025-12-09
3768,novisha,7216318446,Male,Hindi,11,9,3.79,Pending,Offline,461,2025-10-26,2025-10-26
3769,nrendr,9709933628,Male,Malayalam,10,16,4.45,Verified,Offline,93,2025-10-09,2025-10-09
3770,nrotam,9557770259,Male,Tamil,17,47,4.77,Pending,Busy,741,2025-06-26,2025-06-26
3771,nshima,8929604993,Male,Tamil,17,34,4.09,Pending,Offline,66,2025-01-06,2025-01-06
3772,ntasha,7727130717,Male,Kannada,19,40,4.05,Verified,Available,7,2025-01-06,2025-01-06
3773,numesh,8547282161,Male,English,17,6,4.25,Verified,Busy,147,2025-06-23,2025-06-23
3774,nupur,8961485913,Female,Hindi,0,35,3.54,Verified,Busy,642,2025-10-29,2025-10-29
3775,nur,6356696802,Male,Hindi,4,26,3.51,Verified,Busy,368,2025-09-19,2025-09-19
3776,nuraish,6055710044,Female,Malayalam,2,13,4.72,Verified,Offline,615,2025-02-03,2025-02-03
3777,nurbi,9557233543,Male,Malayalam,4,20,4.41,Verified,Offline,314,2025-08-22,2025-08-22
3778,nurjaha,8816482203,Male,Hindi,17,11,4.92,Pending,Busy,310,2025-07-01,2025-07-01
3779,nursa,7318802928,Male,Tamil,8,32,4.28,Pending,Busy,779,2025-02-24,2025-02-24
3780,nusrant,7384629757,Male,Kannada,13,7,3.76,Pending,Offline,594,2025-03-21,2025-03-21
3781,nusrat,7732628669,Male,Tamil,11,39,4.43,Verified,Busy,47,2025-10-25,2025-10-25
3782,nutan,9275271562,Female,Malayalam,5,18,3.5,Verified,Offline,690,2025-01-12,2025-01-12
3783,nwed,9941911803,Male,Malayalam,5,35,4.46,Verified,Available,92,2025-02-18,2025-02-18
3784,ojas,6333949598,Male,Kannada,19,7,4.1,Verified,Busy,552,2025-07-07,2025-07-07
3785,oli,6759355895,Male,Malayalam,11,40,4.11,Pending,Busy,342,2025-06-10,2025-06-10
3786,oma,7531839522,Female,Malayalam,16,47,4.89,Verified,Busy,28,2025-02-06,2025-02-06
3787,ombeer,8206389364,Female,English,4,27,4.46,Verified,Available,49,2025-09-23,2025-09-23
3788,ombir,6707800245,Male,Telugu,18,28,4.04,Pending,Busy,666,2025-07-07,2025-07-07
3789,omender,9502040511,Female,English,19,27,4.03,Pending,Available,395,2025-04-10,2025-04-10
3790,omendra,7872844958,Female,Telugu,10,31,4.0,Verified,Available,286,2025-10-14,2025-10-14
3791,omesh,8591539419,Female,Telugu,19,9,4.4,Pending,Offline,392,2025-07-22,2025-07-22
3792,omeshkumar,8079739097,Male,Tamil,1,13,3.97,Pending,Offline,273,2025-06-28,2025-06-28
3793,omi,9696932057,Male,Tamil,12,10,4.61,Verified,Busy,732,2025-04-20,2025-04-20
3794,omjone,8689262636,Male,English,4,9,3.83,Verified,Busy,39,2025-09-08,2025-09-08
3795,omkar,8366699924,Male,English,11,47,4.3,Pending,Available,154,2025-03-13,2025-03-13
3796,ompal,6048953831,Male,Kannada,9,36,4.17,Pending,Available,470,2025-06-02,2025-06-02
3797,omparkash,7422065973,Female,Tamil,13,6,3.97,Pending,Available,281,2025-12-26,2025-12-26
3798,omparkesh,8498977292,Male,Telugu,20,13,4.5,Pending,Busy,4,2025-08-11,2025-08-11
3799,omparsad,9756438626,Male,Telugu,9,20,3.97,Pending,Available,467,2025-04-28,2025-04-28
3800,ompati,6684461975,Female,Kannada,16,26,3.71,Verified,Available,120,2025-08-11,2025-08-11
3801,omperkash,9453046631,Female,English,10,24,4.28,Pending,Busy,332,2025-12-25,2025-12-25
3802,omprakash,9986973181,Male,Kannada,15,44,3.71,Verified,Offline,744,2025-04-18,2025-04-18
3803,omprakesh,7118356474,Male,Telugu,14,19,4.42,Verified,Offline,568,2025-11-19,2025-11-19
3804,omprkash,7476937695,Male,Tamil,7,50,4.38,Verified,Busy,519,2025-10-24,2025-10-24
3805,omprkesh,8450981565,Male,Hindi,10,44,3.89,Pending,Offline,38,2025-05-03,2025-05-03
3806,omveer,7078265687,Male,Telugu,13,27,4.14,Verified,Available,623,2025-03-21,2025-03-21
3807,omwati,8105944352,Female,Tamil,3,20,3.97,Pending,Busy,663,2025-06-16,2025-06-16
3808,one,7732461976,Female,English,12,23,3.96,Pending,Available,522,2025-06-30,2025-06-30
3809,onginye,6532042395,Male,Kannada,17,34,3.97,Pending,Offline,430,2025-09-24,2025-09-24
3810,opendar,8323123086,Male,Tamil,11,12,3.56,Verified,Busy,107,2025-05-03,2025-05-03
3811,osier,9882825726,Female,Kannada,15,16,4.76,Pending,Available,194,2025-02-05,2025-02-05
3812,ovaish,6374293382,Female,Malayalam,13,44,3.9,Pending,Offline,568,2025-03-05,2025-03-05
3813,pabitra,6146705785,Female,Hindi,6,12,3.65,Pending,Offline,777,2025-11-24,2025-11-24
3814,pabu,9588997990,Male,English,3,22,3.58,Verified,Offline,576,2025-10-10,2025-10-10
3815,pachuram,7447382273,Female,English,18,22,4.77,Pending,Offline,759,2025-06-04,2025-06-04
3816,padam,7103521303,Female,Hindi,20,38,4.03,Verified,Available,211,2025-07-31,2025-07-31
3817,padama,9060408664,Female,Hindi,3,29,4.57,Verified,Available,393,2025-07-12,2025-07-12
3818,padma,9967074349,Female,Malayalam,14,48,3.97,Pending,Offline,565,2025-06-12,2025-06-12
3819,pahalwan,6937299927,Female,Hindi,13,12,4.01,Verified,Busy,327,2025-08-07,2025-08-07
3820,paka,9930462517,Male,Hindi,11,33,4.01,Pending,Available,660,2025-02-27,2025-02-27
3821,pakhali,7007013371,Female,Malayalam,13,14,3.67,Pending,Available,182,2025-05-17,2025-05-17
3822,palak,9927656755,Male,Hindi,6,32,3.78,Verified,Offline,189,2025-01-15,2025-01-15
3823,palaram,9743074492,Female,Hindi,9,33,4.61,Pending,Offline,334,2025-12-01,2025-12-01
3824,pallavi,7452597868,Male,Telugu,16,40,4.34,Pending,Available,378,2025-11-23,2025-11-23
3825,pallawi,8992891836,Female,Malayalam,5,15,4.63,Verified,Available,715,2025-08-05,2025-08-05
3826,pallu,8600529205,Female,Telugu,4,42,4.64,Pending,Offline,484,2025-12-27,2025-12-27
3827,pallvi,7681899273,Female,Kannada,19,23,3.75,Pending,Available,331,2025-08-01,2025-08-01
3828,palvi,8925514504,Male,English,13,8,4.46,Verified,Offline,733,2025-09-26,2025-09-26
3829,palvinder,7165776473,Female,Malayalam,11,18,3.56,Pending,Available,467,2025-05-29,2025-05-29
3830,pamjeet,7051441666,Female,Hindi,14,39,3.74,Verified,Offline,467,2025-11-20,2025-11-20
3831,pammi,8371889505,Male,Tamil,10,16,4.49,Verified,Offline,329,2025-02-13,2025-02-13
3832,pammy,6745126567,Male,Kannada,8,23,4.64,Verified,Busy,471,2025-03-24,2025-03-24
3833,pampa,6333860145,Female,Telugu,12,24,3.51,Pending,Busy,245,2025-02-08,2025-02-08
3834,panaj,7615238374,Male,English,15,5,3.71,Pending,Busy,21,2025-05-03,2025-05-03
3835,pancham,9673019844,Male,Hindi,12,14,4.09,Pending,Available,22,2025-03-22,2025-03-22
3836,panchhi,7362962361,Male,Malayalam,9,9,4.46,Verified,Available,631,2025-05-25,2025-05-25
3837,panchi,9312704243,Female,Tamil,2,43,4.89,Verified,Busy,474,2025-03-05,2025-03-05
3838,panchma,8528750627,Female,Tamil,2,38,4.1,Pending,Available,402,2025-09-08,2025-09-08
3839,panchoo,8134337356,Female,Tamil,2,6,3.71,Pending,Busy,344,2025-08-19,2025-08-19
3840,panchu,6190612769,Male,Tamil,8,37,4.39,Verified,Busy,709,2025-11-02,2025-11-02
3841,panchuram,8691469400,Female,Hindi,7,31,4.7,Verified,Busy,667,2025-11-01,2025-11-01
3842,panchuri,8473446150,Male,Malayalam,18,36,3.94,Verified,Offline,625,2025-01-25,2025-01-25
3843,pancu,7118835524,Male,Tamil,8,8,4.83,Pending,Busy,738,2025-01-25,2025-01-25
3844,pandit,9143937618,Female,Kannada,9,8,4.5,Verified,Available,126,2025-06-14,2025-06-14
3845,pandu,8903306983,Female,Tamil,20,10,4.59,Pending,Available,87,2025-03-25,2025-03-25
3846,pangita,6600707217,Female,English,7,27,4.6,Verified,Available,212,2025-12-30,2025-12-30
3847,pankaj,7239497950,Female,Tamil,14,23,3.75,Verified,Available,284,2025-09-05,2025-09-05
3848,pankajsheel,7944028659,Male,Malayalam,1,34,4.45,Verified,Busy,244,2025-01-13,2025-01-13
3849,panku,8339826274,Male,English,1,21,3.77,Pending,Available,523,2025-09-07,2025-09-07
3850,pankuj,7828435842,Male,Hindi,18,21,4.66,Pending,Offline,90,2025-01-16,2025-01-16
3851,panmati,6525881925,Female,Hindi,4,41,3.56,Verified,Busy,558,2025-12-06,2025-12-06
3852,panna,8303320940,Female,Telugu,14,46,3.67,Pending,Available,269,2025-10-10,2025-10-10
3853,pannalal,9009214681,Female,Kannada,16,10,4.18,Verified,Available,143,2025-03-07,2025-03-07
3854,pannu,9965294445,Male,Hindi,2,11,3.83,Verified,Available,461,2025-12-25,2025-12-25
3855,papa,7698790235,Female,Malayalam,19,20,3.59,Pending,Busy,254,2025-11-05,2025-11-05
3856,papiya,6783913098,Male,Telugu,15,19,4.45,Pending,Busy,569,2025-12-17,2025-12-17
3857,papp,9874982641,Female,Telugu,18,46,3.53,Verified,Busy,292,2025-04-16,2025-04-16
3858,pappe,7939698928,Male,Malayalam,14,24,3.75,Pending,Offline,330,2025-03-19,2025-03-19
3859,pappu,7650121699,Female,Telugu,6,30,4.46,Verified,Busy,469,2025-11-27,2025-11-27
3860,pappy,8175758376,Female,Tamil,2,34,4.65,Pending,Offline,358,2025-05-19,2025-05-19
3861,papu,6770161726,Female,Hindi,12,18,4.13,Pending,Busy,362,2025-08-17,2025-08-17
3862,papuu,6540384574,Female,Tamil,20,41,4.3,Pending,Busy,443,2025-06-26,2025-06-26
3863,para,7305280605,Male,Malayalam,2,9,4.87,Pending,Offline,235,2025-11-13,2025-11-13
3864,param,9351826141,Female,Tamil,4,9,4.94,Verified,Available,329,2025-04-28,2025-04-28
3865,paramdeep,7538481120,Male,Hindi,12,22,4.41,Verified,Available,101,2025-08-15,2025-08-15
3866,paramjeet,9715564389,Female,English,19,26,4.72,Pending,Available,556,2025-08-16,2025-08-16
3867,paramjit,9851648186,Male,Tamil,9,12,4.32,Verified,Available,546,2025-10-08,2025-10-08
3868,paramshela,8225244055,Male,Hindi,6,27,4.5,Verified,Offline,374,2025-10-17,2025-10-17
3869,paramveer,9459584340,Male,Kannada,11,44,3.7,Verified,Available,312,2025-09-05,2025-09-05
3870,paras,8162295907,Male,Hindi,6,35,3.53,Verified,Offline,180,2025-07-09,2025-07-09
3871,parash,8882119380,Female,English,12,21,4.54,Pending,Offline,409,2025-04-13,2025-04-13
3872,parashram,7339573495,Male,Hindi,18,19,4.31,Pending,Busy,747,2025-01-12,2025-01-12
3873,parashu,6676919197,Female,English,12,13,4.66,Verified,Busy,618,2025-01-29,2025-01-29
3874,parathvi,9551784931,Female,English,13,33,4.6,Pending,Offline,446,2025-04-18,2025-04-18
3875,paratibha,8340641780,Female,Hindi,7,27,4.09,Pending,Offline,460,2025-03-06,2025-03-06
3876,parbha,6959924641,Male,Telugu,13,28,4.31,Pending,Offline,551,2025-12-05,2025-12-05
3877,parbhat,8002615648,Female,Hindi,20,11,3.59,Pending,Busy,717,2025-04-17,2025-04-17
3878,parbhu,7848321276,Female,English,1,25,3.76,Pending,Available,116,2025-05-04,2025-05-04
3879,parbhudayal,6924868814,Male,Hindi,3,30,4.62,Pending,Busy,127,2025-02-02,2025-02-02
3880,pardeep,9571751067,Male,Hindi,6,10,3.73,Verified,Offline,106,2025-07-29,2025-07-29
3881,pardep,7119598454,Male,Kannada,7,24,3.66,Verified,Busy,467,2025-04-01,2025-04-01
3882,pardeshi,7533973415,Male,Hindi,0,28,3.72,Pending,Available,175,2025-08-31,2025-08-31
3883,pardhuman,9164510483,Male,Hindi,12,24,4.72,Verified,Busy,737,2025-08-01,2025-08-01
3884,pareen,7891606072,Male,Telugu,18,40,4.01,Pending,Busy,552,2025-07-18,2025-07-18
3885,pareeti,7623243989,Female,Kannada,4,13,4.48,Pending,Busy,492,2025-06-12,2025-06-12
3886,parem,9416549658,Male,Tamil,12,33,4.0,Pending,Busy,500,2025-12-23,2025-12-23
3887,parerna,6430383883,Male,Hindi,8,35,4.92,Verified,Available,644,2025-10-11,2025-10-11
3888,pargat,9640265543,Female,Kannada,0,48,4.08,Pending,Available,388,2025-08-23,2025-08-23
3889,pargati,9570778001,Male,English,2,34,3.64,Pending,Busy,108,2025-04-20,2025-04-20
3890,parhalad,6106844557,Male,English,1,21,3.88,Pending,Available,297,2025-02-19,2025-02-19
3891,pari,8537089721,Male,Tamil,0,43,3.76,Pending,Offline,718,2025-10-11,2025-10-11
3892,pariksha,7353671288,Female,Tamil,8,15,4.96,Verified,Available,214,2025-11-05,2025-11-05
3893,parinka,7548708199,Male,Kannada,20,25,4.11,Verified,Busy,158,2025-05-08,2025-05-08
3894,pariti,7621793323,Male,Kannada,11,43,4.35,Pending,Available,383,2025-06-14,2025-06-14
3895,parjinder,9181618676,Male,Malayalam,7,5,4.74,Pending,Available,726,2025-07-08,2025-07-08
3896,parkash,7034984123,Male,English,12,37,4.79,Verified,Busy,691,2025-03-06,2025-03-06
3897,parlad,7278840884,Male,Hindi,10,42,5.0,Verified,Offline,103,2025-09-10,2025-09-10
3898,parmanand,9985547577,Female,Telugu,1,25,4.98,Verified,Busy,70,2025-10-05,2025-10-05
3899,parmeshwar,9973020284,Male,Hindi,13,14,3.75,Pending,Offline,190,2025-01-25,2025-01-25
3900,parmeshwari,8489984278,Female,Malayalam,4,32,4.39,Verified,Offline,203,2025-01-02,2025-01-02
3901,parmeswari,9203440558,Male,English,18,9,4.21,Verified,Offline,196,2025-03-30,2025-03-30
3902,parmila,8389267274,Male,Telugu,8,26,4.86,Pending,Busy,735,2025-05-04,2025-05-04
3903,parminder,6590074971,Male,Telugu,2,10,3.79,Pending,Available,577,2025-12-28,2025-12-28
3904,parmita,9365272264,Male,Telugu,6,19,3.8,Verified,Busy,565,2025-08-17,2025-08-17
3905,parmjeet,8974885695,Male,Telugu,16,33,3.67,Pending,Available,769,2025-09-18,2025-09-18
3906,parmo,9015747412,Female,Tamil,13,49,3.89,Verified,Offline,406,2025-08-20,2025-08-20
3907,parmod,7984808640,Male,Telugu,15,11,4.59,Pending,Busy,271,2025-09-07,2025-09-07
3908,parmodh,9628356417,Female,Hindi,1,5,3.91,Pending,Offline,646,2025-12-26,2025-12-26
3909,parmood,9912299545,Male,Telugu,17,23,4.65,Verified,Available,44,2025-07-17,2025-07-17
3910,parnav,7185242357,Female,Malayalam,14,50,3.67,Verified,Offline,694,2025-11-10,2025-11-10
3911,parniti,7044698900,Female,Kannada,1,29,3.58,Pending,Offline,669,2025-04-16,2025-04-16
3912,paro,7576100961,Male,English,18,10,4.4,Pending,Busy,720,2025-04-16,2025-04-16
3913,parsanjeet,9783946912,Female,Kannada,5,15,4.13,Verified,Available,408,2025-03-08,2025-03-08
3914,parsann,9626298860,Female,Hindi,9,24,3.63,Pending,Offline,151,2025-12-11,2025-12-11
3915,parsant,8322203924,Male,Telugu,10,30,3.81,Verified,Offline,722,2025-04-21,2025-04-21
3916,parshant,6878789333,Male,Malayalam,3,46,4.61,Verified,Available,355,2025-12-21,2025-12-21
3917,parshotam,7413049421,Female,Kannada,15,23,4.93,Pending,Busy,2,2025-08-06,2025-08-06
3918,parshu,9120951352,Female,Malayalam,3,20,3.8,Pending,Offline,737,2025-04-01,2025-04-01
3919,parsi,7430506198,Male,English,6,50,4.35,Verified,Busy,273,2025-09-16,2025-09-16
3920,parsnath,9109282960,Female,English,0,33,4.61,Verified,Offline,307,2025-11-28,2025-11-28
3921,parsuram,9199377731,Male,Telugu,11,31,4.84,Verified,Offline,76,2025-11-19,2025-11-19
3922,partab,8306486575,Female,English,4,48,3.91,Pending,Busy,628,2025-07-11,2025-07-11
3923,partap,8105415898,Male,Hindi,3,15,4.42,Pending,Offline,396,2025-01-16,2025-01-16
3924,parteek,6365868739,Male,Hindi,17,36,4.47,Pending,Offline,246,2025-01-17,2025-01-17
3925,parth,8948220070,Female,Kannada,20,40,4.23,Verified,Busy,554,2025-10-15,2025-10-15
3926,partibha,9083206822,Male,Kannada,17,24,4.08,Verified,Available,785,2025-12-20,2025-12-20
3927,partik,7690706562,Female,Telugu,18,45,3.77,Pending,Offline,543,2025-09-19,2025-09-19
3928,partima,7282041760,Male,Kannada,11,34,3.77,Pending,Busy,340,2025-07-24,2025-07-24
3929,partul,6913935573,Female,Hindi,17,48,4.33,Pending,Available,619,2025-04-29,2025-04-29
3930,partyush,9309779241,Male,Kannada,11,37,3.74,Verified,Offline,777,2025-09-12,2025-09-12
3931,paru,7860308235,Male,Kannada,13,21,4.11,Pending,Available,251,2025-11-06,2025-11-06
3932,parul,8107750714,Male,Kannada,10,14,4.87,Verified,Available,504,2025-01-18,2025-01-18
3933,parvashi,8846001628,Female,Kannada,7,29,4.91,Verified,Available,736,2025-11-23,2025-11-23
3934,parvati,9302873558,Female,Telugu,13,18,3.5,Verified,Busy,169,2025-06-16,2025-06-16
3935,parveen,9694628037,Female,Telugu,2,38,4.58,Pending,Available,277,2025-01-29,2025-01-29
3936,parveena,6479018759,Male,Malayalam,16,31,4.75,Pending,Offline,518,2025-05-29,2025-05-29
3937,parvej,8435601595,Male,Kannada,17,11,4.59,Pending,Available,113,2025-06-03,2025-06-03
3938,parven,9101010131,Male,Malayalam,6,26,4.34,Verified,Offline,680,2025-03-09,2025-03-09
3939,parvesh,6746123575,Male,Telugu,14,44,4.02,Verified,Available,504,2025-12-16,2025-12-16
3940,parvez,8444098828,Female,Kannada,7,14,3.62,Pending,Offline,142,2025-02-01,2025-02-01
3941,parvin,7241721230,Female,Hindi,7,43,3.85,Verified,Available,513,2025-11-24,2025-11-24
3942,parvinder,9666069552,Female,Malayalam,17,20,4.57,Verified,Busy,93,2025-01-04,2025-01-04
3943,parvti,8584081290,Female,English,4,27,4.8,Pending,Busy,654,2025-05-14,2025-05-14
3944,parwati,8111499223,Female,Tamil,16,46,4.39,Pending,Offline,27,2025-10-12,2025-10-12
3945,paryanka,8130967812,Female,Kannada,5,27,4.76,Verified,Available,593,2025-12-31,2025-12-31
3946,pasanjeet,8780136780,Male,Hindi,2,13,4.07,Pending,Busy,245,2025-08-30,2025-08-30
3947,patan,6607719887,Male,Hindi,17,38,3.69,Pending,Busy,75,2025-12-24,2025-12-24
3948,pataso,7406605481,Female,Telugu,10,45,4.66,Verified,Available,17,2025-10-20,2025-10-20
3949,patav,7925634574,Male,Hindi,4,9,4.03,Pending,Offline,255,2025-11-08,2025-11-08
3950,patender,6740051256,Female,English,14,8,3.75,Pending,Offline,784,2025-07-09,2025-07-09
3951,patik,6003994389,Female,Kannada,10,14,4.31,Pending,Available,694,2025-08-16,2025-08-16
3952,patras,7261676560,Female,Telugu,0,32,3.96,Verified,Available,763,2025-04-29,2025-04-29
3953,patric,7927966443,Male,Telugu,5,30,4.9,Verified,Available,680,2025-03-25,2025-03-25
3954,paul,6253663726,Male,Malayalam,15,41,3.69,Pending,Busy,698,2025-12-16,2025-12-16
3955,pavan,6858575274,Male,Kannada,8,48,3.59,Pending,Offline,85,2025-04-26,2025-04-26
3956,pavi,9104759166,Male,Telugu,0,49,3.82,Verified,Offline,646,2025-09-15,2025-09-15
3957,pavitra,8620203128,Female,Telugu,4,49,4.06,Verified,Offline,377,2025-11-18,2025-11-18
3958,pavnesh,9244521635,Female,English,10,46,4.36,Pending,Offline,225,2025-03-09,2025-03-09
3959,pawan,7303424048,Male,English,15,48,4.4,Pending,Offline,2,2025-10-30,2025-10-30
3960,pawansingh,8012998431,Male,Malayalam,20,28,3.53,Pending,Busy,621,2025-04-17,2025-04-17
3961,pawna,8639525372,Female,English,20,44,4.15,Pending,Offline,160,2025-01-29,2025-01-29
3962,pawni,8135680359,Female,Kannada,12,49,4.73,Pending,Offline,621,2025-07-12,2025-07-12
3963,payal,8621731883,Female,Hindi,4,31,3.68,Verified,Offline,756,2025-10-27,2025-10-27
3964,payana,6681054981,Male,Malayalam,14,21,4.46,Verified,Available,546,2025-10-01,2025-10-01
3965,pear,6318084688,Female,Kannada,16,5,4.04,Verified,Available,518,2025-10-29,2025-10-29
3966,peena,9417883144,Male,English,4,34,4.75,Pending,Available,545,2025-11-13,2025-11-13
3967,peentu,7621728143,Female,Malayalam,1,24,4.39,Verified,Busy,337,2025-10-22,2025-10-22
3968,peenu,7052067970,Female,Tamil,0,47,4.14,Verified,Offline,167,2025-05-16,2025-05-16
3969,peer,8105824934,Female,English,11,7,4.92,Verified,Busy,544,2025-12-13,2025-12-13
3970,pemaram,9195419864,Male,Tamil,9,29,4.11,Verified,Busy,389,2025-07-07,2025-07-07
3971,penzin,9845478456,Female,Kannada,17,44,4.02,Verified,Busy,417,2025-11-30,2025-11-30
3972,pera,8727767581,Male,Kannada,4,44,4.18,Verified,Offline,684,2025-03-28,2025-03-28
3973,perdeep,8156387385,Female,English,1,38,4.05,Pending,Busy,458,2025-07-08,2025-07-08
3974,perkash,9463735238,Female,Hindi,6,46,4.92,Pending,Offline,392,2025-11-05,2025-11-05
3975,permeshwar,7236855510,Female,Hindi,14,20,3.85,Pending,Available,297,2025-07-14,2025-07-14
3976,perveen,8288010212,Male,Telugu,18,7,4.45,Pending,Offline,595,2025-02-14,2025-02-14
3977,pervez,6528690011,Female,Malayalam,13,11,4.22,Verified,Available,288,2025-06-01,2025-06-01
3978,pervinder,9433945335,Female,Malayalam,2,14,4.65,Pending,Busy,647,2025-01-24,2025-01-24
3979,phakir,8439662035,Male,Tamil,14,7,3.94,Verified,Busy,627,2025-08-21,2025-08-21
3980,phalguni,6392024083,Male,Kannada,12,41,4.35,Pending,Available,635,2025-04-23,2025-04-23
3981,pharjana,9096111274,Male,English,0,44,4.74,Verified,Offline,30,2025-07-20,2025-07-20
3982,philomina,8720863112,Female,Kannada,9,40,4.7,Pending,Available,208,2025-08-22,2025-08-22
3983,phirdos,7357936741,Male,Malayalam,0,50,4.93,Verified,Available,71,2025-02-18,2025-02-18
3984,phol,7359865286,Male,Kannada,1,23,3.85,Pending,Available,636,2025-06-15,2025-06-15
3985,pholwati,9210810687,Female,Telugu,7,50,3.51,Verified,Busy,352,2025-08-26,2025-08-26
3986,phool,7739415821,Female,Hindi,9,5,3.71,Verified,Busy,791,2025-07-28,2025-07-28
3987,phoola,7973603589,Female,Tamil,12,25,4.81,Verified,Busy,484,2025-05-07,2025-05-07
3988,phooleshwar,8492220453,Male,Telugu,16,28,5.0,Verified,Available,221,2025-08-19,2025-08-19
3989,phooli,6485825103,Male,Kannada,14,11,3.88,Verified,Available,735,2025-03-10,2025-03-10
3990,phoolla,8486428742,Male,Malayalam,12,31,3.67,Pending,Offline,413,2025-01-01,2025-01-01
3991,phoolmani,9931840730,Male,Kannada,0,10,4.98,Verified,Available,78,2025-08-19,2025-08-19
3992,phoolo,6991770247,Female,English,0,20,4.98,Pending,Offline,241,2025-11-13,2025-11-13
3993,phoolwanti,6965593142,Female,Hindi,14,42,4.0,Verified,Offline,285,2025-08-22,2025-08-22
3994,phoolwati,6410681116,Female,English,9,18,4.33,Verified,Busy,499,2025-01-01,2025-01-01
3995,phul,7798523311,Male,Hindi,9,6,4.85,Verified,Offline,32,2025-04-12,2025-04-12
3996,phulbi,7924507975,Female,Malayalam,14,30,4.45,Verified,Busy,258,2025-10-06,2025-10-06
3997,phulkana,8884540473,Female,Telugu,16,23,4.44,Pending,Available,182,2025-11-14,2025-11-14
3998,pinkey,8913663725,Female,Hindi,17,25,4.65,Pending,Available,77,2025-08-02,2025-08-02
3999,pinki,6232496573,Female,Tamil,13,25,3.51,Pending,Available,237,2025-07-27,2025-07-27
4000,pinkoo,9333970987,Male,Hindi,5,24,4.97,Verified,Available,61,2025-01-07,2025-01-07
4001,pinku,7587015818,Male,Tamil,11,46,4.34,Verified,Available,296,2025-10-02,2025-10-02
4002,pinky,9732537692,Male,Kannada,5,39,3.5,Pending,Offline,625,2025-11-08,2025-11-08
4003,pinttu,7160921032,Male,Tamil,7,33,3.77,Verified,Offline,695,2025-01-23,2025-01-23
4004,pintu,8910983339,Male,Hindi,14,31,4.85,Verified,Offline,540,2025-12-07,2025-12-07
4005,pirmika,8438368382,Male,Malayalam,13,11,4.27,Verified,Busy,654,2025-02-23,2025-02-23
4006,piroj,8652755313,Male,Tamil,15,36,3.67,Verified,Busy,70,2025-09-07,2025-09-07
4007,piryanka,8033062351,Male,English,1,34,3.73,Verified,Offline,314,2025-11-21,2025-11-21
4008,pista,6003937994,Male,Tamil,10,31,3.59,Verified,Available,58,2025-10-17,2025-10-17
4009,pitar,8044252381,Male,Kannada,11,50,4.62,Pending,Available,44,2025-07-09,2025-07-09
4010,pitika,9928420791,Male,Hindi,13,16,3.82,Verified,Busy,333,2025-01-11,2025-01-11
4011,piuesh,6685553677,Male,Telugu,12,12,3.88,Pending,Offline,420,2025-01-29,2025-01-29
4012,piyari,7076610560,Male,Malayalam,6,33,3.93,Pending,Available,782,2025-12-21,2025-12-21
4013,piyus,6639092449,Female,Tamil,20,45,4.67,Pending,Offline,564,2025-12-29,2025-12-29
4014,piyush,9508542361,Male,Telugu,6,10,4.69,Pending,Busy,57,2025-10-25,2025-10-25
4015,poga,6908236735,Female,Telugu,8,45,4.81,Verified,Offline,153,2025-03-23,2025-03-23
4016,pokhar,8496791189,Male,Tamil,6,20,4.0,Pending,Busy,322,2025-03-01,2025-03-01
4017,poma,7949788177,Female,Telugu,16,17,3.66,Verified,Offline,378,2025-04-12,2025-04-12
4018,poneem,9167586720,Female,Tamil,6,23,3.59,Pending,Available,232,2025-09-10,2025-09-10
4019,pooga,9881076883,Female,Malayalam,8,33,4.4,Verified,Offline,395,2025-08-17,2025-08-17
4020,pooja,9925599847,Female,Tamil,17,36,3.8,Verified,Offline,4,2025-09-15,2025-09-15
4021,pooja/varsha,9300947549,Male,Malayalam,8,10,3.82,Pending,Available,550,2025-02-28,2025-02-28
4022,poojadevi,7602945042,Female,Malayalam,18,38,3.95,Pending,Available,229,2025-03-19,2025-03-19
4023,pool,9784165629,Male,English,7,33,4.42,Verified,Offline,126,2025-07-10,2025-07-10
4024,poonam,6884690705,Female,Hindi,2,21,4.58,Verified,Busy,130,2025-01-04,2025-01-04
4025,pooran,6604722008,Male,Hindi,20,17,4.37,Verified,Offline,681,2025-01-03,2025-01-03
4026,pooranmal,9485221907,Female,Kannada,8,5,4.52,Verified,Busy,581,2025-02-23,2025-02-23
4027,poornima,8974368488,Male,Tamil,0,39,3.62,Pending,Busy,76,2025-01-08,2025-01-08
4028,popinder,8413054670,Female,Tamil,2,21,3.54,Pending,Offline,360,2025-10-04,2025-10-04
4029,poshetty,8370675897,Female,Tamil,20,37,4.85,Pending,Offline,693,2025-04-08,2025-04-08
4030,pphola,6271411391,Female,Kannada,8,45,4.62,Verified,Available,722,2025-05-25,2025-05-25
4031,prabhakar,7672390399,Male,English,5,35,4.94,Verified,Busy,568,2025-12-25,2025-12-25
4032,prabhash,7884086420,Female,Kannada,14,16,4.63,Verified,Offline,704,2025-12-20,2025-12-20
4033,prabhat,8435955407,Male,English,2,10,4.51,Verified,Available,400,2025-10-16,2025-10-16
4034,prabhatilal,8189862553,Male,Malayalam,8,27,4.59,Pending,Busy,752,2025-12-04,2025-12-04
4035,prabhatyashi,9018543752,Male,Telugu,7,34,4.11,Verified,Offline,444,2025-07-12,2025-07-12
4036,prabhila,8429137506,Male,Hindi,1,7,3.89,Pending,Offline,529,2025-04-01,2025-04-01
4037,prabhjeet,9849143950,Male,Hindi,17,46,4.23,Verified,Offline,81,2025-07-09,2025-07-09
4038,prabhjit,9806181634,Female,Hindi,5,20,3.8,Verified,Available,739,2025-02-23,2025-02-23
4039,prabhjot,6928932245,Male,English,3,16,3.78,Verified,Available,366,2025-05-21,2025-05-21
4040,prabhu,7901637119,Male,Telugu,3,30,3.97,Pending,Busy,352,2025-11-07,2025-11-07
4041,prabhudayal,7371494371,Female,Malayalam,12,30,4.62,Verified,Offline,721,2025-01-15,2025-01-15
4042,prableen,9081231721,Male,Tamil,11,41,3.7,Verified,Busy,378,2025-06-29,2025-06-29
4043,prachi,6494109283,Female,Malayalam,9,24,4.91,Pending,Offline,546,2025-01-13,2025-01-13
4044,pradeep,9046553388,Female,Tamil,20,8,3.93,Verified,Offline,305,2025-12-11,2025-12-11
4045,pradep,6181067847,Female,Hindi,20,22,4.12,Verified,Available,400,2025-03-02,2025-03-02
4046,prafhool,6874620529,Female,Hindi,13,14,3.66,Verified,Busy,599,2025-12-06,2025-12-06
4047,praful,7245365235,Female,Hindi,19,27,4.48,Verified,Available,482,2025-05-08,2025-05-08
4048,pragati,8236637926,Female,Kannada,7,9,5.0,Pending,Offline,360,2025-07-29,2025-07-29
4049,pragti,6856934649,Male,Kannada,7,39,4.07,Pending,Busy,543,2025-04-15,2025-04-15
4050,prahlad,6184723789,Male,Hindi,0,39,3.85,Pending,Offline,450,2025-03-23,2025-03-23
4051,prakash,9686504871,Male,Kannada,18,39,3.96,Pending,Offline,182,2025-05-28,2025-05-28
4052,prakesh,9456970093,Female,Kannada,8,35,4.65,Verified,Busy,332,2025-05-20,2025-05-20
4053,prakul,8104163385,Male,Malayalam,8,27,3.63,Verified,Available,679,2025-11-09,2025-11-09
4054,pram,8636812228,Male,Kannada,8,48,4.56,Pending,Busy,23,2025-02-16,2025-02-16
4055,pramal,9909290236,Female,Malayalam,19,41,4.15,Pending,Offline,101,2025-12-10,2025-12-10
4056,pramatma,9651933989,Female,English,16,13,4.04,Verified,Busy,45,2025-04-02,2025-04-02
4057,prameela,7953582552,Female,Malayalam,15,10,4.0,Pending,Busy,481,2025-07-03,2025-07-03
4058,prameshwar,9974843983,Male,English,14,13,3.75,Pending,Busy,183,2025-02-06,2025-02-06
4059,prami,9551149078,Female,Malayalam,8,37,4.73,Pending,Available,182,2025-10-06,2025-10-06
4060,pramil,9322418661,Female,Malayalam,4,8,4.36,Pending,Offline,700,2025-11-21,2025-11-21
4061,pramila,6892055534,Female,Kannada,9,10,3.67,Pending,Busy,277,2025-07-01,2025-07-01
4062,pramjeet,8880273151,Male,Kannada,10,46,4.58,Pending,Available,685,2025-07-18,2025-07-18
4063,pramjot,7821730596,Male,English,6,48,3.76,Pending,Busy,458,2025-01-16,2025-01-16
4064,pramod,8910335531,Female,Tamil,7,37,4.27,Verified,Offline,173,2025-12-19,2025-12-19
4065,pramood,8211697839,Female,Tamil,10,7,5.0,Pending,Available,47,2025-07-10,2025-07-10
4066,prankur,8551544057,Male,Kannada,7,34,4.37,Pending,Available,12,2025-04-26,2025-04-26
4067,prannab,9810020182,Male,Malayalam,18,21,3.59,Verified,Available,287,2025-04-26,2025-04-26
4068,pransis,8189402966,Female,English,5,16,4.49,Verified,Busy,773,2025-08-22,2025-08-22
4069,prasant,7427618679,Female,Malayalam,9,41,4.58,Pending,Busy,331,2025-07-03,2025-07-03
4070,prasanta,6824260842,Female,Kannada,7,38,3.87,Pending,Available,533,2025-10-03,2025-10-03
4071,prashanat,6133699405,Male,Kannada,2,38,4.63,Pending,Busy,662,2025-05-29,2025-05-29
4072,prashansa,9569259425,Male,Malayalam,9,17,4.62,Pending,Offline,155,2025-04-19,2025-04-19
4073,prashant,7145791075,Female,Tamil,1,23,4.52,Pending,Offline,389,2025-10-30,2025-10-30
4074,pratap,7774262155,Female,Hindi,2,8,4.91,Pending,Busy,131,2025-11-29,2025-11-29
4075,prateek,6190665225,Female,Kannada,5,34,4.12,Verified,Available,727,2025-07-31,2025-07-31
4076,pratha,9326813994,Male,English,15,17,3.77,Verified,Busy,323,2025-09-28,2025-09-28
4077,prati,8276212500,Female,Telugu,1,39,3.89,Pending,Offline,62,2025-09-28,2025-09-28
4078,pratibha,7795261334,Male,Telugu,15,23,3.95,Pending,Offline,24,2025-07-09,2025-07-09
4079,pratiksha,8657502804,Female,Malayalam,6,43,4.8,Pending,Busy,114,2025-01-13,2025-01-13
4080,pratima,9001522751,Male,Telugu,20,28,4.52,Verified,Busy,116,2025-12-15,2025-12-15
4081,pratul,8118127667,Male,Tamil,13,35,4.02,Verified,Busy,203,2025-04-16,2025-04-16
4082,praveen,9828874469,Female,Hindi,4,46,4.25,Verified,Available,141,2025-12-24,2025-12-24
4083,praveena,8270705572,Male,English,8,12,4.72,Pending,Offline,543,2025-04-12,2025-04-12
4084,pravendra,7180568045,Female,English,16,40,3.68,Pending,Offline,741,2025-06-20,2025-06-20
4085,pravesh,8689217769,Male,Kannada,18,9,4.89,Pending,Available,43,2025-05-31,2025-05-31
4086,pravin,6373842432,Female,English,11,11,4.15,Pending,Offline,245,2025-03-06,2025-03-06
4087,pravindra,6332364000,Female,Malayalam,6,11,3.65,Pending,Offline,309,2025-11-11,2025-11-11
4088,prayatan,6938806535,Male,Malayalam,16,26,3.82,Pending,Offline,512,2025-10-21,2025-10-21
4089,prdeep,8619948574,Male,Tamil,18,49,4.64,Verified,Busy,249,2025-03-12,2025-03-12
4090,pree,8010758504,Female,Malayalam,19,22,4.09,Pending,Available,244,2025-06-12,2025-06-12
4091,preena,9792245818,Male,English,9,40,4.39,Verified,Available,42,2025-03-27,2025-03-27
4092,preet,6870727452,Female,Malayalam,11,49,4.44,Verified,Offline,271,2025-05-21,2025-05-21
4093,preetam,8215160682,Male,English,17,45,3.92,Verified,Offline,570,2025-03-25,2025-03-25
4094,preeti,6981328715,Male,English,11,33,4.97,Pending,Offline,213,2025-11-23,2025-11-23
4095,preety,8565254403,Male,Hindi,20,21,3.8,Verified,Offline,324,2025-12-30,2025-12-30
4096,prem,7914609363,Male,English,9,8,3.97,Verified,Offline,354,2025-12-01,2025-12-01
4097,prema,9842501407,Female,Tamil,10,42,4.7,Verified,Busy,133,2025-02-13,2025-02-13
4098,premature,6610639843,Male,Tamil,1,48,4.34,Pending,Available,7,2025-05-09,2025-05-09
4099,premawati,6080582992,Female,Malayalam,18,20,3.68,Verified,Offline,725,2025-08-31,2025-08-31
4100,premchand,6099541104,Male,Telugu,20,42,4.92,Verified,Available,251,2025-12-08,2025-12-08
4101,premi,7068742305,Male,Telugu,18,29,4.74,Pending,Offline,711,2025-07-21,2025-07-21
4102,premjit,6271844423,Female,English,14,25,4.96,Verified,Available,350,2025-12-28,2025-12-28
4103,premla,7624318934,Male,Hindi,20,35,3.54,Verified,Offline,786,2025-07-28,2025-07-28
4104,premlata,9355846008,Male,Malayalam,4,28,4.83,Verified,Available,558,2025-02-21,2025-02-21
4105,premnarayan,9989270989,Male,Tamil,3,47,3.96,Pending,Available,641,2025-03-12,2025-03-12
4106,premo,6897700665,Male,English,2,14,3.51,Pending,Available,67,2025-04-10,2025-04-10
4107,prempal,8312631559,Male,Kannada,11,23,4.78,Verified,Busy,652,2025-12-12,2025-12-12
4108,premsingh,6555223012,Female,Telugu,2,32,4.22,Verified,Available,108,2025-08-27,2025-08-27
4109,premwati,6832646010,Male,Telugu,5,15,4.07,Verified,Offline,253,2025-05-30,2025-05-30
4110,prete,9091223804,Female,Tamil,7,32,4.95,Verified,Busy,215,2025-01-21,2025-01-21
4111,preti,9062284898,Female,Tamil,13,15,3.97,Verified,Busy,524,2025-07-12,2025-07-12
4112,preyank,8225674494,Male,English,13,41,4.66,Pending,Available,242,2025-10-22,2025-10-22
4113,preyojit,6634967825,Male,Hindi,11,6,4.34,Pending,Offline,641,2025-09-07,2025-09-07
4114,prezi,7573258593,Female,Tamil,17,50,4.44,Pending,Busy,168,2025-12-24,2025-12-24
4115,prhalad,6536101135,Female,Kannada,5,48,4.96,Verified,Available,634,2025-09-04,2025-09-04
4116,priju,7226680709,Female,Malayalam,4,11,4.66,Pending,Offline,766,2025-04-25,2025-04-25
4117,prince,7196946054,Male,Tamil,4,7,4.64,Verified,Offline,283,2025-04-04,2025-04-04
4118,prinka,7211354446,Female,Telugu,2,21,3.86,Verified,Available,625,2025-08-07,2025-08-07
4119,prinkaya,6078419488,Male,Malayalam,20,35,4.61,Verified,Available,630,2025-05-14,2025-05-14
4120,prinkya,6122436441,Male,Malayalam,10,7,4.72,Pending,Offline,216,2025-11-14,2025-11-14
4121,prinsh,9694003362,Female,Tamil,4,46,4.26,Pending,Available,103,2025-01-12,2025-01-12
4122,pritam,8483136949,Male,Kannada,4,28,4.86,Verified,Available,781,2025-06-18,2025-06-18
4123,pritee,6470253030,Female,English,16,39,4.19,Pending,Offline,648,2025-05-11,2025-05-11
4124,prithvi,7146433013,Male,Malayalam,4,48,4.72,Verified,Offline,196,2025-01-24,2025-01-24
4125,priti,9873468258,Female,Kannada,14,48,3.78,Verified,Available,466,2025-09-20,2025-09-20
4126,pritibha,9261859051,Female,Telugu,18,49,4.92,Verified,Available,149,2025-02-08,2025-02-08
4127,pritika,8358242015,Male,English,0,12,4.4,Verified,Available,305,2025-09-26,2025-09-26
4128,prittam,6994533632,Female,Kannada,14,33,4.92,Pending,Offline,184,2025-04-09,2025-04-09
4129,prity,9549480974,Male,Kannada,10,22,4.19,Verified,Available,651,2025-10-27,2025-10-27
4130,priya,6331188199,Female,Hindi,8,46,3.74,Pending,Offline,305,2025-08-05,2025-08-05
4131,priyak,9152572358,Female,Malayalam,17,35,3.51,Verified,Available,455,2025-08-31,2025-08-31
4132,priyaka,8646018291,Female,Kannada,0,6,4.31,Pending,Busy,472,2025-10-10,2025-10-10
4133,priyaki,7849299995,Female,Telugu,10,20,4.82,Pending,Busy,295,2025-06-02,2025-06-02
4134,priyanka,9372627799,Male,Telugu,10,45,3.91,Pending,Busy,787,2025-11-28,2025-11-28
4135,priyanshu,7035401664,Male,Hindi,7,42,4.36,Verified,Available,261,2025-08-31,2025-08-31
4136,priyansi,6822195242,Male,Telugu,3,35,3.89,Verified,Available,303,2025-09-26,2025-09-26
4137,priyansu,9074705771,Female,Malayalam,3,18,4.84,Pending,Offline,544,2025-07-12,2025-07-12
4138,priynka,9577385591,Male,Kannada,0,22,4.48,Pending,Busy,528,2025-07-20,2025-07-20
4139,prkesh,7137477345,Female,Malayalam,12,40,4.85,Pending,Available,766,2025-10-23,2025-10-23
4140,prmod,7479686500,Female,English,5,10,3.72,Pending,Offline,470,2025-04-19,2025-04-19
4141,promila,7794304822,Male,Kannada,8,32,4.84,Pending,Offline,266,2025-02-25,2025-02-25
4142,prsant,9356999013,Male,Kannada,4,23,4.7,Pending,Available,130,2025-01-02,2025-01-02
4143,prshant,9763020978,Male,English,15,20,4.93,Verified,Offline,750,2025-09-19,2025-09-19
4144,prya,6786968064,Male,English,14,46,4.6,Verified,Offline,94,2025-10-20,2025-10-20
4145,pryanika,7414584853,Male,Tamil,14,17,4.85,Verified,Available,619,2025-11-14,2025-11-14
4146,pryanka,8925050702,Female,Telugu,2,41,4.36,Pending,Offline,686,2025-02-04,2025-02-04
4147,pryinka,9769005239,Male,Telugu,1,26,4.76,Verified,Offline,168,2025-02-03,2025-02-03
4148,puja,7934870014,Male,Tamil,0,10,3.73,Pending,Busy,57,2025-02-23,2025-02-23
4149,pujja,7333476448,Male,Malayalam,1,23,4.41,Pending,Available,106,2025-10-13,2025-10-13
4150,pukharam,9511765858,Female,Telugu,10,43,3.53,Verified,Offline,775,2025-12-21,2025-12-21
4151,pulita,8900999443,Male,Kannada,12,7,4.68,Verified,Offline,745,2025-01-31,2025-01-31
4152,pulkit,6056133016,Male,Telugu,17,10,4.23,Pending,Available,393,2025-12-22,2025-12-22
4153,punam,7628276564,Female,Kannada,15,50,4.4,Pending,Busy,743,2025-10-07,2025-10-07
4154,punarjyoti,8858608224,Female,Malayalam,14,24,4.65,Pending,Available,542,2025-02-04,2025-02-04
4155,puneet,7378669533,Male,Telugu,5,14,3.52,Pending,Available,561,2025-06-14,2025-06-14
4156,puneeta,6584128306,Male,Telugu,2,27,4.97,Pending,Busy,422,2025-09-30,2025-09-30
4157,punia,8709646700,Female,Kannada,11,25,3.62,Verified,Busy,57,2025-06-19,2025-06-19
4158,punit,6147177421,Male,Kannada,14,32,3.76,Pending,Offline,599,2025-11-05,2025-11-05
4159,punita,9145497740,Female,English,19,32,4.08,Pending,Busy,179,2025-01-06,2025-01-06
4160,punkaj,6710633300,Female,Kannada,11,15,3.97,Pending,Busy,578,2025-12-13,2025-12-13
4161,punnet,8334519674,Male,Tamil,9,49,4.6,Verified,Offline,142,2025-02-27,2025-02-27
4162,punni,8415954374,Female,English,2,23,4.04,Pending,Offline,497,2025-07-25,2025-07-25
4163,puran,7517558397,Female,Tamil,3,16,3.99,Verified,Busy,663,2025-01-28,2025-01-28
4164,puranmal,9360955674,Male,Telugu,9,6,4.65,Verified,Offline,75,2025-07-05,2025-07-05
4165,purnima,8603716949,Male,Hindi,12,36,4.66,Verified,Busy,418,2025-01-08,2025-01-08
4166,purnmal,9648701279,Male,English,10,15,3.82,Verified,Offline,165,2025-12-25,2025-12-25
4167,purva,9338412366,Male,Tamil,3,41,3.66,Pending,Offline,490,2025-03-19,2025-03-19
4168,pusgpender,8332377598,Male,Hindi,17,5,4.05,Verified,Busy,693,2025-05-03,2025-05-03
4169,pushank,9371484488,Male,English,17,41,4.24,Pending,Offline,78,2025-07-01,2025-07-01
4170,pushapa,7289490072,Male,Malayalam,1,28,4.82,Pending,Offline,648,2025-11-28,2025-11-28
4171,pushkar,7104318666,Male,Malayalam,12,47,4.92,Pending,Available,83,2025-10-29,2025-10-29
4172,pushpa,8585397440,Female,Kannada,1,22,4.41,Verified,Busy,355,2025-01-24,2025-01-24
4173,pushpan,9496065725,Female,Telugu,20,26,4.65,Pending,Available,546,2025-03-18,2025-03-18
4174,pushpanjali,6108634367,Male,Hindi,6,37,3.71,Pending,Offline,394,2025-07-14,2025-07-14
4175,pushpawati,6453176997,Female,English,14,35,4.83,Pending,Offline,137,2025-10-01,2025-10-01
4176,pushpender,9677001122,Female,English,4,22,3.91,Pending,Offline,399,2025-07-02,2025-07-02
4177,pushpendr,6037811360,Female,Kannada,4,41,3.62,Pending,Available,124,2025-01-25,2025-01-25
4178,pushpendra,9640966708,Male,Tamil,0,33,3.54,Pending,Busy,58,2025-10-30,2025-10-30
4179,puskar,9581926643,Male,Hindi,11,29,3.84,Pending,Available,352,2025-12-14,2025-12-14
4180,puspa,6089257144,Male,Kannada,8,40,4.85,Verified,Available,303,2025-12-19,2025-12-19
4181,puspa&,7766497905,Female,English,12,45,4.94,Pending,Offline,81,2025-09-17,2025-09-17
4182,puspak,9422095738,Male,Telugu,20,8,3.96,Verified,Busy,193,2025-06-10,2025-06-10
4183,puspendar,9806949601,Male,Telugu,12,15,4.4,Pending,Available,97,2025-11-19,2025-11-19
4184,puspender,7197570112,Male,English,13,44,4.27,Pending,Offline,646,2025-03-13,2025-03-13
4185,puspha,8768234696,Female,Hindi,10,12,4.85,Pending,Available,577,2025-03-19,2025-03-19
4186,puswa,7358324263,Female,English,14,23,4.87,Verified,Available,98,2025-01-12,2025-01-12
4187,putulu,6017718308,Female,Tamil,11,11,4.24,Verified,Offline,724,2025-05-20,2025-05-20
4188,pyar,6054202371,Male,Tamil,17,7,4.24,Pending,Busy,360,2025-02-15,2025-02-15
4189,pyare,9745766662,Male,Malayalam,1,22,4.62,Verified,Available,1,2025-03-17,2025-03-17
4190,pyarelal,9051850738,Male,Malayalam,4,6,3.72,Verified,Busy,446,2025-10-28,2025-10-28
4191,pyari,7130638185,Female,Hindi,11,16,3.53,Pending,Available,319,2025-03-27,2025-03-27
4192,rabhida,9293636518,Female,Malayalam,9,6,3.69,Pending,Available,499,2025-06-11,2025-06-11
4193,rabin,6944264880,Female,Kannada,14,15,4.27,Pending,Offline,325,2025-09-10,2025-09-10
4194,rabina,7060845903,Female,Telugu,9,27,4.34,Pending,Available,43,2025-07-22,2025-07-22
4195,rabita,6686814507,Female,English,14,23,3.74,Verified,Available,324,2025-11-19,2025-11-19
4196,rabiya,7415578762,Male,Hindi,10,5,3.79,Verified,Busy,543,2025-09-19,2025-09-19
4197,rabpreet,7687699335,Male,Hindi,8,17,4.19,Pending,Offline,627,2025-07-30,2025-07-30
4198,rachana,9023957792,Female,Kannada,0,17,3.91,Verified,Offline,61,2025-07-10,2025-07-10
4199,rachna,8929849671,Female,English,5,16,3.98,Verified,Busy,194,2025-01-18,2025-01-18
4200,rachna(with,8682804378,Male,Hindi,19,48,4.63,Pending,Available,382,2025-03-29,2025-03-29
4201,rachnu,8532942986,Female,Tamil,16,22,4.74,Verified,Offline,181,2025-08-28,2025-08-28
4202,rachpreet,8915033208,Male,Hindi,0,11,3.92,Verified,Busy,439,2025-08-06,2025-08-06
4203,rada,8779198135,Male,Hindi,20,47,4.76,Pending,Offline,234,2025-08-09,2025-08-09
4204,radat,9817171369,Male,Malayalam,18,41,4.63,Verified,Busy,363,2025-02-06,2025-02-06
4205,radesyam,7797734287,Female,Tamil,4,23,3.66,Pending,Available,229,2025-08-23,2025-08-23
4206,radha,8644951976,Male,Kannada,5,6,4.35,Verified,Busy,179,2025-07-15,2025-07-15
4207,radhab,7938185533,Female,Hindi,0,47,4.2,Verified,Offline,241,2025-03-13,2025-03-13
4208,radhabai,8847079827,Male,English,4,35,4.33,Pending,Offline,573,2025-09-10,2025-09-10
4209,radhadalal,8645004808,Male,Tamil,10,42,3.53,Pending,Busy,577,2025-04-30,2025-04-30
4210,radhamohan,9211522340,Female,Kannada,10,14,4.16,Verified,Busy,669,2025-11-11,2025-11-11
4211,radhe,6075964123,Male,Hindi,0,11,4.59,Verified,Available,58,2025-12-18,2025-12-18
4212,radhesayam,6862341766,Female,Kannada,13,48,4.79,Verified,Offline,717,2025-03-13,2025-03-13
4213,radheshyam,9900336794,Male,Malayalam,3,38,4.82,Verified,Available,629,2025-11-02,2025-11-02
4214,radhey,6840680642,Male,Hindi,18,23,4.47,Pending,Available,396,2025-08-17,2025-08-17
4215,radheyshyam,7940454065,Male,English,20,11,4.23,Pending,Available,732,2025-09-29,2025-09-29
4216,radhika,6962317969,Male,Hindi,12,30,4.9,Pending,Busy,590,2025-02-23,2025-02-23
4217,radhyshyam,6325589498,Male,Kannada,1,24,4.48,Verified,Offline,644,2025-05-29,2025-05-29
4218,radikha,8567426071,Male,Telugu,13,14,3.75,Verified,Available,19,2025-07-13,2025-07-13
4219,raeeyan,6231469553,Female,English,8,30,3.87,Pending,Available,712,2025-12-22,2025-12-22
4220,rafal,8932292939,Female,Telugu,0,36,4.13,Pending,Busy,36,2025-04-29,2025-04-29
4221,rafat,6805539319,Female,Malayalam,8,13,3.84,Pending,Available,400,2025-01-25,2025-01-25
4222,rafeddin,6218081354,Male,Kannada,14,41,4.57,Verified,Available,136,2025-11-08,2025-11-08
4223,rafi,9059910767,Female,Telugu,3,48,4.83,Verified,Busy,790,2025-11-12,2025-11-12
4224,rafiq,7117436898,Female,English,6,45,4.32,Verified,Busy,573,2025-08-31,2025-08-31
4225,raghav,8623225209,Male,Telugu,6,15,3.93,Pending,Offline,552,2025-12-22,2025-12-22
4226,raghbir,9588408376,Male,English,2,41,4.52,Pending,Offline,174,2025-09-07,2025-09-07
4227,raghu,9740563030,Female,Malayalam,2,24,3.9,Pending,Available,753,2025-02-15,2025-02-15
4228,raghubeer,7442693303,Female,Tamil,12,12,4.91,Verified,Busy,450,2025-10-06,2025-10-06
4229,raghubir,7454460591,Female,Kannada,16,15,4.12,Pending,Offline,758,2025-06-11,2025-06-11
4230,raghunandan,7030880872,Female,Tamil,18,10,4.2,Verified,Offline,719,2025-12-27,2025-12-27
4231,raghuveer,7637551335,Male,Malayalam,0,24,4.89,Verified,Available,491,2025-08-16,2025-08-16
4232,raghuvinder,9362343290,Male,Tamil,15,49,4.5,Verified,Offline,548,2025-09-24,2025-09-24
4233,raghuvir,9619546245,Female,Malayalam,12,38,3.94,Verified,Available,242,2025-12-01,2025-12-01
4234,ragib,8920521160,Female,Kannada,17,46,4.72,Verified,Available,589,2025-04-06,2025-04-06
4235,ragina,9234696173,Female,Telugu,5,13,4.3,Pending,Offline,755,2025-09-27,2025-09-27
4236,ragini,7897310370,Female,Hindi,14,36,4.88,Verified,Busy,10,2025-09-23,2025-09-23
4237,ragni,8866158197,Female,English,6,14,4.49,Pending,Busy,562,2025-10-13,2025-10-13
4238,ragwender,7645001865,Female,Kannada,5,12,4.27,Verified,Busy,395,2025-09-16,2025-09-16
4239,rahat,7231545986,Female,Telugu,18,28,4.66,Pending,Busy,159,2025-08-24,2025-08-24
4240,raheesh,6017027708,Male,Kannada,14,47,4.97,Pending,Offline,228,2025-02-18,2025-02-18
4241,rahi,6192631671,Male,Malayalam,14,30,4.27,Pending,Available,196,2025-04-29,2025-04-29
4242,rahil,7755241503,Male,Hindi,1,47,4.03,Verified,Offline,715,2025-03-23,2025-03-23
4243,rahila,7857623031,Male,Hindi,10,36,4.32,Pending,Offline,716,2025-10-04,2025-10-04
4244,rahim,8132258356,Female,Kannada,16,49,4.12,Pending,Busy,314,2025-03-19,2025-03-19
4245,rahimuddin,8535863467,Male,Kannada,19,23,3.79,Verified,Busy,297,2025-03-18,2025-03-18
4246,rahimun,7925933688,Male,English,3,41,4.71,Pending,Available,672,2025-08-01,2025-08-01
4247,rahina,9326576569,Male,Tamil,5,14,4.23,Pending,Available,103,2025-10-18,2025-10-18
4248,rahis,6348253414,Female,Tamil,15,13,3.52,Verified,Offline,236,2025-11-13,2025-11-13
4249,rahish,8858399042,Female,Telugu,20,42,3.69,Pending,Offline,756,2025-06-13,2025-06-13
4250,rahishudeen,6960787916,Female,English,11,18,3.88,Pending,Offline,70,2025-01-13,2025-01-13
4251,rahisuddin,7545493431,Female,Tamil,16,10,3.9,Verified,Busy,77,2025-09-03,2025-09-03
4252,rahmat,8756199782,Male,Malayalam,11,28,3.63,Pending,Busy,709,2025-07-11,2025-07-11
4253,rahnuma,8866256199,Male,Hindi,7,25,3.57,Verified,Busy,407,2025-03-27,2025-03-27
4254,rahu,7386538238,Male,Malayalam,4,23,4.18,Verified,Offline,400,2025-08-08,2025-08-08
4255,rahul,7891951620,Male,Tamil,9,45,4.18,Verified,Busy,327,2025-08-26,2025-08-26
4256,rai,6016952059,Male,Telugu,2,46,3.64,Verified,Busy,261,2025-02-15,2025-02-15
4257,rainu,9978115068,Male,English,0,44,4.93,Verified,Busy,599,2025-01-10,2025-01-10
4258,raisha,7676424269,Male,Tamil,5,16,4.22,Pending,Available,578,2025-07-01,2025-07-01
4259,raishma,9001963286,Female,Tamil,7,7,4.93,Pending,Available,324,2025-03-25,2025-03-25
4260,raisingh,7064211042,Male,English,6,48,4.4,Verified,Available,275,2025-08-10,2025-08-10
4261,raisuddin,9349457098,Male,Tamil,0,21,4.31,Pending,Busy,311,2025-09-06,2025-09-06
4262,raj,7351764784,Male,Hindi,5,30,4.56,Pending,Busy,2,2025-09-03,2025-09-03
4263,raja,8450384618,Male,Telugu,7,5,4.64,Verified,Busy,136,2025-10-01,2025-10-01
4264,rajam,9264500669,Female,Hindi,14,14,4.78,Pending,Available,257,2025-08-23,2025-08-23
4265,rajan,9636584907,Female,English,8,27,4.92,Verified,Busy,343,2025-06-21,2025-06-21
4266,rajani,7991704223,Female,Tamil,12,40,3.85,Pending,Available,641,2025-12-31,2025-12-31
4267,rajanti,8053799501,Male,Kannada,19,45,4.38,Verified,Offline,528,2025-08-17,2025-08-17
4268,rajaram,8992490500,Female,Tamil,19,23,4.79,Pending,Busy,108,2025-08-08,2025-08-08
4269,rajat,6666732143,Female,Malayalam,14,46,4.28,Verified,Busy,281,2025-03-05,2025-03-05
4270,rajbala,6071310754,Female,Kannada,8,40,4.71,Verified,Available,36,2025-09-20,2025-09-20
4271,rajbeer,7427619338,Male,Telugu,5,40,3.82,Verified,Offline,787,2025-07-30,2025-07-30
4272,rajbir,9078099643,Female,Hindi,10,7,4.28,Verified,Offline,404,2025-05-17,2025-05-17
4273,rajbiri,7599084699,Female,Tamil,14,31,4.42,Verified,Offline,331,2025-11-15,2025-11-15
4274,rajdev,6558705234,Male,Hindi,9,24,4.27,Verified,Offline,558,2025-05-02,2025-05-02
4275,rajdut,8606160474,Female,Tamil,15,28,3.75,Verified,Busy,491,2025-06-26,2025-06-26
4276,rajeena,6752908127,Female,Malayalam,17,18,4.74,Verified,Busy,723,2025-03-22,2025-03-22
4277,rajeet,8749950959,Female,English,9,46,3.99,Verified,Busy,66,2025-11-22,2025-11-22
4278,rajeev,9643348296,Male,English,18,28,3.82,Pending,Available,298,2025-09-14,2025-09-14
4279,rajend,7806928868,Male,English,17,35,4.1,Pending,Available,595,2025-04-27,2025-04-27
4280,rajendar,6230548207,Female,English,2,10,4.12,Pending,Busy,309,2025-04-15,2025-04-15
4281,rajender,6645588186,Male,Telugu,1,19,3.67,Pending,Busy,6,2025-08-14,2025-08-14
4282,rajenderi,9177829375,Male,Malayalam,3,10,4.98,Pending,Busy,148,2025-06-17,2025-06-17
4283,rajendra,6575426204,Female,Telugu,6,44,3.78,Verified,Offline,598,2025-12-06,2025-12-06
4284,rajesh,6653657197,Male,Hindi,19,38,4.29,Verified,Offline,502,2025-09-03,2025-09-03
4285,rajeshvr,6395960429,Female,Kannada,17,25,3.64,Verified,Busy,446,2026-01-01,2026-01-01
4286,rajeshwar,8916819493,Male,Kannada,13,44,3.88,Pending,Busy,115,2025-10-12,2025-10-12
4287,rajeshwari,8951069100,Male,English,15,29,4.21,Pending,Busy,442,2025-11-20,2025-11-20
4288,rajeswary,6489067107,Male,English,2,30,4.48,Pending,Available,189,2025-03-10,2025-03-10
4289,rajia,6343762681,Male,Tamil,1,37,4.05,Verified,Busy,109,2025-02-18,2025-02-18
4290,rajibul,8371587357,Male,Hindi,11,13,4.21,Pending,Available,333,2025-11-21,2025-11-21
4291,rajider,9326738863,Male,Tamil,12,37,3.76,Pending,Available,759,2025-07-02,2025-07-02
4292,rajina,9585319676,Male,Tamil,18,24,4.32,Verified,Busy,399,2025-04-27,2025-04-27
4293,rajinder,6492981990,Female,Kannada,12,25,4.53,Pending,Busy,527,2025-05-13,2025-05-13
4294,rajish,7081309583,Male,Tamil,3,23,4.32,Verified,Busy,581,2025-01-27,2025-01-27
4295,rajit,8866946470,Male,Telugu,16,9,4.19,Verified,Busy,83,2025-10-02,2025-10-02
4296,rajiv,6375669773,Male,Hindi,13,7,4.26,Pending,Offline,676,2025-06-06,2025-06-06
4297,rajiya,7024365895,Male,Malayalam,1,46,3.99,Verified,Busy,433,2025-03-07,2025-03-07
4298,rajjit,8157660788,Male,Kannada,2,14,4.58,Verified,Available,763,2025-08-13,2025-08-13
4299,rajkali,6382871050,Female,Malayalam,5,16,3.52,Verified,Offline,187,2025-07-04,2025-07-04
4300,rajkaranta,6941689865,Male,Hindi,2,13,4.69,Verified,Available,543,2025-02-18,2025-02-18
4301,rajkarnta,8961593878,Female,Kannada,11,49,4.99,Pending,Available,567,2025-07-18,2025-07-18
4302,rajkiran,6590020582,Female,Tamil,11,24,4.62,Verified,Offline,704,2025-08-17,2025-08-17
4303,rajkumar,6568085687,Female,Telugu,4,33,4.58,Verified,Busy,252,2025-06-25,2025-06-25
4304,rajkumari,8897696286,Male,Telugu,1,50,4.46,Verified,Available,175,2025-10-05,2025-10-05
4305,rajkumarm,7534057368,Female,English,10,21,3.91,Verified,Available,216,2025-06-22,2025-06-22
4306,rajl,7823282818,Male,English,12,6,3.81,Pending,Busy,289,2025-12-25,2025-12-25
4307,rajlaxmi,6381120751,Male,Malayalam,0,13,3.71,Verified,Offline,402,2025-05-23,2025-05-23
4308,rajmani,6864829339,Male,Telugu,14,10,4.89,Pending,Available,214,2025-08-27,2025-08-27
4309,rajna,9871579841,Male,Kannada,4,50,3.67,Pending,Available,502,2025-02-14,2025-02-14
4310,rajneesh,7929561939,Female,Hindi,2,41,3.98,Pending,Busy,781,2025-05-07,2025-05-07
4311,rajnesh,6062336894,Female,English,12,5,4.14,Verified,Available,575,2025-07-22,2025-07-22
4312,rajni,9672356931,Male,English,18,5,3.76,Verified,Busy,689,2025-03-10,2025-03-10
4313,rajnish,6016099556,Female,Telugu,8,32,4.02,Verified,Available,444,2025-07-10,2025-07-10
4314,rajo,6273555600,Female,Kannada,0,14,4.68,Verified,Busy,633,2025-08-01,2025-08-01
4315,rajpal,7221345385,Male,Malayalam,10,32,4.89,Verified,Offline,329,2025-09-18,2025-09-18
4316,rajputra,8148623112,Male,Hindi,14,26,4.02,Verified,Busy,741,2025-05-09,2025-05-09
4317,rajrani,6843050431,Male,Hindi,8,23,4.35,Verified,Offline,722,2025-04-07,2025-04-07
4318,rajshree,6111588686,Male,English,11,16,4.49,Verified,Busy,399,2025-05-15,2025-05-15
4319,raju,9480189065,Male,Hindi,3,25,3.64,Verified,Available,102,2025-10-13,2025-10-13
4320,"raju,",9040752718,Female,Kannada,10,40,3.81,Pending,Busy,282,2025-05-16,2025-05-16
4321,rajuddin,8180435054,Female,Telugu,15,43,3.6,Pending,Available,581,2025-06-24,2025-06-24
4322,rajudi,7524866044,Male,Malayalam,19,48,4.99,Pending,Busy,264,2025-05-19,2025-05-19
4323,rajveer,6406924895,Male,English,6,9,4.92,Pending,Available,104,2025-03-16,2025-03-16
4324,rajvi,9057004512,Male,Hindi,12,50,4.57,Pending,Busy,741,2025-01-18,2025-01-18
4325,rajvir,9791121068,Male,English,13,13,4.49,Verified,Available,667,2025-07-27,2025-07-27
4326,rajwanti,6250683228,Female,Telugu,12,42,4.66,Verified,Available,98,2025-07-13,2025-07-13
4327,rajwati,6280278519,Female,Hindi,6,29,4.76,Verified,Busy,274,2025-01-13,2025-01-13
4328,rakeeba,8612343167,Male,Kannada,16,45,3.51,Pending,Offline,336,2025-09-07,2025-09-07
4329,rakesh,9253082083,Male,Kannada,9,26,3.56,Pending,Offline,755,2025-01-05,2025-01-05
4330,rakha,9781171494,Male,English,6,15,4.75,Verified,Busy,502,2025-12-14,2025-12-14
4331,rakhee,8227608575,Female,Kannada,2,7,4.38,Verified,Busy,765,2025-08-07,2025-08-07
4332,rakhi,7239209843,Female,Hindi,4,10,4.97,Verified,Busy,167,2025-08-26,2025-08-26
4333,rakho,6956250314,Female,Hindi,14,38,4.86,Pending,Offline,180,2025-05-04,2025-05-04
4334,rakki,7319616803,Female,Kannada,5,13,3.75,Pending,Offline,197,2025-08-01,2025-08-01
4335,rakkibhul,8402008915,Male,English,11,45,4.0,Pending,Busy,121,2025-12-20,2025-12-20
4336,raksha,9181325313,Female,Kannada,5,46,4.66,Pending,Busy,41,2025-04-12,2025-04-12
4337,rakshit,9788720578,Female,Kannada,12,36,4.22,Pending,Busy,749,2025-02-25,2025-02-25
4338,ram,8584374030,Female,Tamil,7,19,4.0,Verified,Busy,562,2025-05-12,2025-05-12
4339,rama,8328762432,Female,Hindi,9,14,4.92,Verified,Offline,211,2025-09-29,2025-09-29
4340,ramaiya,9532125545,Male,Hindi,3,43,4.55,Verified,Available,33,2025-12-17,2025-12-17
4341,ramakant,6753789501,Female,Malayalam,17,10,4.12,Pending,Available,148,2025-11-17,2025-11-17
4342,raman,9479527456,Female,Tamil,19,44,3.69,Verified,Available,563,2025-04-16,2025-04-16
4343,ramanand,7583870341,Female,English,8,17,4.66,Pending,Busy,574,2025-07-14,2025-07-14
4344,ramavtar,7949551685,Female,Malayalam,6,40,3.74,Verified,Busy,271,2025-01-02,2025-01-02
4345,ramba,6516764649,Female,Tamil,13,44,3.82,Pending,Available,708,2025-06-24,2025-06-24
4346,rambabu,9078221464,Female,Tamil,10,26,4.01,Verified,Available,156,2025-07-19,2025-07-19
4347,rambai,6440490633,Male,English,14,20,4.73,Verified,Available,491,2025-02-14,2025-02-14
4348,rambarose,6574472540,Female,Malayalam,19,15,4.26,Verified,Available,733,2025-09-17,2025-09-17
4349,rambha,9879464748,Female,English,16,24,4.49,Pending,Available,176,2025-01-20,2025-01-20
4350,rambhajan,9451888187,Female,Malayalam,4,19,3.68,Verified,Available,74,2025-06-01,2025-06-01
4351,rambharos,8657525248,Female,Tamil,7,24,3.53,Pending,Available,690,2025-10-28,2025-10-28
4352,rambhool,8854824191,Male,Kannada,10,14,4.55,Pending,Available,421,2025-04-28,2025-04-28
4353,rambhul,8502211047,Female,Kannada,11,17,4.53,Pending,Busy,681,2025-04-09,2025-04-09
4354,rambir,7839944761,Male,Malayalam,11,5,4.48,Pending,Busy,18,2025-07-24,2025-07-24
4355,rambiri,7623155922,Female,Telugu,15,11,3.93,Pending,Busy,648,2025-03-24,2025-03-24
4356,rambrij,8758502028,Female,Kannada,8,31,4.76,Verified,Busy,155,2025-12-03,2025-12-03
4357,ramchander,9607944951,Male,Telugu,20,44,4.6,Verified,Offline,780,2025-08-28,2025-08-28
4358,ramchandr,9950238860,Female,Tamil,8,24,4.9,Verified,Offline,409,2025-04-14,2025-04-14
4359,ramchandra,8241077988,Female,Kannada,19,17,4.88,Verified,Offline,113,2025-08-06,2025-08-06
4360,ramdas,6219673785,Female,Tamil,11,17,4.83,Pending,Offline,122,2025-05-26,2025-05-26
4361,ramdev,7757358452,Male,Hindi,15,43,3.56,Pending,Busy,2,2025-06-04,2025-06-04
4362,ramdevi,9858495506,Male,Telugu,7,33,4.38,Verified,Offline,394,2025-04-13,2025-04-13
4363,ramdhan,8354441374,Female,Telugu,17,38,4.28,Verified,Available,66,2025-09-14,2025-09-14
4364,ramdhani,6614432656,Male,Malayalam,11,26,4.31,Pending,Busy,507,2025-09-28,2025-09-28
4365,ramdhin,6412657314,Female,Hindi,7,11,4.17,Verified,Offline,422,2025-09-17,2025-09-17
4366,ramdin,8663156449,Female,Telugu,11,48,4.72,Pending,Busy,202,2025-02-06,2025-02-06
4367,ramdulari,7334272342,Male,Malayalam,1,20,4.46,Pending,Busy,749,2025-07-21,2025-07-21
4368,ramdutt,6276419749,Female,Telugu,19,34,4.84,Pending,Available,220,2025-03-22,2025-03-22
4369,ramdyal,7866254674,Male,English,20,6,3.6,Pending,Available,707,2025-02-01,2025-02-01
4370,rame,8965913745,Male,English,17,15,3.89,Pending,Available,196,2025-10-02,2025-10-02
4371,rameh,8591415701,Female,Telugu,8,42,4.96,Pending,Offline,235,2025-12-18,2025-12-18
4372,ramender,6985989714,Male,Hindi,14,49,4.08,Verified,Offline,656,2025-09-13,2025-09-13
4373,ramesh,6559955138,Female,Malayalam,11,33,4.55,Verified,Offline,131,2025-02-16,2025-02-16
4374,rameshwar,8579313078,Female,Kannada,20,5,4.92,Pending,Available,688,2025-04-26,2025-04-26
4375,rameshwer,8174959148,Female,English,11,28,4.48,Pending,Available,669,2025-03-14,2025-03-14
4376,rameswar,8167925069,Male,English,18,30,4.25,Verified,Offline,529,2025-11-10,2025-11-10
4377,ramfare,8737276008,Female,English,1,16,3.51,Pending,Busy,377,2025-07-09,2025-07-09
4378,ramgopal,8193136291,Male,Tamil,10,35,4.06,Verified,Offline,683,2025-02-18,2025-02-18
4379,ramhetu,7415317857,Female,English,4,41,4.19,Verified,Busy,676,2025-07-31,2025-07-31
4380,ramila,6033366287,Female,Telugu,7,8,4.6,Verified,Busy,762,2025-03-21,2025-03-21
4381,raminder,7248362044,Female,Kannada,4,49,4.56,Verified,Available,681,2025-12-13,2025-12-13
4382,ramjan,8186891283,Female,Malayalam,3,29,3.81,Pending,Available,363,2025-06-19,2025-06-19
4383,ramjanam,8226994108,Male,Hindi,11,18,4.86,Pending,Busy,719,2025-01-12,2025-01-12
4384,ramjani,8984917131,Male,Malayalam,11,15,4.72,Verified,Busy,345,2025-03-21,2025-03-21
4385,ramjanki,9001809570,Female,Telugu,18,15,3.74,Pending,Available,760,2025-02-26,2025-02-26
4386,ramjas,6326937536,Male,Kannada,2,32,3.94,Verified,Available,219,2025-10-31,2025-10-31
4387,ramjeet,6907302536,Female,Telugu,11,27,3.74,Verified,Busy,646,2025-01-03,2025-01-03
4388,ramji,8096135578,Female,Hindi,14,22,4.51,Pending,Busy,546,2025-06-23,2025-06-23
4389,ramjiyawan,6976584392,Female,Hindi,3,29,3.58,Pending,Busy,309,2025-05-30,2025-05-30
4390,ramkali,8644658290,Male,Telugu,17,40,4.14,Verified,Available,172,2025-08-28,2025-08-28
4391,ramkanya,8228457612,Female,Malayalam,5,16,4.94,Verified,Busy,92,2025-01-10,2025-01-10
4392,ramkaran,9019800621,Female,Kannada,9,42,4.31,Verified,Busy,235,2025-03-24,2025-03-24
4393,ramkesh,6834537092,Female,English,17,18,3.88,Pending,Offline,58,2025-09-01,2025-09-01
4394,ramkhilawan,8973959643,Male,Tamil,19,50,3.64,Verified,Available,74,2025-01-11,2025-01-11
4395,ramkiashan,9098789003,Female,Kannada,17,8,3.75,Verified,Offline,481,2025-09-25,2025-09-25
4396,ramkish,7202339015,Female,Malayalam,15,34,4.44,Verified,Available,541,2025-10-19,2025-10-19
4397,ramkishan,7627336064,Female,Malayalam,10,50,3.5,Verified,Busy,355,2025-06-28,2025-06-28
4398,ramkumar,8185951422,Female,English,10,48,4.75,Verified,Offline,700,2025-01-14,2025-01-14
4399,ramkumari,8510258243,Female,Tamil,11,34,3.68,Pending,Busy,371,2025-03-14,2025-03-14
4400,ramlakhan,8747030659,Male,English,10,31,4.03,Verified,Busy,784,2025-09-22,2025-09-22
4401,ramlal,9305198709,Female,Telugu,4,13,4.05,Pending,Available,434,2025-10-05,2025-10-05
4402,ramli,6422572656,Female,Hindi,2,41,4.86,Verified,Busy,258,2025-12-21,2025-12-21
4403,rammurti,7565075575,Female,Tamil,15,14,4.81,Verified,Busy,453,2025-03-06,2025-03-06
4404,ramnath,7647221953,Female,Kannada,2,11,4.25,Pending,Available,418,2025-08-20,2025-08-20
4405,ramnihor,8302604728,Female,Hindi,14,6,3.77,Pending,Busy,182,2025-11-08,2025-11-08
4406,ramniwas,7145975167,Male,English,17,10,3.91,Pending,Available,427,2025-02-13,2025-02-13
4407,ramniwasj,9233489625,Female,English,8,40,3.88,Verified,Available,437,2025-12-14,2025-12-14
4408,ramotar,9931022295,Female,Kannada,3,30,3.56,Verified,Available,135,2025-06-24,2025-06-24
4409,rampaal,7672040347,Male,English,0,10,3.55,Pending,Offline,697,2025-01-28,2025-01-28
4410,rampal,6018876953,Female,Tamil,8,49,3.63,Pending,Available,709,2025-02-18,2025-02-18
4411,rampati,7274171147,Male,Telugu,1,21,4.39,Pending,Busy,1,2025-08-05,2025-08-05
4412,rampayari,8528628217,Male,English,5,40,3.7,Verified,Offline,357,2025-04-06,2025-04-06
4413,ramphal,8648753397,Male,Hindi,7,12,4.5,Verified,Available,757,2025-10-05,2025-10-05
4414,rampher,9681257773,Male,English,6,12,4.17,Pending,Busy,299,2025-02-24,2025-02-24
4415,ramprasad,6928527946,Male,Hindi,2,36,3.75,Pending,Available,343,2025-07-04,2025-07-04
4416,ramrati,9612372322,Female,Tamil,13,5,4.08,Pending,Busy,30,2025-12-08,2025-12-08
4417,ramsagar,9540134324,Male,Telugu,18,24,4.71,Pending,Busy,97,2025-09-24,2025-09-24
4418,ramsati,8589363218,Male,Tamil,16,23,4.71,Verified,Offline,335,2025-01-07,2025-01-07
4419,ramsawroop,8032547925,Male,Tamil,7,43,3.94,Pending,Available,701,2025-08-27,2025-08-27
4420,ramsem,6640329586,Female,Kannada,1,43,4.83,Pending,Offline,640,2025-01-24,2025-01-24
4421,ramsewak,6599642664,Female,Telugu,16,15,4.01,Verified,Busy,174,2025-11-17,2025-11-17
4422,ramsingh,9827749816,Male,Tamil,16,34,4.69,Verified,Offline,592,2025-01-13,2025-01-13
4423,ramsurat,9110405712,Male,Hindi,9,24,4.47,Verified,Offline,548,2025-01-01,2025-01-01
4424,ramswaroop,6176582605,Male,Kannada,6,40,3.9,Verified,Available,746,2025-11-30,2025-11-30
4425,ramswroop,9301000428,Male,English,9,40,4.14,Pending,Available,141,2025-05-09,2025-05-09
4426,ramswrup,6112742558,Male,English,7,13,4.58,Verified,Offline,677,2025-05-11,2025-05-11
4427,ramtek,7689514264,Male,English,13,32,3.68,Pending,Busy,427,2025-10-07,2025-10-07
4428,ramu,6964355512,Male,English,0,42,4.79,Pending,Offline,340,2025-10-20,2025-10-20
4429,ramulu,6344595885,Female,Tamil,19,45,4.16,Pending,Available,75,2025-07-08,2025-07-08
4430,ramvati,8792681210,Male,Tamil,1,39,4.83,Pending,Available,688,2025-04-22,2025-04-22
4431,ramveer,7047141554,Female,Telugu,9,44,3.89,Verified,Busy,4,2025-06-23,2025-06-23
4432,ramvihar,7147291514,Male,Telugu,1,48,4.77,Pending,Available,607,2025-01-12,2025-01-12
4433,ramvilash,8090735623,Male,Hindi,11,12,3.9,Pending,Offline,384,2025-02-20,2025-02-20
4434,ramvir,7410724041,Male,Hindi,2,33,4.35,Verified,Offline,580,2025-05-06,2025-05-06
4435,ramwatar,8795944088,Male,Tamil,13,48,4.21,Pending,Busy,201,2025-08-15,2025-08-15
4436,ramwati,6129880338,Female,Kannada,2,9,4.74,Verified,Available,637,2025-06-27,2025-06-27
4437,ran,7923816128,Female,Malayalam,9,42,4.22,Pending,Available,117,2025-01-02,2025-01-02
4438,rana,9695148383,Female,Tamil,13,5,4.14,Pending,Busy,552,2025-06-26,2025-06-26
4439,ranbir,7633442806,Male,Tamil,5,34,4.35,Verified,Offline,451,2025-05-12,2025-05-12
4440,randeep,6603254869,Female,Tamil,7,22,3.74,Pending,Busy,253,2025-09-19,2025-09-19
4441,randheer,8813308419,Male,Hindi,5,40,4.19,Pending,Busy,85,2025-10-27,2025-10-27
4442,randhir,6526118225,Female,Telugu,1,5,4.89,Pending,Available,332,2025-01-02,2025-01-02
4443,rangeeta,9217257024,Female,Kannada,8,45,4.77,Verified,Offline,221,2025-08-31,2025-08-31
4444,rani,6519429231,Male,Tamil,18,7,3.97,Pending,Available,381,2025-04-27,2025-04-27
4445,ranipal,7606664757,Female,Hindi,6,32,4.79,Pending,Offline,410,2025-01-14,2025-01-14
4446,ranita,9616659221,Male,English,8,22,4.89,Verified,Available,215,2025-01-16,2025-01-16
4447,raniya,8365592195,Female,Tamil,12,38,3.64,Pending,Available,448,2025-01-03,2025-01-03
4448,ranjan,6079596400,Female,Telugu,8,50,4.43,Pending,Offline,347,2025-05-26,2025-05-26
4449,ranjana,9322694174,Male,Tamil,3,18,4.69,Verified,Offline,234,2025-05-17,2025-05-17
4450,ranjay,6923512755,Male,Tamil,0,11,3.69,Pending,Available,784,2025-08-17,2025-08-17
4451,ranjeet,6625491405,Female,Kannada,11,16,4.2,Verified,Available,7,2025-11-21,2025-11-21
4452,ranjeeta,9262764751,Female,Tamil,13,43,3.7,Pending,Offline,786,2025-08-05,2025-08-05
4453,ranjit,9328420946,Female,English,20,18,4.63,Pending,Available,390,2025-06-02,2025-06-02
4454,ranjita,9201024994,Male,Telugu,13,22,4.31,Verified,Offline,196,2025-07-03,2025-07-03
4455,ranjna,9841839570,Male,Malayalam,3,16,3.76,Verified,Available,360,2025-07-03,2025-07-03
4456,ranjnika,7813510571,Male,Telugu,6,49,4.26,Pending,Busy,602,2025-09-29,2025-09-29
4457,ranju,9065508832,Female,Telugu,6,48,4.37,Verified,Offline,194,2025-06-09,2025-06-09
4458,ranki,6324703124,Male,Hindi,5,10,4.16,Pending,Offline,397,2025-03-13,2025-03-13
4459,ranni,6664774464,Male,Tamil,4,20,3.8,Verified,Offline,757,2025-11-22,2025-11-22
4460,ranpal,7831679408,Female,English,18,9,4.23,Verified,Busy,170,2025-10-25,2025-10-25
4461,rantesh,7562480828,Female,Kannada,19,21,4.99,Pending,Available,761,2025-03-22,2025-03-22
4462,ranu,7278066398,Male,English,9,41,3.6,Pending,Offline,314,2025-03-22,2025-03-22
4463,ranveer,9808039393,Male,Hindi,12,35,4.56,Pending,Offline,321,2025-02-06,2025-02-06
4464,ranvir,6506953074,Male,Telugu,8,28,4.77,Pending,Busy,479,2025-10-26,2025-10-26
4465,rasab,9296566326,Female,Hindi,6,8,3.63,Pending,Busy,317,2025-07-09,2025-07-09
4466,raseel,6697831515,Male,Hindi,1,15,3.61,Pending,Available,387,2025-07-30,2025-07-30
4467,rashab,6973062512,Male,Telugu,8,9,4.03,Pending,Available,57,2025-12-10,2025-12-10
4468,rashi,7645732153,Female,Kannada,5,9,4.79,Pending,Available,716,2025-11-04,2025-11-04
4469,rashid,7356161318,Female,Hindi,17,26,4.08,Verified,Available,166,2025-02-26,2025-02-26
4470,rashida,9077350882,Female,Malayalam,16,41,3.78,Verified,Available,722,2025-07-27,2025-07-27
4471,rashika,9603724992,Male,Tamil,15,8,3.6,Pending,Available,61,2025-07-18,2025-07-18
4472,rashimi,7855070188,Female,Kannada,16,19,4.14,Verified,Busy,431,2025-08-01,2025-08-01
4473,rashma,7265090215,Male,Malayalam,5,45,4.39,Pending,Offline,362,2025-02-10,2025-02-10
4474,rashmi,7013713345,Male,Telugu,15,17,4.57,Verified,Busy,491,2025-07-12,2025-07-12
4475,rasid,9338358490,Male,English,13,28,4.99,Pending,Available,310,2025-12-17,2025-12-17
4476,rasida,7200825313,Female,Telugu,6,8,4.25,Pending,Available,452,2025-11-02,2025-11-02
4477,rasmi,7056453737,Male,Malayalam,16,25,4.49,Pending,Available,1,2025-12-04,2025-12-04
4478,raspal,6367038374,Male,Tamil,16,15,4.57,Verified,Busy,113,2025-04-03,2025-04-03
4479,rasul,7635282227,Male,Telugu,20,6,3.64,Pending,Available,74,2025-08-20,2025-08-20
4480,ratan,7450431212,Female,Hindi,0,28,4.67,Pending,Available,512,2025-10-03,2025-10-03
4481,ratani,6643166383,Male,Tamil,19,14,3.56,Verified,Available,299,2025-02-27,2025-02-27
4482,rathan,7251459440,Female,Hindi,10,24,4.06,Pending,Busy,557,2025-07-13,2025-07-13
4483,rati,6482612452,Male,Tamil,20,41,4.68,Verified,Offline,53,2025-05-18,2025-05-18
4484,ratikant,6451397732,Female,Kannada,1,41,4.66,Pending,Available,213,2025-10-19,2025-10-19
4485,ratiman,6397146265,Female,Hindi,19,28,4.5,Verified,Offline,708,2025-07-23,2025-07-23
4486,ratmo,7295424308,Male,Hindi,16,32,4.01,Verified,Busy,363,2025-04-15,2025-04-15
4487,ratn,7359208036,Female,Telugu,17,41,4.26,Verified,Offline,276,2025-02-26,2025-02-26
4488,ratna,8219516069,Male,Malayalam,6,21,4.15,Verified,Available,733,2025-06-24,2025-06-24
4489,ratnesh,9368623370,Female,Telugu,10,42,3.76,Verified,Busy,122,2025-08-13,2025-08-13
4490,ratneshwar,6451336020,Male,English,18,7,3.88,Pending,Available,338,2025-03-24,2025-03-24
4491,ratneswar,6860345985,Female,English,7,32,3.98,Verified,Available,454,2025-01-07,2025-01-07
4492,ratni,9171552725,Male,Telugu,1,39,3.6,Verified,Available,735,2025-02-15,2025-02-15
4493,rattan,8175071993,Female,Telugu,3,24,4.54,Verified,Busy,749,2025-02-17,2025-02-17
4494,ratul,6318578532,Male,Malayalam,15,12,4.66,Verified,Busy,96,2025-05-27,2025-05-27
4495,ratwari,9675073622,Male,Hindi,17,13,3.78,Pending,Offline,604,2025-03-02,2025-03-02
4496,raud,9553519760,Female,Telugu,20,40,3.72,Verified,Available,505,2025-11-29,2025-11-29
4497,rauf,6688941695,Female,Kannada,15,23,4.64,Pending,Offline,610,2025-10-11,2025-10-11
4498,raunaf,6997557322,Male,Hindi,18,20,3.61,Verified,Available,547,2025-04-12,2025-04-12
4499,raveena,8225240213,Female,Hindi,20,40,4.59,Pending,Busy,432,2025-12-02,2025-12-02
4500,ravena,9918300639,Male,Malayalam,16,21,4.36,Verified,Available,460,2025-09-09,2025-09-09
4501,ravi,6136006256,Female,English,1,27,4.56,Pending,Offline,317,2025-12-05,2025-12-05
4502,ravidutt,6602926592,Female,Kannada,7,9,4.31,Pending,Available,19,2025-12-28,2025-12-28
4503,ravikant,9300689447,Female,Malayalam,9,28,3.83,Pending,Busy,635,2025-04-28,2025-04-28
4504,ravina,9200183888,Female,Kannada,11,28,4.84,Pending,Available,50,2025-09-27,2025-09-27
4505,ravinath,9215192644,Female,Hindi,8,17,4.5,Pending,Offline,791,2025-10-15,2025-10-15
4506,ravinda,9216409817,Male,Telugu,6,47,3.65,Verified,Available,33,2025-10-04,2025-10-04
4507,ravindar,9132533894,Male,Malayalam,3,5,3.52,Pending,Busy,518,2025-03-14,2025-03-14
4508,ravinder,8894842534,Male,English,7,37,4.21,Pending,Offline,778,2025-04-28,2025-04-28
4509,ravindera,8183778242,Male,Kannada,17,16,3.75,Pending,Offline,41,2025-11-29,2025-11-29
4510,ravindr,9875536937,Female,Telugu,13,7,4.47,Pending,Offline,459,2025-02-17,2025-02-17
4511,ravindra,6719186100,Male,English,9,44,3.84,Pending,Available,526,2025-02-17,2025-02-17
4512,raviraj,6917432761,Female,Kannada,13,13,3.67,Pending,Busy,456,2025-07-13,2025-07-13
4513,ravish,6141977705,Male,Tamil,20,12,4.27,Verified,Offline,630,2025-10-27,2025-10-27
4514,ravishankar,9326334634,Male,English,14,32,3.72,Pending,Offline,226,2025-11-14,2025-11-14
4515,ravita,6619642290,Male,Telugu,15,17,3.7,Pending,Busy,154,2025-07-14,2025-07-14
4516,rawana,8309125791,Male,Telugu,4,28,4.18,Pending,Available,332,2025-01-05,2025-01-05
4517,rawi,9765889990,Male,Kannada,16,16,3.67,Verified,Available,328,2025-07-24,2025-07-24
4518,rayish,6968084719,Male,Hindi,9,24,3.95,Verified,Available,456,2025-03-02,2025-03-02
4519,razi,6233267336,Female,Hindi,12,27,3.81,Pending,Available,43,2025-02-10,2025-02-10
4520,razia,6257537896,Male,Telugu,12,30,3.76,Verified,Offline,499,2025-12-04,2025-12-04
4521,razida,6232870911,Male,Hindi,11,9,4.0,Pending,Offline,736,2025-10-17,2025-10-17
4522,razim,7556835267,Female,English,20,41,3.52,Pending,Busy,225,2025-01-17,2025-01-17
4523,raziya,7500536446,Female,Malayalam,15,14,4.63,Verified,Busy,514,2025-04-07,2025-04-07
4524,razni,8197001640,Male,Tamil,10,26,3.51,Verified,Offline,350,2025-05-10,2025-05-10
4525,rebecca,8943573950,Female,Kannada,11,31,4.01,Verified,Offline,435,2025-04-02,2025-04-02
4526,redhema,6334993766,Male,Tamil,16,26,4.34,Pending,Available,111,2025-08-05,2025-08-05
4527,reekha,9999512826,Female,Tamil,6,27,4.37,Verified,Offline,464,2025-03-09,2025-03-09
4528,reema,9223431442,Male,Kannada,8,17,4.16,Pending,Offline,767,2025-06-16,2025-06-16
4529,reemi,9695287532,Female,Telugu,7,30,3.96,Verified,Busy,219,2025-07-27,2025-07-27
4530,reena,7961722748,Male,English,11,47,3.65,Pending,Available,281,2025-06-02,2025-06-02
4531,reenu,9450621834,Male,Telugu,5,39,4.74,Verified,Available,536,2025-06-13,2025-06-13
4532,reeta,8774047808,Male,English,2,19,4.53,Verified,Available,748,2025-07-21,2025-07-21
4533,reeti,9783469150,Male,Malayalam,14,18,3.75,Verified,Busy,727,2025-05-09,2025-05-09
4534,reetima,9275993946,Male,Telugu,19,41,4.13,Verified,Offline,192,2025-03-29,2025-03-29
4535,reetu,9883902183,Female,Tamil,2,41,4.1,Pending,Busy,515,2025-06-30,2025-06-30
4536,rehaan,9412144384,Female,English,11,8,3.65,Verified,Available,134,2025-02-05,2025-02-05
4537,rehan,7490482220,Female,Tamil,0,49,4.11,Pending,Available,216,2025-01-09,2025-01-09
4538,rehana,7952173692,Female,Tamil,20,8,4.77,Verified,Busy,625,2025-12-13,2025-12-13
4539,rehman,6366029030,Male,Tamil,2,36,4.37,Pending,Busy,580,2025-11-06,2025-11-06
4540,rehmat,8218914491,Male,Tamil,5,30,4.4,Verified,Busy,623,2025-06-11,2025-06-11
4541,rehmati,6362034727,Male,Malayalam,9,14,3.87,Verified,Busy,709,2025-04-10,2025-04-10
4542,rejaul,7582516720,Male,Malayalam,9,29,4.73,Pending,Available,290,2025-05-22,2025-05-22
4543,reka,7595769936,Male,Kannada,14,16,3.57,Verified,Busy,194,2025-08-19,2025-08-19
4544,rekha,6162780379,Male,Kannada,1,48,4.74,Pending,Offline,472,2025-08-23,2025-08-23
4545,rekhai,8641230140,Male,Kannada,4,45,4.94,Verified,Offline,248,2025-11-20,2025-11-20
4546,rekhwan,9108245414,Male,Kannada,15,47,4.7,Pending,Busy,376,2025-10-15,2025-10-15
4547,rema,8394952166,Female,Malayalam,14,10,3.89,Pending,Available,528,2025-12-08,2025-12-08
4548,rena,9286328636,Male,Hindi,13,35,4.48,Pending,Busy,296,2025-03-14,2025-03-14
4549,rencho,7659456324,Female,Telugu,10,46,3.9,Verified,Busy,350,2025-04-21,2025-04-21
4550,rennu,7685870982,Female,Kannada,4,29,3.92,Verified,Busy,144,2025-03-22,2025-03-22
4551,renu,9587335869,Female,Hindi,19,50,4.73,Verified,Offline,605,2025-06-09,2025-06-09
4552,renuka,8921502733,Female,Hindi,13,25,4.23,Pending,Available,629,2025-12-30,2025-12-30
4553,repu,8569428755,Male,Telugu,17,47,3.94,Verified,Offline,417,2025-08-16,2025-08-16
4554,resham,9620065065,Male,Kannada,11,25,4.11,Verified,Available,772,2025-07-31,2025-07-31
4555,reshama,6225916741,Male,Hindi,17,32,4.18,Pending,Offline,289,2025-07-31,2025-07-31
4556,reshami,6226304314,Female,Telugu,17,11,3.75,Verified,Busy,464,2025-02-22,2025-02-22
4557,reshma,7903641117,Female,Tamil,5,40,4.03,Pending,Offline,328,2025-09-08,2025-09-08
4558,reshmi,7470434507,Male,Telugu,4,10,4.94,Pending,Busy,169,2025-01-31,2025-01-31
4559,resmi,9697601218,Female,Kannada,8,36,4.42,Pending,Offline,179,2025-04-24,2025-04-24
4560,revakshi,8623095647,Female,English,4,27,4.97,Verified,Available,573,2025-01-22,2025-01-22
4561,revndrshing,9840499742,Male,English,16,15,3.57,Pending,Available,764,2025-04-14,2025-04-14
4562,revti,9175410895,Female,Malayalam,18,20,3.75,Verified,Busy,319,2025-12-26,2025-12-26
4563,reyaz,8725723275,Male,Hindi,6,25,4.04,Pending,Offline,286,2025-08-03,2025-08-03
4564,rghuraj,9845076483,Female,English,13,11,3.69,Verified,Busy,490,2025-01-29,2025-01-29
4565,richa,6340892761,Male,Hindi,3,12,4.79,Verified,Busy,209,2025-04-07,2025-04-07
4566,richaraj,6829888826,Male,Telugu,7,9,3.77,Verified,Available,404,2025-05-16,2025-05-16
4567,ridhakaran,8981266325,Male,Malayalam,16,11,4.01,Verified,Offline,340,2025-08-06,2025-08-06
4568,ridhima,9167049960,Female,Kannada,13,11,4.95,Verified,Available,146,2025-03-01,2025-03-01
4569,rihaan,7359169730,Female,Malayalam,1,28,4.66,Verified,Offline,599,2025-07-07,2025-07-07
4570,rihal,9089773296,Female,Kannada,13,14,4.03,Pending,Available,267,2025-11-10,2025-11-10
4571,rihan,6530654491,Female,Malayalam,1,45,4.34,Pending,Offline,680,2025-12-19,2025-12-19
4572,rihana,8145161468,Female,Kannada,9,31,4.19,Verified,Busy,66,2025-04-10,2025-04-10
4573,rijakpal,6251688154,Male,Tamil,8,31,4.47,Pending,Offline,2,2025-05-21,2025-05-21
4574,riju,8559999815,Female,Kannada,13,12,4.85,Pending,Offline,180,2025-11-13,2025-11-13
4575,rijul,9416261442,Female,Kannada,15,12,4.49,Pending,Busy,637,2025-02-02,2025-02-02
4576,rijvan,9639337469,Male,Hindi,18,6,3.95,Pending,Offline,211,2025-04-03,2025-04-03
4577,rijwan,7118109469,Male,Telugu,8,50,3.62,Verified,Busy,434,2025-06-26,2025-06-26
4578,rijwana,6333954081,Female,Malayalam,15,24,4.9,Pending,Offline,542,2025-03-29,2025-03-29
4579,rikkenchi,7015480814,Female,Hindi,2,8,4.94,Verified,Available,13,2025-09-24,2025-09-24
4580,rima,6131288138,Male,Malayalam,8,44,3.79,Pending,Available,237,2025-02-20,2025-02-20
4581,rimasha,8165218966,Male,Telugu,5,44,4.31,Verified,Busy,219,2025-11-05,2025-11-05
4582,rimjhim,9926686157,Female,Tamil,8,6,4.16,Pending,Offline,44,2025-04-20,2025-04-20
4583,rimmi,7091857651,Female,Hindi,6,19,4.1,Pending,Available,485,2025-10-09,2025-10-09
4584,rimpi,6861504611,Female,English,7,23,4.08,Pending,Offline,504,2025-11-14,2025-11-14
4585,rimpy,9191138559,Female,English,12,42,4.47,Verified,Offline,194,2025-06-09,2025-06-09
4586,rimzim,8841307008,Female,English,12,13,4.34,Verified,Busy,356,2025-05-12,2025-05-12
4587,rina,8255861724,Female,Telugu,1,44,3.5,Verified,Busy,294,2025-07-13,2025-07-13
4588,rina/,6098143982,Female,English,20,28,3.84,Verified,Busy,229,2025-12-12,2025-12-12
4589,rinesh,9825387686,Female,Telugu,9,16,3.91,Verified,Available,721,2025-11-23,2025-11-23
4590,rini,8951092626,Male,Tamil,6,31,4.72,Pending,Busy,471,2025-11-10,2025-11-10
4591,rinju,8787680339,Male,Kannada,8,17,4.84,Verified,Offline,149,2025-09-16,2025-09-16
4592,rinka,9009429838,Female,Telugu,4,26,4.17,Pending,Busy,592,2025-03-13,2025-03-13
4593,rinkal,9187504326,Female,English,12,23,4.48,Verified,Busy,593,2025-10-07,2025-10-07
4594,rinke,9123705223,Male,Hindi,13,28,4.39,Verified,Busy,190,2025-08-10,2025-08-10
4595,rinki,9701146302,Female,English,20,50,4.88,Pending,Busy,370,2025-06-09,2025-06-09
4596,rinkoo,9871092614,Male,English,8,32,4.38,Pending,Available,702,2025-11-15,2025-11-15
4597,rinku,7688718275,Female,Malayalam,20,44,4.93,Verified,Available,229,2025-01-25,2025-01-25
4598,rinky,8219931072,Female,Tamil,7,44,4.99,Pending,Busy,741,2025-06-28,2025-06-28
4599,rinukanwr,7526861479,Female,Hindi,7,43,4.54,Verified,Busy,20,2025-05-13,2025-05-13
4600,risabh,6677580140,Male,Hindi,0,22,4.15,Verified,Offline,327,2025-02-21,2025-02-21
4601,rishab,8596280899,Female,English,11,14,3.66,Pending,Offline,275,2025-09-16,2025-09-16
4602,rishabh,7038928470,Female,Telugu,7,7,3.79,Pending,Busy,172,2025-10-21,2025-10-21
4603,rishaw,6436132180,Male,Telugu,4,19,4.11,Verified,Available,243,2025-04-26,2025-04-26
4604,rishi,6882482563,Female,Tamil,11,29,4.84,Pending,Offline,257,2025-02-11,2025-02-11
4605,rishipal,6170382172,Female,Tamil,11,13,4.66,Pending,Available,120,2025-03-27,2025-03-27
4606,rishiraj,9118173886,Female,English,20,47,4.14,Verified,Available,695,2025-05-28,2025-05-28
4607,rishma,8041262308,Female,Tamil,16,37,3.57,Verified,Available,734,2025-08-28,2025-08-28
4608,rishu,8208847377,Female,Hindi,2,14,4.84,Pending,Available,117,2025-02-27,2025-02-27
4609,risiraj,9818509832,Male,Malayalam,1,34,4.32,Verified,Offline,129,2025-01-16,2025-01-16
4610,rita,9754673280,Female,Malayalam,17,48,4.98,Pending,Available,398,2025-05-26,2025-05-26
4611,ritesh,8022159501,Female,Hindi,13,38,3.83,Pending,Busy,675,2025-11-26,2025-11-26
4612,rithik,9975486786,Male,Kannada,1,9,4.2,Verified,Offline,139,2025-03-30,2025-03-30
4613,riti,6894984575,Male,Malayalam,6,20,3.66,Pending,Available,106,2025-06-02,2025-06-02
4614,ritik,7190732296,Male,English,6,35,3.8,Pending,Busy,462,2025-01-12,2025-01-12
4615,ritika,9252361288,Male,Malayalam,15,12,3.9,Verified,Available,558,2025-09-25,2025-09-25
4616,ritu,8160305596,Female,Malayalam,14,14,4.14,Verified,Busy,703,2025-07-20,2025-07-20
4617,ritunjay,7985630322,Male,Malayalam,7,42,3.5,Verified,Available,685,2025-03-15,2025-03-15
4618,rituraj,8158038709,Female,Hindi,3,33,4.37,Verified,Available,158,2025-04-27,2025-04-27
4619,riya,8566909365,Male,Malayalam,11,5,3.95,Pending,Available,300,2025-03-25,2025-03-25
4620,riyajuddin,6490272840,Male,Hindi,2,11,3.96,Verified,Offline,74,2025-03-20,2025-03-20
4621,riyajudhin,8423142853,Female,English,10,19,4.74,Pending,Offline,334,2025-11-11,2025-11-11
4622,riyajudin,8149713841,Female,Telugu,20,24,4.61,Verified,Offline,135,2025-09-17,2025-09-17
4623,riyajul,9071742898,Female,Kannada,4,5,3.8,Verified,Busy,382,2025-11-12,2025-11-12
4624,riyasat,9200428696,Male,Telugu,4,42,3.65,Verified,Available,445,2025-05-17,2025-05-17
4625,riyaz,8871991724,Male,Hindi,5,13,4.51,Pending,Available,731,2025-04-01,2025-04-01
4626,riyazuddin,7323540501,Male,English,6,24,3.52,Verified,Offline,272,2025-07-27,2025-07-27
4627,rizvana,9519847045,Male,Kannada,20,7,4.42,Pending,Available,93,2025-12-27,2025-12-27
4628,rizwaan,7446589486,Male,Telugu,14,26,4.49,Verified,Busy,656,2025-08-23,2025-08-23
4629,rizwan,8076150131,Male,Hindi,9,44,3.73,Pending,Busy,776,2025-10-03,2025-10-03
4630,rizwana,6852323207,Male,Malayalam,0,40,3.66,Verified,Offline,782,2025-12-28,2025-12-28
4631,rma,9134355979,Female,Tamil,4,40,3.73,Verified,Busy,521,2025-10-11,2025-10-11
4632,robert,6717782146,Female,Hindi,2,12,4.17,Pending,Busy,240,2025-12-02,2025-12-02
4633,robi,7730589860,Female,Tamil,20,29,4.67,Pending,Busy,504,2025-12-08,2025-12-08
4634,robin,7226665876,Female,Hindi,14,34,4.39,Pending,Offline,587,2025-03-31,2025-03-31
4635,rocky,7748437998,Male,Hindi,5,20,4.96,Pending,Offline,340,2025-06-11,2025-06-11
4636,rohaan,6182122620,Male,Kannada,3,42,3.87,Verified,Available,339,2025-09-15,2025-09-15
4637,rohan,8121353510,Female,Malayalam,12,38,4.23,Verified,Available,584,2025-12-09,2025-12-09
4638,rohil,8950339561,Female,English,20,44,4.84,Verified,Available,662,2025-07-30,2025-07-30
4639,rohila,7308983744,Male,Telugu,20,13,4.21,Verified,Offline,762,2025-09-21,2025-09-21
4640,rohini,7536031582,Female,English,16,11,4.33,Verified,Offline,512,2025-04-08,2025-04-08
4641,rohit,8053139610,Male,English,20,45,4.99,Pending,Available,444,2025-12-27,2025-12-27
4642,rohitash,8722255229,Male,Tamil,13,30,4.13,Pending,Available,299,2025-01-19,2025-01-19
4643,rohtash,6105659594,Female,English,8,9,4.91,Pending,Available,252,2025-03-21,2025-03-21
4644,rohthash,8816235337,Female,Hindi,14,25,4.78,Pending,Available,535,2025-04-13,2025-04-13
4645,roji,7545607596,Female,Telugu,2,32,4.54,Verified,Offline,222,2025-02-12,2025-02-12
4646,rojmen,9002386753,Male,Kannada,4,15,4.77,Pending,Busy,474,2025-02-25,2025-02-25
4647,rojmeri,6730100813,Male,Tamil,0,19,3.56,Pending,Offline,86,2025-05-14,2025-05-14
4648,rolly,6815928331,Female,Malayalam,4,43,4.19,Pending,Offline,213,2025-08-12,2025-08-12
4649,roma,7437877487,Female,Hindi,6,26,4.14,Pending,Offline,664,2025-06-03,2025-06-03
4650,ronak,9593044192,Male,Malayalam,8,37,3.71,Verified,Busy,168,2025-06-22,2025-06-22
4651,rony,7806720668,Male,Hindi,7,10,4.78,Pending,Busy,189,2025-10-13,2025-10-13
4652,roobi,8218577157,Female,Kannada,4,45,3.97,Verified,Offline,634,2025-06-17,2025-06-17
4653,rookmani,8432839177,Female,Telugu,15,37,3.96,Verified,Busy,630,2025-11-07,2025-11-07
4654,roop,9357322228,Female,Tamil,4,48,4.02,Pending,Offline,232,2025-10-24,2025-10-24
4655,roopa,9579763401,Male,English,1,25,3.72,Pending,Available,578,2025-02-26,2025-02-26
4656,roopali,8084335904,Male,Hindi,14,8,4.06,Verified,Offline,466,2025-01-01,2025-01-01
4657,roopam,6799338224,Female,English,4,25,3.78,Pending,Offline,173,2025-11-02,2025-11-02
4658,roopnarayan,9596382434,Male,Tamil,7,48,4.69,Verified,Available,211,2025-08-18,2025-08-18
4659,roopsingh,8655399142,Male,Tamil,6,26,3.74,Verified,Offline,672,2025-10-01,2025-10-01
4660,rooshi,6330969623,Male,Hindi,8,15,4.47,Pending,Busy,47,2025-08-30,2025-08-30
4661,rosan,6344240467,Female,English,1,35,4.34,Verified,Busy,498,2025-09-05,2025-09-05
4662,rosanjahan,7330805914,Male,Hindi,20,23,4.62,Pending,Offline,220,2025-10-18,2025-10-18
4663,roshan,8115710859,Male,Kannada,9,40,4.97,Pending,Busy,633,2025-11-16,2025-11-16
4664,roshanara,9980711555,Female,Malayalam,3,14,4.92,Verified,Available,306,2025-12-30,2025-12-30
4665,roshani,9469406541,Female,Kannada,11,31,3.53,Pending,Offline,146,2025-07-09,2025-07-09
4666,roshanlal,6563020612,Male,English,14,21,4.11,Verified,Available,57,2025-08-25,2025-08-25
4667,roshini,8734874504,Male,Telugu,16,13,4.98,Verified,Available,163,2025-02-28,2025-02-28
4668,roshni,7848861926,Female,Telugu,6,38,4.57,Verified,Available,633,2025-06-19,2025-06-19
4669,rosina,6005959283,Male,Hindi,5,36,4.36,Pending,Busy,171,2025-04-13,2025-04-13
4670,rosy,9391680080,Male,Malayalam,5,8,4.38,Pending,Available,567,2025-04-29,2025-04-29
4671,rozi,8553731969,Male,Tamil,3,32,4.06,Verified,Offline,160,2025-02-21,2025-02-21
4672,rozina,8648244974,Male,English,14,26,3.57,Pending,Offline,602,2025-12-14,2025-12-14
4673,rozy,7835740495,Male,Telugu,7,21,3.58,Pending,Available,633,2025-06-06,2025-06-06
4674,rsjesh,9306903557,Male,Tamil,8,6,4.83,Pending,Available,483,2025-12-23,2025-12-23
4675,ruanbza,7686256794,Female,Malayalam,19,11,4.18,Pending,Available,116,2025-10-11,2025-10-11
4676,rubal,6347570899,Male,Hindi,14,30,4.89,Pending,Offline,476,2025-01-13,2025-01-13
4677,rubbi,7062261026,Female,Malayalam,8,15,4.56,Verified,Available,167,2025-11-18,2025-11-18
4678,rubbina,6211243702,Male,Tamil,20,29,3.63,Pending,Available,103,2025-07-12,2025-07-12
4679,rubby,8930794444,Female,Hindi,1,38,4.12,Pending,Available,506,2025-03-14,2025-03-14
4680,rubee,9732739819,Male,English,4,25,4.42,Verified,Busy,573,2025-11-01,2025-11-01
4681,rubeena,6442710399,Male,Hindi,5,20,4.94,Verified,Offline,373,2025-09-19,2025-09-19
4682,ruben,8516044413,Male,Malayalam,5,19,4.61,Pending,Busy,732,2025-07-31,2025-07-31
4683,rubey,9319796420,Male,Telugu,10,7,4.95,Verified,Available,115,2025-12-27,2025-12-27
4684,rubi,6132405762,Female,Hindi,18,32,3.55,Verified,Offline,369,2025-11-05,2025-11-05
4685,rubina,9610093240,Male,Tamil,8,32,3.84,Pending,Offline,77,2025-04-30,2025-04-30
4686,rubiya,7261910710,Male,Malayalam,0,25,4.19,Pending,Offline,568,2025-06-15,2025-06-15
4687,rubjaan,7681774390,Female,Tamil,4,48,4.46,Verified,Busy,453,2025-01-20,2025-01-20
4688,rubo,9898746191,Female,Telugu,2,29,4.4,Pending,Busy,304,2025-11-07,2025-11-07
4689,ruby,9980781489,Female,Malayalam,20,13,3.86,Pending,Available,777,2025-09-28,2025-09-28
4690,ruchendra,8448748386,Female,Hindi,3,36,4.2,Verified,Offline,707,2025-08-18,2025-08-18
4691,ruchi,9229615665,Male,Telugu,5,8,3.65,Pending,Offline,745,2025-11-09,2025-11-09
4692,ruchika,8520011215,Female,Telugu,9,35,4.98,Verified,Available,266,2025-09-07,2025-09-07
4693,ruchit,6377126954,Male,Hindi,5,22,4.78,Pending,Available,711,2025-01-31,2025-01-31
4694,ruckmani,9675954021,Female,Kannada,14,13,4.39,Verified,Available,161,2025-11-10,2025-11-10
4695,rucksana,7298278816,Female,English,6,43,4.07,Pending,Available,586,2025-11-06,2025-11-06
4696,rudhra,7660600620,Female,Kannada,7,39,4.94,Pending,Busy,70,2025-06-12,2025-06-12
4697,rudmal,6592680753,Male,Kannada,20,43,3.6,Pending,Offline,212,2025-11-21,2025-11-21
4698,rudra,9578581317,Female,Hindi,3,20,3.73,Verified,Busy,270,2025-11-21,2025-11-21
4699,ruhhena,9662062330,Male,Telugu,10,15,3.9,Verified,Busy,158,2025-12-26,2025-12-26
4700,ruhi,7302754945,Male,Hindi,15,14,4.32,Verified,Offline,136,2025-02-05,2025-02-05
4701,ruji,9644350231,Female,Telugu,3,47,4.95,Verified,Offline,157,2025-11-21,2025-11-21
4702,ruka,9387057436,Female,Malayalam,10,45,4.24,Pending,Available,436,2025-05-06,2025-05-06
4703,rukhar,6542837258,Male,Malayalam,17,26,4.25,Pending,Available,537,2025-12-16,2025-12-16
4704,rukhsana,8457771966,Male,Tamil,19,29,4.52,Verified,Busy,58,2025-01-18,2025-01-18
4705,rukhsar,8709705720,Female,Tamil,18,11,4.84,Pending,Available,342,2025-02-08,2025-02-08
4706,rukhsna,9111242285,Female,Hindi,6,24,4.23,Pending,Available,319,2025-02-11,2025-02-11
4707,rukhsona,9089121318,Male,Malayalam,2,44,4.16,Pending,Available,562,2025-05-03,2025-05-03
4708,rukiya,6020391893,Male,Hindi,9,10,4.25,Pending,Busy,167,2025-01-30,2025-01-30
4709,rukmani,9393197898,Female,Tamil,12,48,3.66,Pending,Offline,603,2025-06-06,2025-06-06
4710,ruksaar,8908472382,Male,English,6,11,4.61,Pending,Available,627,2025-05-22,2025-05-22
4711,ruksana,6070275741,Female,Malayalam,11,47,4.12,Pending,Offline,499,2025-08-27,2025-08-27
4712,ruksar,6390709856,Female,English,8,14,4.46,Verified,Busy,96,2025-05-06,2025-05-06
4713,rukshan,7460314672,Female,Tamil,4,11,4.26,Verified,Available,700,2025-11-06,2025-11-06
4714,rukshana,8377672772,Male,Tamil,11,40,4.53,Pending,Offline,104,2025-03-21,2025-03-21
4715,rukshar,6435666179,Male,Hindi,6,18,4.21,Pending,Available,230,2025-05-02,2025-05-02
4716,ruksin,6947209940,Male,Telugu,10,38,4.58,Verified,Available,675,2025-12-19,2025-12-19
4717,rukya,8464619461,Male,Telugu,12,27,3.66,Verified,Available,552,2025-02-28,2025-02-28
4718,rumal,7591044849,Male,Telugu,15,6,4.51,Pending,Busy,83,2025-08-10,2025-08-10
4719,rumeet,9031830867,Female,Kannada,2,48,4.38,Verified,Busy,33,2025-03-01,2025-03-01
4720,runiya,6472632817,Male,Tamil,0,14,4.31,Pending,Offline,42,2025-02-07,2025-02-07
4721,rup,6331835754,Male,Hindi,6,18,4.47,Verified,Busy,693,2025-04-16,2025-04-16
4722,rupa,9526162257,Male,English,12,28,4.1,Verified,Offline,710,2025-03-27,2025-03-27
4723,rupak,8104140023,Male,Tamil,12,30,3.94,Verified,Offline,599,2025-02-05,2025-02-05
4724,rupal,8326418226,Female,English,2,11,4.75,Pending,Busy,603,2025-06-14,2025-06-14
4725,rupali,6274068779,Female,Malayalam,4,26,4.22,Verified,Busy,658,2025-09-16,2025-09-16
4726,rupam,9602250457,Male,Tamil,3,32,4.29,Verified,Available,540,2025-07-31,2025-07-31
4727,rupan,9893492631,Male,Kannada,9,39,4.24,Pending,Offline,576,2025-07-22,2025-07-22
4728,rupanjali,7729050933,Male,Kannada,13,32,4.72,Verified,Busy,109,2025-06-15,2025-06-15
4729,rupen,7194552637,Male,Telugu,14,12,4.26,Pending,Offline,65,2025-11-13,2025-11-13
4730,rupender,8496275417,Male,Kannada,0,36,4.41,Verified,Busy,90,2025-01-09,2025-01-09
4731,rupendra,7046578101,Female,Kannada,9,36,4.56,Pending,Offline,1,2025-05-30,2025-05-30
4732,rupesh,6887183155,Female,Hindi,20,44,4.22,Pending,Offline,111,2025-07-13,2025-07-13
4733,rupinder,7490194057,Male,English,17,44,4.95,Verified,Available,342,2025-11-08,2025-11-08
4734,ruplal,6760384516,Male,Kannada,16,43,4.41,Pending,Busy,276,2025-04-29,2025-04-29
4735,ruppa,8075523757,Male,Malayalam,1,25,4.54,Pending,Busy,611,2025-08-12,2025-08-12
4736,rusan,9044201309,Male,Tamil,20,34,3.94,Verified,Offline,200,2025-01-07,2025-01-07
4737,rushali,9679905895,Male,Kannada,13,43,4.09,Verified,Offline,713,2025-06-11,2025-06-11
4738,rustam,9914188868,Female,Malayalam,20,28,4.14,Pending,Busy,390,2025-05-11,2025-05-11
4739,ruvi,9461355662,Male,Malayalam,15,10,3.59,Pending,Offline,277,2025-01-04,2025-01-04
4740,ruzina,6348408981,Female,Telugu,3,30,4.49,Verified,Available,107,2025-11-11,2025-11-11
4741,rvina,8422018183,Female,English,0,25,4.08,Pending,Offline,460,2025-03-23,2025-03-23
4742,rvindra,6540203506,Male,English,14,10,3.73,Pending,Busy,791,2025-01-09,2025-01-09
4743,s/o,6418268724,Female,English,20,25,4.62,Pending,Offline,153,2025-02-25,2025-02-25
4744,saad,7382810829,Female,Hindi,0,17,3.93,Verified,Busy,390,2025-05-06,2025-05-06
4745,saahil,8350427496,Female,Tamil,17,38,4.01,Pending,Busy,374,2025-03-26,2025-03-26
4746,saahin,7653868788,Female,Telugu,11,31,4.24,Verified,Busy,605,2025-06-22,2025-06-22
4747,saalu,6333374493,Male,English,1,34,4.56,Verified,Offline,468,2025-06-28,2025-06-28
4748,saana,7822380753,Male,Hindi,16,16,4.17,Verified,Offline,777,2025-12-21,2025-12-21
4749,saaniya,8645252951,Male,English,3,8,4.98,Pending,Busy,694,2025-08-15,2025-08-15
4750,saanu,6363433167,Male,Telugu,10,14,4.57,Pending,Offline,342,2025-03-17,2025-03-17
4751,sabana,8744025794,Female,Tamil,18,45,3.53,Verified,Offline,98,2025-06-12,2025-06-12
4752,sabanam,9279862213,Male,Kannada,15,7,4.28,Pending,Busy,441,2025-06-16,2025-06-16
4753,sabba,8619865085,Female,Telugu,13,10,4.44,Verified,Busy,307,2025-03-07,2025-03-07
4754,sabbab,9547468957,Male,Kannada,6,28,4.6,Verified,Offline,248,2025-01-08,2025-01-08
4755,sabbar,9771601277,Female,Hindi,14,9,4.93,Pending,Available,773,2025-10-19,2025-10-19
4756,sabbir,9294376888,Male,Kannada,0,32,4.52,Pending,Available,734,2025-08-09,2025-08-09
4757,sabbo,9615467068,Female,Telugu,8,31,3.59,Pending,Offline,689,2025-06-19,2025-06-19
4758,sabbu,8348832631,Male,English,19,23,4.81,Verified,Offline,406,2025-05-15,2025-05-15
4759,sabeeha,8461522387,Female,English,1,41,4.68,Pending,Busy,753,2025-11-26,2025-11-26
4760,sabeena,8704904062,Female,Telugu,14,46,4.49,Verified,Offline,741,2025-03-27,2025-03-27
4761,sabeer,8322772416,Female,Tamil,14,38,3.54,Verified,Available,416,2025-02-22,2025-02-22
4762,sabenoor,6216920376,Male,Malayalam,4,23,3.57,Pending,Busy,406,2025-04-17,2025-04-17
4763,sabhana,6171583193,Female,Kannada,2,26,4.65,Verified,Offline,336,2025-08-09,2025-08-09
4764,sabhya,6781828164,Female,Hindi,19,40,4.04,Verified,Offline,227,2025-01-03,2025-01-03
4765,sabi,8366437572,Female,Malayalam,7,43,4.51,Verified,Offline,593,2025-07-13,2025-07-13
4766,sabid,6553607921,Female,Malayalam,16,22,4.78,Verified,Offline,122,2025-10-27,2025-10-27
4767,sabila,8574883825,Male,Hindi,20,26,4.58,Verified,Available,515,2025-11-29,2025-11-29
4768,sabina,7764280186,Female,Tamil,4,15,3.58,Pending,Busy,540,2025-01-16,2025-01-16
4769,sabir,6695830233,Male,Malayalam,11,18,3.63,Pending,Available,270,2025-11-14,2025-11-14
4770,sabita,8365887384,Female,Telugu,9,23,4.29,Pending,Available,731,2025-06-23,2025-06-23
4771,sabiya,7049443847,Male,Hindi,4,7,4.94,Verified,Busy,660,2025-07-15,2025-07-15
4772,sablu,9542798443,Female,English,5,42,3.81,Pending,Offline,232,2025-02-19,2025-02-19
4773,sabna,6213560025,Female,Hindi,14,29,4.35,Verified,Available,631,2025-12-08,2025-12-08
4774,sabnam,8008014785,Male,English,0,37,5.0,Pending,Available,593,2025-05-18,2025-05-18
4775,sabnur,7538371831,Female,Kannada,20,44,3.72,Pending,Offline,414,2025-03-04,2025-03-04
4776,sabra,8903666435,Female,Kannada,3,11,4.77,Verified,Busy,554,2025-02-25,2025-02-25
4777,sabrajeet,6272289385,Male,Malayalam,5,32,4.03,Verified,Available,755,2025-06-07,2025-06-07
4778,sabreen,7337552200,Female,Telugu,1,45,4.82,Pending,Offline,548,2025-02-02,2025-02-02
4779,sabrin,9327899479,Female,Hindi,9,38,4.25,Pending,Busy,27,2025-01-18,2025-01-18
4780,sabrina,6361611180,Female,Tamil,14,25,3.9,Pending,Offline,40,2025-04-19,2025-04-19
4781,sachi,7629567839,Male,Telugu,19,24,4.72,Pending,Offline,26,2025-10-18,2025-10-18
4782,sachidanand,6090998936,Male,Hindi,18,49,4.08,Verified,Available,45,2025-02-12,2025-02-12
4783,sachin,8682521362,Male,English,15,24,4.39,Pending,Busy,611,2025-03-23,2025-03-23
4784,sadab,9364487557,Female,Kannada,20,50,4.21,Pending,Busy,107,2025-04-26,2025-04-26
4785,sadab(khura),7199184645,Male,Tamil,1,28,3.55,Verified,Available,187,2025-07-30,2025-07-30
4786,sadabrij,7237505628,Male,Hindi,12,15,4.56,Verified,Offline,512,2025-08-03,2025-08-03
4787,saddam,9591602584,Male,English,5,11,4.41,Pending,Available,240,2025-02-23,2025-02-23
4788,saddham,9132744927,Female,Telugu,11,38,3.96,Verified,Available,621,2025-12-31,2025-12-31
4789,saddiq,8425197912,Male,Tamil,17,26,4.95,Verified,Busy,215,2025-04-11,2025-04-11
4790,sadhana,8606475506,Male,Kannada,6,15,3.88,Pending,Offline,30,2025-07-10,2025-07-10
4791,sadhna,9152458468,Male,Tamil,15,8,4.06,Pending,Offline,340,2025-06-01,2025-06-01
4792,sadhu,9551462545,Male,Kannada,5,50,4.83,Verified,Busy,61,2025-01-07,2025-01-07
4793,sadik,6489361549,Male,Hindi,19,7,4.81,Pending,Available,319,2025-10-30,2025-10-30
4794,sadip,6250144363,Male,Tamil,12,39,3.59,Pending,Busy,94,2025-04-29,2025-04-29
4795,sadiq,6646493270,Male,Hindi,8,28,4.8,Verified,Offline,475,2025-08-21,2025-08-21
4796,sadiya,9755226245,Male,Kannada,12,5,4.98,Pending,Offline,668,2025-08-09,2025-08-09
4797,sadod,9345289770,Female,Malayalam,6,38,4.57,Verified,Available,728,2025-02-03,2025-02-03
4798,sadre,6590729734,Male,Hindi,3,12,4.97,Verified,Busy,636,2025-08-08,2025-08-08
4799,sadur,6434454454,Female,Hindi,2,30,3.94,Verified,Available,753,2025-02-13,2025-02-13
4800,saeshta,7010278223,Female,Tamil,3,20,3.53,Verified,Available,704,2025-05-24,2025-05-24
4801,safali,6297663625,Male,Malayalam,8,14,4.47,Verified,Available,250,2025-02-07,2025-02-07
4802,safe,7091686748,Female,Telugu,15,38,3.79,Verified,Busy,50,2025-04-30,2025-04-30
4803,safia,9107452647,Female,Malayalam,12,29,4.1,Verified,Available,62,2025-12-24,2025-12-24
4804,safika,6919850253,Female,Tamil,16,32,4.64,Verified,Available,194,2025-05-19,2025-05-19
4805,safila,8501512974,Female,Hindi,9,7,4.04,Verified,Busy,705,2025-05-22,2025-05-22
4806,safina,8169644698,Female,Telugu,5,25,3.98,Pending,Available,181,2025-04-23,2025-04-23
4807,safiq,6693485586,Male,Kannada,18,21,4.89,Pending,Busy,51,2025-10-17,2025-10-17
4808,safiya,7646440933,Female,Tamil,19,19,4.97,Verified,Busy,188,2025-03-21,2025-03-21
4809,sagan,7686970205,Male,Kannada,6,7,3.69,Pending,Busy,83,2025-03-05,2025-03-05
4810,sagar,9241784369,Female,Telugu,12,22,4.44,Pending,Available,782,2025-09-21,2025-09-21
4811,sagir,6470734046,Female,Malayalam,5,50,4.09,Pending,Offline,354,2025-12-03,2025-12-03
4812,sagira,7387724027,Male,Hindi,18,50,4.48,Pending,Available,435,2025-01-03,2025-01-03
4813,sagiran,8669195529,Male,Telugu,18,35,4.26,Pending,Available,775,2025-01-31,2025-01-31
4814,sagit,6890834194,Male,Malayalam,2,47,3.58,Verified,Busy,319,2025-09-26,2025-09-26
4815,sagita,6054724959,Male,Kannada,4,34,4.37,Verified,Offline,458,2025-11-24,2025-11-24
4816,sagrika,8767030954,Male,Tamil,10,44,4.74,Pending,Busy,493,2025-11-23,2025-11-23
4817,sagufta,6399262886,Female,Telugu,9,43,4.73,Pending,Busy,104,2025-06-30,2025-06-30
4818,sahab,7209379215,Male,Malayalam,9,38,4.67,Verified,Offline,443,2025-12-27,2025-12-27
4819,sahabbudin,7760835288,Male,Hindi,15,35,4.09,Verified,Busy,247,2025-01-12,2025-01-12
4820,sahabudeen,6291788456,Male,Kannada,0,15,4.52,Pending,Busy,276,2025-02-03,2025-02-03
4821,sahadeb,9897371026,Female,Malayalam,5,32,3.83,Pending,Busy,117,2025-12-01,2025-12-01
4822,sahaja,7903408598,Female,Tamil,0,8,3.94,Pending,Busy,142,2025-01-16,2025-01-16
4823,sahajad,8691016058,Male,Telugu,14,26,3.88,Verified,Busy,223,2025-04-20,2025-04-20
4824,sahajaha,7177327181,Male,Tamil,7,27,4.65,Verified,Available,691,2025-04-19,2025-04-19
4825,sahajha,7756291114,Male,Hindi,16,26,4.15,Pending,Available,740,2025-09-29,2025-09-29
4826,sahana,7950892251,Male,Malayalam,15,31,3.77,Pending,Offline,708,2025-01-16,2025-01-16
4827,sahanaj,7140383105,Male,Tamil,7,11,3.65,Pending,Available,382,2025-06-25,2025-06-25
4828,sahar,8540235370,Female,Telugu,1,49,4.93,Pending,Available,523,2025-05-15,2025-05-15
4829,sahawaj,6340508123,Female,Kannada,13,33,4.82,Pending,Busy,32,2025-04-13,2025-04-13
4830,sahbaj,9602108691,Male,Telugu,17,28,4.12,Verified,Available,645,2025-03-08,2025-03-08
4831,sahbuddin,8608564459,Male,Kannada,1,41,3.57,Verified,Busy,8,2025-03-10,2025-03-10
4832,sahdab,8344513456,Female,Kannada,12,48,4.7,Pending,Offline,324,2025-02-22,2025-02-22
4833,sahdev,9091271966,Male,Telugu,8,11,3.77,Pending,Available,669,2025-03-12,2025-03-12
4834,saheb,9289862871,Female,Malayalam,15,6,3.75,Pending,Offline,522,2025-09-29,2025-09-29
4835,saheen,7646497968,Female,Kannada,13,29,4.48,Pending,Available,502,2025-04-05,2025-04-05
4836,sahenaj,7171288185,Female,Kannada,16,18,4.57,Verified,Available,388,2025-06-02,2025-06-02
4837,sahgufta,7181726443,Female,Malayalam,13,45,3.75,Verified,Busy,784,2025-07-22,2025-07-22
4838,sahi,7924618128,Female,Tamil,4,21,4.04,Pending,Busy,624,2025-06-26,2025-06-26
4839,sahib,6736265610,Female,Kannada,12,26,4.8,Pending,Busy,789,2025-02-07,2025-02-07
4840,sahiba,6937695115,Female,Tamil,11,31,4.59,Verified,Busy,58,2025-07-19,2025-07-19
4841,sahid,6529974386,Female,English,0,50,4.34,Pending,Available,357,2025-11-13,2025-11-13
4842,sahida,8120324856,Male,Tamil,6,39,3.7,Pending,Available,593,2025-06-26,2025-06-26
4843,sahil,6687762549,Male,Hindi,14,34,4.77,Pending,Busy,204,2025-08-19,2025-08-19
4844,sahima,6277698302,Female,Telugu,5,43,4.74,Pending,Available,88,2025-06-20,2025-06-20
4845,sahin,7732257439,Female,Malayalam,4,21,3.98,Pending,Available,759,2025-07-10,2025-07-10
4846,sahina,7545307981,Male,Malayalam,2,50,4.63,Pending,Offline,452,2025-10-25,2025-10-25
4847,sahira,8241831295,Male,Hindi,14,24,4.86,Pending,Offline,648,2025-08-02,2025-08-02
4848,sahishta,9995246959,Female,Tamil,10,35,4.82,Verified,Offline,444,2025-08-22,2025-08-22
4849,sahista,6956983823,Male,Hindi,10,19,4.13,Verified,Offline,165,2025-07-27,2025-07-27
4850,sahjad,7088201765,Female,Hindi,10,35,4.67,Pending,Busy,144,2025-07-11,2025-07-11
4851,sahkir,7448888826,Male,Kannada,13,28,4.51,Verified,Busy,771,2025-06-12,2025-06-12
4852,sahlesh,8922465760,Female,Malayalam,8,43,4.8,Verified,Busy,293,2025-12-14,2025-12-14
4853,sahna,7713142635,Female,Malayalam,12,18,4.63,Verified,Offline,774,2025-10-18,2025-10-18
4854,sahnabaj,7491427642,Female,Tamil,10,18,4.08,Pending,Busy,8,2025-04-19,2025-04-19
4855,sahnaj,7844894009,Female,Kannada,6,5,4.16,Pending,Available,132,2025-01-03,2025-01-03
4856,sahnara,9817347795,Male,Kannada,11,47,3.68,Pending,Available,655,2025-07-07,2025-07-07
4857,sahnawaz,7945907533,Male,English,2,50,4.7,Pending,Busy,562,2025-06-17,2025-06-17
4858,sahnaz,8222873018,Male,Hindi,1,39,4.93,Pending,Busy,493,2025-01-23,2025-01-23
4859,sahrik,8027393106,Male,Telugu,6,45,3.81,Pending,Available,442,2025-05-03,2025-05-03
4860,sahrukh,9011233696,Male,Telugu,10,49,3.61,Pending,Available,206,2025-01-31,2025-01-31
4861,sahrul,7001904275,Male,Telugu,16,38,3.99,Verified,Busy,441,2025-01-26,2025-01-26
4862,sahun,6254314642,Male,Malayalam,14,37,4.01,Pending,Offline,637,2025-08-17,2025-08-17
4863,sahwaj,9230597036,Male,Telugu,0,21,4.8,Pending,Offline,383,2025-06-26,2025-06-26
4864,sai,6282586367,Female,English,17,46,4.15,Pending,Offline,201,2025-02-20,2025-02-20
4865,said,9885834690,Female,English,16,50,3.94,Verified,Offline,774,2025-12-02,2025-12-02
4866,saida,7213485308,Female,English,16,36,4.13,Verified,Available,99,2025-09-08,2025-09-08
4867,saidas,8124522557,Male,Kannada,19,21,3.95,Pending,Offline,186,2025-06-20,2025-06-20
4868,saidul,6107700074,Female,Kannada,11,12,4.81,Verified,Busy,206,2025-07-02,2025-07-02
4869,saieman,8155508493,Male,Telugu,5,29,4.34,Pending,Offline,2,2025-11-09,2025-11-09
4870,saiesta,7667781194,Female,English,2,41,4.44,Pending,Offline,483,2025-05-08,2025-05-08
4871,saif,9208705187,Female,Tamil,16,41,4.81,Verified,Available,622,2025-12-20,2025-12-20
4872,saifali,9247223095,Female,Kannada,9,26,4.53,Verified,Busy,548,2025-03-20,2025-03-20
4873,saima,6850760876,Male,Kannada,14,13,3.97,Pending,Busy,232,2025-12-20,2025-12-20
4874,saimun,8222892092,Male,Telugu,15,41,3.55,Verified,Busy,156,2025-04-04,2025-04-04
4875,sainky,9362544345,Female,Hindi,17,40,4.71,Pending,Offline,410,2025-01-24,2025-01-24
4876,saira,9630005051,Male,Tamil,1,23,3.81,Verified,Busy,471,2025-11-04,2025-11-04
4877,saista,8996724604,Female,Malayalam,11,21,3.8,Verified,Busy,71,2025-03-14,2025-03-14
4878,saiyada,8201945222,Male,English,14,28,3.66,Pending,Available,287,2025-09-07,2025-09-07
4879,saizad,6660967000,Male,Tamil,19,36,4.04,Verified,Available,280,2025-08-25,2025-08-25
4880,sajan,6774557287,Female,Hindi,17,43,3.98,Verified,Offline,225,2025-11-02,2025-11-02
4881,sajana,9816818299,Female,Hindi,1,32,3.7,Verified,Busy,227,2025-07-09,2025-07-09
4882,sajda,7473860861,Male,Telugu,17,38,4.25,Pending,Offline,299,2025-02-01,2025-02-01
4883,sajia,7994823820,Female,English,20,42,4.97,Verified,Offline,643,2025-04-04,2025-04-04
4884,sajid,9640098052,Female,Malayalam,3,29,4.15,Verified,Available,618,2025-04-20,2025-04-20
4885,sajida,7045222442,Male,Kannada,18,20,4.88,Verified,Offline,20,2025-10-05,2025-10-05
4886,sajini,8253679568,Male,Malayalam,6,39,3.97,Pending,Offline,233,2025-08-04,2025-08-04
4887,sajiya,7334102172,Female,Malayalam,20,28,4.2,Verified,Available,123,2025-05-09,2025-05-09
4888,sajjan,7700943739,Male,Kannada,3,41,3.85,Pending,Available,588,2025-03-12,2025-03-12
4889,sajju,7511808121,Female,Hindi,15,25,4.91,Verified,Offline,110,2025-02-25,2025-02-25
4890,sajma,7714378524,Female,Tamil,4,5,3.86,Pending,Available,267,2025-10-29,2025-10-29
4891,sajmeen,6740575639,Male,Kannada,9,27,4.88,Verified,Available,307,2025-09-08,2025-09-08
4892,sajni,6532811214,Male,Malayalam,11,34,3.94,Verified,Available,330,2025-05-24,2025-05-24
4893,sajruddin,7852246218,Male,Hindi,11,16,4.28,Verified,Busy,508,2025-11-17,2025-11-17
4894,saka,7710166091,Male,Telugu,18,47,3.5,Pending,Busy,668,2025-04-20,2025-04-20
4895,sakal,8351276760,Male,Telugu,11,16,4.81,Verified,Offline,101,2025-05-25,2025-05-25
4896,sakcham,7628981034,Female,Hindi,15,46,4.29,Verified,Busy,604,2025-09-26,2025-09-26
4897,sakchan,7540852874,Female,Malayalam,16,46,3.94,Verified,Available,433,2025-06-23,2025-06-23
4898,sakeena,8154336104,Female,Kannada,6,34,4.53,Verified,Offline,14,2025-09-29,2025-09-29
4899,saket,9067922755,Female,Kannada,4,16,4.69,Pending,Offline,125,2025-02-20,2025-02-20
4900,sakhichander,7394576917,Male,Malayalam,10,42,4.55,Verified,Available,44,2025-09-21,2025-09-21
4901,sakib,7553941068,Male,Kannada,5,21,3.62,Verified,Busy,148,2025-08-23,2025-08-23
4902,sakil,6919959164,Female,Telugu,6,26,4.44,Pending,Offline,172,2025-09-16,2025-09-16
4903,sakila,7394864667,Female,Tamil,10,45,4.93,Pending,Busy,58,2025-02-11,2025-02-11
4904,sakina,7744098027,Male,English,7,22,3.87,Verified,Offline,228,2025-06-28,2025-06-28
4905,sakir,8020203954,Male,Tamil,3,25,3.77,Verified,Offline,575,2025-03-15,2025-03-15
4906,sakiran,6653685367,Male,English,7,47,4.19,Verified,Offline,331,2025-05-13,2025-05-13
4907,saksham,8477340534,Male,Kannada,4,37,4.35,Verified,Offline,484,2025-07-04,2025-07-04
4908,sakshi,7234176726,Male,Hindi,18,32,4.06,Verified,Busy,790,2025-12-02,2025-12-02
4909,saksi,6672470342,Male,Kannada,15,9,3.53,Pending,Available,330,2025-08-18,2025-08-18
4910,saku,9441128685,Female,Tamil,6,16,4.74,Pending,Offline,314,2025-09-25,2025-09-25
4911,sakuntala,7274105258,Female,Telugu,11,19,4.57,Verified,Busy,5,2025-11-29,2025-11-29
4912,sakuntla,7801244279,Female,Telugu,20,17,4.34,Pending,Offline,346,2025-08-04,2025-08-04
4913,salama,9620307495,Female,Kannada,4,48,4.76,Verified,Offline,714,2025-01-01,2025-01-01
4914,salaman,9855278968,Female,English,17,10,4.79,Verified,Available,393,2025-07-29,2025-07-29
4915,salauddin,7425060967,Female,Hindi,0,28,3.96,Pending,Busy,560,2025-12-06,2025-12-06
4916,saleem,8080025753,Male,Hindi,4,24,3.83,Pending,Busy,103,2025-01-17,2025-01-17
4917,salesh,9679012237,Female,Malayalam,2,6,4.97,Pending,Busy,386,2025-04-25,2025-04-25
4918,salim,6823765338,Female,Kannada,17,25,4.24,Verified,Busy,493,2025-08-16,2025-08-16
4919,salima,8653830095,Male,Malayalam,0,15,4.94,Pending,Busy,757,2025-04-02,2025-04-02
4920,salin,7795239530,Female,Kannada,13,36,4.21,Pending,Offline,288,2025-06-20,2025-06-20
4921,salinder,9654628244,Female,Telugu,6,17,4.15,Pending,Busy,333,2025-03-22,2025-03-22
4922,salini,7754398160,Male,English,6,31,3.57,Pending,Busy,179,2025-01-17,2025-01-17
4923,sally,7322922161,Female,Tamil,7,31,4.3,Verified,Available,746,2025-06-19,2025-06-19
4924,salma,7153695287,Male,Hindi,0,50,4.55,Verified,Busy,513,2025-03-03,2025-03-03
4925,salmaan,7452397168,Male,Malayalam,7,26,4.48,Verified,Offline,625,2025-05-09,2025-05-09
4926,salmakhatun,9108617495,Female,Telugu,16,44,4.24,Pending,Busy,140,2025-04-05,2025-04-05
4927,salmam,6548104655,Female,Hindi,1,25,3.52,Pending,Offline,680,2025-09-30,2025-09-30
4928,salman,8845375670,Female,Kannada,17,41,4.16,Verified,Busy,485,2025-01-06,2025-01-06
4929,salmi,8160969088,Female,Kannada,18,23,4.43,Pending,Offline,602,2025-06-09,2025-06-09
4930,salomi,9299629000,Female,Tamil,4,15,4.75,Pending,Offline,636,2025-03-03,2025-03-03
4931,saloni,9893941065,Male,Hindi,8,28,4.71,Verified,Busy,498,2025-06-07,2025-06-07
4932,salu,7985818444,Female,Telugu,6,13,3.57,Verified,Busy,631,2025-05-30,2025-05-30
4933,salupa,9845644434,Male,Telugu,15,22,3.7,Verified,Busy,734,2025-02-18,2025-02-18
4934,sam,9316639927,Female,Malayalam,0,44,3.56,Verified,Available,771,2025-02-22,2025-02-22
4935,sama,9276572483,Female,Telugu,10,12,4.73,Pending,Busy,601,2025-12-13,2025-12-13
4936,samad,9187858205,Male,English,6,16,4.52,Verified,Busy,601,2025-07-21,2025-07-21
4937,samadh,7807531486,Female,Telugu,6,19,3.94,Verified,Offline,675,2025-10-11,2025-10-11
4938,samadhan,6032631488,Female,Malayalam,18,25,4.76,Verified,Offline,673,2025-11-11,2025-11-11
4939,samaiali,6641188729,Male,Hindi,7,13,4.19,Pending,Available,696,2025-01-10,2025-01-10
4940,samaprveen,6239100771,Female,Kannada,20,43,3.91,Verified,Offline,221,2025-07-09,2025-07-09
4941,samar,8525493920,Male,Kannada,9,35,4.92,Verified,Busy,752,2026-01-01,2026-01-01
4942,samay,7924586894,Female,English,12,28,3.97,Verified,Busy,708,2025-07-14,2025-07-14
4943,samayddin,8843952541,Male,English,3,43,4.49,Verified,Busy,512,2025-04-04,2025-04-04
4944,sambhu,6968984019,Male,English,18,20,3.99,Verified,Available,524,2025-07-21,2025-07-21
4945,same,8180155038,Female,Malayalam,13,9,4.19,Pending,Available,195,2025-08-09,2025-08-09
4946,sameem,7636642556,Female,Telugu,18,11,4.34,Verified,Busy,427,2025-06-15,2025-06-15
4947,sameena,7694455948,Male,English,19,43,4.87,Verified,Busy,204,2025-07-08,2025-07-08
4948,sameer,6490981136,Female,Malayalam,3,36,4.6,Verified,Available,606,2025-05-30,2025-05-30
4949,sameeruddin,9498900156,Male,Hindi,4,41,4.01,Pending,Busy,244,2025-06-08,2025-06-08
4950,samer,6525931242,Female,Malayalam,13,16,4.43,Pending,Offline,516,2025-05-18,2025-05-18
4951,samiksa,9208427493,Female,English,2,25,4.85,Verified,Available,124,2025-03-08,2025-03-08
4952,samiksha,6007508121,Male,Hindi,10,23,4.66,Verified,Available,676,2025-05-02,2025-05-02
4953,samim,8128789436,Female,Malayalam,3,42,3.83,Verified,Available,721,2025-08-30,2025-08-30
4954,samima,8441343241,Male,Kannada,2,35,4.5,Pending,Available,235,2025-08-14,2025-08-14
4955,samina,7601004669,Female,English,18,26,4.39,Pending,Offline,197,2025-05-06,2025-05-06
4956,samir,8835754509,Female,Tamil,12,21,3.84,Verified,Available,392,2025-06-15,2025-06-15
4957,samiron,8751539176,Male,Telugu,18,26,4.01,Pending,Available,481,2025-11-11,2025-11-11
4958,samit,9437696335,Female,Hindi,5,34,3.59,Verified,Busy,522,2025-12-13,2025-12-13
4959,samiya,9464522953,Female,Hindi,6,25,4.63,Pending,Busy,602,2025-01-12,2025-01-12
4960,samman,7910541767,Male,Malayalam,9,29,3.84,Verified,Offline,598,2025-02-13,2025-02-13
4961,sammiuddin,6832119715,Female,Kannada,17,12,3.86,Verified,Offline,144,2025-12-11,2025-12-11
4962,samon,7728748114,Male,English,12,44,4.11,Verified,Available,338,2025-03-12,2025-03-12
4963,samoti,8832011267,Female,English,18,26,3.99,Pending,Busy,644,2025-10-11,2025-10-11
4964,sampat,7056964676,Female,Telugu,3,18,4.24,Verified,Available,741,2025-07-27,2025-07-27
4965,samra,6118900742,Male,Tamil,7,25,4.95,Pending,Available,668,2025-08-26,2025-08-26
4966,samreen,9599211935,Female,Hindi,1,41,4.33,Pending,Available,688,2025-03-04,2025-03-04
4967,samrin,8111693113,Female,Hindi,0,29,4.58,Pending,Offline,630,2025-11-14,2025-11-14
4968,samsad,8313589125,Female,Malayalam,12,46,4.19,Verified,Busy,632,2025-06-19,2025-06-19
4969,samser,7621054456,Male,Kannada,10,16,4.46,Verified,Available,97,2025-02-21,2025-02-21
4970,samsida,6427892268,Male,Hindi,6,21,3.89,Pending,Available,557,2025-03-09,2025-03-09
4971,samsuddin,7359572428,Female,Kannada,1,13,4.08,Pending,Busy,173,2025-08-25,2025-08-25
4972,samsudin,7266178592,Male,Hindi,6,35,4.28,Pending,Offline,375,2025-07-06,2025-07-06
4973,samsung,7715874025,Male,Telugu,6,36,3.87,Verified,Available,187,2025-11-15,2025-11-15
4974,samundri,7791050799,Male,Tamil,18,27,4.18,Pending,Available,279,2025-09-14,2025-09-14
4975,samvedna,9429481141,Female,Tamil,16,46,4.04,Verified,Available,767,2025-03-20,2025-03-20
4976,samya,6262925476,Male,English,0,6,4.89,Verified,Available,404,2025-10-03,2025-10-03
4977,san,7288009407,Male,English,20,37,4.94,Pending,Busy,692,2025-02-03,2025-02-03
4978,sana,6738251135,Male,English,4,8,4.84,Verified,Busy,164,2025-10-22,2025-10-22
4979,sanaali,7667304943,Male,Tamil,10,9,3.78,Verified,Busy,324,2025-03-05,2025-03-05
4980,sanam,6978812098,Male,Hindi,5,45,4.01,Verified,Busy,566,2026-01-01,2026-01-01
4981,sanand,9748959141,Female,Tamil,11,6,3.77,Verified,Offline,677,2025-12-26,2025-12-26
4982,sanat,9968402892,Female,Telugu,10,23,4.76,Verified,Offline,210,2025-08-01,2025-08-01
4983,sanaullah,8738499096,Female,Tamil,12,9,4.24,Verified,Busy,47,2025-01-09,2025-01-09
4984,sanavvar,7865477720,Female,Kannada,10,43,4.02,Verified,Available,44,2025-08-28,2025-08-28
4985,sanchit,9378128429,Female,Kannada,12,27,4.82,Verified,Busy,244,2025-06-15,2025-06-15
4986,sandee[,9970785996,Male,Telugu,18,35,4.45,Verified,Available,21,2025-09-10,2025-09-10
4987,sandeep,6926105610,Female,Telugu,3,15,3.7,Verified,Busy,704,2025-04-29,2025-04-29
4988,sandeepa,6899044355,Female,Hindi,12,24,4.85,Pending,Available,682,2025-07-05,2025-07-05
4989,sandha,6224132803,Female,Malayalam,13,50,3.88,Verified,Available,452,2025-02-06,2025-02-06
4990,sandhaya,8596390842,Female,Malayalam,7,48,4.39,Verified,Available,567,2025-05-30,2025-05-30
4991,sandhya,9983658487,Male,Tamil,16,6,3.77,Verified,Available,551,2025-06-29,2025-06-29
4992,sandip,9137542424,Female,English,20,24,4.32,Pending,Busy,368,2025-02-08,2025-02-08
4993,sandiya,6077811196,Female,English,9,6,3.56,Verified,Busy,202,2025-02-09,2025-02-09
4994,sandna,6881789603,Male,Telugu,14,27,4.4,Pending,Busy,34,2025-05-13,2025-05-13
4995,sandya,7004756661,Female,Malayalam,5,23,4.52,Verified,Busy,250,2025-07-26,2025-07-26
4996,saneha,7118620924,Female,Kannada,7,43,4.59,Verified,Busy,729,2025-09-07,2025-09-07
4997,sangeena,9305599843,Female,Tamil,3,8,4.53,Verified,Offline,47,2025-04-24,2025-04-24
4998,sangeet,9020894735,Male,Kannada,16,20,4.43,Pending,Offline,778,2025-11-21,2025-11-21
4999,sangeeta,9229553806,Female,Kannada,1,41,4.02,Verified,Offline,182,2025-09-16,2025-09-16
5000,sangeta,9012737299,Male,Malayalam,2,24,3.77,Verified,Busy,214,2025-10-21,2025-10-21
5001,sangit,8594778153,Female,English,2,14,4.47,Verified,Busy,754,2025-10-19,2025-10-19
5002,sangita,7262583703,Male,Hindi,5,26,3.64,Pending,Busy,28,2025-12-02,2025-12-02
5003,sangram,7703264848,Female,Kannada,20,30,3.51,Verified,Available,118,2025-01-20,2025-01-20
5004,sanha,6570914558,Male,Kannada,16,9,4.14,Pending,Offline,423,2025-12-17,2025-12-17
5005,sania,8171484331,Female,Telugu,7,11,4.35,Verified,Busy,154,2025-02-07,2025-02-07
5006,sanita,9046737473,Female,Tamil,9,16,3.63,Pending,Available,486,2025-04-17,2025-04-17
5007,saniya,8915529487,Male,Tamil,7,35,4.86,Verified,Available,49,2025-04-20,2025-04-20
5008,sanjai,9020030377,Female,Tamil,18,15,4.86,Verified,Busy,699,2025-03-03,2025-03-03
5009,sanjan,6595513586,Female,Telugu,8,25,4.48,Verified,Busy,582,2025-11-08,2025-11-08
5010,sanjana,8597480532,Female,Kannada,19,12,3.83,Verified,Available,303,2025-01-03,2025-01-03
5011,sanjay,7250804440,Female,Tamil,7,33,4.54,Verified,Busy,67,2025-03-16,2025-03-16
5012,sanjeet,7213139870,Female,Tamil,0,20,3.77,Pending,Busy,186,2025-09-10,2025-09-10
5013,sanjeeta,7256516141,Female,Telugu,11,6,4.38,Verified,Busy,632,2025-02-01,2025-02-01
5014,sanjeev,8741527360,Female,Malayalam,19,36,3.55,Verified,Busy,570,2025-06-30,2025-06-30
5015,sanjeevan,9786101536,Male,English,8,48,4.01,Pending,Available,672,2025-09-15,2025-09-15
5016,sanjey,6959912239,Female,English,6,49,4.27,Pending,Offline,220,2025-01-24,2025-01-24
5017,sanjida,7743714132,Male,Telugu,15,11,3.98,Verified,Busy,409,2025-09-23,2025-09-23
5018,sanjit,6124910482,Male,Hindi,11,44,3.59,Verified,Available,760,2025-01-12,2025-01-12
5019,sanjiv,9567738501,Female,Kannada,12,13,3.62,Pending,Available,524,2025-11-26,2025-11-26
5020,sanjna,9580580122,Male,Telugu,12,33,3.58,Verified,Busy,441,2025-04-17,2025-04-17
5021,sanjogta,9510720279,Male,Tamil,7,29,4.66,Pending,Busy,67,2025-03-29,2025-03-29
5022,sanjoh,6740150953,Male,Hindi,19,33,4.71,Pending,Busy,220,2025-11-18,2025-11-18
5023,sanju,9229918506,Male,Hindi,10,44,4.86,Verified,Offline,744,2025-12-12,2025-12-12
5024,sanjya,9871905742,Female,Hindi,5,14,3.78,Pending,Available,508,2025-02-25,2025-02-25
5025,sankar,7441692371,Female,Kannada,13,43,4.76,Pending,Available,525,2025-04-16,2025-04-16
5026,sankarlal,9218674589,Female,Telugu,9,12,3.65,Verified,Busy,495,2025-02-20,2025-02-20
5027,sanna,9422032596,Female,Telugu,12,16,3.87,Verified,Busy,683,2025-01-25,2025-01-25
5028,sanni,7355425710,Female,Tamil,9,25,4.01,Verified,Offline,713,2025-07-23,2025-07-23
5029,sanno,7596638521,Male,Malayalam,3,46,4.39,Pending,Busy,504,2025-09-24,2025-09-24
5030,sanny,8293432762,Female,Malayalam,4,21,4.12,Pending,Available,351,2025-07-09,2025-07-09
5031,sano,6973101274,Male,Hindi,9,30,4.84,Pending,Available,778,2025-05-05,2025-05-05
5032,sanoj,9746957696,Female,Tamil,2,50,4.12,Pending,Busy,13,2025-08-30,2025-08-30
5033,sanoshi,7426291399,Female,Tamil,10,21,3.82,Pending,Offline,428,2025-01-18,2025-01-18
5034,sanpat,7742342439,Female,Hindi,4,24,3.71,Verified,Busy,360,2025-05-31,2025-05-31
5035,sansaar,7360568421,Male,Kannada,15,30,3.76,Pending,Available,16,2025-07-30,2025-07-30
5036,sant,9491711484,Male,Malayalam,10,30,4.53,Verified,Busy,318,2025-10-24,2025-10-24
5037,santara,9398473277,Female,Tamil,14,12,3.69,Verified,Offline,87,2025-11-06,2025-11-06
5038,santi,9394215614,Male,Telugu,14,43,4.62,Verified,Busy,233,2025-03-20,2025-03-20
5039,santlal,6755710438,Female,Kannada,8,19,4.9,Pending,Available,289,2025-09-01,2025-09-01
5040,santna,6891301283,Male,Tamil,3,22,4.12,Verified,Available,308,2025-07-26,2025-07-26
5041,santo,7240579046,Female,Kannada,1,28,3.8,Verified,Available,520,2025-12-09,2025-12-09
5042,santok,7508662915,Female,Hindi,0,16,4.27,Verified,Available,698,2025-09-24,2025-09-24
5043,santosh,7492450218,Female,Hindi,14,37,3.99,Verified,Busy,255,2025-11-09,2025-11-09
5044,santoshi,6089760332,Female,Telugu,18,34,4.59,Pending,Available,634,2025-03-11,2025-03-11
5045,santra,7749836733,Male,Malayalam,3,18,3.74,Verified,Available,374,2025-02-09,2025-02-09
5046,santram,8922834935,Male,Hindi,5,34,4.05,Pending,Available,13,2025-01-13,2025-01-13
5047,santrm,8965437459,Female,Kannada,17,46,3.53,Verified,Offline,119,2025-11-07,2025-11-07
5048,santro,8861201583,Male,Malayalam,17,39,4.51,Verified,Available,86,2025-09-11,2025-09-11
5049,santu,7531314975,Female,Tamil,15,21,4.19,Verified,Available,360,2025-08-26,2025-08-26
5050,sanu,7150973062,Male,Hindi,18,21,3.56,Pending,Busy,403,2025-04-12,2025-04-12
5051,sanwar,7614621090,Male,Tamil,13,27,4.07,Pending,Offline,63,2025-12-13,2025-12-13
5052,sany,6260974360,Female,Kannada,19,45,4.31,Pending,Offline,91,2025-02-02,2025-02-02
5053,sapan,9455555433,Male,Tamil,18,50,3.67,Pending,Busy,202,2025-09-13,2025-09-13
5054,sapana,8015619677,Female,Kannada,16,25,4.1,Pending,Busy,629,2025-08-21,2025-08-21
5055,sapita,7267657537,Female,Malayalam,7,32,3.8,Pending,Available,761,2025-07-24,2025-07-24
5056,sapna,9156978226,Male,Kannada,15,27,3.71,Pending,Offline,51,2025-12-12,2025-12-12
5057,sarabjeet,9553089340,Female,Tamil,5,25,4.14,Verified,Offline,55,2025-09-27,2025-09-27
5058,sarabjit,9344863236,Male,English,12,14,3.54,Pending,Offline,61,2025-09-02,2025-09-02
5059,sarad,6774506913,Male,Hindi,17,8,4.44,Verified,Busy,234,2025-11-30,2025-11-30
5060,sarafat,9919631222,Female,Telugu,10,41,3.83,Verified,Available,182,2025-08-20,2025-08-20
5061,sarafraj,8117843815,Female,Malayalam,18,37,4.96,Verified,Busy,721,2025-08-14,2025-08-14
5062,sarah,8200906946,Male,Telugu,18,38,4.89,Pending,Busy,305,2025-08-03,2025-08-03
5063,sarain,7859956878,Male,Malayalam,11,45,4.59,Pending,Available,328,2025-07-12,2025-07-12
5064,saral,8290968712,Male,English,18,29,4.32,Verified,Busy,723,2025-06-29,2025-06-29
5065,sarangthem,8050097806,Female,English,13,31,4.52,Pending,Offline,209,2025-02-12,2025-02-12
5066,saranjeet,8956577635,Male,Telugu,15,19,4.85,Pending,Offline,63,2025-03-19,2025-03-19
5067,saranthem,6742582992,Male,Kannada,3,20,3.59,Pending,Available,638,2025-03-29,2025-03-29
5068,sararwati,7891185238,Male,Tamil,5,48,3.98,Pending,Busy,149,2025-11-06,2025-11-06
5069,saraswati,7883622732,Female,Tamil,7,15,4.11,Pending,Busy,279,2025-09-03,2025-09-03
5070,sarbari,9764864511,Male,Kannada,15,48,4.94,Pending,Busy,241,2025-05-07,2025-05-07
5071,sarbash,9139091022,Male,Kannada,16,12,4.05,Pending,Busy,179,2025-07-24,2025-07-24
5072,sarbjeet,8249669029,Male,Kannada,8,33,4.93,Pending,Available,684,2025-06-17,2025-06-17
5073,sarda,6557815043,Female,Kannada,20,24,4.1,Verified,Offline,618,2025-08-24,2025-08-24
5074,sardar,9369442947,Male,Tamil,20,5,4.52,Pending,Busy,9,2025-04-20,2025-04-20
5075,sardeep,6090576880,Male,Tamil,19,7,3.8,Pending,Busy,68,2025-04-07,2025-04-07
5076,sardhu,8610768635,Female,Malayalam,3,43,3.75,Pending,Offline,60,2025-10-15,2025-10-15
5077,sareen,9250959133,Female,Telugu,5,28,3.67,Verified,Available,468,2025-05-03,2025-05-03
5078,sarfaraj,8426228248,Female,English,11,32,4.91,Pending,Available,383,2025-12-16,2025-12-16
5079,sarfraj,9737367792,Female,Tamil,10,36,3.98,Pending,Busy,287,2025-11-17,2025-11-17
5080,saridevi,6773831543,Female,Malayalam,5,22,4.97,Verified,Available,230,2025-10-15,2025-10-15
5081,sarif,7404197837,Female,Kannada,17,48,3.76,Verified,Available,116,2025-04-20,2025-04-20
5082,sarik,6616366695,Male,Malayalam,13,22,3.96,Pending,Available,382,2025-10-18,2025-10-18
5083,sarika,9796676104,Female,Telugu,5,20,4.82,Verified,Available,356,2025-09-07,2025-09-07
5084,sarip,8267869279,Male,Telugu,10,11,4.8,Pending,Busy,26,2025-04-25,2025-04-25
5085,sariq,6124070674,Female,English,14,8,3.57,Pending,Offline,24,2025-03-22,2025-03-22
5086,sarita,9503967570,Male,Tamil,8,38,3.97,Verified,Busy,63,2025-12-29,2025-12-29
5087,sarjaha,8931177592,Male,English,7,29,4.77,Verified,Available,554,2025-02-08,2025-02-08
5088,sarjeet,7302595008,Female,Kannada,13,6,4.31,Verified,Offline,49,2025-03-04,2025-03-04
5089,sarju,9575613952,Male,Malayalam,16,23,4.07,Verified,Available,295,2025-01-28,2025-01-28
5090,sarkar,7294510061,Male,Malayalam,6,37,4.74,Pending,Offline,516,2025-11-03,2025-11-03
5091,sarla,8191916117,Female,Tamil,6,33,4.48,Verified,Offline,774,2025-06-18,2025-06-18
5092,sarmeela,7003651544,Female,English,6,19,3.56,Pending,Busy,74,2025-10-02,2025-10-02
5093,sarmila,9574849017,Male,Telugu,16,8,3.99,Pending,Busy,131,2025-07-09,2025-07-09
5094,saroj,8860703362,Female,English,16,35,3.86,Pending,Busy,189,2025-04-13,2025-04-13
5095,saroja,6829618592,Female,Tamil,19,39,3.73,Pending,Offline,693,2025-09-22,2025-09-22
5096,sarojani,8675973731,Female,Malayalam,2,45,4.85,Pending,Offline,389,2025-09-30,2025-09-30
5097,sarojini,7983981072,Female,Hindi,0,23,3.74,Pending,Offline,668,2025-02-27,2025-02-27
5098,sarojni,7891479290,Male,English,3,35,4.11,Verified,Available,639,2025-05-12,2025-05-12
5099,saroop,6153435047,Male,Malayalam,8,8,3.57,Pending,Offline,422,2025-07-02,2025-07-02
5100,saroz,9762955898,Female,Tamil,16,25,4.19,Verified,Offline,307,2025-10-28,2025-10-28
5101,sarsawati,7599796426,Female,Kannada,20,5,4.92,Verified,Available,270,2025-07-10,2025-07-10
5102,sarshwati,9051344804,Female,Tamil,7,28,4.67,Verified,Offline,208,2025-05-10,2025-05-10
5103,sarswati,9659452957,Female,Tamil,12,26,4.34,Pending,Available,644,2025-09-11,2025-09-11
5104,sartaj,6210950204,Female,English,18,39,4.88,Pending,Busy,705,2025-08-30,2025-08-30
5105,sarthak,7435094282,Female,Hindi,19,38,3.69,Pending,Offline,289,2025-01-08,2025-01-08
5106,saru,8627804290,Male,Telugu,11,37,4.53,Pending,Available,785,2025-07-05,2025-07-05
5107,saruf,7090111911,Male,Tamil,5,22,4.06,Verified,Offline,471,2025-05-26,2025-05-26
5108,sarvan,7694906748,Male,Hindi,5,20,4.47,Verified,Offline,450,2025-02-02,2025-02-02
5109,sarvash,9055283072,Female,Telugu,15,43,4.78,Verified,Offline,55,2025-02-12,2025-02-12
5110,sarves,6648741505,Female,English,17,24,4.46,Pending,Offline,81,2025-08-16,2025-08-16
5111,sarvesh,9579395608,Male,Malayalam,0,46,4.82,Verified,Offline,279,2025-01-05,2025-01-05
5112,sarvjeet,6038988044,Female,Hindi,14,9,3.53,Verified,Busy,55,2025-08-18,2025-08-18
5113,sarwan,6276076793,Male,English,6,21,4.45,Pending,Offline,89,2025-12-04,2025-12-04
5114,sarwesh,6249431117,Male,English,15,45,4.82,Verified,Available,271,2025-10-12,2025-10-12
5115,sarwitavm,9781610554,Male,English,9,41,4.54,Verified,Available,649,2025-06-28,2025-06-28
5116,sashi,9932632036,Female,English,0,39,4.32,Verified,Busy,767,2025-03-20,2025-03-20
5117,sashikala,9409034965,Female,English,14,29,4.36,Pending,Busy,362,2025-06-04,2025-06-04
5118,sat,8466986366,Female,Hindi,18,43,4.08,Pending,Available,662,2025-09-02,2025-09-02
5119,satan,7176605942,Female,English,5,17,3.59,Pending,Busy,189,2025-07-19,2025-07-19
5120,satayanarayan,9029638483,Female,Hindi,17,48,3.58,Pending,Available,734,2025-11-17,2025-11-17
5121,satbar,7318053116,Female,English,9,50,3.76,Verified,Available,171,2025-10-24,2025-10-24
5122,satbir,7580931020,Male,Malayalam,14,45,4.85,Pending,Busy,185,2025-05-27,2025-05-27
5123,sateesh,6031430648,Female,Tamil,11,36,4.65,Verified,Offline,410,2025-01-08,2025-01-08
5124,satender,6161494670,Female,English,5,12,4.16,Pending,Offline,433,2025-09-13,2025-09-13
5125,satendra,9783466385,Female,Kannada,8,22,3.95,Pending,Busy,724,2025-04-27,2025-04-27
5126,satish,6253593032,Male,English,17,7,4.1,Verified,Busy,57,2025-03-17,2025-03-17
5127,satnam,9077618808,Female,English,5,37,4.33,Pending,Offline,255,2025-02-20,2025-02-20
5128,satnarayan,6046463331,Male,Kannada,2,28,4.93,Pending,Busy,261,2025-09-15,2025-09-15
5129,satnosh,6596692190,Male,Kannada,4,37,3.78,Verified,Available,76,2025-02-21,2025-02-21
5130,satosh,8844391869,Female,Kannada,3,30,4.66,Verified,Offline,680,2025-03-06,2025-03-06
5131,satpal,8088243130,Female,Hindi,14,11,3.53,Verified,Busy,232,2025-09-27,2025-09-27
5132,satrohan,9798324877,Male,Tamil,10,6,4.79,Pending,Busy,665,2025-09-21,2025-09-21
5133,satrudan,6424142774,Female,Tamil,7,22,4.63,Pending,Busy,389,2025-12-06,2025-12-06
5134,satrughan,8730366886,Female,Malayalam,17,42,4.09,Pending,Busy,726,2025-03-29,2025-03-29
5135,sattaram,9242276753,Male,Kannada,7,34,4.68,Pending,Offline,473,2025-08-22,2025-08-22
5136,sattu,9648689179,Male,Kannada,18,7,4.1,Verified,Available,585,2025-06-10,2025-06-10
5137,satu,7571648780,Female,English,12,21,4.89,Pending,Available,281,2025-10-13,2025-10-13
5138,satveer,7634389451,Male,Hindi,4,10,3.83,Pending,Busy,385,2025-03-13,2025-03-13
5139,satvida,6508620957,Male,Kannada,15,38,4.36,Pending,Busy,36,2025-02-07,2025-02-07
5140,satvir,7324157970,Female,English,16,14,4.59,Verified,Busy,302,2025-07-21,2025-07-21
5141,satwander,6773648497,Female,Hindi,19,46,4.34,Pending,Offline,162,2025-07-06,2025-07-06
5142,satwanti,6952565835,Male,Tamil,12,5,3.66,Verified,Available,601,2025-02-16,2025-02-16
5143,satwinder,8073746792,Male,Tamil,10,26,4.01,Verified,Available,138,2025-01-08,2025-01-08
5144,satya,7144785641,Male,Telugu,8,34,4.69,Verified,Busy,571,2025-04-19,2025-04-19
5145,satyadev,6323399300,Male,Kannada,6,26,4.81,Pending,Busy,701,2025-07-22,2025-07-22
5146,satyam,9181722680,Male,Malayalam,15,47,4.7,Pending,Busy,513,2025-05-20,2025-05-20
5147,satyanarayan,8396715438,Male,Telugu,14,23,3.8,Verified,Offline,151,2025-01-27,2025-01-27
5148,satyapal,9141217977,Male,Telugu,12,23,3.93,Pending,Available,691,2025-03-23,2025-03-23
5149,satyaprakash,7360908658,Female,Kannada,12,22,4.42,Pending,Available,401,2025-01-20,2025-01-20
5150,satyavati,6084830790,Male,Kannada,10,21,3.95,Pending,Available,384,2025-12-10,2025-12-10
5151,satyawan,6602218780,Female,Hindi,5,25,4.91,Verified,Available,431,2025-07-10,2025-07-10
5152,satyender,7415743575,Female,Hindi,20,12,4.47,Pending,Offline,114,2025-09-04,2025-09-04
5153,satynarayan,8700153760,Female,Malayalam,0,15,4.23,Pending,Offline,723,2025-06-14,2025-06-14
5154,satyvati,9202196993,Female,Malayalam,7,14,4.48,Pending,Busy,428,2025-06-23,2025-06-23
5155,satyvrat,6588726578,Male,Kannada,9,28,4.69,Pending,Busy,641,2025-06-15,2025-06-15
5156,saud,9350218302,Male,Malayalam,0,9,4.52,Verified,Available,304,2025-06-23,2025-06-23
5157,sauhal,9292987897,Female,English,17,8,4.96,Verified,Available,477,2025-02-19,2025-02-19
5158,sauni,6141880480,Female,Malayalam,15,11,3.7,Verified,Busy,287,2025-03-24,2025-03-24
5159,saurab,7971657878,Female,Malayalam,5,17,4.42,Verified,Busy,697,2025-04-08,2025-04-08
5160,saurabh,9845021883,Female,Tamil,12,9,4.07,Verified,Busy,341,2025-05-31,2025-05-31
5161,saurav,6407791803,Female,Telugu,8,20,5.0,Verified,Available,648,2025-12-15,2025-12-15
5162,savan,8077169405,Male,Telugu,12,9,4.29,Pending,Offline,495,2025-10-16,2025-10-16
5163,saveena,8051072620,Female,Malayalam,13,20,4.1,Pending,Busy,687,2025-06-03,2025-06-03
5164,saveroon,9923281779,Female,Telugu,9,46,4.75,Pending,Offline,780,2025-06-21,2025-06-21
5165,saveta,6924880083,Male,Malayalam,16,7,3.98,Pending,Offline,589,2025-09-06,2025-09-06
5166,savia,6750338840,Female,Tamil,18,10,4.31,Verified,Offline,263,2025-01-22,2025-01-22
5167,saviha,7786151153,Male,Telugu,6,35,4.74,Verified,Busy,787,2025-03-16,2025-03-16
5168,savina,9784336519,Female,Hindi,15,6,4.86,Pending,Offline,506,2025-02-27,2025-02-27
5169,savita,7636118277,Male,Telugu,17,28,3.53,Verified,Available,255,2025-06-30,2025-06-30
5170,"savita,",9666071442,Female,Hindi,6,5,4.62,Verified,Busy,572,2025-02-08,2025-02-08
5171,saviti,6438282144,Female,Hindi,2,41,3.63,Pending,Busy,276,2025-07-03,2025-07-03
5172,savitri,7331751979,Male,English,11,13,3.87,Pending,Available,379,2025-08-20,2025-08-20
5173,savreen,6244380860,Male,English,3,23,4.24,Pending,Busy,683,2025-04-21,2025-04-21
5174,savrin,8248015749,Female,Hindi,2,42,3.63,Pending,Offline,80,2025-09-06,2025-09-06
5175,sawali,6271887066,Female,Malayalam,13,15,4.84,Pending,Offline,138,2025-11-21,2025-11-21
5176,sawan,6242297000,Female,Kannada,13,12,3.52,Pending,Busy,621,2025-12-22,2025-12-22
5177,sawana,7906597901,Female,Malayalam,14,50,4.51,Pending,Offline,428,2025-06-20,2025-06-20
5178,sawariya,7450643761,Male,Malayalam,5,17,4.66,Verified,Offline,507,2025-07-15,2025-07-15
5179,sawarmal,6665790293,Female,Tamil,20,5,3.65,Verified,Busy,290,2025-06-01,2025-06-01
5180,sawati,6073690829,Female,Hindi,20,34,3.78,Verified,Available,61,2025-09-27,2025-09-27
5181,sawatri,9505788688,Male,English,3,44,4.6,Pending,Offline,741,2025-05-21,2025-05-21
5182,saweta,9036734980,Female,English,2,18,3.69,Verified,Available,152,2025-11-03,2025-11-03
5183,sawrn,8134063101,Female,English,10,39,3.69,Verified,Available,637,2025-12-12,2025-12-12
5184,sawtri,6082413042,Female,Kannada,5,11,4.44,Verified,Busy,465,2025-11-04,2025-11-04
5185,sayada,6634476309,Female,Tamil,13,47,4.76,Pending,Available,132,2025-12-17,2025-12-17
5186,sayana,7676613185,Female,English,15,6,3.72,Verified,Offline,314,2025-05-18,2025-05-18
5187,sayara,9740608933,Female,Telugu,4,27,3.99,Verified,Available,212,2025-06-14,2025-06-14
5188,sayari,6170857431,Male,Kannada,8,21,4.8,Pending,Available,75,2025-03-26,2025-03-26
5189,sayda,7128331252,Female,Telugu,20,9,3.62,Pending,Offline,105,2025-06-11,2025-06-11
5190,sayeri,7251902932,Male,Malayalam,11,32,4.07,Verified,Offline,106,2025-08-13,2025-08-13
5191,sayja,7791986793,Female,Kannada,11,5,4.14,Pending,Busy,388,2025-06-13,2025-06-13
5192,sayma,8208911763,Male,Malayalam,3,27,3.67,Verified,Available,115,2025-07-16,2025-07-16
5193,sayna,8432446103,Female,Malayalam,6,41,3.98,Verified,Available,519,2025-12-23,2025-12-23
5194,sayra,8115229314,Female,Hindi,9,50,4.9,Verified,Offline,459,2025-02-18,2025-02-18
5195,sazi,9534485749,Female,Malayalam,16,16,4.41,Verified,Available,661,2025-09-04,2025-09-04
5196,sazia,8969494831,Male,Malayalam,13,46,4.47,Verified,Available,76,2025-03-24,2025-03-24
5197,sazid,9629824463,Female,Telugu,3,33,4.16,Verified,Offline,591,2025-10-23,2025-10-23
5198,saziya,8196571209,Male,Tamil,17,20,3.98,Verified,Available,266,2025-05-08,2025-05-08
5199,sazmin,6364151849,Male,Tamil,17,10,4.27,Verified,Busy,782,2025-04-28,2025-04-28
5200,sazya,7260261626,Female,Malayalam,15,6,4.05,Verified,Offline,341,2025-07-29,2025-07-29
5201,schin,8818070167,Male,Hindi,0,27,3.86,Verified,Busy,636,2025-03-19,2025-03-19
5202,sedarath,8514894983,Female,Tamil,16,15,3.7,Verified,Available,405,2025-12-11,2025-12-11
5203,seeba,8665660947,Male,Tamil,3,28,3.67,Verified,Offline,581,2025-07-06,2025-07-06
5204,seekha,7307029121,Female,Telugu,1,33,4.72,Pending,Offline,29,2025-10-10,2025-10-10
5205,seelam,7529247539,Male,Tamil,7,43,4.76,Pending,Available,649,2025-11-01,2025-11-01
5206,seema,9765491677,Female,Kannada,10,45,3.7,Verified,Busy,383,2025-07-01,2025-07-01
5207,seeriya,8583765668,Male,Hindi,4,28,4.58,Pending,Available,114,2025-01-11,2025-01-11
5208,seeta,9631935306,Male,English,14,17,4.75,Pending,Busy,190,2025-08-20,2025-08-20
5209,seetal,7906709814,Male,Malayalam,14,35,4.44,Verified,Available,693,2025-05-03,2025-05-03
5210,seeva,8004279749,Male,English,19,21,4.96,Pending,Available,303,2025-01-08,2025-01-08
5211,sefali,6001612407,Female,Telugu,12,16,4.25,Pending,Busy,343,2025-12-05,2025-12-05
5212,sehbaj,8016099462,Female,Hindi,10,37,4.9,Verified,Busy,66,2025-12-08,2025-12-08
5213,sehboob,7406984655,Male,Telugu,4,20,4.75,Verified,Busy,28,2025-08-03,2025-08-03
5214,sehdev,8722838865,Male,Telugu,15,11,4.08,Pending,Offline,597,2025-08-21,2025-08-21
5215,sehin,6376293606,Male,English,18,45,4.12,Verified,Available,403,2025-05-27,2025-05-27
5216,sehjal,6108911131,Female,Telugu,4,16,3.9,Pending,Busy,233,2025-07-13,2025-07-13
5217,sehjamal,9345571185,Male,Kannada,5,27,4.75,Pending,Busy,166,2025-08-03,2025-08-03
5218,sehnaaz,9736536143,Female,Tamil,20,11,4.27,Pending,Busy,632,2025-09-08,2025-09-08
5219,sehnaj,6809771554,Female,Tamil,18,49,4.57,Pending,Offline,637,2025-07-31,2025-07-31
5220,sehnawaj,7517648953,Female,Tamil,3,6,3.88,Pending,Offline,308,2025-02-22,2025-02-22
5221,sehnaz,8350119438,Male,Kannada,13,41,3.89,Pending,Busy,29,2025-05-31,2025-05-31
5222,sehran,7935667122,Female,English,15,31,4.18,Verified,Offline,335,2025-03-22,2025-03-22
5223,sehrunisa,6474401031,Female,English,20,15,4.36,Verified,Available,564,2025-09-18,2025-09-18
5224,sehzad,7840252742,Female,Hindi,9,30,3.79,Verified,Offline,557,2025-05-18,2025-05-18
5225,sehzada,6112305296,Male,Telugu,7,6,3.89,Pending,Busy,629,2025-09-19,2025-09-19
5226,sejan,8894506941,Male,Tamil,8,50,3.85,Verified,Offline,135,2025-10-12,2025-10-12
5227,sekha,6365372299,Female,Telugu,14,41,4.67,Pending,Available,128,2025-09-25,2025-09-25
5228,selars,9698227770,Female,Tamil,10,5,3.82,Verified,Available,162,2025-09-12,2025-09-12
5229,selva,9505655179,Male,Hindi,11,35,4.51,Verified,Busy,721,2025-08-01,2025-08-01
5230,sema,7387609975,Male,Hindi,13,26,3.67,Pending,Busy,147,2025-01-05,2025-01-05
5231,sen,8822836130,Female,English,14,18,4.29,Pending,Busy,246,2025-07-03,2025-07-03
5232,senser,6205440577,Male,Kannada,15,9,4.02,Verified,Offline,632,2025-08-14,2025-08-14
5233,senthia,9201553888,Male,Tamil,2,45,4.8,Pending,Available,280,2025-07-21,2025-07-21
5234,sera,9514775991,Male,English,14,31,4.26,Pending,Available,318,2025-03-16,2025-03-16
5235,serul,9699690669,Male,English,19,24,4.04,Verified,Busy,635,2025-05-25,2025-05-25
5236,sethi,7054013211,Male,Malayalam,5,35,4.76,Pending,Busy,768,2025-03-10,2025-03-10
5237,seti,9684858853,Female,Telugu,19,37,4.56,Pending,Offline,297,2025-12-22,2025-12-22
5238,seva,9137713721,Male,Tamil,9,10,3.75,Pending,Offline,8,2025-01-10,2025-01-10
5239,sevak,9547135107,Female,Kannada,14,26,3.95,Pending,Offline,447,2025-06-02,2025-06-02
5240,seweta,9048647335,Female,Malayalam,15,34,4.24,Pending,Offline,335,2025-04-02,2025-04-02
5241,shabana,9926315019,Male,English,1,9,3.55,Verified,Offline,129,2025-03-13,2025-03-13
5242,shabanam,6259567226,Male,Malayalam,14,39,4.14,Pending,Offline,549,2025-04-21,2025-04-21
5243,shabanm,6292370627,Female,English,6,49,4.26,Pending,Available,555,2025-05-21,2025-05-21
5244,shabbenour,6758490517,Male,Kannada,8,27,4.52,Pending,Busy,344,2025-03-18,2025-03-18
5245,shabbi,8161232275,Male,English,11,48,3.64,Verified,Busy,7,2025-11-19,2025-11-19
5246,shabbir,8230038404,Female,Tamil,20,26,4.05,Pending,Available,479,2025-01-27,2025-01-27
5247,shabbo,9652252927,Male,English,3,5,4.21,Verified,Available,30,2025-12-29,2025-12-29
5248,shabi,9231184761,Female,Malayalam,10,41,4.46,Verified,Offline,99,2025-03-16,2025-03-16
5249,shabila,6057603046,Female,Telugu,17,6,3.7,Verified,Available,657,2025-06-23,2025-06-23
5250,shabina,6333366175,Male,Hindi,12,15,3.56,Pending,Offline,212,2025-01-12,2025-01-12
5251,shabir,6147461151,Male,Telugu,19,33,4.02,Verified,Busy,354,2025-05-25,2025-05-25
5252,shabnam,7859984947,Female,Hindi,9,40,4.05,Verified,Available,308,2025-12-04,2025-12-04
5253,shabnur,9535602406,Female,Kannada,15,28,4.01,Verified,Offline,387,2025-01-09,2025-01-09
5254,shaboob,7543893987,Male,Malayalam,1,45,4.67,Verified,Offline,161,2025-01-21,2025-01-21
5255,shabra,9005268622,Female,Telugu,20,31,4.01,Verified,Available,317,2025-10-29,2025-10-29
5256,shabreen,7774514869,Female,Kannada,1,10,4.81,Pending,Available,172,2025-11-25,2025-11-25
5257,shabuddin,6498692844,Female,Tamil,14,48,4.32,Pending,Busy,27,2025-11-04,2025-11-04
5258,shadab,7273716763,Female,Tamil,3,42,4.76,Verified,Available,198,2025-12-17,2025-12-17
5259,shadan,9364676159,Male,Malayalam,20,12,4.36,Verified,Offline,426,2025-05-28,2025-05-28
5260,shadhana,8174379080,Male,Kannada,19,30,4.43,Verified,Busy,437,2025-12-08,2025-12-08
5261,shadhik,9643877819,Female,Hindi,1,15,3.96,Pending,Busy,552,2025-07-18,2025-07-18
5262,shadhna,9960825870,Female,Hindi,20,26,4.89,Verified,Available,83,2025-05-08,2025-05-08
5263,shadik,7839570225,Male,Telugu,2,24,3.83,Pending,Busy,483,2025-10-17,2025-10-17
5264,shadiya,8820268181,Male,Hindi,0,35,4.55,Pending,Offline,74,2025-07-17,2025-07-17
5265,shadna,7204709397,Female,Tamil,1,26,3.96,Verified,Offline,169,2025-01-12,2025-01-12
5266,shafi,8746904953,Male,English,17,11,4.99,Verified,Busy,87,2025-05-13,2025-05-13
5267,shafibul,6938757774,Female,Kannada,1,33,4.4,Pending,Available,421,2025-02-08,2025-02-08
5268,shagufta,7294140374,Male,Hindi,6,44,3.94,Pending,Available,166,2025-05-15,2025-05-15
5269,shah,8236614946,Male,Tamil,19,9,4.86,Pending,Busy,171,2025-02-09,2025-02-09
5270,shahabuddin,6091989521,Female,Tamil,7,17,4.03,Verified,Offline,712,2025-02-09,2025-02-09
5271,shahbaz,8852213811,Male,Kannada,9,13,4.55,Pending,Offline,566,2025-12-11,2025-12-11
5272,shahboob,6213110913,Male,Telugu,11,8,4.47,Pending,Offline,139,2025-08-02,2025-08-02
5273,shahbuddin,9939131884,Female,Telugu,12,48,3.64,Pending,Busy,200,2025-02-11,2025-02-11
5274,shaheen,9025702219,Male,English,11,36,4.69,Pending,Available,296,2025-06-12,2025-06-12
5275,shahera,9480443803,Male,Malayalam,12,42,4.2,Verified,Available,719,2025-01-29,2025-01-29
5276,shahgujta,7880347237,Female,Hindi,10,33,4.98,Verified,Available,728,2025-01-07,2025-01-07
5277,shahib,9540891048,Male,Hindi,5,20,3.56,Verified,Available,89,2025-04-03,2025-04-03
5278,shahiba,6451572075,Female,Tamil,9,47,4.68,Pending,Available,191,2025-06-15,2025-06-15
5279,shahid,8467078347,Female,Hindi,16,16,3.65,Verified,Offline,583,2025-01-08,2025-01-08
5280,shahida,6810221707,Female,Hindi,19,18,3.63,Pending,Busy,533,2025-02-28,2025-02-28
5281,shahin,6311890923,Female,Malayalam,5,19,4.64,Verified,Available,92,2025-02-25,2025-02-25
5282,shahina,6311130326,Female,Tamil,3,8,3.62,Verified,Busy,761,2025-08-30,2025-08-30
5283,shahir,6275650617,Female,Telugu,19,14,4.74,Pending,Available,263,2025-08-30,2025-08-30
5284,shahista,8333851900,Female,English,3,25,4.51,Pending,Available,702,2025-02-02,2025-02-02
5285,shahjad,8319434314,Female,Kannada,8,7,3.64,Pending,Busy,582,2025-08-09,2025-08-09
5286,shahjadi,6709429942,Male,Tamil,12,23,4.75,Pending,Available,149,2025-05-25,2025-05-25
5287,shahna,6944475137,Female,Tamil,13,47,4.45,Pending,Available,406,2025-09-27,2025-09-27
5288,shahnabaz,7387239910,Female,English,5,17,4.81,Verified,Offline,789,2025-04-16,2025-04-16
5289,shahnaj,8353051606,Male,Malayalam,7,14,3.87,Pending,Busy,539,2025-09-25,2025-09-25
5290,shahnam,9356594740,Female,Tamil,1,44,3.64,Verified,Busy,490,2025-01-22,2025-01-22
5291,shahnawaj,8312430461,Female,Malayalam,19,35,3.55,Pending,Available,49,2025-12-29,2025-12-29
5292,shahnawaz,8745014367,Female,Hindi,5,29,3.99,Pending,Available,31,2025-02-25,2025-02-25
5293,shahnaz,8241722533,Male,Hindi,5,49,3.68,Pending,Offline,567,2025-12-15,2025-12-15
5294,shahnaza,8199442405,Male,Telugu,0,20,4.26,Verified,Available,193,2025-07-17,2025-07-17
5295,shahnwaj,8290110021,Male,English,4,23,4.97,Pending,Offline,249,2025-03-26,2025-03-26
5296,shahrish,7211993018,Male,Kannada,9,21,4.07,Verified,Busy,317,2025-07-25,2025-07-25
5297,shahruf,7185174400,Female,English,11,44,3.73,Verified,Available,15,2025-01-26,2025-01-26
5298,shahrukh,8728431083,Male,English,5,16,4.24,Verified,Offline,291,2025-12-15,2025-12-15
5299,shahvaj,7843603808,Female,Telugu,2,40,3.7,Pending,Offline,539,2025-04-20,2025-04-20
5300,shahwaj,7460526734,Male,Malayalam,15,19,4.76,Verified,Offline,487,2025-01-31,2025-01-31
5301,shahzad,6535673861,Male,Telugu,13,28,4.45,Verified,Available,135,2025-11-24,2025-11-24
5302,shahzadi,7123073396,Male,English,2,25,3.55,Pending,Available,526,2025-06-04,2025-06-04
5303,shaid,8565924007,Male,Kannada,16,46,4.36,Pending,Busy,353,2025-07-24,2025-07-24
5304,shaifali,6312074469,Female,English,13,47,4.13,Verified,Offline,681,2025-08-11,2025-08-11
5305,shaikh,7272982394,Female,English,9,48,4.81,Verified,Available,673,2025-06-24,2025-06-24
5306,shail,7487443472,Male,Kannada,0,44,4.16,Pending,Busy,694,2025-03-18,2025-03-18
5307,shaila,6964765354,Male,Malayalam,3,16,3.93,Pending,Available,111,2025-11-11,2025-11-11
5308,shailash,9850086824,Male,Kannada,2,37,4.75,Verified,Offline,573,2025-03-05,2025-03-05
5309,shailender,9617609634,Female,Hindi,0,45,4.53,Verified,Available,626,2025-02-16,2025-02-16
5310,shailesh,8032300558,Male,Tamil,15,8,4.37,Pending,Busy,464,2025-04-27,2025-04-27
5311,shaili,7386758542,Male,English,3,44,3.58,Verified,Busy,733,2025-11-22,2025-11-22
5312,shailja,9237488536,Female,English,18,18,4.31,Pending,Available,408,2025-03-02,2025-03-02
5313,shaina,7982637104,Male,English,11,18,3.64,Verified,Busy,36,2025-01-30,2025-01-30
5314,shaira,9841910933,Male,Hindi,19,12,3.77,Pending,Busy,749,2025-11-15,2025-11-15
5315,shajid,9416989629,Male,Hindi,14,37,3.87,Verified,Available,557,2025-06-17,2025-06-17
5316,shajiya,8508699080,Male,Kannada,13,32,4.93,Verified,Busy,383,2025-07-20,2025-07-20
5317,shakar,9943583712,Male,Kannada,15,24,4.14,Verified,Offline,316,2025-06-01,2025-06-01
5318,shakeela,9565043488,Male,Tamil,9,23,3.85,Verified,Available,123,2025-06-07,2025-06-07
5319,shakeena,9460195501,Female,Telugu,19,13,4.49,Pending,Available,729,2025-07-29,2025-07-29
5320,shakhtnsana,7436427025,Female,Kannada,6,22,4.51,Pending,Offline,280,2025-06-11,2025-06-11
5321,shakib,9711232351,Female,Telugu,1,23,4.04,Verified,Busy,364,2025-08-10,2025-08-10
5322,shakil,9050674990,Female,Tamil,3,41,3.79,Verified,Offline,726,2025-06-08,2025-06-08
5323,shakina,6731798246,Female,Tamil,12,41,4.98,Verified,Available,617,2025-05-07,2025-05-07
5324,shakir,8923826382,Female,Tamil,14,38,4.02,Pending,Available,96,2025-06-02,2025-06-02
5325,shakshi,8262441141,Female,Tamil,19,37,4.66,Pending,Busy,568,2025-07-14,2025-07-14
5326,shakti,7083498641,Male,Kannada,3,12,4.61,Verified,Available,16,2025-04-01,2025-04-01
5327,shakun,9175372706,Female,Telugu,3,10,4.8,Verified,Offline,246,2025-01-17,2025-01-17
5328,shakuna,7307064772,Female,Tamil,12,32,4.9,Pending,Offline,740,2025-12-29,2025-12-29
5329,shakuntala,7180090424,Female,Malayalam,14,26,4.77,Verified,Busy,761,2025-06-28,2025-06-28
5330,shakuntla,7117739269,Female,Kannada,8,21,4.58,Pending,Available,268,2025-05-11,2025-05-11
5331,shakuntla/baby,7025663695,Male,Kannada,2,43,3.96,Verified,Offline,220,2025-10-30,2025-10-30
5332,shakutal,7970610950,Female,Kannada,18,30,4.96,Pending,Busy,232,2025-01-30,2025-01-30
5333,shalender,7489280664,Male,Tamil,10,37,4.93,Verified,Available,693,2025-03-13,2025-03-13
5334,shalesh,6249875378,Male,English,3,18,4.7,Verified,Offline,113,2025-11-28,2025-11-28
5335,shalid,8741430702,Male,Telugu,11,34,3.69,Verified,Busy,499,2025-08-20,2025-08-20
5336,shalig,6979570150,Female,Malayalam,5,21,4.92,Verified,Busy,684,2025-09-04,2025-09-04
5337,shalini,6667487190,Female,Kannada,14,13,4.65,Verified,Available,10,2025-10-25,2025-10-25
5338,shallu,8088968004,Female,Tamil,9,48,3.55,Verified,Offline,414,2025-04-08,2025-04-08
5339,shaloo,7684823838,Female,Malayalam,4,43,4.23,Verified,Busy,499,2025-11-03,2025-11-03
5340,shalu,7217987610,Male,Kannada,17,49,3.8,Pending,Offline,49,2025-06-23,2025-06-23
5341,sham,6211722834,Female,Hindi,2,21,4.23,Pending,Busy,68,2025-09-20,2025-09-20
5342,shama,8693246601,Male,Tamil,1,43,3.8,Pending,Offline,65,2025-10-25,2025-10-25
5343,shambhu,9099249341,Female,Tamil,9,45,4.69,Verified,Available,285,2025-07-29,2025-07-29
5344,shambu,8012230352,Female,Kannada,13,34,4.87,Pending,Busy,693,2025-01-30,2025-01-30
5345,shami,6090647800,Female,Kannada,2,47,4.24,Verified,Available,618,2025-08-11,2025-08-11
5346,shamim,8076453715,Male,Hindi,5,39,4.55,Pending,Offline,753,2025-07-23,2025-07-23
5347,shamima,6418948041,Male,Malayalam,20,10,4.63,Verified,Offline,683,2025-10-13,2025-10-13
5348,shamina,9251083065,Female,Hindi,7,48,4.16,Verified,Busy,766,2025-06-10,2025-06-10
5349,shampa,7656176533,Male,Kannada,12,14,3.75,Verified,Available,303,2025-07-10,2025-07-10
5350,shamrin,6694752629,Female,English,10,39,4.64,Pending,Available,141,2025-03-14,2025-03-14
5351,shamshad,7789069482,Female,Hindi,9,49,3.98,Pending,Available,426,2025-04-06,2025-04-06
5352,shamsher,7651424022,Male,Malayalam,5,32,4.34,Pending,Available,496,2025-12-22,2025-12-22
5353,shamshina,8076239639,Female,Tamil,12,36,4.1,Verified,Offline,573,2025-01-13,2025-01-13
5354,shamshudin,9603760533,Male,Kannada,18,35,3.8,Verified,Offline,585,2025-12-19,2025-12-19
5355,shamsuddin,6804934243,Male,English,7,47,4.62,Pending,Offline,778,2025-06-07,2025-06-07
5356,shan,7570993490,Female,English,12,25,4.04,Verified,Offline,513,2025-02-11,2025-02-11
5357,shana,8519572398,Male,Telugu,8,8,4.17,Pending,Available,731,2025-03-17,2025-03-17
5358,shanah,8853753134,Female,Tamil,12,15,4.14,Pending,Offline,157,2025-08-15,2025-08-15
5359,shanaj,7378423751,Male,Hindi,6,9,4.04,Pending,Busy,690,2025-08-05,2025-08-05
5360,shanawaz,7728187747,Female,Tamil,6,47,3.7,Verified,Available,202,2025-01-23,2025-01-23
5361,shanaz,6638845810,Female,Telugu,14,5,4.4,Verified,Available,456,2025-04-04,2025-04-04
5362,shanbhu,6089301442,Male,Telugu,6,33,4.87,Pending,Busy,460,2025-06-12,2025-06-12
5363,shani,6132426957,Female,Kannada,3,7,4.45,Verified,Available,652,2025-04-09,2025-04-09
5364,shanichari,8937382390,Female,Tamil,2,43,4.44,Pending,Available,581,2025-12-14,2025-12-14
5365,shanjhan,9325872685,Female,Telugu,16,28,4.43,Pending,Busy,598,2026-01-01,2026-01-01
5366,shankar,9378887968,Male,Hindi,1,47,4.17,Pending,Busy,570,2025-01-29,2025-01-29
5367,shankarlal,8005825134,Male,English,9,28,3.64,Pending,Offline,104,2025-04-20,2025-04-20
5368,shanker,6023808440,Male,Tamil,17,14,3.73,Pending,Offline,634,2025-12-29,2025-12-29
5369,shankri,9064216327,Male,Tamil,19,44,4.36,Verified,Busy,306,2025-10-20,2025-10-20
5370,shankuntla,9901906309,Female,Malayalam,13,43,3.84,Pending,Offline,367,2025-11-16,2025-11-16
5371,shanno,8840624511,Female,Malayalam,20,23,4.46,Verified,Available,602,2025-03-09,2025-03-09
5372,shanshak,6456424842,Female,Hindi,8,16,3.54,Verified,Available,404,2025-08-23,2025-08-23
5373,shanta,9291947800,Female,Telugu,19,10,4.72,Verified,Busy,333,2025-01-20,2025-01-20
5374,shanti,9445695217,Female,Telugu,10,34,4.87,Pending,Offline,636,2025-07-28,2025-07-28
5375,shanty,7218175507,Female,Kannada,14,8,4.73,Verified,Available,415,2025-09-13,2025-09-13
5376,shanu,6218927087,Male,English,6,22,3.8,Verified,Available,301,2025-06-25,2025-06-25
5377,shanvaj,8573504470,Female,Tamil,12,48,4.55,Pending,Available,412,2025-11-19,2025-11-19
5378,shanwaj,6880057972,Male,Telugu,20,28,4.27,Pending,Available,328,2026-01-01,2026-01-01
5379,shanwaz,7846714554,Male,Tamil,20,37,3.63,Verified,Offline,570,2025-10-13,2025-10-13
5380,sharad,6295693684,Male,Telugu,6,5,4.26,Verified,Available,676,2025-03-05,2025-03-05
5381,sharadhha,9721876547,Male,English,3,18,4.76,Verified,Offline,581,2025-12-19,2025-12-19
5382,sharanjeet,7270833158,Male,Hindi,13,27,4.46,Verified,Available,469,2025-03-04,2025-03-04
5383,sharat,6474352431,Female,English,0,38,3.59,Verified,Busy,287,2025-10-23,2025-10-23
5384,sharda,6955419186,Male,Malayalam,16,36,4.35,Pending,Busy,593,2025-08-09,2025-08-09
5385,shardanand,7919034235,Female,Kannada,7,36,4.52,Pending,Available,566,2025-12-02,2025-12-02
5386,shardha,6758020234,Female,English,6,33,4.22,Pending,Busy,147,2025-05-04,2025-05-04
5387,sharee,9465950999,Female,Tamil,5,38,3.83,Pending,Available,619,2025-04-01,2025-04-01
5388,sharib,6433760428,Male,Malayalam,20,19,4.46,Verified,Busy,67,2025-08-22,2025-08-22
5389,sharinimle,7692168314,Male,Tamil,15,44,4.84,Verified,Offline,646,2025-01-31,2025-01-31
5390,sharjprit,8920613892,Female,English,15,38,4.18,Verified,Busy,137,2025-08-08,2025-08-08
5391,sharmila,8773975751,Male,Tamil,5,25,3.92,Verified,Busy,631,2025-01-17,2025-01-17
5392,sharmili,8052221008,Male,Hindi,5,15,4.11,Pending,Busy,168,2025-10-14,2025-10-14
5393,sharmistha,8790347652,Female,Tamil,15,45,4.04,Verified,Offline,365,2025-12-07,2025-12-07
5394,sharukh,9733941772,Male,Kannada,5,8,4.54,Pending,Offline,519,2025-07-24,2025-07-24
5395,sharuna,9919711955,Female,Malayalam,20,49,4.17,Verified,Available,111,2025-03-01,2025-03-01
5396,sharwan,7077271657,Male,Hindi,12,25,4.98,Verified,Available,195,2025-09-24,2025-09-24
5397,shashai,7150861890,Male,Malayalam,18,35,4.6,Pending,Busy,757,2025-06-25,2025-06-25
5398,shashank,6219776638,Male,Hindi,13,25,4.57,Pending,Available,692,2025-03-12,2025-03-12
5399,shashi,8369962131,Male,Telugu,19,29,3.75,Verified,Busy,181,2025-08-19,2025-08-19
5400,shashibala,6420968118,Female,Tamil,0,16,4.9,Pending,Available,515,2025-08-08,2025-08-08
5401,shashid,6719266199,Male,English,13,31,3.84,Pending,Busy,53,2025-11-08,2025-11-08
5402,shashikant,6555073776,Female,Telugu,15,36,4.82,Verified,Offline,22,2025-04-27,2025-04-27
5403,shashwat,7985131599,Male,Tamil,0,5,3.87,Verified,Offline,534,2025-03-31,2025-03-31
5404,shaswat,7777840432,Male,Telugu,7,31,4.59,Pending,Offline,454,2025-08-11,2025-08-11
5405,shathi,8524449925,Female,Kannada,18,27,4.15,Pending,Offline,585,2025-12-13,2025-12-13
5406,shatish,8930900463,Female,Telugu,8,15,3.68,Pending,Available,80,2025-08-07,2025-08-07
5407,shaturughyan,6447254825,Female,Tamil,12,5,4.23,Pending,Offline,625,2025-11-05,2025-11-05
5408,shaubha,8078685748,Female,Telugu,7,22,4.33,Pending,Busy,607,2025-05-25,2025-05-25
5409,shaukat,6905226587,Male,Hindi,19,33,4.64,Pending,Busy,400,2025-02-07,2025-02-07
5410,shaulal,6148299795,Female,Kannada,1,37,4.91,Pending,Busy,610,2025-08-13,2025-08-13
5411,shaurabh,8249477185,Male,Hindi,15,18,4.85,Verified,Busy,178,2025-03-01,2025-03-01
5412,shavani,9421101440,Male,Hindi,6,31,3.88,Verified,Offline,437,2025-04-06,2025-04-06
5413,shaving,9782892204,Male,Kannada,1,25,4.07,Pending,Offline,221,2025-08-27,2025-08-27
5414,shavitri,8315915494,Male,Tamil,5,20,3.52,Pending,Busy,764,2025-11-22,2025-11-22
5415,shayam,8360578654,Female,Telugu,1,40,3.87,Verified,Busy,712,2025-03-18,2025-03-18
5416,shayampuri,8039663429,Female,Hindi,12,8,3.69,Pending,Available,313,2025-04-02,2025-04-02
5417,shayamveer,6262256878,Male,Kannada,10,27,4.13,Verified,Available,281,2025-02-04,2025-02-04
5418,shayana,6799424257,Male,Tamil,6,43,4.28,Verified,Offline,199,2025-12-31,2025-12-31
5419,shayma,8279800796,Female,Hindi,7,11,4.23,Pending,Busy,774,2025-04-21,2025-04-21
5420,shaymu,7019102271,Female,English,12,34,4.9,Pending,Busy,222,2025-06-30,2025-06-30
5421,shayna,8586114550,Male,Hindi,1,32,3.51,Pending,Available,211,2025-09-03,2025-09-03
5422,shayra,7486805379,Female,Tamil,17,43,3.87,Pending,Offline,442,2025-05-22,2025-05-22
5423,shazad,7223644520,Female,English,15,33,4.45,Verified,Available,177,2025-05-11,2025-05-11
5424,shazida,8241817613,Male,Tamil,8,40,4.15,Pending,Offline,444,2025-06-11,2025-06-11
5425,shbana,9884791861,Female,Malayalam,11,24,4.42,Pending,Busy,446,2025-09-12,2025-09-12
5426,sheak,7857080052,Female,Kannada,0,41,4.72,Verified,Busy,180,2025-07-05,2025-07-05
5427,sheeak,7156066959,Male,Hindi,2,9,3.5,Pending,Offline,745,2025-07-29,2025-07-29
5428,sheela,6559643402,Female,Hindi,11,11,4.29,Pending,Busy,600,2025-03-18,2025-03-18
5429,sheelu,6990896869,Male,Malayalam,2,30,4.6,Pending,Offline,188,2025-05-30,2025-05-30
5430,sheensar,6304146806,Male,Hindi,0,24,4.16,Verified,Available,542,2025-06-28,2025-06-28
5431,sheenu,9316360837,Male,Telugu,5,17,4.77,Verified,Busy,488,2025-07-01,2025-07-01
5432,sheetal,7059510801,Female,Malayalam,1,42,4.13,Pending,Available,299,2025-04-05,2025-04-05
5433,shefali,7909694770,Female,Malayalam,3,34,4.9,Pending,Available,236,2025-10-15,2025-10-15
5434,sheh,9957169820,Female,Malayalam,6,11,3.93,Verified,Available,521,2025-04-10,2025-04-10
5435,shehnaz,8480982234,Male,Hindi,11,6,3.9,Pending,Available,478,2025-11-23,2025-11-23
5436,sheikh,9780971372,Female,Telugu,18,9,3.83,Verified,Available,147,2025-02-07,2025-02-07
5437,sheikhsai,9313617181,Female,Telugu,20,40,4.04,Pending,Offline,566,2025-06-05,2025-06-05
5438,sheilesh,9488417700,Female,Tamil,19,41,4.76,Verified,Offline,87,2025-07-12,2025-07-12
5439,sheish,8873094976,Male,Malayalam,17,27,3.9,Pending,Busy,143,2025-03-04,2025-03-04
5440,shekh,6439624966,Male,English,11,19,4.7,Pending,Busy,738,2025-03-20,2025-03-20
5441,shekhar,7246082207,Male,Telugu,15,5,4.47,Pending,Available,352,2025-03-10,2025-03-10
5442,shekher,7311839076,Male,Tamil,2,26,4.32,Pending,Available,287,2025-06-28,2025-06-28
5443,shekiba,9033262103,Female,English,1,20,4.09,Pending,Available,171,2025-05-20,2025-05-20
5444,shela,6363451234,Male,Tamil,9,9,4.39,Pending,Busy,588,2025-08-14,2025-08-14
5445,shelender,8032825684,Female,Kannada,19,15,4.12,Verified,Busy,637,2025-07-30,2025-07-30
5446,shelendra,6866768711,Male,Malayalam,14,43,4.47,Verified,Busy,595,2025-04-10,2025-04-10
5447,shelesh,8055101176,Male,Telugu,0,39,4.99,Pending,Busy,267,2025-12-06,2025-12-06
5448,shelly,7201757167,Male,Hindi,12,41,4.34,Pending,Busy,715,2025-10-22,2025-10-22
5449,shenaz,9553848485,Male,English,12,8,4.98,Pending,Offline,79,2025-09-23,2025-09-23
5450,sher,8916089446,Male,Hindi,2,28,4.05,Pending,Offline,180,2025-06-20,2025-06-20
5451,sheru,8729174326,Female,Malayalam,5,16,3.66,Verified,Offline,556,2025-11-06,2025-11-06
5452,shetal,8312108775,Male,Malayalam,8,16,4.86,Verified,Available,268,2025-02-21,2025-02-21
5453,shetan,8519377306,Female,Kannada,1,43,4.74,Verified,Offline,605,2025-03-30,2025-03-30
5454,shgita,9982989806,Female,Kannada,18,38,4.63,Pending,Offline,567,2025-08-25,2025-08-25
5455,shi,7476963820,Female,Tamil,12,13,3.6,Verified,Available,47,2025-08-02,2025-08-02
5456,shi8vprakash,7772567221,Female,Hindi,15,42,4.18,Pending,Offline,425,2025-07-09,2025-07-09
5457,shib,8378967463,Male,Kannada,6,10,4.08,Verified,Offline,341,2025-02-19,2025-02-19
5458,shiba,6027648569,Male,Kannada,1,42,4.36,Verified,Busy,249,2025-01-13,2025-01-13
5459,shibu,9500189919,Male,Tamil,15,27,3.51,Verified,Available,758,2025-04-14,2025-04-14
5460,shidharth,6377086672,Female,Malayalam,12,16,4.59,Pending,Available,457,2025-01-21,2025-01-21
5461,shiena,7549856752,Female,Kannada,12,49,4.36,Verified,Busy,445,2025-09-24,2025-09-24
5462,shifali,6055129383,Male,English,13,39,4.16,Pending,Available,229,2025-11-04,2025-11-04
5463,shika,6670088513,Female,English,6,22,4.15,Pending,Available,127,2025-06-22,2025-06-22
5464,shikha,6682796919,Female,English,5,25,4.42,Pending,Offline,439,2025-10-18,2025-10-18
5465,shil,8070863904,Female,Tamil,13,39,4.28,Verified,Busy,39,2025-04-18,2025-04-18
5466,shila,8353068011,Female,Telugu,16,11,3.9,Pending,Available,133,2025-10-02,2025-10-02
5467,shilap,9108055633,Male,Malayalam,7,5,4.23,Verified,Busy,23,2025-06-03,2025-06-03
5468,shilly,8285054552,Male,Malayalam,2,32,4.62,Pending,Busy,683,2025-01-05,2025-01-05
5469,shilpa,8909204257,Female,Malayalam,5,23,4.05,Pending,Busy,323,2025-08-07,2025-08-07
5470,shilpi,8031366547,Male,English,2,5,4.5,Verified,Available,142,2025-05-08,2025-05-08
5471,shilu,6508152948,Female,Hindi,12,46,4.05,Verified,Busy,442,2025-07-03,2025-07-03
5472,shima,7112106734,Female,Malayalam,0,48,4.28,Pending,Available,493,2025-02-19,2025-02-19
5473,shimala,7363563612,Female,English,18,16,3.76,Verified,Offline,295,2025-08-27,2025-08-27
5474,shimla,6019338857,Female,Hindi,10,28,3.83,Pending,Offline,383,2025-01-05,2025-01-05
5475,shimpi,7010365723,Female,Kannada,4,36,4.46,Pending,Offline,689,2025-03-30,2025-03-30
5476,shimran,6508669644,Male,Telugu,1,13,4.66,Verified,Offline,618,2025-04-15,2025-04-15
5477,shine,8181196467,Male,Tamil,20,19,3.65,Verified,Offline,575,2025-04-23,2025-04-23
5478,shipra,8616318826,Male,Kannada,12,36,3.64,Verified,Available,596,2025-05-23,2025-05-23
5479,shiraj,9898267390,Female,Kannada,20,32,3.57,Verified,Busy,658,2025-04-04,2025-04-04
5480,shirishty,9102570231,Male,English,14,8,4.21,Pending,Offline,30,2025-09-02,2025-09-02
5481,shish,6004328010,Male,Telugu,12,5,4.52,Pending,Offline,350,2025-10-01,2025-10-01
5482,shishpal,9438730025,Male,English,1,17,3.88,Verified,Busy,585,2025-10-11,2025-10-11
5483,shishram,9777333141,Female,Kannada,12,46,4.73,Verified,Offline,311,2025-05-08,2025-05-08
5484,shishul,8250711019,Female,Malayalam,13,31,4.99,Verified,Busy,301,2025-08-25,2025-08-25
5485,shispal,7865145943,Male,Malayalam,1,11,4.74,Pending,Available,744,2025-07-01,2025-07-01
5486,shisupal,9055608934,Male,Tamil,4,19,4.46,Verified,Busy,500,2025-11-15,2025-11-15
5487,shital,8461449152,Male,Tamil,7,11,4.31,Verified,Available,558,2025-04-20,2025-04-20
5488,shiteel,6568640426,Female,Malayalam,0,36,3.68,Verified,Available,192,2025-09-21,2025-09-21
5489,shittal,6272547755,Male,English,5,14,4.62,Verified,Busy,694,2025-04-23,2025-04-23
5490,shiv,6677842243,Male,Malayalam,11,7,4.32,Pending,Offline,478,2025-03-07,2025-03-07
5491,shiva,6146124959,Male,Kannada,0,10,3.95,Verified,Offline,506,2025-09-07,2025-09-07
5492,shivaji,8450247227,Female,English,16,48,3.85,Pending,Offline,607,2025-01-29,2025-01-29
5493,shivalika,8558541471,Male,Kannada,10,6,4.95,Pending,Busy,98,2025-04-05,2025-04-05
5494,shivam,9350113914,Female,Tamil,20,18,3.77,Pending,Available,1,2025-10-26,2025-10-26
5495,shivangi,6247499153,Female,Hindi,1,24,3.74,Pending,Available,473,2025-01-05,2025-01-05
5496,shivani,6601671027,Male,Kannada,0,26,4.1,Verified,Offline,375,2025-10-01,2025-10-01
5497,shivbhagvan,6499552657,Male,Telugu,4,47,4.64,Pending,Busy,340,2025-04-30,2025-04-30
5498,shivcharan,7923264697,Male,English,7,45,4.52,Verified,Busy,368,2025-08-11,2025-08-11
5499,shivji,7796748942,Male,Malayalam,1,21,4.68,Pending,Busy,135,2025-01-16,2025-01-16
5500,shivkumari,9187556583,Female,Malayalam,9,43,4.63,Verified,Busy,432,2025-08-01,2025-08-01
5501,shivlal,7920782887,Female,Hindi,8,34,3.71,Verified,Busy,17,2025-08-08,2025-08-08
5502,shivnath,6822149344,Male,Kannada,5,9,3.97,Verified,Available,536,2025-05-19,2025-05-19
5503,shivraj,7739650157,Female,Malayalam,6,50,4.12,Verified,Offline,108,2025-09-04,2025-09-04
5504,shivram,8986853896,Female,Telugu,0,20,4.67,Verified,Busy,233,2025-05-12,2025-05-12
5505,shivyalam,7058893359,Male,English,20,5,4.5,Verified,Offline,545,2025-05-08,2025-05-08
5506,shiwani,9277639169,Male,English,18,22,4.61,Verified,Busy,512,2025-07-26,2025-07-26
5507,shiya,9867081484,Female,Kannada,4,17,3.78,Verified,Busy,480,2025-03-24,2025-03-24
5508,shjad,6883521545,Female,English,0,23,4.46,Verified,Available,112,2025-07-12,2025-07-12
5509,shkil,7187563602,Female,Malayalam,14,40,3.95,Verified,Busy,237,2025-06-03,2025-06-03
5510,shkundla,7411811586,Female,Telugu,9,39,4.12,Pending,Available,449,2025-09-19,2025-09-19
5511,shkuntala,9286511887,Female,Hindi,19,13,3.96,Verified,Busy,148,2025-01-18,2025-01-18
5512,shkur,7468233819,Male,Malayalam,7,30,4.24,Pending,Available,640,2025-02-27,2025-02-27
5513,shlender,8426522044,Male,Tamil,3,7,4.25,Pending,Available,498,2025-07-04,2025-07-04
5514,shma,7942256685,Male,Kannada,12,18,4.88,Pending,Available,737,2025-04-05,2025-04-05
5515,shmejha,9651187597,Male,English,7,28,4.76,Verified,Available,107,2025-08-22,2025-08-22
5516,shneha,9206691329,Male,Tamil,19,42,5.0,Verified,Offline,749,2025-12-17,2025-12-17
5517,shoab,8607452742,Female,Tamil,2,28,4.67,Pending,Busy,379,2025-05-28,2025-05-28
5518,shoaib,9908594206,Female,Malayalam,16,13,4.53,Pending,Offline,459,2025-01-26,2025-01-26
5519,shoan,9151333861,Male,Tamil,16,46,4.45,Pending,Busy,732,2025-08-31,2025-08-31
5520,shobha,7693121762,Male,Malayalam,2,27,4.65,Pending,Available,127,2025-07-20,2025-07-20
5521,shobharam,7178353545,Male,Malayalam,16,13,4.97,Pending,Busy,731,2025-06-19,2025-06-19
5522,shobhit,9208192495,Female,English,8,38,4.5,Verified,Busy,325,2025-04-18,2025-04-18
5523,shobina,7662309358,Male,Telugu,9,7,4.87,Verified,Offline,391,2025-01-15,2025-01-15
5524,shohan,9294382068,Female,Tamil,20,8,4.29,Pending,Available,554,2025-04-27,2025-04-27
5525,shoiba,8112220761,Female,Telugu,13,43,4.38,Verified,Offline,243,2025-06-15,2025-06-15
5526,shokar,9347132935,Female,English,18,35,4.16,Verified,Available,601,2025-12-16,2025-12-16
5527,shokat,6873320180,Female,Malayalam,18,26,3.52,Verified,Offline,36,2025-02-16,2025-02-16
5528,shokesh,8438256008,Male,Tamil,8,13,3.71,Verified,Busy,332,2025-10-13,2025-10-13
5529,shokraji,9687735620,Male,Tamil,4,34,3.75,Pending,Busy,491,2025-12-02,2025-12-02
5530,shorav,9652789214,Female,Tamil,11,36,4.33,Verified,Busy,726,2025-07-24,2025-07-24
5531,shoukat,7377293761,Female,Hindi,6,8,3.87,Pending,Busy,309,2025-12-15,2025-12-15
5532,shoyab,7235829804,Female,Telugu,14,45,4.59,Verified,Offline,579,2025-02-14,2025-02-14
5533,shqakuntla,7492835736,Female,Tamil,11,41,4.58,Verified,Available,690,2025-03-07,2025-03-07
5534,shrabani,6600859686,Male,Malayalam,2,6,3.81,Verified,Available,490,2025-04-12,2025-04-12
5535,shravani,6136230999,Male,Kannada,9,15,4.51,Verified,Available,270,2025-12-13,2025-12-13
5536,shrawan,6997177170,Female,Kannada,6,21,4.67,Pending,Busy,601,2025-04-20,2025-04-20
5537,shree,9411474524,Male,Kannada,12,18,3.66,Pending,Available,699,2025-05-05,2025-05-05
5538,shreee,7996657006,Female,Telugu,12,44,4.15,Pending,Busy,443,2025-12-13,2025-12-13
5539,shreemati,6353719726,Female,English,7,39,4.63,Pending,Offline,518,2025-07-15,2025-07-15
5540,shreeniwas,8447206898,Female,English,5,7,3.56,Verified,Available,199,2025-05-22,2025-05-22
5541,shri,6678802665,Female,Malayalam,1,30,4.36,Verified,Available,91,2025-06-20,2025-06-20
5542,shrikant,6442077878,Female,Telugu,18,33,4.27,Verified,Available,471,2025-05-04,2025-05-04
5543,shrimati,9597870548,Male,Tamil,0,45,4.31,Pending,Busy,724,2025-12-30,2025-12-30
5544,shrinath,7247876773,Female,Telugu,5,19,3.71,Verified,Offline,709,2025-08-27,2025-08-27
5545,shripal,9394153874,Female,English,6,41,4.73,Pending,Offline,109,2025-01-25,2025-01-25
5546,shriram,8516411294,Female,Telugu,16,14,3.88,Pending,Busy,234,2025-03-27,2025-03-27
5547,shrishti,8066087987,Male,Tamil,3,44,3.99,Pending,Available,81,2025-01-19,2025-01-19
5548,shrotam,6236450403,Female,Telugu,3,24,4.85,Pending,Offline,758,2025-03-22,2025-03-22
5549,shruti,7809575068,Male,Hindi,20,32,4.41,Verified,Available,701,2025-03-25,2025-03-25
5550,shsi,7630500818,Male,English,16,13,4.78,Verified,Available,189,2025-11-07,2025-11-07
5551,shubankar,6783990948,Male,Telugu,16,25,3.97,Verified,Available,552,2025-07-21,2025-07-21
5552,shubham,6501508475,Female,Tamil,4,10,4.74,Pending,Busy,128,2025-11-18,2025-11-18
5553,shubhm,8524086525,Male,Kannada,20,33,3.63,Pending,Available,176,2025-11-06,2025-11-06
5554,shukla,7542619192,Male,Tamil,2,34,3.61,Pending,Busy,448,2025-04-11,2025-04-11
5555,shukramani,8052913346,Male,Hindi,19,27,4.42,Pending,Busy,526,2025-06-02,2025-06-02
5556,shukveer,8563951109,Female,Kannada,3,14,4.65,Verified,Busy,680,2025-04-19,2025-04-19
5557,shulal,7519552101,Male,Hindi,8,41,4.29,Pending,Available,256,2025-11-27,2025-11-27
5558,shulekha,7143973930,Female,Telugu,15,16,4.39,Verified,Available,318,2025-05-24,2025-05-24
5559,shumita,8520629409,Male,Tamil,14,24,4.91,Verified,Offline,22,2025-10-12,2025-10-12
5560,shun,9315567670,Female,Tamil,2,47,4.16,Pending,Busy,652,2025-12-06,2025-12-06
5561,shur,6424508273,Male,Hindi,7,39,4.46,Pending,Busy,193,2025-07-03,2025-07-03
5562,shushil,9626622333,Female,Kannada,10,48,4.81,Verified,Busy,501,2025-07-31,2025-07-31
5563,shushila,8447349171,Female,Hindi,20,15,4.5,Pending,Busy,753,2025-08-29,2025-08-29
5564,shushma,6953217863,Female,Kannada,18,19,4.98,Verified,Offline,752,2025-03-17,2025-03-17
5565,shushree,6504460945,Male,Tamil,19,40,3.79,Pending,Available,430,2025-03-24,2025-03-24
5566,shusila,6736760028,Male,Telugu,5,26,3.63,Verified,Busy,3,2025-02-01,2025-02-01
5567,shvani,8230644313,Female,English,1,35,4.39,Pending,Offline,688,2025-04-18,2025-04-18
5568,shveta,7348229047,Male,Telugu,6,41,3.52,Pending,Busy,223,2025-01-19,2025-01-19
5569,shweta,8134109860,Female,Telugu,6,43,4.61,Pending,Busy,669,2025-08-05,2025-08-05
5570,shyad,7938370062,Female,Malayalam,6,24,4.66,Verified,Busy,322,2025-06-11,2025-06-11
5571,shyam,9752682360,Male,Hindi,13,26,3.85,Pending,Available,662,2025-03-19,2025-03-19
5572,shyama,7596079723,Male,Hindi,10,49,4.63,Verified,Busy,770,2025-02-18,2025-02-18
5573,shyamlal,8961198148,Male,Malayalam,12,14,3.99,Verified,Available,128,2025-02-04,2025-02-04
5574,shyamvati,8907352640,Male,Malayalam,18,23,3.68,Verified,Offline,518,2025-01-25,2025-01-25
5575,shyamveer,9102635658,Male,Hindi,5,49,4.77,Pending,Busy,751,2025-11-30,2025-11-30
5576,shyan,8758125576,Female,English,6,50,3.78,Pending,Busy,711,2025-03-07,2025-03-07
5577,shymo,6350643435,Male,Tamil,11,30,4.39,Verified,Busy,389,2025-10-15,2025-10-15
5578,shyoram,8914806371,Female,Hindi,18,50,3.83,Pending,Offline,548,2025-12-08,2025-12-08
5579,sibanaz,9128383747,Female,Hindi,11,32,3.52,Verified,Busy,28,2025-10-18,2025-10-18
5580,sidarth,9332937280,Female,Telugu,9,43,4.55,Pending,Available,682,2025-04-20,2025-04-20
5581,siddarth,6963303295,Female,Hindi,18,40,4.49,Verified,Busy,447,2025-07-26,2025-07-26
5582,siddharth,8850627915,Female,Malayalam,0,20,3.85,Verified,Offline,169,2025-05-22,2025-05-22
5583,siddhi,7681112617,Female,Malayalam,7,47,4.42,Pending,Available,734,2025-03-28,2025-03-28
5584,sidh,6916910673,Female,Telugu,19,17,3.56,Pending,Offline,278,2025-10-29,2025-10-29
5585,sidhant,9723042508,Female,Kannada,12,39,3.96,Pending,Offline,189,2025-02-21,2025-02-21
5586,sidharath,7106105592,Male,Hindi,12,28,4.44,Verified,Offline,207,2025-11-17,2025-11-17
5587,sidhart,9736615616,Female,English,12,22,4.41,Pending,Available,118,2025-08-26,2025-08-26
5588,sidharth,6942333711,Female,Malayalam,5,12,4.32,Pending,Available,412,2025-09-05,2025-09-05
5589,sidheswar,6413299121,Female,English,1,26,4.77,Pending,Available,418,2025-06-29,2025-06-29
5590,sidhi,6877815089,Female,Malayalam,14,15,3.82,Pending,Busy,57,2025-07-25,2025-07-25
5591,sidhrath,9633172394,Male,Kannada,17,37,4.99,Verified,Offline,686,2025-12-17,2025-12-17
5592,sifa,6563675307,Male,Malayalam,13,7,4.55,Verified,Busy,423,2025-03-31,2025-03-31
5593,sikandar,6381358240,Female,Tamil,4,6,3.77,Pending,Offline,458,2025-01-14,2025-01-14
5594,sikander,6266009856,Male,English,18,44,4.41,Pending,Busy,780,2025-02-14,2025-02-14
5595,sikender,8020817627,Female,English,20,10,4.55,Verified,Available,467,2025-04-06,2025-04-06
5596,sikha,7549055805,Female,English,11,22,3.62,Pending,Busy,232,2025-06-08,2025-06-08
5597,sila,9779026071,Male,Telugu,6,31,4.5,Pending,Available,621,2025-12-11,2025-12-11
5598,silender,6752229791,Female,Kannada,9,49,4.87,Verified,Offline,645,2025-08-17,2025-08-17
5599,silpa,7294402442,Female,Malayalam,2,20,4.83,Verified,Offline,573,2025-07-17,2025-07-17
5600,silpi,7524547698,Male,Tamil,15,39,3.79,Verified,Offline,464,2025-01-11,2025-01-11
5601,silvia,9639075513,Male,English,10,34,4.7,Pending,Busy,472,2025-05-28,2025-05-28
5602,sima,6382227989,Female,Telugu,13,9,4.99,Pending,Available,409,2025-11-27,2025-11-27
5603,simabharti,6941754553,Male,Hindi,2,17,4.97,Verified,Busy,690,2025-06-04,2025-06-04
5604,similata,7514842381,Male,Kannada,18,20,3.51,Verified,Busy,265,2025-04-24,2025-04-24
5605,simmi,9821383704,Female,Malayalam,17,14,3.74,Verified,Busy,679,2025-08-03,2025-08-03
5606,simmy,8982893907,Male,English,9,15,4.77,Pending,Busy,586,2025-10-29,2025-10-29
5607,simpi,9836244821,Female,Tamil,9,46,4.97,Pending,Available,270,2025-05-10,2025-05-10
5608,simran,6998252310,Male,Tamil,10,10,4.71,Verified,Available,444,2025-09-18,2025-09-18
5609,simranjeet,9852551329,Male,Kannada,15,40,4.01,Pending,Busy,82,2025-01-25,2025-01-25
5610,simren,9259047055,Male,Malayalam,10,45,4.41,Verified,Available,740,2025-02-10,2025-02-10
5611,sinaa,9951271469,Female,Telugu,14,13,3.55,Pending,Offline,51,2025-10-19,2025-10-19
5612,sinder,6276213578,Female,English,2,34,4.11,Verified,Available,510,2025-08-01,2025-08-01
5613,sinil,6540514939,Male,Hindi,11,21,4.15,Pending,Offline,197,2025-12-14,2025-12-14
5614,sinta,8930018941,Male,Tamil,12,25,3.77,Verified,Offline,41,2025-05-02,2025-05-02
5615,sintu,9674439476,Male,Kannada,9,49,3.69,Verified,Busy,450,2025-11-10,2025-11-10
5616,sipra,7585852714,Male,Kannada,3,8,3.65,Verified,Offline,302,2025-09-27,2025-09-27
5617,sira,9973468482,Female,Malayalam,11,37,4.9,Pending,Offline,456,2025-08-21,2025-08-21
5618,siraj,9240075626,Male,English,12,29,4.98,Pending,Busy,447,2025-07-02,2025-07-02
5619,sirajuddin,7821278643,Male,Malayalam,14,37,4.23,Pending,Available,79,2025-03-06,2025-03-06
5620,sirazudeen,6766382630,Female,Hindi,3,50,3.72,Pending,Offline,740,2025-11-23,2025-11-23
5621,sirish,6901179692,Female,Malayalam,16,43,4.94,Verified,Offline,754,2025-10-12,2025-10-12
5622,sirjna,7955472660,Male,Malayalam,16,36,4.34,Pending,Available,402,2025-09-02,2025-09-02
5623,sishpal,6017631095,Female,English,0,21,3.55,Verified,Available,493,2025-11-07,2025-11-07
5624,sispal,8287698640,Female,Malayalam,2,27,4.01,Verified,Available,352,2025-11-27,2025-11-27
5625,sisty,7757821316,Female,Malayalam,13,18,3.66,Pending,Offline,188,2025-05-23,2025-05-23
5626,sita,9833351055,Male,Tamil,19,45,4.93,Verified,Offline,316,2025-09-05,2025-09-05
5627,sital,6846894358,Male,Tamil,15,47,3.64,Pending,Busy,414,2025-07-01,2025-07-01
5628,sitar,7846535149,Female,Hindi,11,42,3.54,Verified,Busy,146,2025-02-14,2025-02-14
5629,sitara,6870422380,Female,Telugu,18,49,3.97,Verified,Available,179,2025-09-06,2025-09-06
5630,sitaram,6149721657,Male,Kannada,5,16,4.46,Pending,Busy,156,2025-01-06,2025-01-06
5631,sitare,9482627621,Male,Hindi,17,24,4.59,Pending,Busy,629,2025-08-25,2025-08-25
5632,sitender,6554052470,Female,Hindi,3,36,3.65,Pending,Busy,30,2025-08-07,2025-08-07
5633,sithal,6247922281,Female,Telugu,20,6,4.16,Pending,Offline,150,2025-07-16,2025-07-16
5634,sitra,8579364196,Female,Tamil,16,23,3.75,Verified,Available,152,2025-01-30,2025-01-30
5635,sivam,6215692601,Male,Kannada,6,32,3.53,Pending,Available,667,2025-05-23,2025-05-23
5636,sivani,6490475828,Female,Hindi,17,30,3.73,Pending,Offline,743,2025-06-14,2025-06-14
5637,siwani,6691770713,Female,Kannada,4,43,4.02,Verified,Offline,448,2025-01-07,2025-01-07
5638,siya,7162233492,Female,English,3,17,3.82,Pending,Available,655,2025-03-18,2025-03-18
5639,siyaram,7347564423,Female,Kannada,11,16,4.05,Verified,Busy,152,2025-06-19,2025-06-19
5640,siza,6941166939,Female,Telugu,7,50,3.59,Verified,Offline,202,2025-03-12,2025-03-12
5641,skunatla,9899050612,Male,Telugu,2,13,3.65,Verified,Offline,631,2025-03-04,2025-03-04
5642,smariti,6883098585,Male,Malayalam,2,18,4.55,Verified,Available,118,2025-10-22,2025-10-22
5643,smarti,8586528037,Female,Tamil,20,15,3.68,Pending,Available,761,2025-04-21,2025-04-21
5644,smriti,8035205156,Male,English,12,14,4.93,Verified,Available,125,2025-05-03,2025-05-03
5645,smt,8654745143,Female,English,16,18,4.01,Pending,Offline,498,2025-09-03,2025-09-03
5646,"smt,",7459889915,Male,Tamil,19,9,3.55,Verified,Busy,725,2025-04-13,2025-04-13
5647,smts,6162314549,Female,Telugu,12,13,4.51,Verified,Available,744,2025-06-28,2025-06-28
5648,sna,7061623722,Male,Telugu,4,11,3.88,Pending,Busy,431,2025-01-05,2025-01-05
5649,snah,6599427238,Female,Hindi,16,22,4.69,Pending,Available,307,2025-08-27,2025-08-27
5650,sneh,9448304492,Male,English,7,14,3.51,Verified,Available,505,2025-03-27,2025-03-27
5651,sneha,9088950189,Male,Telugu,16,28,3.62,Pending,Offline,288,2025-07-23,2025-07-23
5652,snehlata,9796812702,Male,Telugu,9,11,4.32,Pending,Offline,529,2025-01-12,2025-01-12
5653,sngeeta,7967016276,Female,English,9,22,4.05,Verified,Offline,535,2025-06-07,2025-06-07
5654,snjana,9615291488,Male,Kannada,13,11,4.97,Pending,Offline,450,2025-03-08,2025-03-08
5655,sntosh,9206412476,Female,Malayalam,13,7,4.57,Pending,Offline,466,2025-10-30,2025-10-30
5656,soam,9876340887,Male,English,16,36,4.93,Pending,Offline,457,2025-07-02,2025-07-02
5657,soba,8057588247,Female,Telugu,14,35,4.81,Pending,Offline,310,2025-07-11,2025-07-11
5658,soban,9072384003,Female,Hindi,12,40,3.62,Verified,Available,535,2025-06-04,2025-06-04
5659,sobha,7041267621,Male,Telugu,6,20,3.69,Verified,Available,300,2025-01-11,2025-01-11
5660,sobi,7171539554,Female,Kannada,5,18,3.69,Verified,Busy,457,2025-06-22,2025-06-22
5661,sobit,9433789171,Male,Hindi,18,24,4.35,Verified,Offline,693,2025-10-13,2025-10-13
5662,sodan,8166355114,Male,Telugu,0,7,4.22,Verified,Available,612,2025-09-17,2025-09-17
5663,sofali,6925323102,Female,Kannada,2,26,3.75,Pending,Busy,642,2025-08-29,2025-08-29
5664,sohaib,9077036843,Male,Kannada,0,34,4.01,Verified,Offline,289,2025-01-09,2025-01-09
5665,sohail,7988969132,Female,Tamil,12,38,3.54,Pending,Offline,366,2025-01-04,2025-01-04
5666,sohal,8986634322,Female,English,17,40,3.62,Verified,Busy,739,2025-05-05,2025-05-05
5667,sohan,9634418971,Male,Hindi,6,24,4.22,Verified,Offline,704,2025-05-15,2025-05-15
5668,sohanlal,6794923312,Male,Hindi,16,5,4.71,Pending,Available,677,2025-01-16,2025-01-16
5669,sohanpal,6431378752,Female,Kannada,10,49,3.67,Verified,Available,234,2025-01-04,2025-01-04
5670,soheb,7828605502,Female,English,12,17,3.6,Pending,Offline,360,2025-08-03,2025-08-03
5671,sohel,8388731295,Male,Hindi,20,16,4.27,Pending,Busy,470,2025-03-05,2025-03-05
5672,sohi,9738143999,Female,Hindi,19,21,3.77,Verified,Busy,776,2025-10-17,2025-10-17
5673,sohib,9610398555,Female,Malayalam,1,17,4.84,Pending,Offline,145,2025-09-10,2025-09-10
5674,sohil,8729442277,Female,Malayalam,1,41,3.65,Pending,Busy,782,2025-04-21,2025-04-21
5675,sohnal,6214261253,Female,Tamil,15,19,3.89,Verified,Offline,445,2025-01-21,2025-01-21
5676,sohni,7063866113,Male,Tamil,7,26,4.63,Pending,Offline,170,2025-06-01,2025-06-01
5677,sokat,8023854590,Male,Malayalam,13,43,3.74,Verified,Offline,381,2025-08-16,2025-08-16
5678,sokin,8892824356,Male,Malayalam,11,35,4.21,Verified,Available,53,2025-08-11,2025-08-11
5679,som,8341152682,Male,Telugu,18,17,4.61,Pending,Busy,57,2025-12-04,2025-12-04
5680,soma,7953165548,Female,Hindi,19,22,4.27,Pending,Busy,561,2025-09-26,2025-09-26
5681,sombir,6139849250,Male,Hindi,16,43,4.12,Pending,Offline,472,2025-02-13,2025-02-13
5682,somdath,9135722891,Female,Tamil,2,25,4.41,Verified,Offline,723,2025-11-04,2025-11-04
5683,somdevi,8558478809,Male,Kannada,5,44,4.32,Pending,Busy,244,2025-11-07,2025-11-07
5684,somender,9600693272,Female,Malayalam,13,17,3.68,Pending,Busy,34,2025-01-04,2025-01-04
5685,somesh,9910418905,Male,Hindi,14,43,3.77,Pending,Available,397,2025-11-02,2025-11-02
5686,somi,9257083397,Male,Tamil,5,20,4.76,Verified,Offline,573,2025-01-01,2025-01-01
5687,somil,6375357073,Male,Malayalam,20,47,3.75,Verified,Busy,330,2025-11-21,2025-11-21
5688,somnath,6948378467,Male,Tamil,18,28,4.38,Pending,Available,284,2025-08-25,2025-08-25
5689,sompal,9569559718,Female,Hindi,5,36,4.47,Verified,Offline,47,2025-12-20,2025-12-20
5690,somprakash,7916320779,Female,Kannada,19,33,3.66,Pending,Busy,682,2025-11-14,2025-11-14
5691,somwati,8219531865,Female,Tamil,16,10,4.65,Verified,Busy,763,2025-01-18,2025-01-18
5692,son,9652889250,Male,Hindi,12,30,3.56,Verified,Available,457,2025-08-02,2025-08-02
5693,sona,6259606064,Male,Tamil,13,37,4.62,Pending,Available,331,2025-09-13,2025-09-13
5694,sonaki,9104230882,Female,English,7,11,4.89,Pending,Available,463,2025-09-14,2025-09-14
5695,sonal,6120626087,Female,Tamil,17,32,4.53,Pending,Busy,680,2025-05-31,2025-05-31
5696,sonali,7743307920,Female,Malayalam,4,28,4.13,Pending,Busy,771,2025-05-02,2025-05-02
5697,sonam,7729676574,Male,Kannada,10,8,4.8,Pending,Busy,156,2025-10-21,2025-10-21
5698,sone,9671018875,Female,Kannada,20,32,4.55,Verified,Offline,209,2025-06-04,2025-06-04
5699,soni,8565278317,Female,Malayalam,12,8,4.24,Verified,Available,34,2025-10-31,2025-10-31
5700,sonia,6152359742,Male,English,9,15,4.23,Pending,Available,664,2025-10-06,2025-10-06
5701,sonika,6178597810,Male,Tamil,8,18,4.57,Verified,Available,573,2025-12-07,2025-12-07
5702,soniya,7226341904,Female,Kannada,16,44,3.92,Pending,Offline,577,2025-04-18,2025-04-18
5703,"soniya,",6992994875,Female,Kannada,11,29,4.47,Verified,Available,679,2025-12-20,2025-12-20
5704,sonu,8348172400,Female,Hindi,6,20,3.7,Verified,Busy,671,2025-03-01,2025-03-01
5705,sony,6378791391,Male,Kannada,12,13,4.98,Verified,Busy,99,2025-03-05,2025-03-05
5706,sonyi,7414995010,Female,Tamil,8,49,4.27,Pending,Busy,80,2025-01-11,2025-01-11
5707,soona,9858421625,Male,Tamil,6,19,4.46,Verified,Offline,308,2025-03-18,2025-03-18
5708,soonam,6535697319,Male,Telugu,20,19,4.49,Pending,Available,583,2025-02-25,2025-02-25
5709,sooraj,9614167638,Female,English,12,7,4.06,Pending,Offline,366,2025-10-12,2025-10-12
5710,sorab,8142340139,Male,Kannada,3,11,4.67,Pending,Busy,563,2025-02-05,2025-02-05
5711,sorabh,8613685345,Male,Hindi,8,25,3.51,Verified,Available,193,2025-06-12,2025-06-12
5712,sorav,7556711246,Female,English,15,40,4.13,Pending,Available,577,2025-11-09,2025-11-09
5713,sorbh,9702732186,Female,Tamil,5,11,4.05,Verified,Busy,126,2025-04-26,2025-04-26
5714,sosan,6191399285,Female,Telugu,4,25,3.72,Pending,Available,624,2025-10-20,2025-10-20
5715,sosari,8376610140,Female,Telugu,0,32,3.7,Pending,Busy,424,2025-02-03,2025-02-03
5716,sosri,6031445838,Female,Malayalam,6,21,3.71,Verified,Available,682,2025-09-22,2025-09-22
5717,sotaj,7010537163,Female,Kannada,8,37,4.74,Verified,Busy,187,2025-02-18,2025-02-18
5718,sourab,9999323783,Female,English,11,30,3.58,Verified,Offline,785,2025-04-29,2025-04-29
5719,sourabh,9378175492,Male,English,9,6,3.84,Pending,Busy,154,2025-04-05,2025-04-05
5720,sourav,8984338897,Female,Malayalam,9,12,3.75,Verified,Available,333,2025-05-15,2025-05-15
5721,souvik,9522492443,Female,Malayalam,18,7,4.95,Verified,Busy,586,2025-05-06,2025-05-06
5722,sowar,8988253861,Male,English,15,14,3.96,Verified,Offline,324,2025-05-04,2025-05-04
5723,soyab,9511295705,Female,Tamil,14,41,4.25,Pending,Offline,390,2025-03-23,2025-03-23
5724,soyam,8296103768,Female,Hindi,18,12,4.35,Pending,Busy,601,2025-02-20,2025-02-20
5725,sozi,9664576651,Female,English,18,37,4.49,Pending,Busy,578,2025-02-09,2025-02-09
5726,spana,9786624649,Female,Telugu,12,41,4.17,Verified,Available,2,2025-07-21,2025-07-21
5727,sparsh,9000337254,Male,Hindi,10,12,4.47,Verified,Busy,389,2025-09-25,2025-09-25
5728,spna,9959273641,Male,English,18,35,4.88,Verified,Available,224,2025-11-08,2025-11-08
5729,srheeram,7736049375,Female,Hindi,14,37,3.62,Pending,Offline,85,2025-08-27,2025-08-27
5730,sri,6706982182,Female,Tamil,15,34,4.81,Pending,Busy,754,2025-06-08,2025-06-08
5731,srikant,7813725875,Female,Tamil,20,29,3.87,Verified,Available,359,2025-11-04,2025-11-04
5732,srimati,9515436391,Male,Telugu,4,37,4.72,Pending,Busy,627,2025-12-06,2025-12-06
5733,sriniwash,6280576817,Male,Malayalam,17,21,4.23,Pending,Available,551,2025-04-21,2025-04-21
5734,srishty,6203812461,Male,Tamil,8,32,4.74,Verified,Offline,624,2025-08-11,2025-08-11
5735,srita,9334204321,Male,Telugu,0,23,4.24,Verified,Available,170,2025-03-17,2025-03-17
5736,stephen,8771511244,Female,Telugu,15,6,4.04,Verified,Busy,11,2025-10-20,2025-10-20
5737,stifen,9868074898,Female,Hindi,19,50,4.83,Pending,Available,642,2025-09-07,2025-09-07
5738,subani,9426998610,Male,Kannada,9,29,3.52,Verified,Offline,364,2025-03-31,2025-03-31
5739,subash,9306190134,Female,Malayalam,14,36,4.63,Pending,Busy,674,2025-06-29,2025-06-29
5740,subato,7319430124,Female,Malayalam,13,48,3.73,Pending,Available,628,2025-02-28,2025-02-28
5741,subburaiyalu,8555459616,Female,English,17,42,4.79,Verified,Busy,478,2025-08-20,2025-08-20
5742,sube,9702865939,Female,Tamil,14,5,3.91,Verified,Available,245,2025-12-07,2025-12-07
5743,subesh,8437564090,Female,Malayalam,5,10,3.56,Pending,Offline,686,2025-12-06,2025-12-06
5744,subhadra,9006015289,Male,Malayalam,4,40,4.83,Verified,Busy,370,2025-02-10,2025-02-10
5745,subhagi,6886666297,Male,Malayalam,17,15,4.19,Verified,Busy,527,2025-11-03,2025-11-03
5746,subhagya,9519560836,Female,English,15,49,3.83,Pending,Busy,269,2025-10-22,2025-10-22
5747,subhakar,9932192849,Male,Hindi,1,8,4.06,Verified,Offline,161,2025-01-03,2025-01-03
5748,subham,9047946293,Female,Malayalam,20,42,3.76,Verified,Available,757,2025-08-01,2025-08-01
5749,subhan,7287344166,Male,Telugu,1,35,3.89,Verified,Offline,206,2025-08-06,2025-08-06
5750,subhangi,6264179505,Male,Telugu,19,10,4.8,Verified,Busy,480,2025-09-15,2025-09-15
5751,subhapal,7936865862,Male,Malayalam,20,39,4.79,Verified,Offline,10,2025-04-08,2025-04-08
5752,subhas,7830413244,Female,Malayalam,3,13,4.45,Pending,Available,516,2025-02-04,2025-02-04
5753,subhash,8685075378,Female,English,4,45,4.64,Pending,Busy,146,2026-01-01,2026-01-01
5754,subhdra,7334253361,Male,Telugu,4,35,4.6,Verified,Available,466,2025-12-17,2025-12-17
5755,subhi,6976692497,Male,Tamil,5,38,4.09,Verified,Offline,373,2025-08-24,2025-08-24
5756,subhiya,6797898927,Female,Hindi,0,11,4.76,Verified,Busy,130,2025-07-06,2025-07-06
5757,subhod,7398171687,Male,Kannada,20,25,4.45,Verified,Offline,400,2025-08-17,2025-08-17
5758,subhodh,8925142595,Male,Kannada,10,6,4.13,Pending,Offline,423,2025-06-13,2025-06-13
5759,subin,8284925215,Female,Tamil,7,47,4.39,Pending,Available,495,2025-10-21,2025-10-21
5760,subjeet,8800591290,Male,Kannada,9,5,4.09,Verified,Offline,43,2025-09-05,2025-09-05
5761,subodh,8958945342,Male,Telugu,4,20,4.94,Pending,Available,72,2025-12-01,2025-12-01
5762,subrati,6101105259,Female,Hindi,9,28,3.88,Verified,Offline,116,2025-09-17,2025-09-17
5763,succha,6760095063,Female,Tamil,15,12,4.38,Pending,Available,308,2025-01-29,2025-01-29
5764,sucheta,9435697313,Female,Tamil,10,34,4.82,Verified,Available,510,2025-08-23,2025-08-23
5765,suchi,8560378715,Female,English,11,14,4.52,Pending,Available,549,2025-04-17,2025-04-17
5766,suchit,9875450320,Male,Kannada,12,15,4.4,Verified,Available,660,2025-08-21,2025-08-21
5767,suchita,7466787685,Female,Kannada,4,15,4.67,Verified,Busy,416,2025-03-18,2025-03-18
5768,suchitra,7917158766,Male,English,13,10,4.26,Verified,Offline,408,2025-05-05,2025-05-05
5769,suda,6929620865,Male,English,0,32,4.91,Pending,Available,322,2025-09-05,2025-09-05
5770,sudama,7708128714,Male,Hindi,19,15,3.63,Pending,Available,55,2025-10-26,2025-10-26
5771,sudan,6632891215,Female,Hindi,5,24,4.31,Pending,Busy,166,2025-12-06,2025-12-06
5772,sudarshan,7488185247,Male,Malayalam,0,12,3.57,Pending,Available,355,2025-01-18,2025-01-18
5773,sudershan,6853839072,Female,English,0,46,4.49,Pending,Offline,197,2025-11-25,2025-11-25
5774,sudesh,7933986277,Female,Tamil,14,31,3.7,Verified,Available,241,2025-07-25,2025-07-25
5775,sudeshwer,6602882162,Male,Hindi,8,34,3.89,Verified,Offline,720,2025-08-14,2025-08-14
5776,sudha,8471913459,Female,Hindi,16,30,4.37,Pending,Available,40,2025-08-28,2025-08-28
5777,sudhama,8783370441,Male,Kannada,8,20,3.64,Pending,Offline,763,2025-07-08,2025-07-08
5778,sudhanshu,7707607439,Female,Kannada,20,32,3.95,Pending,Available,446,2025-12-04,2025-12-04
5779,sudhansu,7590949555,Male,Hindi,12,26,4.56,Verified,Offline,247,2025-02-06,2025-02-06
5780,sudhata,9927038123,Female,Kannada,16,32,4.48,Pending,Busy,582,2025-08-04,2025-08-04
5781,sudhdev,8113902536,Female,Malayalam,2,21,4.38,Pending,Busy,477,2025-12-04,2025-12-04
5782,sudhir,9782526786,Female,English,9,7,3.94,Verified,Available,238,2025-09-13,2025-09-13
5783,sudma,9902076571,Female,Kannada,11,39,4.92,Verified,Busy,2,2025-04-24,2025-04-24
5784,sufia,6808934651,Male,Hindi,18,26,4.25,Pending,Offline,241,2025-03-29,2025-03-29
5785,sufian,6384010434,Male,Hindi,7,39,4.7,Verified,Busy,118,2025-03-12,2025-03-12
5786,sufiya,9156086277,Male,English,13,46,4.17,Verified,Busy,194,2025-10-17,2025-10-17
5787,sugai,8681040985,Male,Tamil,1,47,3.6,Pending,Busy,250,2025-07-12,2025-07-12
5788,sugana,8592056050,Female,Malayalam,0,11,4.73,Pending,Busy,218,2025-04-13,2025-04-13
5789,sugandb,7331673292,Male,Hindi,5,8,4.41,Verified,Available,274,2025-08-09,2025-08-09
5790,sugandha,6015804499,Male,English,14,20,3.6,Pending,Offline,46,2025-11-12,2025-11-12
5791,suganti,6852741941,Female,Hindi,1,49,4.51,Pending,Offline,760,2025-08-28,2025-08-28
5792,sugar,6928107263,Female,Telugu,17,15,3.84,Verified,Offline,271,2025-02-18,2025-02-18
5793,sugna,7253140997,Female,Kannada,18,14,4.4,Pending,Available,7,2025-11-29,2025-11-29
5794,sugodh,8966387891,Female,Malayalam,8,20,3.79,Pending,Offline,1,2025-06-21,2025-06-21
5795,suhagini,7446182021,Male,Tamil,17,19,4.08,Pending,Available,718,2025-02-03,2025-02-03
5796,suhail,6493678627,Female,Malayalam,5,25,4.87,Verified,Offline,112,2025-12-04,2025-12-04
5797,suhaliya,6391291330,Male,Telugu,14,16,4.38,Verified,Busy,474,2025-08-11,2025-08-11
5798,suhana,7294806028,Female,Hindi,3,25,4.23,Verified,Offline,453,2025-09-27,2025-09-27
5799,suhani,7496192839,Male,Malayalam,14,25,4.66,Pending,Busy,15,2025-07-23,2025-07-23
5800,suhel,8888889127,Female,Tamil,11,33,4.83,Pending,Offline,294,2025-05-30,2025-05-30
5801,suhsmita,6596740347,Female,English,10,36,4.31,Pending,Offline,396,2025-09-13,2025-09-13
5802,suja,8786546135,Male,Tamil,10,33,4.62,Verified,Offline,483,2025-05-24,2025-05-24
5803,sujal,6999764911,Male,English,2,47,4.5,Verified,Available,226,2025-07-06,2025-07-06
5804,sujan,9436391749,Male,Malayalam,12,31,4.28,Pending,Busy,10,2025-09-28,2025-09-28
5805,sujanti,8359762633,Female,English,10,15,3.74,Pending,Offline,198,2025-10-25,2025-10-25
5806,sujata,6444705165,Male,Telugu,11,23,4.17,Verified,Offline,699,2025-01-09,2025-01-09
5807,sujeet,6826098527,Female,Malayalam,16,10,4.96,Verified,Offline,75,2025-11-23,2025-11-23
5808,sujen,8119083549,Male,English,18,45,3.69,Verified,Offline,197,2025-06-02,2025-06-02
5809,sujit,7392312139,Female,Telugu,10,28,4.47,Pending,Offline,663,2025-04-09,2025-04-09
5810,sujli,7732564353,Male,Tamil,4,48,4.07,Verified,Offline,360,2025-04-05,2025-04-05
5811,sukanya,8688534774,Female,English,8,46,3.61,Pending,Available,699,2025-12-01,2025-12-01
5812,sukar,6154673986,Female,Malayalam,13,23,3.76,Verified,Offline,739,2025-05-19,2025-05-19
5813,sukenta,7316260933,Male,Kannada,13,50,4.21,Verified,Offline,541,2025-06-08,2025-06-08
5814,sukesh,9748476617,Female,Malayalam,8,30,4.55,Verified,Busy,378,2025-11-19,2025-11-19
5815,sukh,8019996400,Male,Kannada,6,21,4.1,Verified,Available,86,2025-08-26,2025-08-26
5816,sukhavinder,7760322894,Male,Malayalam,4,41,3.81,Pending,Available,139,2025-02-28,2025-02-28
5817,sukhbeer,9988540665,Female,English,13,46,4.11,Verified,Available,98,2025-07-07,2025-07-07
5818,sukhbir,8789287737,Female,Malayalam,0,33,3.89,Verified,Offline,758,2025-07-15,2025-07-15
5819,sukhdev,7901241605,Male,Kannada,9,34,3.64,Verified,Busy,70,2025-02-12,2025-02-12
5820,sukhdevi,8965425095,Male,English,0,28,3.73,Verified,Available,507,2025-03-19,2025-03-19
5821,sukheeya,6162139480,Female,Malayalam,16,11,3.68,Verified,Available,210,2025-08-31,2025-08-31
5822,sukhlal,6736546172,Male,Telugu,9,40,4.49,Pending,Available,674,2025-09-02,2025-09-02
5823,sukhmit,7266491639,Male,Hindi,9,28,3.86,Pending,Offline,129,2025-06-06,2025-06-06
5824,sukhpal,8344624904,Male,Telugu,15,15,3.94,Verified,Available,300,2025-08-08,2025-08-08
5825,sukhpreeet,7138004069,Male,Kannada,3,21,4.57,Verified,Busy,47,2025-01-01,2025-01-01
5826,sukhram,6693821604,Male,Telugu,19,8,4.54,Pending,Offline,101,2025-01-22,2025-01-22
5827,sukhsohan,6580074698,Male,Tamil,2,36,4.14,Verified,Busy,724,2025-08-26,2025-08-26
5828,sukhveer,6349538266,Female,Telugu,14,46,4.63,Verified,Offline,215,2025-07-09,2025-07-09
5829,sukhvinder,7470771210,Male,Malayalam,3,47,3.65,Pending,Offline,123,2025-10-10,2025-10-10
5830,sukhvir,7792127774,Female,Malayalam,3,37,4.35,Verified,Available,188,2025-02-01,2025-02-01
5831,sukjveer,7522739511,Male,English,10,17,4.93,Pending,Busy,717,2025-07-28,2025-07-28
5832,sukka,6379327966,Female,Tamil,17,21,4.57,Verified,Available,458,2025-12-30,2025-12-30
5833,sukkhu,9528076370,Female,Hindi,19,18,4.36,Verified,Available,320,2025-11-24,2025-11-24
5834,sukmani,6721916802,Male,Malayalam,12,27,4.39,Verified,Offline,73,2025-01-14,2025-01-14
5835,sukrita,6681180500,Female,Telugu,9,44,3.77,Verified,Busy,640,2025-09-28,2025-09-28
5836,sukshana,8146062102,Female,Malayalam,16,13,3.66,Verified,Offline,272,2025-10-22,2025-10-22
5837,sukul,9024623304,Female,Malayalam,10,43,3.55,Pending,Busy,286,2025-12-06,2025-12-06
5838,sukumar,6936864494,Female,Tamil,5,41,4.19,Verified,Busy,659,2025-09-13,2025-09-13
5839,sulekha,9060207628,Female,Kannada,3,46,4.8,Verified,Offline,62,2025-11-27,2025-11-27
5840,suleman,8993064851,Male,English,6,20,3.95,Verified,Available,243,2025-06-19,2025-06-19
5841,sulender,9442886395,Male,Telugu,11,16,4.31,Verified,Available,410,2025-03-20,2025-03-20
5842,sulochna,8763520423,Female,Telugu,14,22,4.58,Verified,Busy,767,2025-04-03,2025-04-03
5843,sultan,7331210777,Male,Malayalam,11,27,4.73,Pending,Offline,561,2025-08-31,2025-08-31
5844,sultana,9937482725,Male,Telugu,18,17,3.88,Verified,Offline,438,2025-03-06,2025-03-06
5845,suma,8552146333,Male,Telugu,19,47,4.49,Pending,Offline,195,2025-08-21,2025-08-21
5846,sumaila,6977591178,Male,English,20,30,3.67,Verified,Busy,160,2025-03-20,2025-03-20
5847,sumalia,6019575066,Female,English,8,25,3.79,Pending,Available,33,2025-05-21,2025-05-21
5848,suman,7277619438,Male,Kannada,20,29,4.55,Pending,Offline,478,2025-07-29,2025-07-29
5849,sumanlta,8103040509,Female,English,15,6,4.14,Pending,Busy,45,2025-03-06,2025-03-06
5850,sumant,6297904047,Female,English,5,7,4.61,Verified,Busy,771,2025-11-27,2025-11-27
5851,sumanthra,6759877982,Male,Malayalam,7,11,4.88,Verified,Busy,511,2025-12-10,2025-12-10
5852,sumedha,9721014163,Male,Telugu,14,47,4.17,Pending,Offline,571,2025-07-25,2025-07-25
5853,sumemtra,9096323661,Female,Hindi,18,9,4.9,Pending,Available,74,2025-05-09,2025-05-09
5854,sumender,6835845430,Female,Telugu,9,28,4.4,Pending,Busy,392,2025-05-06,2025-05-06
5855,sumentra,8463048278,Female,Malayalam,15,45,4.35,Verified,Offline,467,2025-08-11,2025-08-11
5856,sumer,8745366164,Male,English,16,23,4.85,Verified,Available,213,2025-02-27,2025-02-27
5857,sumesh,8611939690,Female,Hindi,14,11,4.53,Verified,Busy,718,2025-12-07,2025-12-07
5858,suminder,8110886500,Female,Telugu,17,14,3.51,Verified,Available,275,2025-11-27,2025-11-27
5859,sumirta,8212271640,Female,Telugu,14,43,4.59,Pending,Busy,569,2025-08-16,2025-08-16
5860,sumit,6830680350,Male,Malayalam,9,50,4.31,Verified,Busy,442,2025-03-24,2025-03-24
5861,sumita,9759924401,Female,English,16,15,4.75,Verified,Available,218,2025-02-06,2025-02-06
5862,sumitra,7791288934,Male,Kannada,20,23,4.96,Pending,Offline,345,2025-04-09,2025-04-09
5863,sumnesh,8948991401,Male,Tamil,7,17,4.43,Pending,Available,730,2025-10-30,2025-10-30
5864,sumoranjam,8657805052,Male,Malayalam,14,41,4.36,Verified,Available,480,2025-06-11,2025-06-11
5865,sunaina,8276129489,Male,Malayalam,14,29,4.22,Pending,Available,245,2025-06-05,2025-06-05
5866,sunaki,8794849403,Female,Hindi,17,25,3.53,Verified,Offline,565,2025-10-24,2025-10-24
5867,sunali,7130878316,Male,English,9,21,3.96,Pending,Busy,155,2025-09-22,2025-09-22
5868,sunarkali,7124852874,Male,Telugu,13,43,4.12,Pending,Offline,633,2025-03-12,2025-03-12
5869,sunarki,8515096699,Male,Kannada,20,42,4.26,Verified,Available,135,2025-03-25,2025-03-25
5870,sunayna,8529093927,Male,Tamil,15,42,3.64,Pending,Available,254,2025-06-06,2025-06-06
5871,sundar,7574812088,Female,Hindi,17,30,4.88,Verified,Offline,35,2025-09-02,2025-09-02
5872,sundari,9971175933,Female,Tamil,14,17,4.06,Pending,Available,402,2025-02-14,2025-02-14
5873,sundeep,7516125374,Female,Tamil,18,26,4.44,Verified,Offline,375,2025-10-19,2025-10-19
5874,sunder,9015019453,Male,Tamil,11,34,4.3,Pending,Available,333,2025-10-02,2025-10-02
5875,sundga,9222664258,Male,Telugu,14,43,3.95,Verified,Available,38,2025-10-24,2025-10-24
5876,sundri,6639747775,Female,Malayalam,2,33,4.54,Verified,Offline,38,2025-12-02,2025-12-02
5877,suneel,8792944040,Male,Tamil,15,37,4.01,Verified,Offline,501,2025-03-17,2025-03-17
5878,suneeta,9069824594,Female,Malayalam,0,49,4.82,Pending,Available,317,2025-08-17,2025-08-17
5879,sunena,8647875683,Female,Kannada,19,50,3.6,Verified,Busy,33,2025-08-13,2025-08-13
5880,suneta,8846605977,Female,English,17,9,4.45,Pending,Available,541,2025-09-17,2025-09-17
5881,sunhara,6381751533,Male,Malayalam,12,43,4.61,Pending,Busy,444,2025-11-28,2025-11-28
5882,sunil,9958499173,Female,Hindi,6,9,3.71,Pending,Offline,681,2025-09-10,2025-09-10
5883,sunilrawat,7731280503,Female,Tamil,11,19,4.67,Pending,Busy,483,2025-12-21,2025-12-21
5884,sunita,7418708594,Female,Telugu,17,13,4.32,Pending,Available,135,2025-07-20,2025-07-20
5885,sunitha,7466770850,Female,Telugu,1,27,3.68,Verified,Busy,1,2025-06-11,2025-06-11
5886,sunny,7087523200,Male,English,12,18,3.59,Verified,Offline,589,2025-05-25,2025-05-25
5887,sunpreet,6528894686,Male,Hindi,4,9,3.94,Pending,Available,93,2025-07-19,2025-07-19
5888,suntia,9034544241,Male,English,3,14,3.7,Pending,Available,207,2025-11-06,2025-11-06
5889,supiriya,6447268913,Female,Malayalam,3,5,3.61,Verified,Offline,678,2025-06-16,2025-06-16
5890,supna,6831272244,Female,Malayalam,18,8,4.7,Pending,Offline,458,2025-07-21,2025-07-21
5891,supriya,8508582416,Female,Telugu,9,32,3.96,Verified,Offline,637,2025-12-04,2025-12-04
5892,supriyal,9915621295,Male,English,6,27,4.24,Pending,Busy,224,2025-02-03,2025-02-03
5893,supyar,6766021455,Female,Kannada,2,45,4.42,Pending,Available,510,2025-02-15,2025-02-15
5894,suraiya,7682900407,Female,English,0,24,4.48,Pending,Busy,611,2025-08-31,2025-08-31
5895,suraj,8311249149,Female,English,20,31,4.11,Pending,Available,27,2025-01-04,2025-01-04
5896,suraja,8183166112,Female,Telugu,6,6,3.73,Verified,Busy,124,2025-05-23,2025-05-23
5897,surajbhan,8394557017,Female,English,16,24,3.62,Verified,Offline,676,2025-03-31,2025-03-31
5898,surajmal,6674107691,Male,Telugu,2,19,4.12,Verified,Busy,305,2025-01-23,2025-01-23
5899,surajpal,7296266000,Male,Telugu,4,40,4.44,Verified,Available,575,2025-11-30,2025-11-30
5900,surat,6651043570,Male,English,2,10,4.09,Pending,Busy,592,2025-08-27,2025-08-27
5901,surbhi,6769711284,Male,Malayalam,12,26,3.84,Verified,Available,366,2025-12-24,2025-12-24
5902,surekha,8174650058,Female,Tamil,16,42,4.73,Pending,Busy,544,2025-11-10,2025-11-10
5903,surendar,8972581714,Female,English,1,38,4.98,Verified,Busy,597,2025-01-26,2025-01-26
5904,surender,7338331117,Female,Telugu,10,31,4.72,Pending,Busy,443,2025-04-23,2025-04-23
5905,surendera,6172854675,Female,Kannada,10,14,4.97,Pending,Offline,403,2025-01-12,2025-01-12
5906,surendr,8936431367,Female,Hindi,11,18,4.69,Verified,Busy,697,2025-07-28,2025-07-28
5907,surendra,8186150394,Female,English,2,7,3.95,Pending,Available,7,2026-01-01,2026-01-01
5908,suresh,9797901943,Female,Hindi,6,36,3.93,Verified,Available,291,2025-11-19,2025-11-19
5909,surgayan,9173701358,Male,Hindi,9,40,4.73,Verified,Offline,791,2025-11-22,2025-11-22
5910,surgayani,8787419068,Female,Telugu,0,46,3.59,Pending,Offline,78,2025-07-30,2025-07-30
5911,surgyan,8286352461,Female,Kannada,17,27,3.62,Verified,Available,442,2025-11-03,2025-11-03
5912,surinder,9651396295,Female,Hindi,3,15,3.56,Verified,Busy,729,2025-04-22,2025-04-22
5913,surindera,9668860086,Male,Malayalam,7,44,4.84,Pending,Offline,103,2025-11-06,2025-11-06
5914,suriti,7502237805,Female,Kannada,15,33,4.8,Pending,Available,423,2025-02-10,2025-02-10
5915,surja,6173301248,Female,English,12,46,4.41,Pending,Busy,633,2025-04-12,2025-04-12
5916,surjeet,6348564111,Male,Hindi,18,8,4.2,Verified,Available,235,2025-04-29,2025-04-29
5917,surjit,8111566138,Female,English,10,40,3.84,Pending,Available,699,2025-03-02,2025-03-02
5918,surjiya,6808786007,Female,English,19,41,4.12,Verified,Busy,20,2025-02-13,2025-02-13
5919,surti,6271568810,Female,Hindi,13,43,4.25,Verified,Available,76,2025-01-11,2025-01-11
5920,surya,7607308459,Male,Tamil,17,22,3.91,Verified,Offline,82,2025-12-13,2025-12-13
5921,suryanath,6380561961,Female,Kannada,1,40,4.44,Verified,Offline,567,2025-09-13,2025-09-13
5922,sus,8430480205,Female,Hindi,11,27,4.62,Verified,Offline,479,2025-09-03,2025-09-03
5923,susan,6622250604,Female,English,5,29,4.53,Pending,Available,242,2025-09-24,2025-09-24
5924,susant,8242170109,Female,English,3,27,4.03,Verified,Available,781,2025-03-07,2025-03-07
5925,susanto,9184291309,Male,Tamil,11,11,4.57,Verified,Busy,442,2025-07-31,2025-07-31
5926,sushail,7770347994,Female,Telugu,3,26,4.35,Verified,Busy,39,2025-07-02,2025-07-02
5927,sushama,9650838430,Female,Malayalam,6,32,3.89,Pending,Available,616,2025-08-23,2025-08-23
5928,sushant,8083546186,Female,Telugu,10,28,4.55,Verified,Available,334,2025-07-08,2025-07-08
5929,sushela,6459598412,Male,Hindi,19,15,4.57,Pending,Busy,607,2025-06-09,2025-06-09
5930,sushhmita,8693003462,Male,English,12,9,3.67,Pending,Busy,264,2025-06-03,2025-06-03
5931,sushil,7113638701,Female,English,3,9,3.61,Verified,Available,485,2025-01-24,2025-01-24
5932,sushila,9658046438,Male,Kannada,1,48,3.63,Pending,Available,759,2025-01-18,2025-01-18
5933,sushma,7712213358,Male,English,10,27,4.13,Verified,Busy,732,2025-10-15,2025-10-15
5934,sushmendra,8224322435,Female,Tamil,14,35,3.66,Pending,Busy,339,2025-12-31,2025-12-31
5935,sushmita,9605821857,Male,Kannada,16,37,3.55,Pending,Offline,482,2025-02-10,2025-02-10
5936,sushpal,9896948277,Male,Malayalam,20,46,4.07,Verified,Offline,143,2025-01-14,2025-01-14
5937,sushree,8657495106,Male,Telugu,18,43,4.57,Verified,Available,609,2025-09-26,2025-09-26
5938,sushri,9724555399,Female,Hindi,13,50,4.7,Verified,Offline,746,2025-02-10,2025-02-10
5939,susila,6860052519,Female,Tamil,5,35,4.68,Pending,Available,324,2025-10-31,2025-10-31
5940,susma,9754589587,Male,Kannada,12,32,4.25,Pending,Available,751,2025-09-13,2025-09-13
5941,susmata,9475877516,Male,English,13,9,4.77,Pending,Busy,725,2025-09-10,2025-09-10
5942,susmita,9177112592,Male,Tamil,18,21,4.55,Verified,Available,594,2025-06-07,2025-06-07
5943,susri,9510313127,Male,English,14,28,3.68,Pending,Busy,274,2025-03-07,2025-03-07
5944,sutiya,9844380528,Male,English,14,50,4.75,Pending,Busy,228,2025-08-10,2025-08-10
5945,suwa,8244719227,Male,English,2,19,3.54,Pending,Available,3,2025-02-25,2025-02-25
5946,suwadhin,8252836378,Female,Kannada,11,32,4.79,Pending,Busy,717,2025-10-25,2025-10-25
5947,swadhin,6663849339,Female,Telugu,9,47,4.84,Verified,Available,299,2025-09-14,2025-09-14
5948,swagtika,9542908847,Female,Malayalam,14,26,4.96,Verified,Available,661,2025-03-30,2025-03-30
5949,swaliya,9200094885,Female,Kannada,3,30,3.77,Verified,Busy,69,2025-02-14,2025-02-14
5950,swami,6531439827,Male,English,17,6,4.07,Pending,Offline,12,2025-03-02,2025-03-02
5951,swapam,9894939623,Female,Hindi,0,36,4.97,Pending,Available,672,2025-05-31,2025-05-31
5952,swapanesh,9513957196,Male,Kannada,2,25,4.62,Pending,Offline,6,2025-06-06,2025-06-06
5953,swaranjeet,6213676798,Female,Kannada,14,25,3.9,Pending,Offline,355,2025-09-04,2025-09-04
5954,swarn,8059899083,Female,Telugu,19,41,4.1,Pending,Busy,296,2025-09-21,2025-09-21
5955,swata,9559686890,Male,Telugu,5,10,3.88,Verified,Available,578,2025-06-20,2025-06-20
5956,swati,9933776339,Male,Hindi,10,7,4.3,Pending,Busy,145,2025-08-25,2025-08-25
5957,swatri,8756607496,Female,English,20,10,3.8,Pending,Available,198,2025-07-18,2025-07-18
5958,swedesh,8736153346,Male,Tamil,0,45,3.79,Pending,Available,136,2025-11-27,2025-11-27
5959,sweeti,6137861907,Male,Hindi,5,46,4.1,Pending,Busy,131,2025-04-10,2025-04-10
5960,sweety,7471187010,Female,Hindi,3,46,3.6,Pending,Available,332,2025-12-07,2025-12-07
5961,sweta,6054755433,Male,Tamil,8,21,4.04,Verified,Available,41,2025-07-09,2025-07-09
5962,swetha,9981422357,Female,Kannada,8,9,4.82,Verified,Offline,690,2025-01-04,2025-01-04
5963,swetna,9951409675,Male,Tamil,4,22,4.3,Pending,Offline,633,2025-08-20,2025-08-20
5964,switi,9374728132,Male,Tamil,9,48,4.8,Pending,Offline,589,2025-08-19,2025-08-19
5965,syamsunder,7653331564,Female,Telugu,6,5,3.92,Pending,Available,559,2025-09-05,2025-09-05
5966,syed,8508885736,Male,Tamil,17,26,3.65,Verified,Available,594,2025-06-22,2025-06-22
5967,syham,7007398642,Male,English,1,17,4.62,Verified,Busy,267,2025-08-12,2025-08-12
5968,taar,7561013859,Male,Kannada,10,8,3.98,Pending,Available,199,2025-11-04,2025-11-04
5969,tabassum,8643517183,Male,Telugu,10,19,3.61,Pending,Available,65,2025-06-26,2025-06-26
5970,tabasum,7272648435,Female,Telugu,9,28,4.1,Pending,Available,791,2025-03-01,2025-03-01
5971,tabbasum,7936236268,Male,Kannada,4,29,4.39,Pending,Available,435,2025-02-08,2025-02-08
5972,tabbsum,8493307729,Male,English,4,38,4.58,Pending,Offline,715,2025-03-08,2025-03-08
5973,tabbusum,9249881375,Male,Malayalam,5,34,4.27,Verified,Offline,739,2025-06-23,2025-06-23
5974,tabbwum,7641788699,Male,Telugu,12,45,4.11,Pending,Offline,719,2025-12-31,2025-12-31
5975,tabssum,7200932326,Female,Tamil,1,6,4.0,Pending,Offline,166,2025-02-22,2025-02-22
5976,tabsum,6222061638,Female,Telugu,5,40,4.45,Verified,Available,473,2025-10-30,2025-10-30
5977,tabwsum,7382775517,Male,Telugu,6,29,3.89,Pending,Offline,243,2025-11-18,2025-11-18
5978,tafsir,6704085230,Female,English,15,45,4.84,Pending,Available,505,2025-12-27,2025-12-27
5979,tahir,6985097561,Female,Malayalam,7,15,4.85,Verified,Available,581,2025-04-26,2025-04-26
5980,tahira,6805154437,Female,Tamil,20,15,4.24,Pending,Busy,194,2025-08-25,2025-08-25
5981,tahseen,8537699250,Male,Telugu,17,46,4.7,Pending,Available,45,2025-06-03,2025-06-03
5982,taitra,9011121784,Female,Tamil,11,29,4.31,Verified,Offline,174,2025-08-15,2025-08-15
5983,taiyab,9956602589,Female,English,17,12,4.43,Pending,Offline,25,2025-01-21,2025-01-21
5984,taj,9737458541,Male,Malayalam,19,30,4.66,Verified,Offline,39,2025-01-12,2025-01-12
5985,tajinder,9319570935,Female,Kannada,3,18,3.7,Verified,Busy,685,2025-01-28,2025-01-28
5986,tajmaha,6496137263,Male,Malayalam,13,26,4.19,Verified,Offline,100,2025-09-11,2025-09-11
5987,tajrani,7411076441,Female,English,5,18,4.86,Pending,Offline,164,2025-03-30,2025-03-30
5988,tajuddin,6900338624,Female,English,2,7,4.58,Pending,Busy,278,2025-01-18,2025-01-18
5989,tajwar,8297425160,Male,Malayalam,2,41,3.88,Verified,Available,96,2025-12-24,2025-12-24
5990,tak,6630791289,Male,Kannada,20,43,4.57,Verified,Offline,631,2025-03-29,2025-03-29
5991,taki,9963456057,Male,English,10,6,3.58,Verified,Offline,25,2025-05-06,2025-05-06
5992,takshila,7896234632,Male,Kannada,12,48,3.87,Pending,Offline,704,2025-10-03,2025-10-03
5993,taleem,7849736498,Female,Malayalam,1,50,4.96,Pending,Offline,386,2025-10-09,2025-10-09
5994,talib,6694250470,Male,Kannada,11,26,3.97,Verified,Available,753,2025-03-05,2025-03-05
5995,talim,7694743665,Male,Kannada,7,19,3.9,Verified,Available,718,2025-04-12,2025-04-12
5996,talvender,9770369930,Female,Hindi,7,49,4.29,Verified,Offline,355,2025-08-23,2025-08-23
5997,tamana,7687961566,Female,Malayalam,5,15,4.14,Verified,Busy,145,2025-01-10,2025-01-10
5998,tamanna,6200574331,Female,English,5,12,4.72,Pending,Offline,274,2025-12-16,2025-12-16
5999,tameezuddin,7292301701,Female,Telugu,16,30,4.35,Pending,Offline,733,2025-10-23,2025-10-23
6000,tammanne,7395680398,Male,Tamil,6,33,4.79,Pending,Available,538,2025-08-11,2025-08-11
6001,tamnna,6412668407,Female,Telugu,1,37,4.74,Pending,Busy,210,2025-08-07,2025-08-07
6002,tamsa,8421460006,Male,Hindi,5,27,4.08,Pending,Available,513,2025-12-16,2025-12-16
6003,tane,6475789076,Female,English,5,50,4.2,Pending,Offline,571,2025-07-05,2025-07-05
6004,tania,6139232102,Female,Telugu,0,18,4.15,Verified,Busy,248,2025-04-21,2025-04-21
6005,tanish,9377936587,Male,Telugu,11,20,3.91,Pending,Available,775,2025-07-09,2025-07-09
6006,tanisha,7039780736,Female,Tamil,11,15,3.94,Verified,Offline,202,2025-05-14,2025-05-14
6007,taniya,7828348107,Male,Hindi,6,16,3.73,Verified,Busy,660,2025-09-18,2025-09-18
6008,tanjima,8363385633,Female,Telugu,7,32,3.74,Pending,Available,781,2025-10-16,2025-10-16
6009,tanmay,6939636325,Male,Tamil,16,6,4.84,Pending,Offline,677,2025-05-01,2025-05-01
6010,tannu,8631215257,Female,English,8,28,4.47,Verified,Available,145,2025-05-31,2025-05-31
6011,tanu,6782835397,Male,Malayalam,10,46,3.9,Pending,Available,570,2025-11-25,2025-11-25
6012,tanuj,8309591068,Male,Telugu,18,40,3.61,Verified,Available,744,2025-02-12,2025-02-12
6013,tanuja,9364735652,Male,Hindi,8,38,4.21,Verified,Available,148,2025-05-25,2025-05-25
6014,tanushri,7518129026,Male,Kannada,0,25,3.93,Pending,Offline,74,2025-04-25,2025-04-25
6015,tanveer,7617471273,Male,Telugu,9,38,3.7,Pending,Available,791,2025-07-03,2025-07-03
6016,tanvi,7773550604,Female,Malayalam,20,33,3.94,Pending,Available,374,2025-12-22,2025-12-22
6017,tanvir,6068065405,Male,Hindi,2,33,3.92,Pending,Available,42,2025-07-19,2025-07-19
6018,tanya,7895610056,Female,English,20,29,3.99,Pending,Busy,481,2025-06-30,2025-06-30
6019,tapan,9501935582,Female,Kannada,7,24,3.6,Verified,Offline,442,2025-02-22,2025-02-22
6020,tapas,6191822275,Male,English,2,9,4.57,Pending,Offline,601,2025-11-29,2025-11-29
6021,tapender,8234443583,Male,Kannada,1,29,4.39,Pending,Busy,223,2025-04-27,2025-04-27
6022,tapish,6461957993,Female,Tamil,3,48,4.0,Pending,Busy,523,2025-09-06,2025-09-06
6023,tapsam,9668284452,Male,Telugu,2,9,3.93,Pending,Available,17,2025-03-03,2025-03-03
6024,tapsya,7344207321,Male,Hindi,0,49,4.74,Verified,Offline,767,2025-08-21,2025-08-21
6025,tapsyum,8601580779,Male,Kannada,15,9,3.79,Pending,Available,400,2025-05-28,2025-05-28
6026,tara,6697934285,Female,Tamil,9,18,4.45,Pending,Busy,407,2025-09-14,2025-09-14
6027,tarachand,8620419725,Female,English,13,38,4.41,Pending,Available,432,2025-02-26,2025-02-26
6028,taramati,7095954071,Female,English,13,40,4.13,Verified,Available,570,2025-12-23,2025-12-23
6029,taran,9610027773,Female,Kannada,18,42,4.95,Pending,Offline,637,2025-03-02,2025-03-02
6030,taranjeet,6447025480,Female,Malayalam,2,45,4.86,Verified,Offline,231,2025-08-03,2025-08-03
6031,tarannum,9899691447,Male,Kannada,13,7,4.01,Pending,Available,240,2025-09-25,2025-09-25
6032,tarawati,9487588308,Female,Telugu,17,15,4.11,Verified,Available,23,2025-05-18,2025-05-18
6033,tarbez,9664598619,Female,Telugu,11,46,4.93,Pending,Available,221,2025-07-26,2025-07-26
6034,tarif,8485164010,Female,English,20,15,3.91,Verified,Offline,572,2025-09-23,2025-09-23
6035,tariq,7059789502,Female,Telugu,7,28,4.24,Verified,Offline,778,2025-09-27,2025-09-27
6036,tarjan,7161546500,Male,Kannada,1,44,4.66,Verified,Available,268,2025-10-30,2025-10-30
6037,tarnnum,7875186257,Female,Hindi,12,11,4.75,Pending,Busy,120,2025-11-05,2025-11-05
6038,tarnum,7429020013,Male,Hindi,17,43,4.85,Verified,Busy,180,2025-07-31,2025-07-31
6039,tarun,9812614690,Female,Tamil,2,49,4.17,Pending,Busy,211,2025-10-23,2025-10-23
6040,taruna,8382311308,Male,Tamil,5,19,3.7,Verified,Available,297,2025-03-20,2025-03-20
6041,tarunnam,9430734155,Male,Hindi,5,26,4.11,Pending,Offline,110,2025-02-28,2025-02-28
6042,tasbiha,6341616387,Male,English,9,31,3.74,Pending,Offline,777,2025-12-12,2025-12-12
6043,tashkkur,8496713636,Female,Telugu,12,12,4.36,Verified,Busy,185,2025-07-07,2025-07-07
6044,tashnim,7055768157,Female,Hindi,3,27,4.23,Verified,Available,575,2025-08-20,2025-08-20
6045,tasleem,9532689026,Male,Malayalam,6,35,4.81,Verified,Available,44,2025-06-10,2025-06-10
6046,taslim,7255438683,Male,Malayalam,13,12,3.58,Verified,Available,526,2025-10-17,2025-10-17
6047,taslima,6916032567,Female,Tamil,9,28,3.59,Verified,Available,420,2025-07-29,2025-07-29
6048,tasmina,7646982138,Female,Kannada,10,46,3.85,Pending,Available,506,2025-09-28,2025-09-28
6049,tasnim,8883889910,Female,Malayalam,4,19,4.56,Verified,Available,618,2025-08-29,2025-08-29
6050,tassadul,7548356869,Male,Malayalam,16,19,3.61,Verified,Available,409,2025-06-19,2025-06-19
6051,tasveeran,8453631060,Female,Hindi,8,13,4.12,Verified,Available,129,2025-05-19,2025-05-19
6052,taufik,9230453717,Male,Kannada,7,38,4.68,Pending,Busy,733,2025-04-23,2025-04-23
6053,tauseek,7691704280,Female,Hindi,0,41,3.99,Verified,Available,240,2025-06-14,2025-06-14
6054,taushif,6334285041,Female,Telugu,20,39,4.95,Verified,Offline,524,2025-09-09,2025-09-09
6055,tausin,9183999364,Male,English,0,36,3.72,Pending,Offline,1,2025-04-10,2025-04-10
6056,tavinder,8653646825,Male,Malayalam,0,17,4.8,Pending,Offline,415,2025-09-02,2025-09-02
6057,tavraj,6988520381,Male,Tamil,8,5,3.81,Verified,Busy,383,2025-09-01,2025-09-01
6058,tavvasum,6937537357,Female,Tamil,14,25,4.72,Verified,Available,498,2025-08-05,2025-08-05
6059,tayab,7585782375,Male,Telugu,18,35,4.58,Pending,Offline,294,2025-12-10,2025-12-10
6060,tazaudeen,8882656423,Female,Kannada,20,14,4.37,Pending,Busy,629,2025-02-12,2025-02-12
6061,teekam,8859078002,Female,Malayalam,1,32,3.67,Pending,Available,485,2025-09-17,2025-09-17
6062,teena,6795925092,Female,English,19,10,5.0,Pending,Busy,500,2025-09-27,2025-09-27
6063,teenu,9638149735,Male,Malayalam,14,21,3.7,Pending,Busy,113,2025-11-22,2025-11-22
6064,teerath,9558080326,Male,English,5,36,3.82,Verified,Busy,487,2025-12-22,2025-12-22
6065,tehmina,6859720676,Female,Telugu,5,33,4.47,Verified,Busy,204,2025-12-23,2025-12-23
6066,tej,8124046713,Male,Hindi,4,20,4.62,Verified,Busy,530,2025-10-07,2025-10-07
6067,teja,9702712329,Male,Telugu,10,32,3.73,Verified,Offline,323,2025-04-18,2025-04-18
6068,tejender,7978843165,Male,Telugu,10,17,3.96,Pending,Available,296,2025-03-31,2025-03-31
6069,tejpal,9261469331,Female,Malayalam,7,24,4.34,Verified,Busy,583,2025-01-13,2025-01-13
6070,tejvir,7611055576,Female,Malayalam,10,17,3.63,Verified,Available,613,2025-09-03,2025-09-03
6071,tek,8852255613,Female,Telugu,8,26,4.39,Verified,Busy,40,2025-08-07,2025-08-07
6072,tekchand,6864641017,Female,Malayalam,20,24,4.16,Verified,Offline,534,2025-04-22,2025-04-22
6073,tepu,7394265943,Female,Malayalam,0,38,4.13,Pending,Offline,173,2025-07-26,2025-07-26
6074,terence,9771292008,Male,Hindi,19,40,3.87,Verified,Offline,351,2025-04-12,2025-04-12
6075,thakur,6085714096,Male,Tamil,14,36,3.92,Verified,Busy,238,2025-08-08,2025-08-08
6076,tharu,7862588851,Male,English,13,40,4.96,Verified,Busy,159,2025-08-03,2025-08-03
6077,thomas,7771935698,Male,Tamil,9,41,4.78,Pending,Offline,388,2025-02-07,2025-02-07
6078,tikaram,7451828520,Male,Tamil,20,40,4.98,Pending,Offline,614,2025-10-21,2025-10-21
6079,tikku,6239778164,Male,Telugu,10,39,4.02,Pending,Busy,505,2025-08-08,2025-08-08
6080,tilak,8269754192,Female,Telugu,15,44,4.15,Verified,Busy,50,2025-07-20,2025-07-20
6081,tilakraj,7851688772,Female,English,17,24,4.76,Pending,Busy,364,2025-08-24,2025-08-24
6082,tilakram,6260022589,Female,Malayalam,17,5,4.83,Pending,Available,117,2025-03-01,2025-03-01
6083,tilk,9975395644,Male,Kannada,6,40,4.03,Pending,Available,59,2025-12-17,2025-12-17
6084,tina,9649916242,Female,Malayalam,14,24,4.97,Pending,Offline,329,2025-01-28,2025-01-28
6085,tinki,6584533573,Male,Telugu,1,12,4.62,Verified,Busy,374,2025-07-27,2025-07-27
6086,tinku,8535144106,Female,English,10,13,3.81,Verified,Available,697,2025-07-10,2025-07-10
6087,tinvkal,7480888027,Male,English,4,17,4.01,Verified,Busy,527,2025-01-20,2025-01-20
6088,tipu,6639835807,Male,Hindi,14,18,4.29,Pending,Available,597,2025-07-01,2025-07-01
6089,tirath,9711045886,Male,Tamil,0,23,4.64,Pending,Available,517,2025-01-31,2025-01-31
6090,tirlok,9485507968,Female,Kannada,8,13,4.79,Pending,Offline,696,2025-08-11,2025-08-11
6091,tisar,7321930798,Female,Telugu,1,39,4.47,Verified,Offline,289,2025-12-29,2025-12-29
6092,tisha,6179816041,Female,Malayalam,14,28,4.24,Pending,Busy,20,2025-09-18,2025-09-18
6093,titu,7930650563,Female,Kannada,18,13,4.23,Pending,Busy,259,2025-11-20,2025-11-20
6094,tiwankle,8900431599,Female,Malayalam,13,21,4.9,Verified,Busy,533,2025-07-13,2025-07-13
6095,tiwnkal,8262524600,Female,Telugu,4,21,4.52,Pending,Offline,285,2025-05-06,2025-05-06
6096,tofik,9467880198,Male,English,2,18,4.96,Verified,Busy,220,2025-05-26,2025-05-26
6097,tohid,8863387119,Male,Hindi,11,36,4.72,Pending,Busy,219,2025-11-06,2025-11-06
6098,tohir,7112974595,Female,Telugu,2,40,4.42,Pending,Busy,382,2025-10-13,2025-10-13
6099,tohmeena,9667018744,Female,Kannada,14,39,4.81,Pending,Available,487,2025-10-07,2025-10-07
6100,tohseeem,8541032394,Male,Kannada,12,23,3.64,Verified,Offline,445,2025-03-11,2025-03-11
6101,tolaram,9880533022,Female,Kannada,8,15,4.95,Pending,Available,189,2025-02-20,2025-02-20
6102,toni,7671299510,Male,Tamil,18,41,4.47,Verified,Offline,769,2025-07-16,2025-07-16
6103,tony,9058984560,Female,English,3,9,4.5,Pending,Offline,77,2025-03-11,2025-03-11
6104,tool,6619188772,Female,Kannada,20,38,4.94,Pending,Available,575,2025-02-23,2025-02-23
6105,toquir,7086404855,Male,Telugu,17,33,3.69,Verified,Offline,172,2025-11-19,2025-11-19
6106,toshar,9529183395,Female,Tamil,0,41,4.18,Pending,Available,517,2025-09-21,2025-09-21
6107,tosheeb,8571647769,Female,Hindi,5,50,4.21,Verified,Busy,64,2025-06-04,2025-06-04
6108,tosif,8807252085,Female,Telugu,1,40,3.84,Pending,Busy,131,2025-07-25,2025-07-25
6109,trannum,9841225777,Female,Malayalam,10,20,4.54,Pending,Busy,263,2025-02-24,2025-02-24
6110,tranoom,7977138438,Male,Malayalam,6,44,4.21,Pending,Offline,524,2025-01-17,2025-01-17
6111,traun,6919433719,Female,Malayalam,8,46,4.0,Verified,Available,647,2025-05-31,2025-05-31
6112,trepti,9845658551,Female,Telugu,13,37,3.88,Verified,Offline,628,2025-02-24,2025-02-24
6113,tribavan,7547758542,Female,Kannada,16,40,4.5,Pending,Available,112,2025-12-19,2025-12-19
6114,trijugi,9752302944,Male,Tamil,11,10,4.05,Verified,Busy,124,2025-05-29,2025-05-29
6115,trilochan,9437295375,Female,English,12,22,4.9,Verified,Available,765,2025-07-26,2025-07-26
6116,trilock,8896331420,Female,Telugu,13,34,4.96,Verified,Offline,718,2025-04-07,2025-04-07
6117,trilok,8445409340,Male,English,10,12,3.63,Pending,Available,722,2025-02-02,2025-02-02
6118,tripta,6153411122,Female,Telugu,16,39,3.75,Pending,Available,318,2025-08-29,2025-08-29
6119,tripti,6601784821,Male,Hindi,8,39,3.69,Pending,Busy,432,2025-07-01,2025-07-01
6120,tripurari,8431765289,Female,Tamil,14,35,4.93,Verified,Busy,142,2025-07-13,2025-07-13
6121,triveni,6241341883,Male,English,6,15,4.49,Pending,Busy,294,2025-05-02,2025-05-02
6122,trlokchand,6066322310,Female,Kannada,18,34,4.36,Pending,Busy,369,2025-11-28,2025-11-28
6123,tuba,6890603049,Male,Kannada,2,16,4.54,Verified,Available,737,2025-05-10,2025-05-10
6124,tufail,9935588605,Female,Malayalam,16,22,4.87,Pending,Available,510,2025-09-17,2025-09-17
6125,tufel,6269774730,Male,Tamil,20,29,3.89,Pending,Offline,175,2025-08-31,2025-08-31
6126,tuka,7719484700,Female,Malayalam,20,40,3.9,Verified,Busy,186,2025-05-14,2025-05-14
6127,tulcharam,6039148240,Male,Tamil,18,27,4.8,Verified,Offline,715,2025-07-24,2025-07-24
6128,tulki,7425199183,Male,Telugu,15,34,4.93,Pending,Available,164,2025-03-13,2025-03-13
6129,tulsa,7706378997,Female,Tamil,12,31,4.08,Pending,Available,506,2025-04-28,2025-04-28
6130,tulsha,7873670495,Male,Hindi,11,13,4.46,Verified,Available,152,2025-12-12,2025-12-12
6131,tulshi,8652521451,Male,Telugu,6,35,4.33,Pending,Available,747,2025-11-03,2025-11-03
6132,tulsi,6324296629,Male,Hindi,18,37,4.57,Verified,Available,294,2025-04-18,2025-04-18
6133,tulsiram,9244575372,Male,Kannada,10,41,4.25,Pending,Offline,670,2025-07-12,2025-07-12
6134,tumpa,9434812945,Male,Hindi,11,47,4.44,Pending,Available,140,2025-11-03,2025-11-03
6135,tunda,9457526890,Female,Tamil,8,38,4.7,Pending,Available,178,2025-10-17,2025-10-17
6136,tundiram,6306768437,Male,Malayalam,6,25,4.51,Verified,Offline,653,2025-07-06,2025-07-06
6137,tunni,9532966537,Female,Kannada,12,26,3.9,Verified,Offline,353,2025-03-12,2025-03-12
6138,turveny,8720662605,Female,Kannada,6,47,4.58,Pending,Available,718,2025-06-12,2025-06-12
6139,tushal,7346987808,Female,Telugu,8,21,4.67,Verified,Offline,514,2025-06-01,2025-06-01
6140,tushar,7123086174,Male,Tamil,11,28,4.05,Verified,Available,665,2025-05-07,2025-05-07
6141,twenkle,6164118837,Female,Hindi,18,12,4.73,Verified,Busy,437,2025-11-14,2025-11-14
6142,twinkal,6744999169,Female,Malayalam,14,36,3.8,Verified,Busy,597,2025-09-04,2025-09-04
6143,twinkil,9061400055,Male,Malayalam,16,26,4.52,Pending,Busy,152,2025-05-16,2025-05-16
6144,twinkle,9720191514,Female,Malayalam,5,12,4.08,Pending,Offline,16,2025-05-12,2025-05-12
6145,tyara,6009666302,Male,Malayalam,9,25,4.83,Verified,Offline,339,2025-02-20,2025-02-20
6146,uda,9342293041,Male,English,0,36,4.94,Verified,Available,330,2025-02-02,2025-02-02
6147,udai,9671248821,Female,Tamil,1,7,4.85,Verified,Available,427,2025-12-10,2025-12-10
6148,udaiveer,9701072931,Female,Kannada,12,25,4.49,Verified,Busy,640,2025-06-29,2025-06-29
6149,udaiy,7126982316,Female,English,11,6,4.52,Verified,Offline,120,2025-10-11,2025-10-11
6150,udal,8453852785,Female,Telugu,7,19,3.53,Pending,Available,218,2025-09-27,2025-09-27
6151,uday,7159105758,Female,Tamil,14,43,3.92,Verified,Available,255,2025-12-20,2025-12-20
6152,udesh,9425098544,Female,Hindi,14,45,3.92,Pending,Available,707,2025-06-18,2025-06-18
6153,udham,7115722755,Female,Kannada,10,14,4.84,Verified,Offline,83,2025-09-11,2025-09-11
6154,udi,8153427819,Male,Tamil,5,5,4.69,Pending,Busy,468,2025-06-29,2025-06-29
6155,udit,7870530503,Male,Telugu,4,35,4.85,Pending,Available,142,2025-09-06,2025-09-06
6156,udita,6823696051,Male,Tamil,8,49,4.94,Verified,Available,694,2025-03-03,2025-03-03
6157,udmai,9850321795,Female,Malayalam,0,5,4.76,Pending,Available,499,2025-02-08,2025-02-08
6158,uganta,9898765924,Male,Malayalam,17,50,3.5,Verified,Available,289,2025-07-17,2025-07-17
6159,ugma,8465862668,Male,Kannada,2,28,3.8,Verified,Available,659,2025-09-28,2025-09-28
6160,ujama,9000876575,Female,English,17,49,3.59,Verified,Available,217,2025-05-03,2025-05-03
6161,ujamma,7053256649,Female,English,17,14,4.43,Pending,Busy,508,2025-10-22,2025-10-22
6162,ujir,6148840159,Male,Hindi,6,46,3.69,Verified,Available,344,2025-10-31,2025-10-31
6163,ujjair,9419746574,Male,Kannada,16,24,4.19,Pending,Available,633,2025-07-16,2025-07-16
6164,ujjawal,6286974106,Male,English,17,25,3.71,Verified,Available,667,2025-09-08,2025-09-08
6165,ujjwal,9113300712,Female,Malayalam,9,32,4.56,Verified,Busy,602,2025-06-27,2025-06-27
6166,uma,6359763753,Male,Kannada,8,8,3.74,Pending,Busy,366,2025-09-07,2025-09-07
6167,umakant,9598112610,Male,Tamil,4,35,4.77,Pending,Busy,598,2025-01-29,2025-01-29
6168,umanath,6823788447,Female,Hindi,1,24,3.56,Verified,Offline,707,2025-09-07,2025-09-07
6169,umang,7743379892,Male,Malayalam,16,7,3.54,Pending,Offline,268,2025-03-18,2025-03-18
6170,umar,9131823814,Female,Kannada,18,30,4.64,Verified,Busy,82,2025-10-28,2025-10-28
6171,umardaraz,9273111970,Female,Kannada,1,17,3.57,Pending,Offline,456,2025-06-11,2025-06-11
6172,umardeen,9189334239,Female,English,3,16,4.92,Pending,Busy,480,2025-03-02,2025-03-02
6173,umasankar,9817962965,Male,Tamil,16,6,4.87,Pending,Offline,121,2025-04-22,2025-04-22
6174,umashankar,7400985462,Male,Kannada,4,25,3.8,Verified,Available,5,2025-11-20,2025-11-20
6175,umashanker,8262929093,Male,Kannada,14,42,4.37,Verified,Available,269,2025-11-25,2025-11-25
6176,umda,9354631877,Female,Tamil,3,12,4.47,Pending,Busy,16,2025-03-24,2025-03-24
6177,umedi,9772406787,Male,English,10,9,4.11,Verified,Offline,265,2025-08-31,2025-08-31
6178,umesh,9504652281,Male,Malayalam,15,16,4.63,Pending,Offline,469,2025-02-12,2025-02-12
6179,umesha,7342863600,Female,Malayalam,20,22,3.61,Verified,Offline,598,2025-03-28,2025-03-28
6180,umlesh,9577841850,Male,Tamil,19,46,3.87,Pending,Offline,686,2025-03-11,2025-03-11
6181,umma,6083356243,Female,Malayalam,13,34,3.93,Pending,Offline,160,2025-02-06,2025-02-06
6182,umme,7017237693,Male,Hindi,19,35,4.69,Verified,Busy,387,2025-10-14,2025-10-14
6183,umrawti,6093637409,Male,Malayalam,11,18,4.05,Verified,Available,31,2025-02-23,2025-02-23
6184,unkar,8553573664,Female,Malayalam,8,20,3.91,Verified,Available,534,2025-01-17,2025-01-17
6185,unknown,7287320489,Male,Telugu,1,37,3.98,Pending,Busy,784,2025-10-13,2025-10-13
6186,unnati,8797968903,Male,English,8,11,4.64,Verified,Available,752,2025-03-08,2025-03-08
6187,upasana,7745253214,Male,Malayalam,3,10,4.81,Verified,Available,643,2025-11-25,2025-11-25
6188,upasna,9161326897,Female,Telugu,9,37,4.85,Verified,Busy,274,2025-08-29,2025-08-29
6189,upender,6572505875,Male,Hindi,11,21,4.91,Pending,Offline,454,2025-10-18,2025-10-18
6190,upendra,9004970041,Female,Hindi,17,25,4.19,Pending,Available,478,2025-11-06,2025-11-06
6191,urendra,6377101787,Male,Malayalam,16,13,3.8,Verified,Offline,740,2025-06-15,2025-06-15
6192,urmila,7033920892,Male,Hindi,20,24,3.96,Verified,Busy,92,2025-05-07,2025-05-07
6193,urvarshi,7497181810,Female,Telugu,3,41,4.88,Pending,Offline,722,2025-09-14,2025-09-14
6194,urvashi,8235535612,Female,Tamil,16,42,4.36,Pending,Busy,292,2025-10-10,2025-10-10
6195,urwashi,8295021667,Male,Tamil,11,23,4.42,Pending,Busy,215,2025-10-03,2025-10-03
6196,usha,9343868266,Female,Tamil,11,20,3.96,Pending,Busy,53,2025-05-23,2025-05-23
6197,usmaan,6371348783,Male,Malayalam,0,17,4.4,Pending,Busy,184,2025-12-29,2025-12-29
6198,usman,8203431510,Female,Tamil,6,33,3.74,Verified,Available,428,2025-03-12,2025-03-12
6199,utam,8448702933,Male,Malayalam,19,37,4.05,Verified,Available,583,2025-11-08,2025-11-08
6200,utkarsh,9932489913,Male,English,11,18,4.05,Pending,Offline,50,2025-02-09,2025-02-09
6201,utpana,7148271064,Male,Telugu,10,41,4.11,Pending,Busy,312,2025-11-27,2025-11-27
6202,uttam,7120180503,Male,Kannada,12,47,3.91,Verified,Offline,560,2025-11-21,2025-11-21
6203,uzma,8601414137,Female,English,19,39,4.96,Pending,Busy,595,2025-01-16,2025-01-16
6204,vadhi,7092782548,Male,Malayalam,4,45,4.42,Pending,Available,246,2025-08-27,2025-08-27
6205,vahab,9869443017,Male,Kannada,8,25,4.76,Pending,Offline,259,2025-11-21,2025-11-21
6206,vaibahv,7147527158,Male,Malayalam,17,37,4.51,Verified,Offline,30,2025-04-18,2025-04-18
6207,vaibav,9575283714,Male,Kannada,9,30,5.0,Verified,Offline,174,2025-12-24,2025-12-24
6208,vaibhav,9282562995,Female,Tamil,8,10,4.7,Verified,Offline,627,2025-07-07,2025-07-07
6209,vaid,6895524518,Female,Telugu,7,29,4.81,Verified,Available,545,2025-02-09,2025-02-09
6210,vaijanti,6107906552,Male,English,20,30,3.61,Verified,Busy,585,2025-11-02,2025-11-02
6211,vaishali,7658236376,Male,Hindi,13,5,4.93,Pending,Available,616,2025-08-07,2025-08-07
6212,vaishanvi,7328981178,Female,Tamil,9,37,4.05,Pending,Offline,296,2025-03-02,2025-03-02
6213,vajid,6570618964,Male,English,18,9,3.61,Pending,Offline,146,2025-05-26,2025-05-26
6214,vakeel,6376592889,Male,English,16,22,4.79,Verified,Offline,293,2025-07-20,2025-07-20
6215,vakesh,6362790094,Female,English,11,40,4.58,Pending,Available,601,2025-12-15,2025-12-15
6216,vakil,8848247220,Female,Tamil,20,42,4.91,Verified,Available,737,2025-06-11,2025-06-11
6217,vakila,7129358785,Female,Tamil,4,5,4.44,Pending,Busy,618,2025-08-29,2025-08-29
6218,valentina,8800015738,Female,Kannada,17,21,3.94,Verified,Busy,522,2025-11-12,2025-11-12
6219,vandana,6037067616,Female,Kannada,5,31,4.44,Pending,Busy,208,2025-03-16,2025-03-16
6220,vandhana,6495776453,Female,Malayalam,0,21,4.6,Pending,Busy,318,2025-05-09,2025-05-09
6221,vandhna,8661964786,Male,Malayalam,15,45,4.76,Pending,Offline,38,2025-07-24,2025-07-24
6222,vandita,7895800726,Female,Hindi,19,42,3.86,Pending,Busy,130,2025-04-15,2025-04-15
6223,vandna,7942597704,Female,Hindi,16,31,4.4,Verified,Busy,196,2025-06-15,2025-06-15
6224,vanish,8136475211,Female,Tamil,14,34,4.67,Verified,Available,622,2025-12-18,2025-12-18
6225,vansh,7219844247,Male,Hindi,4,50,4.61,Pending,Busy,28,2025-11-20,2025-11-20
6226,vanshika,6570184516,Female,Hindi,17,15,3.82,Pending,Available,591,2025-04-20,2025-04-20
6227,vanshu,8460256936,Female,Malayalam,0,13,4.45,Verified,Available,341,2025-05-24,2025-05-24
6228,vansu,9121153131,Female,Tamil,9,6,4.33,Pending,Available,783,2025-05-13,2025-05-13
6229,varda,7258515740,Male,Tamil,2,47,3.98,Pending,Available,9,2025-04-25,2025-04-25
6230,varisha,8226762411,Female,Kannada,7,16,3.62,Verified,Available,157,2025-05-22,2025-05-22
6231,varsa,7956000950,Male,English,10,23,3.63,Pending,Busy,8,2025-03-10,2025-03-10
6232,varsh,7077474328,Male,Malayalam,20,33,4.89,Verified,Offline,553,2025-06-18,2025-06-18
6233,varsha,9134993670,Male,Telugu,11,43,4.31,Verified,Available,204,2025-09-06,2025-09-06
6234,varun,9475545964,Male,Malayalam,20,11,3.97,Verified,Available,78,2025-11-06,2025-11-06
6235,vasa,7528345376,Male,English,14,25,3.93,Verified,Offline,582,2025-11-10,2025-11-10
6236,vaseem,8609557215,Female,Tamil,11,32,4.84,Verified,Offline,521,2025-01-26,2025-01-26
6237,vashanavi,6300443082,Female,Hindi,4,49,4.63,Verified,Available,664,2025-01-08,2025-01-08
6238,vashila,8956911613,Male,English,8,19,3.89,Verified,Busy,347,2025-04-18,2025-04-18
6239,vashisast,7473848277,Male,Kannada,17,35,4.49,Verified,Busy,653,2025-08-18,2025-08-18
6240,vashu,7267580120,Female,Kannada,15,43,4.26,Verified,Offline,317,2025-10-18,2025-10-18
6241,vashudev,7533958060,Male,Malayalam,0,33,4.82,Pending,Offline,341,2025-09-16,2025-09-16
6242,vasida,6410760140,Female,Malayalam,9,29,3.79,Verified,Offline,778,2025-01-24,2025-01-24
6243,vasim,9351434828,Female,Malayalam,8,44,4.93,Verified,Offline,209,2025-02-24,2025-02-24
6244,vasiya,8480602421,Female,Hindi,5,46,3.56,Verified,Available,655,2025-08-08,2025-08-08
6245,vasu,6690082633,Female,Tamil,0,33,4.29,Pending,Offline,418,2025-04-19,2025-04-19
6246,vasuki,6874384432,Male,English,5,30,4.14,Pending,Offline,273,2025-10-05,2025-10-05
6247,vazid,7268610255,Female,English,9,42,4.33,Pending,Available,382,2025-02-17,2025-02-17
6248,ved,7598828291,Male,Tamil,16,32,4.94,Pending,Available,368,2025-05-30,2025-05-30
6249,vedanand,9185548969,Male,English,14,46,3.59,Verified,Available,81,2025-08-23,2025-08-23
6250,vedehi,8075618112,Male,Hindi,12,7,4.93,Pending,Available,719,2025-11-16,2025-11-16
6251,vedh,9086653021,Male,Hindi,6,8,4.67,Pending,Busy,105,2025-08-08,2025-08-08
6252,vedprakash,6584367364,Female,Tamil,0,32,3.78,Pending,Offline,666,2025-08-03,2025-08-03
6253,veejita,9274993688,Male,Malayalam,20,23,3.71,Pending,Busy,167,2025-05-05,2025-05-05
6254,veena,7010882499,Male,Tamil,18,30,3.79,Pending,Available,443,2025-11-13,2025-11-13
6255,veenita,7580067487,Female,Hindi,9,20,3.91,Verified,Busy,309,2025-04-24,2025-04-24
6256,veenu,9698043064,Female,Kannada,20,29,4.56,Pending,Busy,269,2025-11-03,2025-11-03
6257,veepal,7424242869,Male,Tamil,12,50,3.76,Verified,Available,767,2025-10-31,2025-10-31
6258,veepinchand,8102914037,Female,Telugu,8,24,3.58,Pending,Busy,379,2025-03-24,2025-03-24
6259,veer,9079834839,Female,Kannada,14,33,4.82,Verified,Offline,157,2025-04-18,2025-04-18
6260,veera,6834916227,Female,Malayalam,3,14,4.14,Verified,Available,764,2025-05-30,2025-05-30
6261,veerander,9930347727,Female,Malayalam,10,41,3.97,Verified,Available,14,2025-06-11,2025-06-11
6262,veerbhan,7783124828,Male,Telugu,14,36,4.37,Verified,Busy,426,2025-08-09,2025-08-09
6263,veerendra,9209056083,Male,Kannada,15,33,4.01,Pending,Available,222,2025-03-11,2025-03-11
6264,veeri,7654213019,Female,Tamil,20,41,4.08,Verified,Offline,559,2025-10-16,2025-10-16
6265,veermati,7488856139,Female,Hindi,1,25,4.89,Verified,Available,8,2025-09-04,2025-09-04
6266,veero,6963471413,Female,English,2,50,4.21,Pending,Busy,724,2025-03-22,2025-03-22
6267,veerpal,6115656564,Female,English,15,16,4.38,Verified,Available,30,2025-05-15,2025-05-15
6268,veeru,9100343202,Female,Malayalam,11,15,4.54,Pending,Available,6,2025-06-15,2025-06-15
6269,velaram,8434583105,Male,Malayalam,15,13,3.95,Pending,Busy,35,2025-08-01,2025-08-01
6270,venkatswaran,9573158922,Male,Hindi,4,9,4.21,Verified,Available,548,2025-03-12,2025-03-12
6271,verendra,8748369640,Male,Telugu,14,19,3.65,Pending,Offline,6,2025-05-29,2025-05-29
6272,veronika,9734756533,Female,Tamil,9,19,4.94,Pending,Busy,608,2025-10-28,2025-10-28
6273,versa,7082712064,Female,Malayalam,6,30,4.95,Verified,Busy,732,2025-12-04,2025-12-04
6274,versha,9868706736,Female,Tamil,10,11,3.85,Pending,Offline,261,2025-11-16,2025-11-16
6275,vesali,7166621715,Female,English,18,8,4.84,Pending,Busy,398,2025-06-08,2025-06-08
6276,veshali,8895355628,Female,Hindi,2,46,3.86,Pending,Offline,750,2025-07-07,2025-07-07
6277,vibha,8603853015,Male,Telugu,1,17,4.52,Verified,Offline,473,2025-10-22,2025-10-22
6278,vibhash,7058776885,Female,Malayalam,11,33,4.76,Pending,Offline,228,2025-07-28,2025-07-28
6279,vibhuti,8855484907,Female,Telugu,8,15,4.15,Pending,Offline,133,2025-08-02,2025-08-02
6280,vicakha,7127320367,Male,Hindi,0,13,4.99,Pending,Available,78,2025-07-01,2025-07-01
6281,viccky,7863282962,Male,Malayalam,17,29,4.48,Pending,Offline,282,2025-12-17,2025-12-17
6282,vichitra,9388334867,Male,Telugu,17,21,4.65,Verified,Offline,580,2025-10-20,2025-10-20
6283,vickey,9803725894,Female,Malayalam,19,24,4.69,Verified,Busy,201,2025-01-20,2025-01-20
6284,vickky,6194536413,Male,Hindi,4,25,4.66,Pending,Available,677,2025-08-19,2025-08-19
6285,vicky,7183033544,Female,Tamil,11,16,4.95,Verified,Available,595,2025-01-03,2025-01-03
6286,victor,9733822824,Female,Tamil,0,6,4.28,Verified,Offline,342,2025-06-04,2025-06-04
6287,vidha,9667183192,Female,Tamil,6,28,4.05,Verified,Busy,70,2025-03-18,2025-03-18
6288,vidhavati,6742409060,Female,Kannada,9,39,4.76,Verified,Busy,266,2025-03-26,2025-03-26
6289,vidhi,8517145257,Male,Malayalam,6,8,4.78,Verified,Offline,127,2025-10-11,2025-10-11
6290,vidhya,8295709747,Female,Telugu,16,7,3.75,Pending,Available,40,2025-01-14,2025-01-14
6291,vidisha,7971740535,Female,Telugu,4,40,3.83,Pending,Busy,290,2025-05-26,2025-05-26
6292,vidit,9863493536,Male,Malayalam,5,23,4.8,Verified,Busy,623,2025-03-12,2025-03-12
6293,vidya,6845020892,Male,Tamil,10,39,4.26,Verified,Available,54,2025-08-08,2025-08-08
6294,vidyadatt,9892145776,Female,English,5,38,4.4,Verified,Offline,364,2025-01-18,2025-01-18
6295,vidyawati,9917493736,Female,Hindi,19,46,4.25,Verified,Available,220,2025-04-27,2025-04-27
6296,vihsal,6388091742,Male,Telugu,15,30,4.55,Pending,Offline,466,2025-07-24,2025-07-24
6297,vijay,9983363894,Male,Hindi,3,12,4.42,Pending,Busy,585,2025-06-20,2025-06-20
6298,vijaya,9798176917,Male,Kannada,0,23,3.64,Verified,Available,525,2025-11-19,2025-11-19
6299,vijayanta,9874311210,Male,English,14,12,4.61,Verified,Offline,462,2025-01-04,2025-01-04
6300,vijaynti,8098442545,Male,Kannada,18,6,4.08,Verified,Offline,681,2025-02-01,2025-02-01
6301,vijaypal,6887569778,Male,Kannada,17,38,4.91,Pending,Busy,445,2025-08-14,2025-08-14
6302,vijayta,7246588546,Male,Kannada,4,28,3.7,Pending,Busy,130,2025-03-23,2025-03-23
6303,vijendar,9287134076,Male,Hindi,17,7,3.65,Pending,Offline,430,2025-06-11,2025-06-11
6304,vijender,8674737664,Male,Malayalam,16,37,3.98,Pending,Offline,159,2025-02-06,2025-02-06
6305,vijendra,9605467843,Male,Malayalam,5,37,3.77,Pending,Busy,445,2025-07-03,2025-07-03
6306,vijesh,6446448979,Male,Telugu,14,34,4.65,Pending,Offline,652,2025-04-12,2025-04-12
6307,vijeta,7016164100,Female,Kannada,18,34,4.85,Pending,Busy,153,2025-11-16,2025-11-16
6308,vikaram,7377782558,Male,Kannada,8,9,4.57,Pending,Available,27,2025-08-06,2025-08-06
6309,vikarm,6545992131,Male,Kannada,1,12,4.53,Verified,Busy,197,2025-12-13,2025-12-13
6310,vikas,7637988344,Female,Kannada,18,7,3.98,Verified,Busy,475,2025-07-04,2025-07-04
6311,vikash,9604191858,Male,Malayalam,9,29,4.14,Pending,Offline,665,2025-05-23,2025-05-23
6312,vikesh,7172265179,Female,Tamil,1,30,4.52,Pending,Busy,367,2025-06-07,2025-06-07
6313,vikki,9417255930,Male,Hindi,17,25,3.74,Pending,Busy,632,2025-06-17,2025-06-17
6314,vikky,8944399653,Male,Malayalam,19,41,3.95,Verified,Offline,329,2025-04-30,2025-04-30
6315,vikram,9415696203,Female,English,19,14,4.6,Pending,Offline,541,2025-09-18,2025-09-18
6316,vikramjeet,8633670320,Male,English,8,14,3.84,Verified,Busy,479,2025-06-10,2025-06-10
6317,vikrant,8661904514,Male,Tamil,15,26,4.95,Verified,Available,18,2025-02-28,2025-02-28
6318,vikshi,7405347333,Female,Malayalam,2,18,4.29,Verified,Busy,563,2025-01-19,2025-01-19
6319,vilram,9426809168,Female,English,17,39,4.97,Pending,Busy,198,2025-10-07,2025-10-07
6320,vimal,6965250231,Female,English,7,42,3.62,Verified,Offline,782,2025-04-15,2025-04-15
6321,vimala,8362013883,Female,Tamil,12,15,4.8,Pending,Busy,398,2025-10-25,2025-10-25
6322,vimla,7168387329,Male,Tamil,11,10,4.24,Verified,Available,767,2025-11-14,2025-11-14
6323,vimlesh,7843046614,Male,Tamil,18,11,3.73,Verified,Offline,350,2025-05-06,2025-05-06
6324,vimukt,8673155718,Female,Tamil,8,7,4.98,Verified,Busy,418,2025-07-18,2025-07-18
6325,vinay,8225557749,Female,Malayalam,14,49,4.34,Pending,Available,217,2025-11-01,2025-11-01
6326,vinayak,7666414065,Female,Hindi,14,11,4.47,Pending,Available,281,2025-07-25,2025-07-25
6327,vinaysingh,8538502087,Female,English,19,49,4.14,Verified,Busy,581,2025-04-03,2025-04-03
6328,vindeshver,7991787073,Male,English,18,49,3.79,Verified,Available,297,2025-04-26,2025-04-26
6329,vineeta,8670272700,Male,Telugu,0,6,4.92,Verified,Offline,345,2025-03-08,2025-03-08
6330,vineta,6700076055,Male,Malayalam,11,34,4.02,Pending,Available,248,2025-02-11,2025-02-11
6331,viney,7039116745,Female,Tamil,14,44,3.81,Pending,Available,186,2025-01-13,2025-01-13
6332,vinit,7417993284,Male,Malayalam,0,23,4.23,Pending,Available,539,2025-08-07,2025-08-07
6333,vinita,7099017928,Female,Hindi,16,38,4.05,Verified,Offline,270,2025-05-10,2025-05-10
6334,vinna,8169435540,Female,Malayalam,4,39,4.97,Pending,Offline,209,2025-09-13,2025-09-13
6335,vinod,9135688721,Male,English,19,18,4.46,Verified,Busy,502,2025-02-20,2025-02-20
6336,vinoda,7814645687,Male,Telugu,2,8,4.4,Pending,Busy,291,2025-12-12,2025-12-12
6337,vinos,7482638726,Female,Malayalam,19,15,4.35,Verified,Available,774,2025-05-17,2025-05-17
6338,vipan,8683284520,Female,Malayalam,18,44,4.79,Pending,Busy,35,2025-01-11,2025-01-11
6339,vipasha,6474248608,Female,Tamil,11,37,3.96,Verified,Offline,82,2025-11-17,2025-11-17
6340,vipendra,6595551737,Male,Malayalam,2,26,4.96,Verified,Available,171,2025-02-16,2025-02-16
6341,vipin,8968975867,Female,Kannada,4,18,3.7,Verified,Offline,270,2025-03-12,2025-03-12
6342,vipiv,8604512983,Male,Malayalam,15,50,3.91,Pending,Available,309,2025-08-14,2025-08-14
6343,viplo,9372842157,Female,Kannada,19,17,4.82,Pending,Available,309,2025-07-21,2025-07-21
6344,vipol,9043317776,Female,Tamil,8,43,4.35,Pending,Offline,601,2025-11-05,2025-11-05
6345,vipta,8112729544,Female,Kannada,3,10,4.15,Pending,Busy,115,2025-06-30,2025-06-30
6346,vipul,6930642818,Male,Hindi,2,42,4.58,Pending,Busy,525,2025-09-27,2025-09-27
6347,vipulander,6363238179,Female,Kannada,6,40,3.71,Verified,Available,769,2025-12-15,2025-12-15
6348,vipun,8021192998,Male,Telugu,0,44,3.97,Verified,Available,660,2025-10-23,2025-10-23
6349,viraj,7235894907,Male,Hindi,1,45,3.76,Pending,Offline,263,2025-09-13,2025-09-13
6350,viram,7961608848,Female,Hindi,12,33,4.68,Pending,Offline,425,2025-08-01,2025-08-01
6351,virat,6329212153,Female,English,2,41,3.6,Verified,Busy,34,2025-04-25,2025-04-25
6352,viren,6708664677,Male,Kannada,18,22,3.99,Verified,Offline,153,2025-07-27,2025-07-27
6353,virender,8107506536,Male,Malayalam,0,33,3.93,Verified,Available,322,2025-12-20,2025-12-20
6354,virendra,7859109636,Female,English,17,23,4.17,Verified,Offline,72,2025-11-27,2025-11-27
6355,viresh,6158302876,Female,Hindi,1,40,4.28,Pending,Busy,728,2025-02-07,2025-02-07
6356,viriya,6574850888,Male,Telugu,10,41,4.4,Verified,Offline,224,2025-08-05,2025-08-05
6357,virjiniya,9829942684,Female,Telugu,1,14,4.24,Pending,Busy,319,2025-11-02,2025-11-02
6358,virnit,8368386906,Female,Telugu,15,46,4.49,Pending,Busy,596,2025-09-13,2025-09-13
6359,vironika,6019166916,Female,English,16,44,4.5,Pending,Available,570,2025-09-15,2025-09-15
6360,virpal,8139117471,Female,English,2,9,4.2,Verified,Busy,223,2025-04-28,2025-04-28
6361,virwanti,7489195657,Male,Tamil,1,13,4.01,Verified,Available,92,2025-10-21,2025-10-21
6362,visan,6216692610,Female,Hindi,18,32,3.97,Pending,Available,440,2025-07-18,2025-07-18
6363,vishakha,6655102532,Female,Telugu,11,18,4.41,Pending,Offline,655,2025-07-18,2025-07-18
6364,vishal,7120022305,Female,Kannada,14,21,4.57,Verified,Busy,317,2025-04-11,2025-04-11
6365,visham,7960761542,Male,Telugu,7,15,3.53,Verified,Available,516,2025-07-14,2025-07-14
6366,vishamitra,6324611381,Female,Telugu,4,6,4.77,Pending,Busy,747,2025-08-07,2025-08-07
6367,vishanu,6520865256,Female,Kannada,15,27,4.21,Verified,Available,428,2025-09-15,2025-09-15
6368,vishavkarma,8226796413,Female,English,2,8,3.56,Pending,Available,676,2025-05-06,2025-05-06
6369,vishesh,6421853865,Female,Telugu,17,22,4.89,Pending,Available,211,2025-01-10,2025-01-10
6370,vishnu,6530999004,Female,Hindi,1,5,4.86,Verified,Available,352,2025-11-11,2025-11-11
6371,vishu,7289553036,Male,Tamil,10,8,4.52,Pending,Available,20,2025-09-21,2025-09-21
6372,vishva,7446882033,Male,Kannada,20,49,3.52,Pending,Available,367,2025-07-27,2025-07-27
6373,vishvanath,7497094229,Female,Hindi,1,6,4.21,Pending,Busy,101,2025-09-09,2025-09-09
6374,vishvash,7436734000,Female,Hindi,2,43,4.58,Pending,Offline,257,2025-08-27,2025-08-27
6375,vishvnath,7594762842,Male,Malayalam,12,31,4.89,Pending,Available,645,2025-04-22,2025-04-22
6376,vishwanath,6023518977,Female,Hindi,9,14,4.83,Verified,Available,448,2025-02-09,2025-02-09
6377,vishwjeet,6485268228,Female,Malayalam,6,13,4.85,Verified,Offline,617,2025-12-25,2025-12-25
6378,visvajeet,9638858464,Female,Hindi,3,50,4.21,Pending,Available,250,2025-03-27,2025-03-27
6379,vitan,7229232040,Female,Telugu,20,26,4.51,Verified,Busy,294,2025-01-18,2025-01-18
6380,vithal,6709984848,Male,Hindi,17,23,4.75,Verified,Offline,690,2025-10-11,2025-10-11
6381,vivek,7445919156,Male,Hindi,8,35,3.53,Verified,Busy,226,2025-01-15,2025-01-15
6382,vivekanand,9876660819,Male,Telugu,17,28,4.96,Verified,Available,636,2025-12-12,2025-12-12
6383,vrendra,6997323420,Male,Telugu,0,22,4.95,Pending,Available,755,2025-09-15,2025-09-15
6384,vude,6442702175,Female,Telugu,8,35,3.85,Verified,Offline,532,2025-10-16,2025-10-16
6385,vyelet,8314435886,Male,Malayalam,11,10,3.54,Pending,Available,629,2025-05-01,2025-05-01
6386,w/o,8750446740,Male,Telugu,12,38,4.77,Pending,Busy,239,2025-06-29,2025-06-29
6387,waheeda,7562149689,Female,English,11,19,4.09,Verified,Available,152,2025-05-04,2025-05-04
6388,wahid,7586175938,Male,Kannada,12,5,4.25,Pending,Available,216,2025-05-19,2025-05-19
6389,wajuddin,6914796420,Female,Tamil,12,30,3.99,Verified,Busy,278,2025-02-12,2025-02-12
6390,wakar,7792350121,Female,Tamil,5,26,3.82,Verified,Offline,163,2025-03-19,2025-03-19
6391,wali,7817012572,Male,Kannada,10,13,3.52,Verified,Offline,348,2025-11-28,2025-11-28
6392,wareesha,6260443422,Male,Tamil,0,28,3.56,Pending,Offline,332,2025-09-01,2025-09-01
6393,warish,6424275897,Male,Malayalam,17,42,3.53,Pending,Offline,452,2025-05-05,2025-05-05
6394,warmati,6577273977,Female,English,0,6,4.01,Pending,Available,134,2025-11-18,2025-11-18
6395,warnakulasuriya,8147432958,Male,Telugu,20,18,3.77,Verified,Busy,252,2025-06-01,2025-06-01
6396,waseem,8588921782,Female,Tamil,20,50,4.17,Pending,Available,766,2025-11-18,2025-11-18
6397,wasim,6701240754,Male,Kannada,4,7,3.57,Pending,Available,10,2025-05-28,2025-05-28
6398,wasimuddin,9704218011,Female,Tamil,9,40,4.99,Pending,Available,237,2025-05-26,2025-05-26
6399,wazid,7922938025,Male,Hindi,0,18,3.96,Verified,Busy,706,2025-03-06,2025-03-06
6400,wazir,9460586683,Female,Telugu,2,31,4.34,Pending,Available,717,2025-05-07,2025-05-07
6401,wiliyam,9490553291,Female,English,17,20,3.7,Verified,Offline,250,2025-09-30,2025-09-30
6402,wilkish,8698701167,Male,Kannada,8,29,4.12,Verified,Offline,21,2025-03-26,2025-03-26
6403,wiresh,6642460475,Female,Hindi,6,33,4.45,Pending,Offline,288,2025-10-02,2025-10-02
6404,yaadram,9766911137,Male,Tamil,9,42,4.19,Verified,Offline,32,2025-10-17,2025-10-17
6405,yadho,7407207935,Female,Malayalam,18,13,3.83,Pending,Offline,90,2025-10-29,2025-10-29
6406,yadram,9463858859,Male,Telugu,4,38,4.45,Pending,Busy,771,2025-01-23,2025-01-23
6407,yadvir,9398241435,Male,English,12,5,3.7,Verified,Busy,197,2025-03-11,2025-03-11
6408,yaksh,8291112878,Male,Malayalam,18,15,4.65,Verified,Busy,574,2025-02-19,2025-02-19
6409,yaman,7736285988,Male,English,16,22,4.69,Verified,Available,324,2025-08-25,2025-08-25
6410,yameen,8570127660,Female,English,3,18,4.49,Pending,Busy,531,2025-02-25,2025-02-25
6411,yamin,9299196011,Male,Hindi,12,25,3.7,Verified,Busy,54,2025-10-25,2025-10-25
6412,yamini,6251486670,Male,English,9,44,4.36,Verified,Busy,412,2025-03-03,2025-03-03
6413,yamuna,9822474804,Male,English,9,20,4.84,Pending,Busy,20,2025-03-04,2025-03-04
6414,yaqoob,9131421159,Female,Tamil,10,10,3.99,Pending,Available,55,2025-05-07,2025-05-07
6415,yaqub,8764126777,Female,English,11,35,4.39,Verified,Available,224,2025-08-26,2025-08-26
6416,yasar,7882474637,Male,English,2,32,4.37,Pending,Busy,616,2025-06-29,2025-06-29
6417,yash,6248837586,Female,Hindi,10,32,3.93,Verified,Offline,22,2025-09-02,2025-09-02
6418,yashbir,9282338996,Male,English,15,47,3.93,Verified,Available,79,2025-10-16,2025-10-16
6419,yashdhra,8267951579,Male,Tamil,12,50,4.44,Verified,Available,327,2025-07-11,2025-07-11
6420,yashika,6848665218,Male,Malayalam,13,9,4.76,Verified,Available,234,2025-01-15,2025-01-15
6421,yashin,9379556413,Female,Telugu,8,41,4.88,Pending,Busy,598,2025-11-10,2025-11-10
6422,yashmin,9288432383,Female,Kannada,8,24,3.62,Pending,Available,342,2025-10-26,2025-10-26
6423,yashoda,9705236079,Male,Malayalam,8,34,4.06,Verified,Offline,20,2025-06-23,2025-06-23
6424,yashodha,6265325828,Male,Hindi,14,40,4.52,Pending,Busy,327,2025-06-02,2025-06-02
6425,yashpal,9004284408,Male,Tamil,12,32,3.55,Pending,Busy,756,2025-09-08,2025-09-08
6426,yashsvi,9959298805,Male,Malayalam,12,20,4.25,Pending,Busy,391,2025-03-06,2025-03-06
6427,yashwant,9978217839,Female,Tamil,2,10,3.81,Verified,Busy,619,2025-07-18,2025-07-18
6428,yasib,6780941752,Female,Telugu,4,38,4.97,Pending,Offline,410,2025-12-22,2025-12-22
6429,yasin,9538523451,Male,Malayalam,13,9,4.16,Pending,Offline,439,2025-12-30,2025-12-30
6430,yasmeen,8722742822,Female,Hindi,14,13,3.81,Pending,Available,417,2025-03-18,2025-03-18
6431,yasmin,6641938378,Female,Kannada,12,17,4.45,Pending,Busy,59,2025-09-22,2025-09-22
6432,yasoda,8749592778,Female,Telugu,20,28,4.77,Pending,Busy,783,2025-09-21,2025-09-21
6433,yasodha,9028075323,Female,Tamil,0,5,4.3,Verified,Busy,190,2025-09-20,2025-09-20
6434,yaswani,7685167235,Male,Kannada,6,8,4.19,Pending,Available,326,2025-07-29,2025-07-29
6435,yatharth,8484711833,Female,Tamil,15,37,4.8,Verified,Offline,116,2025-02-10,2025-02-10
6436,yatin,6828526167,Male,Kannada,1,6,3.58,Verified,Available,408,2025-09-18,2025-09-18
6437,yesh,9399510591,Male,Kannada,3,24,4.26,Pending,Offline,423,2025-12-29,2025-12-29
6438,yeshpal,6817575974,Female,Malayalam,2,15,3.65,Verified,Available,152,2025-12-31,2025-12-31
6439,yespal,6679891299,Female,Tamil,13,26,4.96,Verified,Available,644,2025-09-07,2025-09-07
6440,yinita,6993445580,Male,Hindi,4,48,4.58,Verified,Offline,276,2025-08-31,2025-08-31
6441,yogender,6102040167,Female,Malayalam,6,28,4.44,Pending,Offline,588,2025-04-07,2025-04-07
6442,yogendr,8726038192,Female,Hindi,2,12,4.68,Pending,Offline,510,2025-10-16,2025-10-16
6443,yogendra,8613169499,Female,Kannada,4,30,3.78,Verified,Offline,767,2025-11-14,2025-11-14
6444,yogesh,8166460993,Male,Telugu,19,8,4.63,Verified,Offline,728,2025-01-17,2025-01-17
6445,yogeshwar,7374191832,Female,Malayalam,0,40,4.09,Verified,Busy,186,2025-03-08,2025-03-08
6446,yogeshwari,8744367719,Male,Malayalam,18,42,4.12,Pending,Available,683,2025-03-02,2025-03-02
6447,yoginder,8473066039,Female,Telugu,12,19,3.87,Pending,Offline,653,2025-04-09,2025-04-09
6448,yogita,6426760146,Male,Hindi,18,33,3.58,Verified,Offline,500,2025-10-03,2025-10-03
6449,yognder,7003833019,Female,Tamil,7,9,4.95,Verified,Offline,561,2025-06-25,2025-06-25
6450,yograj,7816813062,Female,Telugu,4,38,4.98,Pending,Available,12,2025-05-11,2025-05-11
6451,yoshoda,7623387961,Female,Kannada,7,33,4.65,Pending,Busy,478,2025-11-16,2025-11-16
6452,youraj,7470538126,Male,English,4,30,4.07,Verified,Busy,596,2025-10-05,2025-10-05
6453,yudhbir,7785090157,Female,Hindi,13,10,4.22,Verified,Available,702,2025-09-02,2025-09-02
6454,yukilal,8592794780,Male,Hindi,3,37,3.99,Verified,Available,271,2025-07-08,2025-07-08
6455,yunishs,8234786238,Male,English,4,42,4.65,Verified,Available,648,2025-07-01,2025-07-01
6456,yunus,7384808947,Female,Telugu,16,20,4.54,Pending,Available,758,2025-01-25,2025-01-25
6457,yusaf,6418478184,Male,Malayalam,13,49,3.74,Pending,Offline,631,2025-06-02,2025-06-02
6458,yusuf,8629917028,Female,Malayalam,17,37,4.8,Pending,Offline,206,2025-11-15,2025-11-15
6459,yuveraj,7067134017,Male,Kannada,3,39,3.89,Verified,Offline,700,2025-05-09,2025-05-09
6460,yuvraj,7840669243,Male,English,16,18,3.66,Verified,Busy,32,2025-07-19,2025-07-19
6461,zafar,6586334421,Male,Telugu,1,7,4.77,Pending,Available,154,2025-06-19,2025-06-19
6462,zaheer,9476386941,Male,Tamil,5,28,4.5,Verified,Available,549,2025-03-12,2025-03-12
6463,zahid,7118530478,Female,Kannada,11,46,4.43,Pending,Available,7,2025-10-22,2025-10-22
6464,zahir,7201846526,Male,Malayalam,6,7,3.82,Pending,Offline,327,2025-07-23,2025-07-23
6465,zahira,9187482033,Female,Tamil,9,25,4.23,Verified,Available,190,2025-09-17,2025-09-17
6466,zainab,6635002897,Female,Kannada,15,10,4.84,Verified,Busy,108,2025-11-11,2025-11-11
6467,zakir,9205164570,Female,Hindi,11,13,3.63,Verified,Available,633,2025-12-19,2025-12-19
6468,zameer,6010293994,Female,Tamil,12,45,4.36,Pending,Available,677,2025-11-26,2025-11-26
6469,zamile,6444394006,Female,Kannada,15,47,4.93,Verified,Available,357,2025-05-12,2025-05-12
6470,zanmi,9828983657,Female,Kannada,7,30,3.73,Verified,Available,135,2025-04-15,2025-04-15
6471,zareena,7653413369,Male,English,18,34,4.8,Verified,Busy,413,2025-02-06,2025-02-06
6472,zarina,7793721853,Female,Malayalam,1,44,3.96,Verified,Busy,340,2025-10-20,2025-10-20
6473,zeba,7741563740,Male,Hindi,15,47,4.82,Pending,Busy,42,2025-03-28,2025-03-28
6474,zeenat,9853591236,Female,English,4,11,3.86,Pending,Offline,226,2025-02-08,2025-02-08
6475,zenab,8643537219,Female,Malayalam,10,17,4.89,Verified,Busy,47,2025-06-08,2025-06-08
6476,zeshan,9928271955,Male,English,2,19,3.7,Pending,Busy,753,2025-01-13,2025-01-13
6477,zhini,7568006559,Male,Malayalam,2,34,4.19,Verified,Available,226,2025-04-28,2025-04-28
6478,ziarul,6646325792,Male,English,18,35,3.94,Verified,Offline,538,2025-12-06,2025-12-06
6479,zile,9375700159,Female,Telugu,0,22,4.08,Verified,Available,45,2025-05-17,2025-05-17
6480,zina,9159079287,Male,Telugu,18,19,4.73,Verified,Available,200,2025-04-21,2025-04-21
6481,zishan,9310487822,Male,Hindi,9,9,3.73,Verified,Offline,29,2025-12-18,2025-12-18
6482,ziyabul,7523331593,Male,Tamil,9,8,4.78,Pending,Offline,430,2025-07-12,2025-07-12
6483,zoya,7917570194,Male,Tamil,10,39,4.68,Verified,Busy,462,2025-03-12,2025-03-12
6484,zuhaib,9137438148,Female,Kannada,18,31,4.72,Pending,Busy,403,2025-12-02,2025-12-02
6485,zuveb,9406373023,Male,Hindi,14,37,3.95,Verified,Available,147,2025-02-01,2025-02-01
