profile_id,worker_id,raw_description,embedding,created_at
1,1,Experienced alteration with 15 years of experience. Speaks English. Available to travel up to 31 km. Current rating is 4.03.,,2025-05-14
2,2,Experienced plumber with 9 years of experience. Speaks English. Available to travel up to 38 km. Current rating is 4.35.,,2025-02-09
3,3,Experienced ac technician with 20 years of experience. Speaks English. Available to travel up to 33 km. Current rating is 3.8.,,2025-02-07
4,4,Experienced catering with 6 years of experience. Speaks Telugu. Available to travel up to 44 km. Current rating is 4.72.,,2025-12-23
5,5,Experienced wood polishing with 0 years of experience. Speaks Telugu. Available to travel up to 29 km. Current rating is 3.74.,,2025-09-21
6,6,Experienced beautician with 1 years of experience. Speaks English. Available to travel up to 18 km. Current rating is 4.8.,,2025-12-24
7,7,Experienced switch repair with 9 years of experience. Speaks English. Available to travel up to 48 km. Current rating is 3.76.,,2025-08-25
8,8,Experienced wood polishing with 0 years of experience. Speaks Malayalam. Available to travel up to 39 km. Current rating is 3.77.,,2025-11-08
9,9,Experienced tile installation with 20 years of experience. Speaks Telugu. Available to travel up to 44 km. Current rating is 3.56.,,2025-02-23
10,10,Experienced refrigerator repair with 1 years of experience. Speaks Kannada. Available to travel up to 18 km. Current rating is 4.02.,,2025-10-03
11,11,Experienced hair stylist with 11 years of experience. Speaks Kannada. Available to travel up to 37 km. Current rating is 3.81.,,2025-09-21
12,12,Experienced ac repair with 1 years of experience. Speaks Hindi. Available to travel up to 31 km. Current rating is 4.82.,,2025-10-18
13,13,Experienced microwave repair with 13 years of experience. Speaks Telugu. Available to travel up to 30 km. Current rating is 3.54.,,2025-12-20
14,14,Experienced microwave repair with 19 years of experience. Speaks English. Available to travel up to 38 km. Current rating is 4.1.,,2025-11-05
15,15,Experienced electrician with 16 years of experience. Speaks Kannada. Available to travel up to 36 km. Current rating is 4.38.,,2025-06-17
16,16,Experienced bathroom cleaning with 17 years of experience. Speaks Telugu. Available to travel up to 17 km. Current rating is 4.03.,,2025-07-21
17,17,Experienced ac installation with 19 years of experience. Speaks Malayalam. Available to travel up to 27 km. Current rating is 3.58.,,2025-06-22
18,18,Experienced packers with 4 years of experience. Speaks Tamil. Available to travel up to 25 km. Current rating is 4.87.,,2025-01-30
19,19,Experienced carpenter with 19 years of experience. Speaks Tamil. Available to travel up to 11 km. Current rating is 4.28.,,2025-08-23
20,20,Experienced wall painting with 13 years of experience. Speaks Telugu. Available to travel up to 20 km. Current rating is 4.82.,,2025-04-07
21,21,Experienced kitchen cleaning with 16 years of experience. Speaks Tamil. Available to travel up to 35 km. Current rating is 4.25.,,2025-01-18
22,22,Experienced washing machine repair with 20 years of experience. Speaks Hindi. Available to travel up to 7 km. Current rating is 4.76.,,2025-09-22
23,23,Experienced alteration with 19 years of experience. Speaks Tamil. Available to travel up to 27 km. Current rating is 4.11.,,2025-10-22
24,24,Experienced light installation with 13 years of experience. Speaks Hindi. Available to travel up to 44 km. Current rating is 4.75.,,2025-08-30
25,25,Experienced mason with 20 years of experience. Speaks English. Available to travel up to 12 km. Current rating is 4.03.,,2025-08-10
26,26,Experienced interior painting with 0 years of experience. Speaks Malayalam. Available to travel up to 11 km. Current rating is 4.5.,,2025-08-03
27,27,Experienced lawn maintenance with 18 years of experience. Speaks English. Available to travel up to 49 km. Current rating is 4.45.,,2025-06-26
28,28,Experienced tree trimming with 11 years of experience. Speaks Malayalam. Available to travel up to 22 km. Current rating is 4.23.,,2025-08-06
29,29,Experienced tailor with 11 years of experience. Speaks Kannada. Available to travel up to 6 km. Current rating is 4.31.,,2025-01-04
30,30,Experienced catering with 15 years of experience. Speaks English. Available to travel up to 47 km. Current rating is 4.57.,,2025-03-13
31,31,Experienced ac technician with 19 years of experience. Speaks Hindi. Available to travel up to 30 km. Current rating is 3.83.,,2025-05-18
32,32,Experienced interior painting with 18 years of experience. Speaks Malayalam. Available to travel up to 26 km. Current rating is 3.72.,,2025-06-16
33,33,Experienced cook with 1 years of experience. Speaks Hindi. Available to travel up to 14 km. Current rating is 3.91.,,2025-05-20
34,34,Experienced driver with 7 years of experience. Speaks English. Available to travel up to 10 km. Current rating is 4.32.,,2025-07-06
35,35,Experienced refrigerator repair with 16 years of experience. Speaks Telugu. Available to travel up to 34 km. Current rating is 3.57.,,2025-06-20
36,36,Experienced hair stylist with 10 years of experience. Speaks Malayalam. Available to travel up to 24 km. Current rating is 4.71.,,2025-05-16
37,37,Experienced furniture assembly with 0 years of experience. Speaks Malayalam. Available to travel up to 8 km. Current rating is 4.83.,,2025-09-05
38,38,Experienced bathroom fitting with 15 years of experience. Speaks Tamil. Available to travel up to 26 km. Current rating is 3.8.,,2025-06-19
39,39,Experienced light installation with 18 years of experience. Speaks English. Available to travel up to 22 km. Current rating is 3.96.,,2025-02-01
40,40,Experienced door repair with 3 years of experience. Speaks Tamil. Available to travel up to 11 km. Current rating is 4.45.,,2025-05-09
41,41,Experienced water tank installation with 12 years of experience. Speaks Hindi. Available to travel up to 11 km. Current rating is 3.84.,,2025-10-29
42,42,Experienced leak detection with 7 years of experience. Speaks Tamil. Available to travel up to 20 km. Current rating is 3.67.,,2025-08-12
43,43,Experienced fan installation with 15 years of experience. Speaks Telugu. Available to travel up to 10 km. Current rating is 3.67.,,2025-12-22
44,44,Experienced packers with 5 years of experience. Speaks Malayalam. Available to travel up to 14 km. Current rating is 4.85.,,2025-01-13
45,45,Experienced brick work with 16 years of experience. Speaks Kannada. Available to travel up to 28 km. Current rating is 4.54.,,2025-06-25
46,46,Experienced ac repair with 14 years of experience. Speaks Malayalam. Available to travel up to 50 km. Current rating is 4.42.,,2025-08-25
47,47,Experienced house cleaning with 18 years of experience. Speaks Malayalam. Available to travel up to 20 km. Current rating is 4.86.,,2025-09-11
48,48,Experienced lawn maintenance with 1 years of experience. Speaks Hindi. Available to travel up to 10 km. Current rating is 4.27.,,2025-08-11
49,49,Experienced hair stylist with 5 years of experience. Speaks Hindi. Available to travel up to 40 km. Current rating is 3.87.,,2025-01-23
50,50,Experienced plumber with 13 years of experience. Speaks English. Available to travel up to 26 km. Current rating is 4.36.,,2025-09-02
51,51,Experienced hair stylist with 1 years of experience. Speaks Malayalam. Available to travel up to 15 km. Current rating is 3.69.,,2025-12-20
52,52,Experienced security guard with 16 years of experience. Speaks Tamil. Available to travel up to 26 km. Current rating is 3.81.,,2025-02-20
53,53,Experienced catering with 16 years of experience. Speaks Hindi. Available to travel up to 32 km. Current rating is 4.35.,,2025-03-21
54,54,Experienced painter with 20 years of experience. Speaks English. Available to travel up to 11 km. Current rating is 3.9.,,2025-08-14
55,55,Experienced beautician with 13 years of experience. Speaks English. Available to travel up to 7 km. Current rating is 4.33.,,2025-01-23
56,56,Experienced tv repair with 15 years of experience. Speaks Telugu. Available to travel up to 5 km. Current rating is 4.03.,,2025-06-18
57,57,Experienced ac installation with 17 years of experience. Speaks Malayalam. Available to travel up to 9 km. Current rating is 4.57.,,2025-07-13
58,58,Experienced fan installation with 8 years of experience. Speaks Hindi. Available to travel up to 32 km. Current rating is 4.64.,,2025-06-03
59,59,Experienced electrician with 12 years of experience. Speaks English. Available to travel up to 47 km. Current rating is 3.93.,,2025-12-26
60,60,Experienced movers with 12 years of experience. Speaks Kannada. Available to travel up to 24 km. Current rating is 3.96.,,2025-08-11
61,61,Experienced interior painting with 3 years of experience. Speaks Malayalam. Available to travel up to 26 km. Current rating is 4.86.,,2025-11-06
62,62,Experienced painter with 1 years of experience. Speaks Kannada. Available to travel up to 27 km. Current rating is 4.53.,,2025-12-03
63,63,Experienced ac installation with 5 years of experience. Speaks Kannada. Available to travel up to 42 km. Current rating is 4.33.,,2025-11-08
64,64,Experienced tile installation with 2 years of experience. Speaks Telugu. Available to travel up to 17 km. Current rating is 3.55.,,2025-09-04
65,65,Experienced leak detection with 9 years of experience. Speaks Tamil. Available to travel up to 39 km. Current rating is 4.4.,,2025-04-12
66,66,Experienced makeup artist with 6 years of experience. Speaks Kannada. Available to travel up to 32 km. Current rating is 4.72.,,2025-05-01
67,67,Experienced microwave repair with 6 years of experience. Speaks Tamil. Available to travel up to 36 km. Current rating is 4.98.,,2025-11-06
68,68,Experienced security guard with 4 years of experience. Speaks Hindi. Available to travel up to 9 km. Current rating is 4.79.,,2025-08-05
69,69,Experienced fan installation with 1 years of experience. Speaks Malayalam. Available to travel up to 30 km. Current rating is 3.71.,,2025-06-09
70,70,Experienced hair stylist with 9 years of experience. Speaks Tamil. Available to travel up to 19 km. Current rating is 3.81.,,2025-10-19
71,71,Experienced mason with 3 years of experience. Speaks Tamil. Available to travel up to 40 km. Current rating is 4.63.,,2025-10-24
72,72,Experienced packers with 15 years of experience. Speaks Kannada. Available to travel up to 6 km. Current rating is 4.92.,,2025-02-16
73,73,Experienced water tank installation with 7 years of experience. Speaks Malayalam. Available to travel up to 33 km. Current rating is 4.01.,,2025-10-05
74,74,Experienced switch repair with 0 years of experience. Speaks Hindi. Available to travel up to 23 km. Current rating is 4.81.,,2025-08-03
75,75,Experienced light installation with 12 years of experience. Speaks Kannada. Available to travel up to 44 km. Current rating is 4.33.,,2025-08-16
76,76,Experienced plumber with 6 years of experience. Speaks Malayalam. Available to travel up to 29 km. Current rating is 4.54.,,2025-05-06
77,77,Experienced painter with 5 years of experience. Speaks Hindi. Available to travel up to 32 km. Current rating is 4.59.,,2025-10-26
78,78,Experienced furniture assembly with 8 years of experience. Speaks Hindi. Available to travel up to 45 km. Current rating is 4.21.,,2025-01-10
79,79,Experienced makeup artist with 7 years of experience. Speaks English. Available to travel up to 11 km. Current rating is 4.72.,,2025-05-29
80,80,Experienced wall painting with 19 years of experience. Speaks Tamil. Available to travel up to 19 km. Current rating is 4.09.,,2025-03-03
81,81,Experienced wall painting with 20 years of experience. Speaks English. Available to travel up to 38 km. Current rating is 4.82.,,2025-01-01
82,82,Experienced driver with 16 years of experience. Speaks Telugu. Available to travel up to 17 km. Current rating is 4.43.,,2025-05-21
83,83,Experienced leak detection with 8 years of experience. Speaks Tamil. Available to travel up to 45 km. Current rating is 3.97.,,2025-10-01
84,84,Experienced mason with 2 years of experience. Speaks Telugu. Available to travel up to 31 km. Current rating is 4.18.,,2025-07-20
85,85,Experienced wood polishing with 11 years of experience. Speaks Kannada. Available to travel up to 8 km. Current rating is 4.31.,,2025-11-04
86,86,Experienced pipe repair with 19 years of experience. Speaks Tamil. Available to travel up to 22 km. Current rating is 4.68.,,2025-02-09
87,87,Experienced pipe repair with 2 years of experience. Speaks Malayalam. Available to travel up to 29 km. Current rating is 4.61.,,2025-08-21
88,88,Experienced security guard with 4 years of experience. Speaks English. Available to travel up to 12 km. Current rating is 3.72.,,2025-08-26
89,89,Experienced bathroom fitting with 5 years of experience. Speaks Telugu. Available to travel up to 24 km. Current rating is 4.95.,,2025-11-10
90,90,Experienced brick work with 1 years of experience. Speaks Tamil. Available to travel up to 31 km. Current rating is 3.95.,,2025-02-01
91,91,Experienced makeup artist with 14 years of experience. Speaks English. Available to travel up to 6 km. Current rating is 4.97.,,2025-02-23
92,92,Experienced driver with 14 years of experience. Speaks Telugu. Available to travel up to 18 km. Current rating is 4.18.,,2025-07-14
93,93,Experienced painter with 18 years of experience. Speaks English. Available to travel up to 44 km. Current rating is 4.31.,,2025-03-29
94,94,Experienced hair stylist with 9 years of experience. Speaks Tamil. Available to travel up to 26 km. Current rating is 4.65.,,2025-06-07
95,95,Experienced door repair with 6 years of experience. Speaks Telugu. Available to travel up to 23 km. Current rating is 4.35.,,2025-08-01
96,96,Experienced bathroom fitting with 12 years of experience. Speaks Tamil. Available to travel up to 33 km. Current rating is 4.74.,,2025-04-18
97,97,Experienced furniture assembly with 0 years of experience. Speaks English. Available to travel up to 46 km. Current rating is 4.88.,,2025-08-20
98,98,Experienced makeup artist with 0 years of experience. Speaks Kannada. Available to travel up to 14 km. Current rating is 4.11.,,2025-10-24
99,99,Experienced bathroom fitting with 19 years of experience. Speaks English. Available to travel up to 22 km. Current rating is 4.25.,,2025-09-03
100,100,Experienced mason with 13 years of experience. Speaks Kannada. Available to travel up to 32 km. Current rating is 4.42.,,2025-03-13
101,101,Experienced concrete work with 14 years of experience. Speaks Malayalam. Available to travel up to 27 km. Current rating is 4.84.,,2025-02-21
102,102,Experienced light installation with 10 years of experience. Speaks Tamil. Available to travel up to 24 km. Current rating is 4.85.,,2025-08-19
103,103,Experienced leak detection with 0 years of experience. Speaks Telugu. Available to travel up to 42 km. Current rating is 3.69.,,2025-08-24
104,104,Experienced microwave repair with 11 years of experience. Speaks English. Available to travel up to 11 km. Current rating is 3.9.,,2025-11-05
105,105,Experienced ac repair with 17 years of experience. Speaks Telugu. Available to travel up to 17 km. Current rating is 3.96.,,2025-04-14
106,106,Experienced washing machine repair with 3 years of experience. Speaks Telugu. Available to travel up to 42 km. Current rating is 3.55.,,2025-10-05
107,107,Experienced beautician with 6 years of experience. Speaks Malayalam. Available to travel up to 9 km. Current rating is 3.78.,,2025-05-31
108,108,Experienced pipe repair with 20 years of experience. Speaks Malayalam. Available to travel up to 43 km. Current rating is 4.61.,,2025-11-06
109,109,Experienced ac technician with 12 years of experience. Speaks Malayalam. Available to travel up to 44 km. Current rating is 4.62.,,2025-03-27
110,110,Experienced cook with 16 years of experience. Speaks Tamil. Available to travel up to 39 km. Current rating is 3.9.,,2025-11-22
111,111,Experienced cook with 13 years of experience. Speaks Malayalam. Available to travel up to 27 km. Current rating is 4.75.,,2025-01-29
112,112,Experienced furniture assembly with 5 years of experience. Speaks Malayalam. Available to travel up to 6 km. Current rating is 4.22.,,2025-03-13
113,113,Experienced fan installation with 5 years of experience. Speaks Kannada. Available to travel up to 33 km. Current rating is 4.37.,,2025-11-12
114,114,Experienced interior painting with 10 years of experience. Speaks Hindi. Available to travel up to 8 km. Current rating is 4.7.,,2025-08-02
115,115,Experienced switch repair with 16 years of experience. Speaks Kannada. Available to travel up to 33 km. Current rating is 3.73.,,2025-03-08
116,116,Experienced ac installation with 9 years of experience. Speaks Malayalam. Available to travel up to 49 km. Current rating is 4.79.,,2025-10-29
117,117,Experienced makeup artist with 18 years of experience. Speaks Telugu. Available to travel up to 16 km. Current rating is 4.58.,,2025-12-30
118,118,Experienced switch repair with 6 years of experience. Speaks Telugu. Available to travel up to 29 km. Current rating is 4.18.,,2025-07-16
119,119,Experienced brick work with 17 years of experience. Speaks English. Available to travel up to 30 km. Current rating is 4.65.,,2025-11-30
120,120,Experienced tv repair with 18 years of experience. Speaks English. Available to travel up to 29 km. Current rating is 4.72.,,2025-12-08
121,121,Experienced house cleaning with 11 years of experience. Speaks Hindi. Available to travel up to 47 km. Current rating is 4.55.,,2025-02-20
122,122,Experienced washing machine repair with 3 years of experience. Speaks English. Available to travel up to 16 km. Current rating is 4.38.,,2025-12-19
123,123,Experienced movers with 13 years of experience. Speaks Tamil. Available to travel up to 34 km. Current rating is 4.22.,,2025-05-15
124,124,Experienced light installation with 19 years of experience. Speaks Tamil. Available to travel up to 44 km. Current rating is 4.16.,,2025-06-10
125,125,Experienced tile installation with 7 years of experience. Speaks English. Available to travel up to 50 km. Current rating is 4.52.,,2025-12-27
126,126,Experienced gardener with 4 years of experience. Speaks Telugu. Available to travel up to 34 km. Current rating is 4.08.,,2025-09-11
127,127,Experienced cook with 16 years of experience. Speaks Tamil. Available to travel up to 25 km. Current rating is 3.77.,,2025-06-20
128,128,Experienced cloth stitching with 3 years of experience. Speaks Hindi. Available to travel up to 37 km. Current rating is 4.02.,,2025-01-11
129,129,Experienced carpenter with 19 years of experience. Speaks Tamil. Available to travel up to 18 km. Current rating is 3.95.,,2025-01-19
130,130,Experienced tailor with 19 years of experience. Speaks Malayalam. Available to travel up to 20 km. Current rating is 4.38.,,2025-09-21
131,131,Experienced interior painting with 14 years of experience. Speaks Tamil. Available to travel up to 16 km. Current rating is 3.79.,,2025-11-20
132,132,Experienced exterior painting with 10 years of experience. Speaks Kannada. Available to travel up to 28 km. Current rating is 4.54.,,2025-02-06
133,133,Experienced ac installation with 3 years of experience. Speaks Malayalam. Available to travel up to 25 km. Current rating is 3.52.,,2025-05-15
134,134,Experienced wall painting with 11 years of experience. Speaks Telugu. Available to travel up to 31 km. Current rating is 4.56.,,2025-12-08
135,135,Experienced lawn maintenance with 20 years of experience. Speaks Kannada. Available to travel up to 18 km. Current rating is 4.4.,,2025-07-24
136,136,Experienced deep cleaning with 17 years of experience. Speaks Malayalam. Available to travel up to 9 km. Current rating is 3.78.,,2025-08-31
137,137,Experienced brick work with 9 years of experience. Speaks Hindi. Available to travel up to 21 km. Current rating is 4.67.,,2025-05-25
138,138,Experienced tv repair with 18 years of experience. Speaks Malayalam. Available to travel up to 49 km. Current rating is 4.44.,,2025-11-09
139,139,Experienced mason with 14 years of experience. Speaks Kannada. Available to travel up to 6 km. Current rating is 4.91.,,2025-09-11
140,140,Experienced leak detection with 7 years of experience. Speaks Malayalam. Available to travel up to 29 km. Current rating is 3.54.,,2025-12-20
141,141,Experienced microwave repair with 15 years of experience. Speaks Kannada. Available to travel up to 21 km. Current rating is 4.79.,,2025-12-03
142,142,Experienced driver with 10 years of experience. Speaks Kannada. Available to travel up to 38 km. Current rating is 4.84.,,2025-03-18
143,143,Experienced alteration with 5 years of experience. Speaks Malayalam. Available to travel up to 47 km. Current rating is 4.71.,,2025-04-07
144,144,Experienced brick work with 13 years of experience. Speaks Tamil. Available to travel up to 27 km. Current rating is 4.94.,,2025-11-04
145,145,Experienced carpenter with 2 years of experience. Speaks Telugu. Available to travel up to 48 km. Current rating is 4.3.,,2025-09-14
146,146,Experienced water tank installation with 7 years of experience. Speaks Malayalam. Available to travel up to 9 km. Current rating is 3.86.,,2025-05-21
147,147,Experienced bathroom cleaning with 7 years of experience. Speaks English. Available to travel up to 46 km. Current rating is 4.58.,,2025-03-23
148,148,Experienced microwave repair with 18 years of experience. Speaks Telugu. Available to travel up to 34 km. Current rating is 3.58.,,2025-07-09
149,149,Experienced mason with 12 years of experience. Speaks Kannada. Available to travel up to 27 km. Current rating is 4.89.,,2025-02-10
150,150,Experienced plumber with 6 years of experience. Speaks Kannada. Available to travel up to 21 km. Current rating is 3.99.,,2025-01-15
151,151,Experienced gardener with 0 years of experience. Speaks Tamil. Available to travel up to 14 km. Current rating is 4.22.,,2025-09-27
152,152,Experienced switch repair with 5 years of experience. Speaks Malayalam. Available to travel up to 19 km. Current rating is 3.96.,,2025-04-26
153,153,Experienced deep cleaning with 0 years of experience. Speaks Malayalam. Available to travel up to 18 km. Current rating is 4.24.,,2025-01-13
154,154,Experienced security guard with 4 years of experience. Speaks Hindi. Available to travel up to 35 km. Current rating is 4.07.,,2025-01-08
155,155,Experienced alteration with 10 years of experience. Speaks Telugu. Available to travel up to 26 km. Current rating is 4.86.,,2025-10-23
156,156,Experienced cloth stitching with 11 years of experience. Speaks Hindi. Available to travel up to 50 km. Current rating is 3.7.,,2025-11-28
157,157,Experienced tailor with 6 years of experience. Speaks English. Available to travel up to 7 km. Current rating is 3.62.,,2025-06-29
158,158,Experienced lawn maintenance with 14 years of experience. Speaks Telugu. Available to travel up to 48 km. Current rating is 3.51.,,2025-05-22
159,159,Experienced wall painting with 10 years of experience. Speaks English. Available to travel up to 30 km. Current rating is 4.14.,,2025-11-26
160,160,Experienced leak detection with 18 years of experience. Speaks Malayalam. Available to travel up to 29 km. Current rating is 3.51.,,2025-02-16
161,161,Experienced leak detection with 18 years of experience. Speaks Telugu. Available to travel up to 33 km. Current rating is 4.73.,,2025-04-09
162,162,Experienced furniture assembly with 0 years of experience. Speaks English. Available to travel up to 21 km. Current rating is 4.24.,,2025-04-03
163,163,Experienced deep cleaning with 2 years of experience. Speaks Hindi. Available to travel up to 18 km. Current rating is 3.86.,,2025-10-14
164,164,Experienced beautician with 15 years of experience. Speaks Tamil. Available to travel up to 35 km. Current rating is 4.87.,,2025-04-08
165,165,Experienced furniture assembly with 10 years of experience. Speaks Kannada. Available to travel up to 14 km. Current rating is 4.07.,,2025-10-07
166,166,Experienced packers with 13 years of experience. Speaks Hindi. Available to travel up to 33 km. Current rating is 3.97.,,2025-05-19
167,167,Experienced bathroom fitting with 0 years of experience. Speaks Tamil. Available to travel up to 43 km. Current rating is 4.97.,,2025-12-06
168,168,Experienced cloth stitching with 20 years of experience. Speaks Telugu. Available to travel up to 46 km. Current rating is 3.79.,,2025-06-21
169,169,Experienced furniture assembly with 15 years of experience. Speaks Malayalam. Available to travel up to 35 km. Current rating is 4.94.,,2025-10-02
170,170,Experienced fan installation with 18 years of experience. Speaks Kannada. Available to travel up to 13 km. Current rating is 4.17.,,2025-07-13
171,171,Experienced lawn maintenance with 6 years of experience. Speaks Malayalam. Available to travel up to 45 km. Current rating is 4.05.,,2025-04-21
172,172,Experienced tv repair with 13 years of experience. Speaks Tamil. Available to travel up to 47 km. Current rating is 4.31.,,2025-03-29
173,173,Experienced ac repair with 2 years of experience. Speaks Tamil. Available to travel up to 5 km. Current rating is 4.79.,,2025-04-08
174,174,Experienced microwave repair with 7 years of experience. Speaks Hindi. Available to travel up to 30 km. Current rating is 4.99.,,2025-03-25
175,175,Experienced exterior painting with 19 years of experience. Speaks Kannada. Available to travel up to 27 km. Current rating is 4.9.,,2025-06-23
176,176,Experienced makeup artist with 17 years of experience. Speaks Malayalam. Available to travel up to 43 km. Current rating is 4.61.,,2025-05-28
177,177,Experienced movers with 20 years of experience. Speaks Tamil. Available to travel up to 31 km. Current rating is 3.94.,,2025-06-27
178,178,Experienced plumber with 19 years of experience. Speaks English. Available to travel up to 42 km. Current rating is 4.81.,,2025-12-02
179,179,Experienced fan installation with 16 years of experience. Speaks Kannada. Available to travel up to 13 km. Current rating is 4.42.,,2025-07-19
180,180,Experienced fan installation with 7 years of experience. Speaks Telugu. Available to travel up to 42 km. Current rating is 3.87.,,2025-10-02
181,181,Experienced makeup artist with 13 years of experience. Speaks English. Available to travel up to 30 km. Current rating is 4.41.,,2025-02-08
182,182,Experienced house cleaning with 3 years of experience. Speaks Telugu. Available to travel up to 50 km. Current rating is 3.73.,,2025-09-03
183,183,Experienced house wiring with 1 years of experience. Speaks Tamil. Available to travel up to 17 km. Current rating is 4.77.,,2025-09-08
184,184,Experienced catering with 4 years of experience. Speaks Malayalam. Available to travel up to 43 km. Current rating is 4.58.,,2025-12-26
185,185,Experienced ac technician with 16 years of experience. Speaks Telugu. Available to travel up to 48 km. Current rating is 4.62.,,2025-07-27
186,186,Experienced packers with 1 years of experience. Speaks Kannada. Available to travel up to 33 km. Current rating is 4.62.,,2025-10-08
187,187,Experienced furniture assembly with 19 years of experience. Speaks English. Available to travel up to 9 km. Current rating is 3.59.,,2025-04-01
188,188,Experienced tree trimming with 0 years of experience. Speaks Telugu. Available to travel up to 50 km. Current rating is 3.77.,,2025-05-21
189,189,Experienced movers with 5 years of experience. Speaks Hindi. Available to travel up to 32 km. Current rating is 3.57.,,2025-12-15
190,190,Experienced gardener with 0 years of experience. Speaks Telugu. Available to travel up to 11 km. Current rating is 4.48.,,2025-07-16
191,191,Experienced wood polishing with 4 years of experience. Speaks English. Available to travel up to 28 km. Current rating is 4.69.,,2025-05-26
192,192,Experienced door repair with 6 years of experience. Speaks English. Available to travel up to 9 km. Current rating is 4.35.,,2025-03-20
193,193,Experienced painter with 1 years of experience. Speaks Hindi. Available to travel up to 26 km. Current rating is 3.76.,,2025-05-27
194,194,Experienced microwave repair with 4 years of experience. Speaks Hindi. Available to travel up to 36 km. Current rating is 4.91.,,2025-09-22
195,195,Experienced washing machine repair with 17 years of experience. Speaks Telugu. Available to travel up to 13 km. Current rating is 4.06.,,2025-08-15
196,196,Experienced bathroom cleaning with 7 years of experience. Speaks Hindi. Available to travel up to 16 km. Current rating is 4.42.,,2025-09-25
197,197,Experienced light installation with 3 years of experience. Speaks Tamil. Available to travel up to 39 km. Current rating is 4.86.,,2025-03-22
198,198,Experienced switch repair with 10 years of experience. Speaks English. Available to travel up to 46 km. Current rating is 4.2.,,2025-03-21
199,199,Experienced exterior painting with 4 years of experience. Speaks Hindi. Available to travel up to 14 km. Current rating is 4.08.,,2025-01-10
200,200,Experienced security guard with 6 years of experience. Speaks Telugu. Available to travel up to 8 km. Current rating is 4.03.,,2025-10-20
201,201,Experienced carpenter with 5 years of experience. Speaks Kannada. Available to travel up to 30 km. Current rating is 4.02.,,2025-09-29
202,202,Experienced microwave repair with 8 years of experience. Speaks Malayalam. Available to travel up to 47 km. Current rating is 4.36.,,2025-05-01
203,203,Experienced makeup artist with 1 years of experience. Speaks Telugu. Available to travel up to 41 km. Current rating is 4.8.,,2025-07-27
204,204,Experienced brick work with 10 years of experience. Speaks Hindi. Available to travel up to 7 km. Current rating is 4.64.,,2025-02-12
205,205,Experienced tree trimming with 2 years of experience. Speaks Kannada. Available to travel up to 49 km. Current rating is 4.96.,,2025-03-31
206,206,Experienced lawn maintenance with 5 years of experience. Speaks Hindi. Available to travel up to 27 km. Current rating is 4.37.,,2025-07-04
207,207,Experienced beautician with 10 years of experience. Speaks Malayalam. Available to travel up to 32 km. Current rating is 4.71.,,2025-10-16
208,208,Experienced kitchen cleaning with 14 years of experience. Speaks English. Available to travel up to 28 km. Current rating is 4.03.,,2025-01-08
209,209,Experienced wall painting with 6 years of experience. Speaks Kannada. Available to travel up to 30 km. Current rating is 4.31.,,2025-05-19
210,210,Experienced hair stylist with 5 years of experience. Speaks Telugu. Available to travel up to 25 km. Current rating is 4.42.,,2025-10-12
211,211,Experienced packers with 6 years of experience. Speaks Telugu. Available to travel up to 29 km. Current rating is 4.54.,,2025-11-11
212,212,Experienced mason with 8 years of experience. Speaks English. Available to travel up to 39 km. Current rating is 4.9.,,2025-05-25
213,213,Experienced tailor with 12 years of experience. Speaks Kannada. Available to travel up to 24 km. Current rating is 4.28.,,2025-05-17
214,214,Experienced movers with 2 years of experience. Speaks Kannada. Available to travel up to 23 km. Current rating is 4.04.,,2025-03-16
215,215,Experienced electrician with 6 years of experience. Speaks Telugu. Available to travel up to 10 km. Current rating is 4.71.,,2025-04-05
216,216,Experienced interior painting with 7 years of experience. Speaks Malayalam. Available to travel up to 39 km. Current rating is 4.96.,,2025-05-01
217,217,Experienced carpenter with 16 years of experience. Speaks Telugu. Available to travel up to 5 km. Current rating is 3.82.,,2025-10-06
218,218,Experienced house wiring with 20 years of experience. Speaks Malayalam. Available to travel up to 35 km. Current rating is 3.77.,,2025-03-27
219,219,Experienced makeup artist with 0 years of experience. Speaks Hindi. Available to travel up to 13 km. Current rating is 4.65.,,2025-04-15
220,220,Experienced exterior painting with 19 years of experience. Speaks Telugu. Available to travel up to 6 km. Current rating is 4.1.,,2025-10-02
221,221,Experienced door repair with 17 years of experience. Speaks Malayalam. Available to travel up to 44 km. Current rating is 3.66.,,2025-11-17
222,222,Experienced makeup artist with 6 years of experience. Speaks Malayalam. Available to travel up to 45 km. Current rating is 4.72.,,2025-09-06
223,223,Experienced wood polishing with 13 years of experience. Speaks Tamil. Available to travel up to 12 km. Current rating is 4.19.,,2025-09-16
224,224,Experienced ac repair with 8 years of experience. Speaks Kannada. Available to travel up to 43 km. Current rating is 4.62.,,2025-10-12
225,225,Experienced tv repair with 3 years of experience. Speaks Telugu. Available to travel up to 13 km. Current rating is 4.71.,,2025-05-16
226,226,Experienced wall painting with 11 years of experience. Speaks Tamil. Available to travel up to 7 km. Current rating is 3.61.,,2025-06-21
227,227,Experienced furniture assembly with 10 years of experience. Speaks Telugu. Available to travel up to 14 km. Current rating is 4.38.,,2025-11-19
228,228,Experienced hair stylist with 13 years of experience. Speaks Telugu. Available to travel up to 42 km. Current rating is 4.04.,,2025-11-21
229,229,Experienced house wiring with 7 years of experience. Speaks Tamil. Available to travel up to 10 km. Current rating is 4.8.,,2025-10-19
230,230,Experienced microwave repair with 13 years of experience. Speaks Malayalam. Available to travel up to 7 km. Current rating is 3.7.,,2025-06-19
231,231,Experienced tree trimming with 7 years of experience. Speaks Tamil. Available to travel up to 23 km. Current rating is 3.88.,,2025-02-03
232,232,Experienced lawn maintenance with 6 years of experience. Speaks Malayalam. Available to travel up to 9 km. Current rating is 4.47.,,2025-12-10
233,233,Experienced tailor with 1 years of experience. Speaks Hindi. Available to travel up to 19 km. Current rating is 3.77.,,2025-07-19
234,234,Experienced door repair with 0 years of experience. Speaks Telugu. Available to travel up to 21 km. Current rating is 4.67.,,2025-05-01
235,235,Experienced cook with 19 years of experience. Speaks English. Available to travel up to 49 km. Current rating is 4.33.,,2025-05-25
236,236,Experienced cook with 3 years of experience. Speaks Tamil. Available to travel up to 6 km. Current rating is 4.88.,,2025-03-26
237,237,Experienced switch repair with 15 years of experience. Speaks Kannada. Available to travel up to 29 km. Current rating is 4.86.,,2025-11-08
238,238,Experienced leak detection with 17 years of experience. Speaks Malayalam. Available to travel up to 47 km. Current rating is 4.14.,,2025-10-21
239,239,Experienced house cleaning with 17 years of experience. Speaks Tamil. Available to travel up to 31 km. Current rating is 3.97.,,2025-12-12
240,240,Experienced switch repair with 11 years of experience. Speaks Telugu. Available to travel up to 8 km. Current rating is 4.25.,,2025-11-09
241,241,Experienced mason with 8 years of experience. Speaks Telugu. Available to travel up to 37 km. Current rating is 4.79.,,2025-11-14
242,242,Experienced security guard with 10 years of experience. Speaks Kannada. Available to travel up to 28 km. Current rating is 4.9.,,2025-11-20
243,243,Experienced mason with 7 years of experience. Speaks Kannada. Available to travel up to 22 km. Current rating is 4.07.,,2025-04-13
244,244,Experienced catering with 0 years of experience. Speaks English. Available to travel up to 38 km. Current rating is 4.16.,,2025-12-14
245,245,Experienced brick work with 9 years of experience. Speaks Kannada. Available to travel up to 11 km. Current rating is 4.9.,,2025-12-01
246,246,Experienced water tank installation with 16 years of experience. Speaks Telugu. Available to travel up to 14 km. Current rating is 4.07.,,2025-05-09
247,247,Experienced refrigerator repair with 5 years of experience. Speaks Kannada. Available to travel up to 19 km. Current rating is 5.0.,,2025-06-05
248,248,Experienced catering with 4 years of experience. Speaks Telugu. Available to travel up to 37 km. Current rating is 3.86.,,2025-04-27
249,249,Experienced pipe repair with 19 years of experience. Speaks Telugu. Available to travel up to 21 km. Current rating is 3.63.,,2025-07-14
250,250,Experienced makeup artist with 9 years of experience. Speaks Malayalam. Available to travel up to 21 km. Current rating is 4.09.,,2025-09-28
251,251,Experienced makeup artist with 17 years of experience. Speaks English. Available to travel up to 8 km. Current rating is 4.4.,,2025-09-25
252,252,Experienced house cleaning with 5 years of experience. Speaks Malayalam. Available to travel up to 45 km. Current rating is 3.61.,,2025-09-02
253,253,Experienced door repair with 10 years of experience. Speaks Tamil. Available to travel up to 18 km. Current rating is 4.62.,,2025-03-31
254,254,Experienced mason with 3 years of experience. Speaks English. Available to travel up to 34 km. Current rating is 4.39.,,2025-10-13
255,255,Experienced refrigerator repair with 4 years of experience. Speaks Malayalam. Available to travel up to 22 km. Current rating is 4.65.,,2025-07-26
256,256,Experienced hair stylist with 16 years of experience. Speaks Malayalam. Available to travel up to 11 km. Current rating is 3.74.,,2025-07-22
257,257,Experienced deep cleaning with 17 years of experience. Speaks Malayalam. Available to travel up to 8 km. Current rating is 3.78.,,2025-04-17
258,258,Experienced ac repair with 14 years of experience. Speaks Kannada. Available to travel up to 29 km. Current rating is 4.83.,,2025-06-02
259,259,Experienced washing machine repair with 16 years of experience. Speaks Tamil. Available to travel up to 34 km. Current rating is 3.65.,,2025-03-28
260,260,Experienced movers with 13 years of experience. Speaks Kannada. Available to travel up to 26 km. Current rating is 4.85.,,2025-09-30
261,261,Experienced cloth stitching with 19 years of experience. Speaks English. Available to travel up to 28 km. Current rating is 3.97.,,2025-04-23
262,262,Experienced water tank installation with 1 years of experience. Speaks Malayalam. Available to travel up to 31 km. Current rating is 4.93.,,2025-03-01
263,263,Experienced beautician with 7 years of experience. Speaks English. Available to travel up to 39 km. Current rating is 4.89.,,2025-04-17
264,264,Experienced brick work with 15 years of experience. Speaks Malayalam. Available to travel up to 15 km. Current rating is 3.92.,,2025-01-29
265,265,Experienced exterior painting with 9 years of experience. Speaks Hindi. Available to travel up to 45 km. Current rating is 4.09.,,2025-07-25
266,266,Experienced switch repair with 16 years of experience. Speaks Kannada. Available to travel up to 50 km. Current rating is 4.69.,,2025-04-23
267,267,Experienced refrigerator repair with 9 years of experience. Speaks Tamil. Available to travel up to 5 km. Current rating is 4.66.,,2025-01-12
268,268,Experienced brick work with 3 years of experience. Speaks Telugu. Available to travel up to 17 km. Current rating is 4.81.,,2025-10-14
269,269,Experienced alteration with 16 years of experience. Speaks Kannada. Available to travel up to 48 km. Current rating is 4.82.,,2025-08-18
270,270,Experienced electrician with 2 years of experience. Speaks Tamil. Available to travel up to 35 km. Current rating is 4.25.,,2025-05-20
271,271,Experienced cook with 8 years of experience. Speaks English. Available to travel up to 8 km. Current rating is 4.14.,,2025-07-29
272,272,Experienced leak detection with 16 years of experience. Speaks Hindi. Available to travel up to 40 km. Current rating is 3.76.,,2025-07-13
273,273,Experienced fan installation with 11 years of experience. Speaks Telugu. Available to travel up to 34 km. Current rating is 4.79.,,2025-09-21
274,274,Experienced packers with 17 years of experience. Speaks Hindi. Available to travel up to 22 km. Current rating is 4.1.,,2025-09-19
275,275,Experienced beautician with 11 years of experience. Speaks Tamil. Available to travel up to 8 km. Current rating is 3.92.,,2025-05-19
276,276,Experienced wall painting with 15 years of experience. Speaks Malayalam. Available to travel up to 41 km. Current rating is 4.2.,,2025-11-08
277,277,Experienced washing machine repair with 7 years of experience. Speaks Telugu. Available to travel up to 48 km. Current rating is 3.86.,,2025-09-10
278,278,Experienced alteration with 8 years of experience. Speaks Telugu. Available to travel up to 48 km. Current rating is 4.92.,,2025-12-03
279,279,Experienced wood polishing with 3 years of experience. Speaks English. Available to travel up to 19 km. Current rating is 4.98.,,2025-01-30
280,280,Experienced beautician with 10 years of experience. Speaks Malayalam. Available to travel up to 29 km. Current rating is 4.32.,,2025-07-28
281,281,Experienced refrigerator repair with 17 years of experience. Speaks English. Available to travel up to 17 km. Current rating is 4.2.,,2025-09-07
282,282,Experienced light installation with 0 years of experience. Speaks Telugu. Available to travel up to 20 km. Current rating is 4.59.,,2025-03-15
283,283,Experienced interior painting with 20 years of experience. Speaks English. Available to travel up to 16 km. Current rating is 3.62.,,2025-09-04
284,284,Experienced house cleaning with 18 years of experience. Speaks Kannada. Available to travel up to 27 km. Current rating is 4.58.,,2025-06-19
285,285,Experienced alteration with 13 years of experience. Speaks Malayalam. Available to travel up to 29 km. Current rating is 4.15.,,2025-06-13
286,286,Experienced microwave repair with 19 years of experience. Speaks Kannada. Available to travel up to 9 km. Current rating is 4.94.,,2025-12-05
287,287,Experienced furniture assembly with 18 years of experience. Speaks Tamil. Available to travel up to 28 km. Current rating is 4.93.,,2025-10-13
288,288,Experienced deep cleaning with 5 years of experience. Speaks Telugu. Available to travel up to 35 km. Current rating is 4.62.,,2025-09-22
289,289,Experienced painter with 2 years of experience. Speaks Telugu. Available to travel up to 47 km. Current rating is 4.86.,,2025-01-20
290,290,Experienced house cleaning with 3 years of experience. Speaks English. Available to travel up to 28 km. Current rating is 4.51.,,2025-04-01
291,291,Experienced painter with 9 years of experience. Speaks Malayalam. Available to travel up to 25 km. Current rating is 4.03.,,2025-09-29
292,292,Experienced beautician with 8 years of experience. Speaks Malayalam. Available to travel up to 7 km. Current rating is 3.77.,,2025-02-08
293,293,Experienced interior painting with 2 years of experience. Speaks Kannada. Available to travel up to 40 km. Current rating is 4.52.,,2025-02-12
294,294,Experienced tailor with 11 years of experience. Speaks Hindi. Available to travel up to 20 km. Current rating is 3.7.,,2025-01-24
295,295,Experienced light installation with 6 years of experience. Speaks Kannada. Available to travel up to 5 km. Current rating is 3.85.,,2025-06-07
296,296,Experienced electrician with 13 years of experience. Speaks English. Available to travel up to 12 km. Current rating is 4.86.,,2025-08-27
297,297,Experienced driver with 3 years of experience. Speaks Malayalam. Available to travel up to 5 km. Current rating is 3.76.,,2025-10-17
298,298,Experienced painter with 0 years of experience. Speaks Telugu. Available to travel up to 18 km. Current rating is 4.49.,,2025-07-28
299,299,Experienced microwave repair with 10 years of experience. Speaks Tamil. Available to travel up to 8 km. Current rating is 4.33.,,2025-05-03
300,300,Experienced driver with 18 years of experience. Speaks Hindi. Available to travel up to 19 km. Current rating is 4.82.,,2025-05-19
301,301,Experienced ac installation with 5 years of experience. Speaks Kannada. Available to travel up to 17 km. Current rating is 4.61.,,2025-03-17
302,302,Experienced concrete work with 4 years of experience. Speaks Malayalam. Available to travel up to 29 km. Current rating is 4.52.,,2025-06-09
303,303,Experienced pipe repair with 2 years of experience. Speaks Kannada. Available to travel up to 43 km. Current rating is 4.12.,,2025-03-02
304,304,Experienced pipe repair with 15 years of experience. Speaks Telugu. Available to travel up to 18 km. Current rating is 4.09.,,2025-05-23
305,305,Experienced bathroom fitting with 16 years of experience. Speaks Telugu. Available to travel up to 42 km. Current rating is 4.49.,,2025-02-21
306,306,Experienced house cleaning with 15 years of experience. Speaks Telugu. Available to travel up to 14 km. Current rating is 4.02.,,2025-10-16
307,307,Experienced refrigerator repair with 16 years of experience. Speaks Malayalam. Available to travel up to 43 km. Current rating is 4.94.,,2025-08-27
308,308,Experienced interior painting with 5 years of experience. Speaks Hindi. Available to travel up to 8 km. Current rating is 4.9.,,2025-06-30
309,309,Experienced catering with 18 years of experience. Speaks English. Available to travel up to 41 km. Current rating is 4.83.,,2025-12-02
310,310,Experienced microwave repair with 10 years of experience. Speaks Tamil. Available to travel up to 19 km. Current rating is 4.52.,,2025-10-23
311,311,Experienced kitchen cleaning with 9 years of experience. Speaks Tamil. Available to travel up to 42 km. Current rating is 4.49.,,2025-12-15
312,312,Experienced electrician with 11 years of experience. Speaks English. Available to travel up to 36 km. Current rating is 4.99.,,2025-11-03
313,313,Experienced water tank installation with 5 years of experience. Speaks Telugu. Available to travel up to 22 km. Current rating is 3.67.,,2025-09-18
314,314,Experienced concrete work with 16 years of experience. Speaks Tamil. Available to travel up to 19 km. Current rating is 3.59.,,2025-06-11
315,315,Experienced cloth stitching with 4 years of experience. Speaks Kannada. Available to travel up to 10 km. Current rating is 4.62.,,2025-08-17
316,316,Experienced wood polishing with 17 years of experience. Speaks English. Available to travel up to 36 km. Current rating is 4.5.,,2025-09-12
317,317,Experienced wood polishing with 20 years of experience. Speaks Tamil. Available to travel up to 22 km. Current rating is 4.36.,,2025-03-29
318,318,Experienced pipe repair with 7 years of experience. Speaks English. Available to travel up to 27 km. Current rating is 4.52.,,2025-11-25
319,319,Experienced washing machine repair with 13 years of experience. Speaks Hindi. Available to travel up to 46 km. Current rating is 4.18.,,2025-05-08
320,320,Experienced ac technician with 13 years of experience. Speaks Tamil. Available to travel up to 8 km. Current rating is 4.48.,,2025-01-12
321,321,Experienced furniture assembly with 13 years of experience. Speaks Malayalam. Available to travel up to 48 km. Current rating is 4.17.,,2025-05-13
322,322,Experienced plumber with 7 years of experience. Speaks Tamil. Available to travel up to 46 km. Current rating is 3.9.,,2025-10-27
323,323,Experienced tile installation with 5 years of experience. Speaks Kannada. Available to travel up to 28 km. Current rating is 3.8.,,2025-12-29
324,324,Experienced wall painting with 4 years of experience. Speaks Tamil. Available to travel up to 15 km. Current rating is 4.81.,,2025-07-12
325,325,Experienced carpenter with 8 years of experience. Speaks Tamil. Available to travel up to 27 km. Current rating is 4.91.,,2025-09-09
326,326,Experienced ac technician with 16 years of experience. Speaks Tamil. Available to travel up to 40 km. Current rating is 4.86.,,2025-02-14
327,327,Experienced leak detection with 10 years of experience. Speaks Malayalam. Available to travel up to 44 km. Current rating is 3.77.,,2025-10-23
328,328,Experienced concrete work with 7 years of experience. Speaks Hindi. Available to travel up to 48 km. Current rating is 3.74.,,2025-02-08
329,329,Experienced deep cleaning with 14 years of experience. Speaks Kannada. Available to travel up to 36 km. Current rating is 4.22.,,2025-08-09
330,330,Experienced pipe repair with 8 years of experience. Speaks Hindi. Available to travel up to 34 km. Current rating is 4.54.,,2025-01-22
331,331,Experienced packers with 7 years of experience. Speaks Hindi. Available to travel up to 39 km. Current rating is 3.9.,,2025-10-12
332,332,Experienced electrician with 8 years of experience. Speaks Tamil. Available to travel up to 9 km. Current rating is 3.81.,,2025-02-26
333,333,Experienced ac repair with 9 years of experience. Speaks English. Available to travel up to 10 km. Current rating is 4.22.,,2025-08-07
334,334,Experienced washing machine repair with 7 years of experience. Speaks Hindi. Available to travel up to 16 km. Current rating is 3.93.,,2025-07-01
335,335,Experienced door repair with 5 years of experience. Speaks Tamil. Available to travel up to 9 km. Current rating is 4.17.,,2025-06-05
336,336,Experienced makeup artist with 14 years of experience. Speaks Hindi. Available to travel up to 43 km. Current rating is 4.78.,,2025-10-07
337,337,Experienced gardener with 19 years of experience. Speaks Telugu. Available to travel up to 31 km. Current rating is 3.86.,,2025-11-26
338,338,Experienced washing machine repair with 10 years of experience. Speaks English. Available to travel up to 50 km. Current rating is 4.53.,,2025-12-13
339,339,Experienced house cleaning with 4 years of experience. Speaks Malayalam. Available to travel up to 9 km. Current rating is 3.78.,,2025-06-17
340,340,Experienced ac technician with 3 years of experience. Speaks Tamil. Available to travel up to 31 km. Current rating is 4.13.,,2025-08-05
341,341,Experienced furniture assembly with 18 years of experience. Speaks English. Available to travel up to 17 km. Current rating is 4.83.,,2025-09-09
342,342,Experienced lawn maintenance with 9 years of experience. Speaks Malayalam. Available to travel up to 5 km. Current rating is 4.67.,,2025-12-11
343,343,Experienced mason with 10 years of experience. Speaks Hindi. Available to travel up to 38 km. Current rating is 4.44.,,2025-11-30
344,344,Experienced house wiring with 12 years of experience. Speaks Hindi. Available to travel up to 39 km. Current rating is 3.69.,,2025-12-26
345,345,Experienced wood polishing with 2 years of experience. Speaks Tamil. Available to travel up to 6 km. Current rating is 4.07.,,2025-10-22
346,346,Experienced tv repair with 13 years of experience. Speaks Hindi. Available to travel up to 5 km. Current rating is 4.8.,,2025-05-29
347,347,Experienced tile installation with 14 years of experience. Speaks Hindi. Available to travel up to 35 km. Current rating is 4.32.,,2025-03-16
348,348,Experienced ac technician with 20 years of experience. Speaks Telugu. Available to travel up to 46 km. Current rating is 4.4.,,2025-11-02
349,349,Experienced carpenter with 12 years of experience. Speaks Tamil. Available to travel up to 42 km. Current rating is 3.64.,,2025-12-01
350,350,Experienced house cleaning with 5 years of experience. Speaks English. Available to travel up to 25 km. Current rating is 4.56.,,2025-04-17
351,351,Experienced bathroom cleaning with 18 years of experience. Speaks Kannada. Available to travel up to 12 km. Current rating is 3.74.,,2025-03-11
352,352,Experienced carpenter with 13 years of experience. Speaks Kannada. Available to travel up to 32 km. Current rating is 4.0.,,2025-07-10
353,353,Experienced lawn maintenance with 12 years of experience. Speaks Hindi. Available to travel up to 32 km. Current rating is 3.64.,,2025-09-01
354,354,Experienced interior painting with 2 years of experience. Speaks Telugu. Available to travel up to 34 km. Current rating is 3.63.,,2025-05-29
355,355,Experienced brick work with 5 years of experience. Speaks Kannada. Available to travel up to 6 km. Current rating is 4.46.,,2025-12-21
356,356,Experienced wall painting with 16 years of experience. Speaks Malayalam. Available to travel up to 22 km. Current rating is 4.66.,,2025-08-21
357,357,Experienced switch repair with 12 years of experience. Speaks Tamil. Available to travel up to 12 km. Current rating is 3.91.,,2025-03-12
358,358,Experienced concrete work with 13 years of experience. Speaks Kannada. Available to travel up to 28 km. Current rating is 4.98.,,2025-08-29
359,359,Experienced deep cleaning with 11 years of experience. Speaks English. Available to travel up to 38 km. Current rating is 3.9.,,2025-02-21
360,360,Experienced kitchen cleaning with 19 years of experience. Speaks Tamil. Available to travel up to 25 km. Current rating is 4.27.,,2025-10-18
361,361,Experienced movers with 13 years of experience. Speaks English. Available to travel up to 11 km. Current rating is 4.41.,,2025-07-04
362,362,Experienced door repair with 3 years of experience. Speaks Telugu. Available to travel up to 5 km. Current rating is 4.23.,,2025-05-05
363,363,Experienced tree trimming with 7 years of experience. Speaks Malayalam. Available to travel up to 19 km. Current rating is 3.95.,,2025-11-12
364,364,Experienced wood polishing with 7 years of experience. Speaks Malayalam. Available to travel up to 8 km. Current rating is 3.9.,,2025-10-17
365,365,Experienced pipe repair with 19 years of experience. Speaks English. Available to travel up to 19 km. Current rating is 4.81.,,2025-09-01
366,366,Experienced alteration with 20 years of experience. Speaks Malayalam. Available to travel up to 24 km. Current rating is 4.31.,,2025-01-12
367,367,Experienced electrician with 13 years of experience. Speaks Kannada. Available to travel up to 40 km. Current rating is 3.69.,,2025-02-17
368,368,Experienced beautician with 5 years of experience. Speaks Malayalam. Available to travel up to 22 km. Current rating is 4.88.,,2025-03-09
369,369,Experienced movers with 3 years of experience. Speaks Kannada. Available to travel up to 44 km. Current rating is 4.77.,,2025-10-07
370,370,Experienced movers with 12 years of experience. Speaks Telugu. Available to travel up to 9 km. Current rating is 4.47.,,2025-02-23
371,371,Experienced packers with 19 years of experience. Speaks Telugu. Available to travel up to 44 km. Current rating is 4.85.,,2025-12-21
372,372,Experienced concrete work with 10 years of experience. Speaks Telugu. Available to travel up to 7 km. Current rating is 3.87.,,2025-09-01
373,373,Experienced door repair with 12 years of experience. Speaks English. Available to travel up to 41 km. Current rating is 4.67.,,2025-03-31
374,374,Experienced alteration with 6 years of experience. Speaks Malayalam. Available to travel up to 38 km. Current rating is 4.32.,,2025-05-10
375,375,Experienced tile installation with 6 years of experience. Speaks Malayalam. Available to travel up to 47 km. Current rating is 3.92.,,2025-10-18
376,376,Experienced refrigerator repair with 15 years of experience. Speaks Tamil. Available to travel up to 16 km. Current rating is 4.16.,,2025-02-04
377,377,Experienced tile installation with 4 years of experience. Speaks English. Available to travel up to 34 km. Current rating is 4.33.,,2025-06-07
378,378,Experienced microwave repair with 19 years of experience. Speaks Tamil. Available to travel up to 40 km. Current rating is 4.34.,,2025-11-15
379,379,Experienced catering with 0 years of experience. Speaks Hindi. Available to travel up to 27 km. Current rating is 3.99.,,2025-09-06
380,380,Experienced tile installation with 5 years of experience. Speaks Malayalam. Available to travel up to 25 km. Current rating is 4.9.,,2025-09-15
381,381,Experienced movers with 7 years of experience. Speaks English. Available to travel up to 34 km. Current rating is 4.14.,,2025-05-25
382,382,Experienced refrigerator repair with 10 years of experience. Speaks English. Available to travel up to 13 km. Current rating is 3.79.,,2025-11-03
383,383,Experienced wood polishing with 3 years of experience. Speaks English. Available to travel up to 32 km. Current rating is 4.65.,,2025-01-21
384,384,Experienced kitchen cleaning with 8 years of experience. Speaks Hindi. Available to travel up to 48 km. Current rating is 4.86.,,2025-02-19
385,385,Experienced security guard with 15 years of experience. Speaks Tamil. Available to travel up to 15 km. Current rating is 3.83.,,2025-03-13
386,386,Experienced tv repair with 2 years of experience. Speaks English. Available to travel up to 48 km. Current rating is 4.78.,,2025-05-09
387,387,Experienced mason with 15 years of experience. Speaks English. Available to travel up to 26 km. Current rating is 4.08.,,2025-07-13
388,388,Experienced house cleaning with 1 years of experience. Speaks Telugu. Available to travel up to 10 km. Current rating is 3.85.,,2025-08-18
389,389,Experienced microwave repair with 17 years of experience. Speaks Kannada. Available to travel up to 50 km. Current rating is 4.91.,,2025-09-16
390,390,Experienced tile installation with 19 years of experience. Speaks Telugu. Available to travel up to 43 km. Current rating is 4.02.,,2025-07-08
391,391,Experienced plumber with 14 years of experience. Speaks English. Available to travel up to 6 km. Current rating is 3.88.,,2025-09-11
392,392,Experienced ac installation with 1 years of experience. Speaks Malayalam. Available to travel up to 15 km. Current rating is 3.61.,,2025-10-28
393,393,Experienced lawn maintenance with 18 years of experience. Speaks English. Available to travel up to 43 km. Current rating is 4.21.,,2025-10-09
394,394,Experienced wall painting with 17 years of experience. Speaks Malayalam. Available to travel up to 15 km. Current rating is 3.71.,,2025-09-08
395,395,Experienced gardener with 16 years of experience. Speaks Telugu. Available to travel up to 20 km. Current rating is 4.66.,,2025-04-23
396,396,Experienced ac technician with 18 years of experience. Speaks Hindi. Available to travel up to 34 km. Current rating is 4.97.,,2025-06-21
397,397,Experienced brick work with 8 years of experience. Speaks Telugu. Available to travel up to 30 km. Current rating is 4.15.,,2025-05-09
398,398,Experienced exterior painting with 2 years of experience. Speaks Hindi. Available to travel up to 5 km. Current rating is 3.89.,,2025-12-06
399,399,Experienced beautician with 18 years of experience. Speaks Tamil. Available to travel up to 50 km. Current rating is 4.65.,,2025-11-20
400,400,Experienced pipe repair with 7 years of experience. Speaks Malayalam. Available to travel up to 28 km. Current rating is 4.52.,,2025-08-15
401,401,Experienced refrigerator repair with 16 years of experience. Speaks Kannada. Available to travel up to 19 km. Current rating is 4.51.,,2025-01-30
402,402,Experienced lawn maintenance with 7 years of experience. Speaks Tamil. Available to travel up to 25 km. Current rating is 3.67.,,2025-11-06
403,403,Experienced exterior painting with 12 years of experience. Speaks English. Available to travel up to 33 km. Current rating is 3.99.,,2025-10-24
404,404,Experienced bathroom cleaning with 15 years of experience. Speaks Kannada. Available to travel up to 15 km. Current rating is 4.7.,,2025-02-09
405,405,Experienced deep cleaning with 2 years of experience. Speaks Tamil. Available to travel up to 19 km. Current rating is 4.43.,,2025-11-04
406,406,Experienced alteration with 18 years of experience. Speaks Telugu. Available to travel up to 17 km. Current rating is 3.7.,,2025-07-03
407,407,Experienced ac installation with 16 years of experience. Speaks Hindi. Available to travel up to 18 km. Current rating is 4.89.,,2025-09-03
408,408,Experienced lawn maintenance with 17 years of experience. Speaks Kannada. Available to travel up to 47 km. Current rating is 4.26.,,2025-12-25
409,409,Experienced ac installation with 10 years of experience. Speaks Hindi. Available to travel up to 50 km. Current rating is 3.94.,,2025-04-21
410,410,Experienced driver with 12 years of experience. Speaks Malayalam. Available to travel up to 48 km. Current rating is 4.37.,,2025-10-17
411,411,Experienced bathroom fitting with 12 years of experience. Speaks Tamil. Available to travel up to 40 km. Current rating is 4.09.,,2025-07-05
412,412,Experienced mason with 16 years of experience. Speaks English. Available to travel up to 5 km. Current rating is 4.76.,,2025-07-04
413,413,Experienced ac repair with 4 years of experience. Speaks Telugu. Available to travel up to 30 km. Current rating is 4.55.,,2025-01-13
414,414,Experienced kitchen cleaning with 20 years of experience. Speaks Hindi. Available to travel up to 10 km. Current rating is 4.44.,,2025-08-30
415,415,Experienced plumber with 15 years of experience. Speaks Hindi. Available to travel up to 6 km. Current rating is 3.9.,,2025-07-26
416,416,Experienced bathroom cleaning with 6 years of experience. Speaks Malayalam. Available to travel up to 13 km. Current rating is 4.19.,,2025-07-25
417,417,Experienced deep cleaning with 0 years of experience. Speaks Telugu. Available to travel up to 12 km. Current rating is 3.95.,,2025-12-04
418,418,Experienced washing machine repair with 5 years of experience. Speaks Telugu. Available to travel up to 22 km. Current rating is 4.48.,,2025-12-15
419,419,Experienced lawn maintenance with 20 years of experience. Speaks English. Available to travel up to 32 km. Current rating is 4.03.,,2025-12-17
420,420,Experienced water tank installation with 14 years of experience. Speaks Telugu. Available to travel up to 45 km. Current rating is 3.54.,,2025-08-25
421,421,Experienced light installation with 10 years of experience. Speaks English. Available to travel up to 46 km. Current rating is 4.14.,,2025-06-12
422,422,Experienced makeup artist with 13 years of experience. Speaks Telugu. Available to travel up to 7 km. Current rating is 3.64.,,2025-09-26
423,423,Experienced beautician with 11 years of experience. Speaks Hindi. Available to travel up to 27 km. Current rating is 3.97.,,2025-08-02
424,424,Experienced electrician with 18 years of experience. Speaks Tamil. Available to travel up to 39 km. Current rating is 4.93.,,2025-12-11
425,425,Experienced alteration with 13 years of experience. Speaks Kannada. Available to travel up to 33 km. Current rating is 4.1.,,2025-12-20
426,426,Experienced kitchen cleaning with 15 years of experience. Speaks Hindi. Available to travel up to 46 km. Current rating is 4.81.,,2025-07-03
427,427,Experienced tailor with 3 years of experience. Speaks Tamil. Available to travel up to 32 km. Current rating is 4.84.,,2025-12-10
428,428,Experienced microwave repair with 2 years of experience. Speaks Kannada. Available to travel up to 7 km. Current rating is 4.15.,,2025-12-26
429,429,Experienced house cleaning with 20 years of experience. Speaks Hindi. Available to travel up to 9 km. Current rating is 4.5.,,2025-01-24
430,430,Experienced bathroom fitting with 6 years of experience. Speaks Malayalam. Available to travel up to 7 km. Current rating is 4.66.,,2025-12-08
431,431,Experienced bathroom cleaning with 8 years of experience. Speaks Hindi. Available to travel up to 11 km. Current rating is 4.09.,,2025-05-22
432,432,Experienced cook with 12 years of experience. Speaks Tamil. Available to travel up to 36 km. Current rating is 3.98.,,2025-12-04
433,433,Experienced gardener with 0 years of experience. Speaks Kannada. Available to travel up to 14 km. Current rating is 4.67.,,2025-11-09
434,434,Experienced water tank installation with 11 years of experience. Speaks Kannada. Available to travel up to 46 km. Current rating is 3.65.,,2025-09-17
435,435,Experienced refrigerator repair with 16 years of experience. Speaks Tamil. Available to travel up to 41 km. Current rating is 4.21.,,2025-06-28
436,436,Experienced door repair with 12 years of experience. Speaks English. Available to travel up to 20 km. Current rating is 4.01.,,2025-08-08
437,437,Experienced water tank installation with 11 years of experience. Speaks English. Available to travel up to 49 km. Current rating is 3.86.,,2025-09-16
438,438,Experienced fan installation with 14 years of experience. Speaks Kannada. Available to travel up to 11 km. Current rating is 3.92.,,2025-05-20
439,439,Experienced fan installation with 2 years of experience. Speaks Telugu. Available to travel up to 23 km. Current rating is 3.85.,,2025-06-06
440,440,Experienced catering with 3 years of experience. Speaks Telugu. Available to travel up to 47 km. Current rating is 3.8.,,2025-04-13
441,441,Experienced ac technician with 3 years of experience. Speaks Kannada. Available to travel up to 16 km. Current rating is 4.35.,,2025-09-04
442,442,Experienced beautician with 14 years of experience. Speaks Hindi. Available to travel up to 27 km. Current rating is 4.77.,,2025-10-19
443,443,Experienced furniture assembly with 3 years of experience. Speaks English. Available to travel up to 25 km. Current rating is 4.81.,,2025-07-05
444,444,Experienced carpenter with 10 years of experience. Speaks Malayalam. Available to travel up to 29 km. Current rating is 4.93.,,2025-11-24
445,445,Experienced water tank installation with 13 years of experience. Speaks Malayalam. Available to travel up to 50 km. Current rating is 4.64.,,2025-03-24
446,446,Experienced brick work with 20 years of experience. Speaks Telugu. Available to travel up to 43 km. Current rating is 4.49.,,2025-02-06
447,447,Experienced tv repair with 3 years of experience. Speaks Tamil. Available to travel up to 38 km. Current rating is 4.15.,,2025-09-10
448,448,Experienced cook with 10 years of experience. Speaks Tamil. Available to travel up to 50 km. Current rating is 4.9.,,2025-01-12
449,449,Experienced light installation with 7 years of experience. Speaks Telugu. Available to travel up to 28 km. Current rating is 3.63.,,2025-03-29
450,450,Experienced makeup artist with 8 years of experience. Speaks Tamil. Available to travel up to 30 km. Current rating is 4.91.,,2025-08-06
451,451,Experienced fan installation with 13 years of experience. Speaks English. Available to travel up to 38 km. Current rating is 4.1.,,2025-09-07
452,452,Experienced fan installation with 2 years of experience. Speaks Hindi. Available to travel up to 21 km. Current rating is 3.55.,,2025-08-14
453,453,Experienced painter with 7 years of experience. Speaks Hindi. Available to travel up to 13 km. Current rating is 4.74.,,2025-02-06
454,454,Experienced brick work with 1 years of experience. Speaks Malayalam. Available to travel up to 42 km. Current rating is 4.48.,,2025-09-21
455,455,Experienced exterior painting with 15 years of experience. Speaks English. Available to travel up to 40 km. Current rating is 3.6.,,2025-07-09
456,456,Experienced lawn maintenance with 19 years of experience. Speaks Malayalam. Available to travel up to 28 km. Current rating is 4.99.,,2025-11-20
457,457,Experienced wood polishing with 12 years of experience. Speaks Tamil. Available to travel up to 45 km. Current rating is 4.88.,,2025-11-29
458,458,Experienced bathroom fitting with 17 years of experience. Speaks English. Available to travel up to 47 km. Current rating is 4.22.,,2025-09-08
459,459,Experienced plumber with 0 years of experience. Speaks Telugu. Available to travel up to 31 km. Current rating is 4.12.,,2025-11-21
460,460,Experienced tv repair with 14 years of experience. Speaks Hindi. Available to travel up to 25 km. Current rating is 4.57.,,2025-08-28
461,461,Experienced security guard with 8 years of experience. Speaks Tamil. Available to travel up to 26 km. Current rating is 4.91.,,2025-10-18
462,462,Experienced interior painting with 4 years of experience. Speaks English. Available to travel up to 20 km. Current rating is 4.46.,,2025-07-20
463,463,Experienced house cleaning with 10 years of experience. Speaks Malayalam. Available to travel up to 41 km. Current rating is 3.8.,,2025-03-15
464,464,Experienced light installation with 2 years of experience. Speaks Telugu. Available to travel up to 22 km. Current rating is 4.53.,,2025-09-19
465,465,Experienced cloth stitching with 4 years of experience. Speaks Tamil. Available to travel up to 28 km. Current rating is 4.25.,,2025-02-10
466,466,Experienced kitchen cleaning with 3 years of experience. Speaks Kannada. Available to travel up to 8 km. Current rating is 4.71.,,2025-12-22
467,467,Experienced electrician with 0 years of experience. Speaks Kannada. Available to travel up to 48 km. Current rating is 3.87.,,2025-05-24
468,468,Experienced tree trimming with 9 years of experience. Speaks Tamil. Available to travel up to 27 km. Current rating is 4.43.,,2025-10-25
469,469,Experienced brick work with 15 years of experience. Speaks Hindi. Available to travel up to 31 km. Current rating is 3.65.,,2025-04-29
470,470,Experienced refrigerator repair with 0 years of experience. Speaks Malayalam. Available to travel up to 21 km. Current rating is 4.55.,,2025-03-25
471,471,Experienced plumber with 10 years of experience. Speaks English. Available to travel up to 37 km. Current rating is 3.54.,,2025-09-17
472,472,Experienced tv repair with 19 years of experience. Speaks Hindi. Available to travel up to 16 km. Current rating is 4.27.,,2025-10-10
473,473,Experienced driver with 6 years of experience. Speaks Telugu. Available to travel up to 48 km. Current rating is 4.95.,,2025-10-31
474,474,Experienced ac installation with 7 years of experience. Speaks Telugu. Available to travel up to 45 km. Current rating is 4.42.,,2025-02-06
475,475,Experienced tree trimming with 14 years of experience. Speaks English. Available to travel up to 30 km. Current rating is 4.22.,,2025-04-15
476,476,Experienced cloth stitching with 2 years of experience. Speaks Kannada. Available to travel up to 24 km. Current rating is 4.42.,,2025-08-11
477,477,Experienced furniture assembly with 10 years of experience. Speaks Hindi. Available to travel up to 45 km. Current rating is 4.58.,,2025-12-15
478,478,Experienced pipe repair with 4 years of experience. Speaks Malayalam. Available to travel up to 41 km. Current rating is 4.75.,,2025-07-31
479,479,Experienced fan installation with 18 years of experience. Speaks Tamil. Available to travel up to 21 km. Current rating is 3.51.,,2025-05-23
480,480,Experienced switch repair with 5 years of experience. Speaks Tamil. Available to travel up to 46 km. Current rating is 3.91.,,2025-08-18
481,481,Experienced leak detection with 16 years of experience. Speaks Malayalam. Available to travel up to 6 km. Current rating is 4.07.,,2025-05-12
482,482,Experienced security guard with 3 years of experience. Speaks Hindi. Available to travel up to 38 km. Current rating is 4.37.,,2025-03-17
483,483,Experienced tailor with 15 years of experience. Speaks Tamil. Available to travel up to 10 km. Current rating is 4.85.,,2025-11-25
484,484,Experienced kitchen cleaning with 8 years of experience. Speaks Hindi. Available to travel up to 27 km. Current rating is 3.72.,,2025-09-19
485,485,Experienced fan installation with 6 years of experience. Speaks Kannada. Available to travel up to 38 km. Current rating is 4.48.,,2025-07-09
486,486,Experienced house wiring with 5 years of experience. Speaks Hindi. Available to travel up to 29 km. Current rating is 4.18.,,2025-02-23
487,487,Experienced electrician with 1 years of experience. Speaks Telugu. Available to travel up to 39 km. Current rating is 4.28.,,2025-09-13
488,488,Experienced packers with 4 years of experience. Speaks Hindi. Available to travel up to 22 km. Current rating is 3.63.,,2025-12-28
489,489,Experienced ac technician with 6 years of experience. Speaks Tamil. Available to travel up to 16 km. Current rating is 4.91.,,2025-04-07
490,490,Experienced tile installation with 20 years of experience. Speaks English. Available to travel up to 35 km. Current rating is 3.92.,,2025-09-24
491,491,Experienced catering with 3 years of experience. Speaks English. Available to travel up to 24 km. Current rating is 4.67.,,2025-08-19
492,492,Experienced house wiring with 12 years of experience. Speaks English. Available to travel up to 46 km. Current rating is 4.18.,,2025-09-29
493,493,Experienced door repair with 16 years of experience. Speaks English. Available to travel up to 9 km. Current rating is 4.74.,,2025-06-07
494,494,Experienced refrigerator repair with 13 years of experience. Speaks Telugu. Available to travel up to 17 km. Current rating is 3.54.,,2025-09-26
495,495,Experienced bathroom cleaning with 11 years of experience. Speaks Malayalam. Available to travel up to 50 km. Current rating is 3.63.,,2025-05-26
496,496,Experienced painter with 0 years of experience. Speaks Malayalam. Available to travel up to 43 km. Current rating is 4.83.,,2025-11-26
497,497,Experienced driver with 11 years of experience. Speaks Telugu. Available to travel up to 38 km. Current rating is 3.77.,,2025-07-08
498,498,Experienced concrete work with 11 years of experience. Speaks Hindi. Available to travel up to 42 km. Current rating is 3.96.,,2025-08-01
499,499,Experienced wall painting with 0 years of experience. Speaks Telugu. Available to travel up to 49 km. Current rating is 3.76.,,2025-05-30
500,500,Experienced plumber with 3 years of experience. Speaks English. Available to travel up to 25 km. Current rating is 4.56.,,2025-07-15
501,501,Experienced movers with 9 years of experience. Speaks Tamil. Available to travel up to 29 km. Current rating is 4.04.,,2025-02-04
502,502,Experienced ac installation with 18 years of experience. Speaks Hindi. Available to travel up to 49 km. Current rating is 3.89.,,2025-12-03
503,503,Experienced ac repair with 17 years of experience. Speaks Kannada. Available to travel up to 5 km. Current rating is 4.68.,,2025-02-01
504,504,Experienced house cleaning with 1 years of experience. Speaks Tamil. Available to travel up to 24 km. Current rating is 3.73.,,2025-09-16
505,505,Experienced brick work with 2 years of experience. Speaks Kannada. Available to travel up to 18 km. Current rating is 3.52.,,2025-10-14
506,506,Experienced carpenter with 10 years of experience. Speaks Malayalam. Available to travel up to 24 km. Current rating is 4.23.,,2025-07-26
507,507,Experienced tv repair with 2 years of experience. Speaks Hindi. Available to travel up to 41 km. Current rating is 4.18.,,2025-12-20
508,508,Experienced packers with 11 years of experience. Speaks Malayalam. Available to travel up to 32 km. Current rating is 3.65.,,2025-05-22
509,509,Experienced fan installation with 19 years of experience. Speaks Kannada. Available to travel up to 43 km. Current rating is 3.8.,,2025-01-10
510,510,Experienced washing machine repair with 12 years of experience. Speaks Kannada. Available to travel up to 11 km. Current rating is 4.81.,,2025-08-03
511,511,Experienced beautician with 2 years of experience. Speaks Telugu. Available to travel up to 48 km. Current rating is 4.46.,,2025-10-26
512,512,Experienced ac installation with 17 years of experience. Speaks Kannada. Available to travel up to 34 km. Current rating is 3.8.,,2025-07-31
513,513,Experienced movers with 5 years of experience. Speaks Tamil. Available to travel up to 10 km. Current rating is 4.61.,,2025-04-14
514,514,Experienced concrete work with 14 years of experience. Speaks English. Available to travel up to 39 km. Current rating is 3.54.,,2025-05-13
515,515,Experienced gardener with 16 years of experience. Speaks English. Available to travel up to 12 km. Current rating is 4.4.,,2025-07-16
516,516,Experienced tv repair with 8 years of experience. Speaks Malayalam. Available to travel up to 48 km. Current rating is 4.11.,,2025-11-08
517,517,Experienced makeup artist with 20 years of experience. Speaks Tamil. Available to travel up to 18 km. Current rating is 4.33.,,2025-01-17
518,518,Experienced wall painting with 14 years of experience. Speaks Telugu. Available to travel up to 43 km. Current rating is 4.03.,,2025-10-06
519,519,Experienced house wiring with 20 years of experience. Speaks Tamil. Available to travel up to 27 km. Current rating is 4.53.,,2025-04-29
520,520,Experienced ac technician with 4 years of experience. Speaks Telugu. Available to travel up to 9 km. Current rating is 4.22.,,2025-10-12
521,521,Experienced catering with 1 years of experience. Speaks Hindi. Available to travel up to 38 km. Current rating is 4.29.,,2025-02-02
522,522,Experienced ac technician with 11 years of experience. Speaks Kannada. Available to travel up to 6 km. Current rating is 3.57.,,2025-01-22
523,523,Experienced electrician with 10 years of experience. Speaks English. Available to travel up to 25 km. Current rating is 4.22.,,2025-06-04
524,524,Experienced electrician with 5 years of experience. Speaks Kannada. Available to travel up to 39 km. Current rating is 4.11.,,2025-07-28
525,525,Experienced kitchen cleaning with 7 years of experience. Speaks Tamil. Available to travel up to 20 km. Current rating is 4.92.,,2025-10-23
526,526,Experienced ac installation with 6 years of experience. Speaks Telugu. Available to travel up to 17 km. Current rating is 3.55.,,2025-08-31
527,527,Experienced door repair with 6 years of experience. Speaks Tamil. Available to travel up to 13 km. Current rating is 4.38.,,2025-11-02
528,528,Experienced kitchen cleaning with 1 years of experience. Speaks Tamil. Available to travel up to 29 km. Current rating is 3.95.,,2025-11-25
529,529,Experienced house cleaning with 18 years of experience. Speaks Malayalam. Available to travel up to 26 km. Current rating is 3.58.,,2025-05-29
530,530,Experienced beautician with 0 years of experience. Speaks Hindi. Available to travel up to 18 km. Current rating is 4.26.,,2025-12-19
531,531,Experienced light installation with 12 years of experience. Speaks Telugu. Available to travel up to 31 km. Current rating is 3.91.,,2025-08-24
532,532,Experienced washing machine repair with 0 years of experience. Speaks Hindi. Available to travel up to 42 km. Current rating is 4.06.,,2025-07-08
533,533,Experienced ac repair with 8 years of experience. Speaks Kannada. Available to travel up to 29 km. Current rating is 3.62.,,2025-05-10
534,534,Experienced tv repair with 13 years of experience. Speaks Telugu. Available to travel up to 49 km. Current rating is 4.98.,,2025-03-26
535,535,Experienced house cleaning with 6 years of experience. Speaks English. Available to travel up to 30 km. Current rating is 4.23.,,2025-03-07
536,536,Experienced refrigerator repair with 14 years of experience. Speaks Tamil. Available to travel up to 26 km. Current rating is 3.88.,,2025-09-26
537,537,Experienced deep cleaning with 2 years of experience. Speaks Hindi. Available to travel up to 30 km. Current rating is 4.57.,,2025-03-17
538,538,Experienced carpenter with 9 years of experience. Speaks Kannada. Available to travel up to 33 km. Current rating is 3.82.,,2025-02-07
539,539,Experienced water tank installation with 10 years of experience. Speaks English. Available to travel up to 41 km. Current rating is 4.28.,,2025-04-25
540,540,Experienced tv repair with 4 years of experience. Speaks Tamil. Available to travel up to 38 km. Current rating is 3.92.,,2025-05-07
541,541,Experienced exterior painting with 20 years of experience. Speaks Telugu. Available to travel up to 19 km. Current rating is 4.81.,,2025-09-26
542,542,Experienced switch repair with 5 years of experience. Speaks Malayalam. Available to travel up to 15 km. Current rating is 3.59.,,2025-10-26
543,543,Experienced kitchen cleaning with 4 years of experience. Speaks Hindi. Available to travel up to 29 km. Current rating is 3.9.,,2025-03-01
544,544,Experienced house wiring with 17 years of experience. Speaks Telugu. Available to travel up to 41 km. Current rating is 4.42.,,2025-08-11
545,545,Experienced switch repair with 13 years of experience. Speaks Telugu. Available to travel up to 32 km. Current rating is 4.69.,,2025-03-02
546,546,Experienced wall painting with 7 years of experience. Speaks Hindi. Available to travel up to 17 km. Current rating is 4.97.,,2025-11-14
547,547,Experienced packers with 6 years of experience. Speaks English. Available to travel up to 25 km. Current rating is 4.09.,,2025-06-19
548,548,Experienced deep cleaning with 15 years of experience. Speaks Kannada. Available to travel up to 25 km. Current rating is 3.77.,,2025-10-14
549,549,Experienced water tank installation with 19 years of experience. Speaks Malayalam. Available to travel up to 49 km. Current rating is 4.14.,,2025-12-07
550,550,Experienced tv repair with 5 years of experience. Speaks Kannada. Available to travel up to 48 km. Current rating is 3.97.,,2025-01-19
551,551,Experienced exterior painting with 7 years of experience. Speaks Tamil. Available to travel up to 14 km. Current rating is 4.96.,,2025-07-13
552,552,Experienced interior painting with 10 years of experience. Speaks English. Available to travel up to 5 km. Current rating is 4.44.,,2025-12-14
553,553,Experienced security guard with 17 years of experience. Speaks Tamil. Available to travel up to 18 km. Current rating is 4.43.,,2025-04-10
554,554,Experienced wall painting with 13 years of experience. Speaks Malayalam. Available to travel up to 36 km. Current rating is 4.85.,,2025-01-27
555,555,Experienced driver with 4 years of experience. Speaks Malayalam. Available to travel up to 41 km. Current rating is 4.83.,,2025-05-05
556,556,Experienced movers with 9 years of experience. Speaks Telugu. Available to travel up to 17 km. Current rating is 4.53.,,2025-04-16
557,557,Experienced hair stylist with 16 years of experience. Speaks English. Available to travel up to 27 km. Current rating is 4.53.,,2025-07-28
558,558,Experienced house cleaning with 15 years of experience. Speaks Kannada. Available to travel up to 8 km. Current rating is 3.89.,,2025-08-14
559,559,Experienced bathroom fitting with 20 years of experience. Speaks English. Available to travel up to 27 km. Current rating is 3.54.,,2025-06-07
560,560,Experienced security guard with 0 years of experience. Speaks Malayalam. Available to travel up to 40 km. Current rating is 3.79.,,2025-10-27
561,561,Experienced alteration with 12 years of experience. Speaks Tamil. Available to travel up to 35 km. Current rating is 3.87.,,2025-06-21
562,562,Experienced door repair with 9 years of experience. Speaks Telugu. Available to travel up to 21 km. Current rating is 4.69.,,2025-11-15
563,563,Experienced house cleaning with 17 years of experience. Speaks Kannada. Available to travel up to 29 km. Current rating is 4.53.,,2025-05-11
564,564,Experienced tile installation with 3 years of experience. Speaks Malayalam. Available to travel up to 12 km. Current rating is 4.68.,,2025-05-07
565,565,Experienced gardener with 15 years of experience. Speaks Malayalam. Available to travel up to 12 km. Current rating is 4.1.,,2025-10-11
566,566,Experienced interior painting with 5 years of experience. Speaks Hindi. Available to travel up to 36 km. Current rating is 3.57.,,2026-01-01
567,567,Experienced water tank installation with 5 years of experience. Speaks Hindi. Available to travel up to 18 km. Current rating is 3.93.,,2025-07-16
568,568,Experienced tree trimming with 2 years of experience. Speaks English. Available to travel up to 34 km. Current rating is 4.39.,,2025-01-24
569,569,Experienced plumber with 4 years of experience. Speaks Malayalam. Available to travel up to 9 km. Current rating is 3.9.,,2025-01-02
570,570,Experienced microwave repair with 17 years of experience. Speaks Telugu. Available to travel up to 13 km. Current rating is 4.64.,,2025-10-14
571,571,Experienced washing machine repair with 17 years of experience. Speaks Tamil. Available to travel up to 19 km. Current rating is 4.85.,,2025-02-15
572,572,Experienced tree trimming with 19 years of experience. Speaks Telugu. Available to travel up to 37 km. Current rating is 3.99.,,2025-06-21
573,573,Experienced water tank installation with 17 years of experience. Speaks Telugu. Available to travel up to 15 km. Current rating is 4.46.,,2025-04-04
574,574,Experienced leak detection with 12 years of experience. Speaks Kannada. Available to travel up to 49 km. Current rating is 4.42.,,2025-09-24
575,575,Experienced tile installation with 3 years of experience. Speaks Telugu. Available to travel up to 26 km. Current rating is 4.92.,,2025-10-28
576,576,Experienced house cleaning with 17 years of experience. Speaks Kannada. Available to travel up to 13 km. Current rating is 3.8.,,2025-09-13
577,577,Experienced driver with 1 years of experience. Speaks Telugu. Available to travel up to 25 km. Current rating is 4.97.,,2025-02-08
578,578,Experienced tree trimming with 19 years of experience. Speaks Kannada. Available to travel up to 40 km. Current rating is 4.89.,,2025-04-18
579,579,Experienced tile installation with 11 years of experience. Speaks Kannada. Available to travel up to 33 km. Current rating is 3.62.,,2025-10-07
580,580,Experienced ac technician with 13 years of experience. Speaks Malayalam. Available to travel up to 38 km. Current rating is 4.47.,,2025-04-06
581,581,Experienced wall painting with 12 years of experience. Speaks Telugu. Available to travel up to 10 km. Current rating is 4.39.,,2025-08-29
582,582,Experienced tile installation with 0 years of experience. Speaks Kannada. Available to travel up to 37 km. Current rating is 4.5.,,2025-04-01
583,583,Experienced plumber with 11 years of experience. Speaks English. Available to travel up to 25 km. Current rating is 3.65.,,2025-04-18
584,584,Experienced refrigerator repair with 6 years of experience. Speaks English. Available to travel up to 38 km. Current rating is 4.5.,,2025-03-26
585,585,Experienced ac installation with 4 years of experience. Speaks Telugu. Available to travel up to 31 km. Current rating is 4.77.,,2025-08-03
586,586,Experienced tailor with 13 years of experience. Speaks Tamil. Available to travel up to 34 km. Current rating is 4.53.,,2025-04-17
587,587,Experienced refrigerator repair with 11 years of experience. Speaks Kannada. Available to travel up to 36 km. Current rating is 4.15.,,2025-11-19
588,588,Experienced kitchen cleaning with 15 years of experience. Speaks Telugu. Available to travel up to 9 km. Current rating is 3.77.,,2025-05-15
589,589,Experienced electrician with 16 years of experience. Speaks Telugu. Available to travel up to 30 km. Current rating is 3.73.,,2025-08-29
590,590,Experienced painter with 1 years of experience. Speaks Telugu. Available to travel up to 33 km. Current rating is 4.02.,,2025-04-26
591,591,Experienced door repair with 15 years of experience. Speaks Telugu. Available to travel up to 38 km. Current rating is 4.18.,,2025-07-07
592,592,Experienced tile installation with 2 years of experience. Speaks Tamil. Available to travel up to 44 km. Current rating is 3.83.,,2025-10-23
593,593,Experienced alteration with 3 years of experience. Speaks Telugu. Available to travel up to 37 km. Current rating is 4.79.,,2025-04-18
594,594,Experienced brick work with 6 years of experience. Speaks Kannada. Available to travel up to 17 km. Current rating is 4.56.,,2025-11-27
595,595,Experienced gardener with 4 years of experience. Speaks Telugu. Available to travel up to 50 km. Current rating is 4.32.,,2025-01-29
596,596,Experienced furniture assembly with 7 years of experience. Speaks English. Available to travel up to 16 km. Current rating is 4.97.,,2025-11-15
597,597,Experienced leak detection with 20 years of experience. Speaks Malayalam. Available to travel up to 8 km. Current rating is 4.25.,,2025-05-03
598,598,Experienced bathroom fitting with 3 years of experience. Speaks Tamil. Available to travel up to 39 km. Current rating is 4.35.,,2025-02-21
599,599,Experienced ac technician with 13 years of experience. Speaks Malayalam. Available to travel up to 14 km. Current rating is 3.7.,,2025-05-14
600,600,Experienced hair stylist with 15 years of experience. Speaks English. Available to travel up to 28 km. Current rating is 4.74.,,2025-10-04
601,601,Experienced cloth stitching with 20 years of experience. Speaks Tamil. Available to travel up to 27 km. Current rating is 4.03.,,2025-02-05
602,602,Experienced water tank installation with 13 years of experience. Speaks Kannada. Available to travel up to 46 km. Current rating is 4.29.,,2025-06-22
603,603,Experienced concrete work with 2 years of experience. Speaks Telugu. Available to travel up to 12 km. Current rating is 4.55.,,2025-03-07
604,604,Experienced door repair with 6 years of experience. Speaks Telugu. Available to travel up to 45 km. Current rating is 4.11.,,2025-11-07
605,605,Experienced electrician with 1 years of experience. Speaks Malayalam. Available to travel up to 16 km. Current rating is 3.92.,,2025-02-06
606,606,Experienced tv repair with 5 years of experience. Speaks English. Available to travel up to 35 km. Current rating is 3.62.,,2025-08-01
607,607,Experienced fan installation with 8 years of experience. Speaks Telugu. Available to travel up to 7 km. Current rating is 4.06.,,2025-10-12
608,608,Experienced plumber with 3 years of experience. Speaks Kannada. Available to travel up to 48 km. Current rating is 3.85.,,2025-12-22
609,609,Experienced alteration with 3 years of experience. Speaks Malayalam. Available to travel up to 43 km. Current rating is 4.68.,,2025-10-21
610,610,Experienced interior painting with 20 years of experience. Speaks Tamil. Available to travel up to 27 km. Current rating is 3.7.,,2025-09-24
611,611,Experienced switch repair with 15 years of experience. Speaks Telugu. Available to travel up to 41 km. Current rating is 4.56.,,2025-09-17
612,612,Experienced microwave repair with 20 years of experience. Speaks Malayalam. Available to travel up to 35 km. Current rating is 3.66.,,2025-07-03
613,613,Experienced tree trimming with 15 years of experience. Speaks Hindi. Available to travel up to 11 km. Current rating is 3.59.,,2025-07-05
614,614,Experienced washing machine repair with 12 years of experience. Speaks Kannada. Available to travel up to 9 km. Current rating is 4.49.,,2025-11-25
615,615,Experienced ac technician with 0 years of experience. Speaks Kannada. Available to travel up to 16 km. Current rating is 4.97.,,2025-12-07
616,616,Experienced packers with 15 years of experience. Speaks Malayalam. Available to travel up to 10 km. Current rating is 4.73.,,2025-04-25
617,617,Experienced house wiring with 1 years of experience. Speaks Kannada. Available to travel up to 30 km. Current rating is 3.53.,,2025-12-24
618,618,Experienced washing machine repair with 4 years of experience. Speaks Kannada. Available to travel up to 15 km. Current rating is 4.6.,,2025-01-10
619,619,Experienced door repair with 9 years of experience. Speaks Hindi. Available to travel up to 49 km. Current rating is 4.71.,,2025-03-05
620,620,Experienced leak detection with 1 years of experience. Speaks Hindi. Available to travel up to 19 km. Current rating is 4.82.,,2025-12-10
621,621,Experienced electrician with 17 years of experience. Speaks Telugu. Available to travel up to 43 km. Current rating is 4.41.,,2025-07-07
622,622,Experienced alteration with 11 years of experience. Speaks Telugu. Available to travel up to 22 km. Current rating is 4.62.,,2025-07-05
623,623,Experienced washing machine repair with 0 years of experience. Speaks Telugu. Available to travel up to 8 km. Current rating is 4.71.,,2025-03-03
624,624,Experienced carpenter with 4 years of experience. Speaks Malayalam. Available to travel up to 22 km. Current rating is 4.61.,,2025-12-05
625,625,Experienced door repair with 8 years of experience. Speaks Hindi. Available to travel up to 5 km. Current rating is 3.64.,,2025-04-29
626,626,Experienced tree trimming with 14 years of experience. Speaks English. Available to travel up to 6 km. Current rating is 3.97.,,2025-01-29
627,627,Experienced electrician with 20 years of experience. Speaks Hindi. Available to travel up to 43 km. Current rating is 3.81.,,2025-12-05
628,628,Experienced brick work with 20 years of experience. Speaks Telugu. Available to travel up to 45 km. Current rating is 4.17.,,2025-03-17
629,629,Experienced pipe repair with 15 years of experience. Speaks Malayalam. Available to travel up to 8 km. Current rating is 4.22.,,2025-03-17
630,630,Experienced electrician with 6 years of experience. Speaks Kannada. Available to travel up to 48 km. Current rating is 4.53.,,2025-04-28
631,631,Experienced gardener with 19 years of experience. Speaks Kannada. Available to travel up to 34 km. Current rating is 4.83.,,2025-09-05
632,632,Experienced mason with 9 years of experience. Speaks English. Available to travel up to 30 km. Current rating is 3.69.,,2025-10-18
633,633,Experienced microwave repair with 11 years of experience. Speaks Tamil. Available to travel up to 34 km. Current rating is 3.72.,,2025-10-03
634,634,Experienced makeup artist with 14 years of experience. Speaks Tamil. Available to travel up to 41 km. Current rating is 4.91.,,2025-04-11
635,635,Experienced ac installation with 13 years of experience. Speaks Kannada. Available to travel up to 45 km. Current rating is 4.23.,,2025-07-15
636,636,Experienced bathroom cleaning with 20 years of experience. Speaks Telugu. Available to travel up to 10 km. Current rating is 4.05.,,2025-11-20
637,637,Experienced microwave repair with 13 years of experience. Speaks Malayalam. Available to travel up to 33 km. Current rating is 3.8.,,2025-01-27
638,638,Experienced cook with 6 years of experience. Speaks Telugu. Available to travel up to 41 km. Current rating is 3.88.,,2025-02-27
639,639,Experienced bathroom fitting with 11 years of experience. Speaks Telugu. Available to travel up to 24 km. Current rating is 3.9.,,2025-03-08
640,640,Experienced electrician with 8 years of experience. Speaks Malayalam. Available to travel up to 9 km. Current rating is 4.52.,,2025-04-04
641,641,Experienced light installation with 2 years of experience. Speaks Kannada. Available to travel up to 39 km. Current rating is 4.95.,,2025-06-04
642,642,Experienced refrigerator repair with 10 years of experience. Speaks Telugu. Available to travel up to 41 km. Current rating is 4.85.,,2025-04-27
643,643,Experienced electrician with 2 years of experience. Speaks Hindi. Available to travel up to 17 km. Current rating is 4.52.,,2025-08-29
644,644,Experienced tailor with 14 years of experience. Speaks Hindi. Available to travel up to 21 km. Current rating is 4.61.,,2025-05-25
645,645,Experienced tailor with 2 years of experience. Speaks Telugu. Available to travel up to 20 km. Current rating is 3.84.,,2025-11-30
646,646,Experienced brick work with 11 years of experience. Speaks Malayalam. Available to travel up to 12 km. Current rating is 4.75.,,2025-06-18
647,647,Experienced carpenter with 6 years of experience. Speaks Telugu. Available to travel up to 22 km. Current rating is 4.54.,,2025-11-08
648,648,Experienced tree trimming with 11 years of experience. Speaks Telugu. Available to travel up to 5 km. Current rating is 4.06.,,2025-09-26
649,649,Experienced lawn maintenance with 9 years of experience. Speaks Tamil. Available to travel up to 45 km. Current rating is 4.03.,,2025-02-03
650,650,Experienced light installation with 13 years of experience. Speaks Telugu. Available to travel up to 19 km. Current rating is 4.57.,,2025-08-02
651,651,Experienced concrete work with 16 years of experience. Speaks Hindi. Available to travel up to 24 km. Current rating is 3.92.,,2025-03-30
652,652,Experienced tree trimming with 0 years of experience. Speaks Hindi. Available to travel up to 10 km. Current rating is 4.24.,,2025-07-31
653,653,Experienced movers with 10 years of experience. Speaks Telugu. Available to travel up to 34 km. Current rating is 3.62.,,2025-07-20
654,654,Experienced ac installation with 17 years of experience. Speaks Telugu. Available to travel up to 6 km. Current rating is 4.97.,,2025-01-12
655,655,Experienced cloth stitching with 8 years of experience. Speaks Tamil. Available to travel up to 21 km. Current rating is 4.07.,,2025-12-16
656,656,Experienced washing machine repair with 8 years of experience. Speaks Tamil. Available to travel up to 37 km. Current rating is 3.54.,,2025-02-10
657,657,Experienced water tank installation with 20 years of experience. Speaks Hindi. Available to travel up to 10 km. Current rating is 4.04.,,2025-06-21
658,658,Experienced water tank installation with 12 years of experience. Speaks Kannada. Available to travel up to 40 km. Current rating is 3.71.,,2025-09-03
659,659,Experienced tree trimming with 0 years of experience. Speaks Hindi. Available to travel up to 37 km. Current rating is 4.53.,,2025-08-10
660,660,Experienced bathroom fitting with 19 years of experience. Speaks Malayalam. Available to travel up to 21 km. Current rating is 4.31.,,2025-07-26
661,661,Experienced house cleaning with 16 years of experience. Speaks Tamil. Available to travel up to 48 km. Current rating is 4.48.,,2025-11-22
662,662,Experienced leak detection with 15 years of experience. Speaks Telugu. Available to travel up to 31 km. Current rating is 4.79.,,2025-06-27
663,663,Experienced ac repair with 2 years of experience. Speaks Kannada. Available to travel up to 28 km. Current rating is 4.83.,,2025-12-02
664,664,Experienced furniture assembly with 16 years of experience. Speaks English. Available to travel up to 12 km. Current rating is 4.57.,,2025-01-18
665,665,Experienced washing machine repair with 6 years of experience. Speaks Hindi. Available to travel up to 48 km. Current rating is 4.97.,,2025-12-22
666,666,Experienced house wiring with 12 years of experience. Speaks Hindi. Available to travel up to 24 km. Current rating is 3.74.,,2025-01-07
667,667,Experienced cloth stitching with 11 years of experience. Speaks Kannada. Available to travel up to 11 km. Current rating is 3.64.,,2025-04-08
668,668,Experienced door repair with 15 years of experience. Speaks Kannada. Available to travel up to 44 km. Current rating is 3.86.,,2025-10-25
669,669,Experienced concrete work with 3 years of experience. Speaks Telugu. Available to travel up to 6 km. Current rating is 4.6.,,2025-08-25
670,670,Experienced carpenter with 3 years of experience. Speaks Tamil. Available to travel up to 30 km. Current rating is 3.52.,,2025-04-07
671,671,Experienced refrigerator repair with 13 years of experience. Speaks Kannada. Available to travel up to 35 km. Current rating is 4.11.,,2025-10-21
672,672,Experienced carpenter with 11 years of experience. Speaks Tamil. Available to travel up to 33 km. Current rating is 4.73.,,2025-01-13
673,673,Experienced plumber with 2 years of experience. Speaks Tamil. Available to travel up to 10 km. Current rating is 4.1.,,2025-05-11
674,674,Experienced gardener with 1 years of experience. Speaks Hindi. Available to travel up to 40 km. Current rating is 4.49.,,2025-05-28
675,675,Experienced brick work with 11 years of experience. Speaks English. Available to travel up to 32 km. Current rating is 3.73.,,2025-04-19
676,676,Experienced driver with 6 years of experience. Speaks Hindi. Available to travel up to 29 km. Current rating is 4.5.,,2025-06-23
677,677,Experienced ac repair with 12 years of experience. Speaks Telugu. Available to travel up to 22 km. Current rating is 4.67.,,2025-12-10
678,678,Experienced house cleaning with 17 years of experience. Speaks English. Available to travel up to 45 km. Current rating is 4.2.,,2025-08-17
679,679,Experienced pipe repair with 9 years of experience. Speaks Malayalam. Available to travel up to 48 km. Current rating is 3.68.,,2025-06-22
680,680,Experienced wall painting with 15 years of experience. Speaks English. Available to travel up to 17 km. Current rating is 4.47.,,2025-09-30
681,681,Experienced plumber with 17 years of experience. Speaks Tamil. Available to travel up to 37 km. Current rating is 4.98.,,2025-11-14
682,682,Experienced security guard with 0 years of experience. Speaks Malayalam. Available to travel up to 26 km. Current rating is 3.95.,,2025-06-02
683,683,Experienced bathroom fitting with 8 years of experience. Speaks Telugu. Available to travel up to 29 km. Current rating is 4.45.,,2025-06-01
684,684,Experienced tile installation with 7 years of experience. Speaks Malayalam. Available to travel up to 14 km. Current rating is 3.96.,,2025-07-18
685,685,Experienced house cleaning with 9 years of experience. Speaks Malayalam. Available to travel up to 44 km. Current rating is 4.7.,,2025-10-29
686,686,Experienced house wiring with 3 years of experience. Speaks Malayalam. Available to travel up to 14 km. Current rating is 4.55.,,2025-11-24
687,687,Experienced leak detection with 3 years of experience. Speaks Malayalam. Available to travel up to 25 km. Current rating is 4.83.,,2025-01-01
688,688,Experienced switch repair with 11 years of experience. Speaks Hindi. Available to travel up to 25 km. Current rating is 4.33.,,2025-06-06
689,689,Experienced mason with 1 years of experience. Speaks Kannada. Available to travel up to 38 km. Current rating is 3.75.,,2025-04-01
690,690,Experienced pipe repair with 5 years of experience. Speaks Malayalam. Available to travel up to 33 km. Current rating is 4.18.,,2025-11-05
691,691,Experienced bathroom fitting with 0 years of experience. Speaks Telugu. Available to travel up to 26 km. Current rating is 4.49.,,2025-05-03
692,692,Experienced mason with 10 years of experience. Speaks English. Available to travel up to 10 km. Current rating is 3.94.,,2025-04-05
693,693,Experienced interior painting with 9 years of experience. Speaks Tamil. Available to travel up to 46 km. Current rating is 3.54.,,2025-11-20
694,694,Experienced wood polishing with 14 years of experience. Speaks Malayalam. Available to travel up to 9 km. Current rating is 3.88.,,2025-04-08
695,695,Experienced bathroom cleaning with 15 years of experience. Speaks English. Available to travel up to 27 km. Current rating is 4.92.,,2025-10-11
696,696,Experienced tailor with 14 years of experience. Speaks Hindi. Available to travel up to 41 km. Current rating is 4.8.,,2025-06-02
697,697,Experienced makeup artist with 3 years of experience. Speaks Telugu. Available to travel up to 36 km. Current rating is 4.64.,,2025-10-06
698,698,Experienced security guard with 15 years of experience. Speaks Tamil. Available to travel up to 27 km. Current rating is 3.74.,,2025-02-19
699,699,Experienced hair stylist with 1 years of experience. Speaks Malayalam. Available to travel up to 30 km. Current rating is 4.65.,,2025-11-26
700,700,Experienced driver with 11 years of experience. Speaks English. Available to travel up to 37 km. Current rating is 3.83.,,2025-06-06
701,701,Experienced tile installation with 12 years of experience. Speaks Malayalam. Available to travel up to 46 km. Current rating is 3.68.,,2025-08-27
702,702,Experienced security guard with 15 years of experience. Speaks Tamil. Available to travel up to 44 km. Current rating is 4.07.,,2025-04-22
703,703,Experienced gardener with 1 years of experience. Speaks Hindi. Available to travel up to 44 km. Current rating is 3.99.,,2025-12-01
704,704,Experienced ac repair with 10 years of experience. Speaks Hindi. Available to travel up to 33 km. Current rating is 3.99.,,2025-08-27
705,705,Experienced gardener with 2 years of experience. Speaks Telugu. Available to travel up to 12 km. Current rating is 3.82.,,2025-06-26
706,706,Experienced house wiring with 0 years of experience. Speaks Hindi. Available to travel up to 47 km. Current rating is 4.45.,,2025-07-14
707,707,Experienced electrician with 1 years of experience. Speaks Kannada. Available to travel up to 44 km. Current rating is 4.39.,,2025-11-25
708,708,Experienced bathroom fitting with 13 years of experience. Speaks Hindi. Available to travel up to 10 km. Current rating is 3.67.,,2025-03-27
709,709,Experienced tv repair with 19 years of experience. Speaks Malayalam. Available to travel up to 10 km. Current rating is 4.35.,,2025-08-28
710,710,Experienced painter with 4 years of experience. Speaks Kannada. Available to travel up to 15 km. Current rating is 4.28.,,2025-07-30
711,711,Experienced switch repair with 11 years of experience. Speaks English. Available to travel up to 32 km. Current rating is 4.7.,,2025-04-28
712,712,Experienced exterior painting with 1 years of experience. Speaks Malayalam. Available to travel up to 19 km. Current rating is 3.71.,,2025-05-20
713,713,Experienced hair stylist with 9 years of experience. Speaks Malayalam. Available to travel up to 17 km. Current rating is 4.83.,,2025-04-01
714,714,Experienced fan installation with 10 years of experience. Speaks Hindi. Available to travel up to 18 km. Current rating is 3.56.,,2025-04-27
715,715,Experienced house wiring with 12 years of experience. Speaks Kannada. Available to travel up to 43 km. Current rating is 4.0.,,2025-09-04
716,716,Experienced packers with 6 years of experience. Speaks Hindi. Available to travel up to 41 km. Current rating is 4.75.,,2025-02-01
717,717,Experienced catering with 14 years of experience. Speaks Malayalam. Available to travel up to 35 km. Current rating is 4.38.,,2025-03-03
718,718,Experienced tv repair with 13 years of experience. Speaks Telugu. Available to travel up to 36 km. Current rating is 3.53.,,2025-05-29
719,719,Experienced microwave repair with 18 years of experience. Speaks Malayalam. Available to travel up to 35 km. Current rating is 4.18.,,2025-04-02
720,720,Experienced switch repair with 9 years of experience. Speaks Kannada. Available to travel up to 37 km. Current rating is 4.65.,,2025-05-19
721,721,Experienced water tank installation with 20 years of experience. Speaks Hindi. Available to travel up to 35 km. Current rating is 4.88.,,2025-02-09
722,722,Experienced door repair with 4 years of experience. Speaks English. Available to travel up to 47 km. Current rating is 3.81.,,2025-11-22
723,723,Experienced alteration with 2 years of experience. Speaks English. Available to travel up to 39 km. Current rating is 4.82.,,2025-06-08
724,724,Experienced bathroom fitting with 9 years of experience. Speaks Tamil. Available to travel up to 34 km. Current rating is 4.3.,,2025-08-26
725,725,Experienced pipe repair with 10 years of experience. Speaks Hindi. Available to travel up to 15 km. Current rating is 4.39.,,2025-12-21
726,726,Experienced bathroom cleaning with 19 years of experience. Speaks English. Available to travel up to 16 km. Current rating is 4.77.,,2025-03-29
727,727,Experienced carpenter with 19 years of experience. Speaks Tamil. Available to travel up to 34 km. Current rating is 3.89.,,2025-06-05
728,728,Experienced ac technician with 6 years of experience. Speaks English. Available to travel up to 36 km. Current rating is 4.26.,,2025-04-28
729,729,Experienced ac repair with 14 years of experience. Speaks English. Available to travel up to 42 km. Current rating is 3.9.,,2025-02-11
730,730,Experienced water tank installation with 20 years of experience. Speaks English. Available to travel up to 17 km. Current rating is 4.54.,,2025-02-10
731,731,Experienced concrete work with 10 years of experience. Speaks Malayalam. Available to travel up to 19 km. Current rating is 4.67.,,2025-02-28
732,732,Experienced cloth stitching with 19 years of experience. Speaks Hindi. Available to travel up to 22 km. Current rating is 3.68.,,2025-09-01
733,733,Experienced furniture assembly with 13 years of experience. Speaks Kannada. Available to travel up to 45 km. Current rating is 4.54.,,2025-02-03
734,734,Experienced electrician with 16 years of experience. Speaks Tamil. Available to travel up to 5 km. Current rating is 4.31.,,2025-03-29
735,735,Experienced house cleaning with 0 years of experience. Speaks Hindi. Available to travel up to 18 km. Current rating is 4.93.,,2025-04-16
736,736,Experienced furniture assembly with 18 years of experience. Speaks Telugu. Available to travel up to 28 km. Current rating is 3.94.,,2025-08-23
737,737,Experienced kitchen cleaning with 6 years of experience. Speaks Kannada. Available to travel up to 24 km. Current rating is 4.23.,,2025-07-21
738,738,Experienced lawn maintenance with 6 years of experience. Speaks Hindi. Available to travel up to 17 km. Current rating is 4.59.,,2025-08-05
739,739,Experienced carpenter with 15 years of experience. Speaks Tamil. Available to travel up to 49 km. Current rating is 4.02.,,2025-12-03
740,740,Experienced alteration with 9 years of experience. Speaks Kannada. Available to travel up to 37 km. Current rating is 3.9.,,2025-03-24
741,741,Experienced alteration with 16 years of experience. Speaks Telugu. Available to travel up to 5 km. Current rating is 4.87.,,2025-06-09
742,742,Experienced furniture assembly with 2 years of experience. Speaks Hindi. Available to travel up to 15 km. Current rating is 4.63.,,2025-12-21
743,743,Experienced fan installation with 14 years of experience. Speaks Hindi. Available to travel up to 17 km. Current rating is 4.24.,,2025-06-18
744,744,Experienced plumber with 10 years of experience. Speaks English. Available to travel up to 45 km. Current rating is 4.6.,,2025-06-27
745,745,Experienced movers with 13 years of experience. Speaks Malayalam. Available to travel up to 39 km. Current rating is 3.51.,,2025-04-26
746,746,Experienced refrigerator repair with 13 years of experience. Speaks Malayalam. Available to travel up to 40 km. Current rating is 4.41.,,2025-11-23
747,747,Experienced carpenter with 19 years of experience. Speaks Kannada. Available to travel up to 22 km. Current rating is 4.73.,,2025-09-02
748,748,Experienced packers with 4 years of experience. Speaks English. Available to travel up to 9 km. Current rating is 3.9.,,2025-12-27
749,749,Experienced concrete work with 3 years of experience. Speaks Kannada. Available to travel up to 8 km. Current rating is 4.47.,,2025-07-24
750,750,Experienced cloth stitching with 12 years of experience. Speaks Malayalam. Available to travel up to 46 km. Current rating is 3.62.,,2025-08-19
751,751,Experienced house wiring with 2 years of experience. Speaks Malayalam. Available to travel up to 8 km. Current rating is 3.91.,,2025-06-27
752,752,Experienced driver with 14 years of experience. Speaks English. Available to travel up to 26 km. Current rating is 3.7.,,2025-05-28
753,753,Experienced bathroom fitting with 7 years of experience. Speaks English. Available to travel up to 47 km. Current rating is 3.56.,,2025-10-03
754,754,Experienced hair stylist with 17 years of experience. Speaks Tamil. Available to travel up to 42 km. Current rating is 3.68.,,2025-08-08
755,755,Experienced tile installation with 1 years of experience. Speaks Malayalam. Available to travel up to 40 km. Current rating is 3.87.,,2025-03-21
756,756,Experienced kitchen cleaning with 10 years of experience. Speaks Tamil. Available to travel up to 10 km. Current rating is 3.65.,,2025-06-24
757,757,Experienced tile installation with 17 years of experience. Speaks Malayalam. Available to travel up to 43 km. Current rating is 4.75.,,2025-09-07
758,758,Experienced wall painting with 6 years of experience. Speaks Kannada. Available to travel up to 30 km. Current rating is 4.67.,,2025-07-06
759,759,Experienced brick work with 7 years of experience. Speaks Malayalam. Available to travel up to 41 km. Current rating is 4.74.,,2025-09-07
760,760,Experienced house wiring with 5 years of experience. Speaks English. Available to travel up to 36 km. Current rating is 3.74.,,2025-11-08
761,761,Experienced door repair with 8 years of experience. Speaks Hindi. Available to travel up to 45 km. Current rating is 3.7.,,2025-04-29
762,762,Experienced security guard with 14 years of experience. Speaks Kannada. Available to travel up to 32 km. Current rating is 4.27.,,2025-01-15
763,763,Experienced movers with 13 years of experience. Speaks Malayalam. Available to travel up to 22 km. Current rating is 3.92.,,2025-10-27
764,764,Experienced deep cleaning with 14 years of experience. Speaks Tamil. Available to travel up to 27 km. Current rating is 3.63.,,2025-05-12
765,765,Experienced lawn maintenance with 12 years of experience. Speaks Telugu. Available to travel up to 30 km. Current rating is 4.19.,,2025-06-13
766,766,Experienced mason with 4 years of experience. Speaks Hindi. Available to travel up to 14 km. Current rating is 4.42.,,2025-04-27
767,767,Experienced catering with 4 years of experience. Speaks Telugu. Available to travel up to 18 km. Current rating is 4.64.,,2025-12-30
768,768,Experienced electrician with 5 years of experience. Speaks Telugu. Available to travel up to 39 km. Current rating is 4.77.,,2025-06-04
769,769,Experienced gardener with 15 years of experience. Speaks Hindi. Available to travel up to 43 km. Current rating is 4.04.,,2025-12-14
770,770,Experienced hair stylist with 13 years of experience. Speaks Kannada. Available to travel up to 18 km. Current rating is 3.65.,,2025-11-05
771,771,Experienced washing machine repair with 14 years of experience. Speaks English. Available to travel up to 46 km. Current rating is 4.78.,,2025-03-07
772,772,Experienced leak detection with 17 years of experience. Speaks Kannada. Available to travel up to 46 km. Current rating is 4.25.,,2025-08-05
773,773,Experienced furniture assembly with 15 years of experience. Speaks English. Available to travel up to 23 km. Current rating is 4.8.,,2025-02-17
774,774,Experienced lawn maintenance with 8 years of experience. Speaks Hindi. Available to travel up to 38 km. Current rating is 4.09.,,2025-05-08
775,775,Experienced kitchen cleaning with 10 years of experience. Speaks Telugu. Available to travel up to 16 km. Current rating is 3.92.,,2025-05-26
776,776,Experienced bathroom fitting with 18 years of experience. Speaks English. Available to travel up to 46 km. Current rating is 4.05.,,2025-07-30
777,777,Experienced tile installation with 9 years of experience. Speaks Telugu. Available to travel up to 22 km. Current rating is 4.92.,,2025-09-22
778,778,Experienced ac repair with 6 years of experience. Speaks Telugu. Available to travel up to 44 km. Current rating is 4.85.,,2025-12-11
779,779,Experienced alteration with 10 years of experience. Speaks Tamil. Available to travel up to 30 km. Current rating is 4.4.,,2025-03-27
780,780,Experienced brick work with 3 years of experience. Speaks Kannada. Available to travel up to 35 km. Current rating is 4.67.,,2025-07-20
781,781,Experienced ac repair with 20 years of experience. Speaks Hindi. Available to travel up to 18 km. Current rating is 4.52.,,2025-09-27
782,782,Experienced washing machine repair with 18 years of experience. Speaks Malayalam. Available to travel up to 47 km. Current rating is 4.16.,,2025-12-23
783,783,Experienced door repair with 2 years of experience. Speaks Kannada. Available to travel up to 29 km. Current rating is 3.95.,,2025-03-06
784,784,Experienced beautician with 15 years of experience. Speaks Telugu. Available to travel up to 5 km. Current rating is 3.65.,,2025-03-26
785,785,Experienced tile installation with 1 years of experience. Speaks Kannada. Available to travel up to 23 km. Current rating is 4.81.,,2025-10-30
786,786,Experienced mason with 14 years of experience. Speaks Telugu. Available to travel up to 45 km. Current rating is 4.85.,,2025-03-13
787,787,Experienced catering with 6 years of experience. Speaks Kannada. Available to travel up to 11 km. Current rating is 4.26.,,2025-01-19
788,788,Experienced packers with 13 years of experience. Speaks Kannada. Available to travel up to 17 km. Current rating is 4.06.,,2025-06-01
789,789,Experienced tailor with 14 years of experience. Speaks Telugu. Available to travel up to 46 km. Current rating is 4.72.,,2025-06-07
790,790,Experienced concrete work with 17 years of experience. Speaks Kannada. Available to travel up to 24 km. Current rating is 4.69.,,2025-01-01
791,791,Experienced deep cleaning with 15 years of experience. Speaks Telugu. Available to travel up to 38 km. Current rating is 4.4.,,2025-12-12
792,792,Experienced switch repair with 9 years of experience. Speaks English. Available to travel up to 22 km. Current rating is 4.59.,,2025-04-12
793,793,Experienced beautician with 18 years of experience. Speaks English. Available to travel up to 9 km. Current rating is 5.0.,,2025-09-29
794,794,Experienced interior painting with 2 years of experience. Speaks Tamil. Available to travel up to 49 km. Current rating is 4.12.,,2025-05-01
795,795,Experienced microwave repair with 1 years of experience. Speaks Hindi. Available to travel up to 18 km. Current rating is 4.35.,,2025-01-16
796,796,Experienced alteration with 15 years of experience. Speaks Telugu. Available to travel up to 38 km. Current rating is 4.0.,,2025-12-20
797,797,Experienced ac repair with 15 years of experience. Speaks Hindi. Available to travel up to 25 km. Current rating is 3.74.,,2025-04-21
798,798,Experienced movers with 17 years of experience. Speaks Hindi. Available to travel up to 21 km. Current rating is 3.62.,,2025-11-25
799,799,Experienced microwave repair with 20 years of experience. Speaks Kannada. Available to travel up to 48 km. Current rating is 3.58.,,2025-12-11
800,800,Experienced ac repair with 14 years of experience. Speaks Kannada. Available to travel up to 47 km. Current rating is 4.05.,,2025-05-11
801,801,Experienced makeup artist with 15 years of experience. Speaks Kannada. Available to travel up to 7 km. Current rating is 3.95.,,2025-01-07
802,802,Experienced tailor with 13 years of experience. Speaks Telugu. Available to travel up to 17 km. Current rating is 3.86.,,2025-01-22
803,803,Experienced interior painting with 7 years of experience. Speaks Kannada. Available to travel up to 12 km. Current rating is 4.22.,,2025-07-13
804,804,Experienced wood polishing with 3 years of experience. Speaks Tamil. Available to travel up to 21 km. Current rating is 4.69.,,2025-04-19
805,805,Experienced light installation with 19 years of experience. Speaks English. Available to travel up to 12 km. Current rating is 3.72.,,2025-07-24
806,806,Experienced brick work with 11 years of experience. Speaks Malayalam. Available to travel up to 48 km. Current rating is 4.08.,,2026-01-01
807,807,Experienced security guard with 14 years of experience. Speaks English. Available to travel up to 34 km. Current rating is 4.59.,,2025-10-05
808,808,Experienced concrete work with 5 years of experience. Speaks English. Available to travel up to 36 km. Current rating is 3.88.,,2025-11-27
809,809,Experienced deep cleaning with 14 years of experience. Speaks English. Available to travel up to 34 km. Current rating is 4.81.,,2025-05-28
810,810,Experienced leak detection with 0 years of experience. Speaks Telugu. Available to travel up to 40 km. Current rating is 3.84.,,2025-08-21
811,811,Experienced house cleaning with 4 years of experience. Speaks English. Available to travel up to 40 km. Current rating is 4.87.,,2025-04-22
812,812,Experienced catering with 15 years of experience. Speaks Tamil. Available to travel up to 40 km. Current rating is 4.32.,,2025-06-14
813,813,Experienced ac technician with 4 years of experience. Speaks Telugu. Available to travel up to 38 km. Current rating is 4.25.,,2025-06-06
814,814,Experienced house cleaning with 3 years of experience. Speaks Malayalam. Available to travel up to 29 km. Current rating is 3.73.,,2025-04-20
815,815,Experienced brick work with 0 years of experience. Speaks Malayalam. Available to travel up to 46 km. Current rating is 3.53.,,2025-12-17
816,816,Experienced ac technician with 7 years of experience. Speaks Malayalam. Available to travel up to 23 km. Current rating is 3.67.,,2025-08-13
817,817,Experienced catering with 7 years of experience. Speaks Tamil. Available to travel up to 35 km. Current rating is 3.78.,,2025-05-27
818,818,Experienced ac repair with 15 years of experience. Speaks Kannada. Available to travel up to 29 km. Current rating is 4.14.,,2025-10-02
819,819,Experienced washing machine repair with 2 years of experience. Speaks English. Available to travel up to 18 km. Current rating is 4.77.,,2025-02-05
820,820,Experienced plumber with 20 years of experience. Speaks Malayalam. Available to travel up to 21 km. Current rating is 4.37.,,2025-12-02
821,821,Experienced brick work with 15 years of experience. Speaks English. Available to travel up to 37 km. Current rating is 3.75.,,2025-02-19
822,822,Experienced exterior painting with 9 years of experience. Speaks Tamil. Available to travel up to 41 km. Current rating is 4.9.,,2025-06-28
823,823,Experienced ac technician with 16 years of experience. Speaks Hindi. Available to travel up to 14 km. Current rating is 3.51.,,2025-03-03
824,824,Experienced kitchen cleaning with 7 years of experience. Speaks English. Available to travel up to 34 km. Current rating is 3.8.,,2025-04-10
825,825,Experienced brick work with 11 years of experience. Speaks Tamil. Available to travel up to 8 km. Current rating is 4.15.,,2025-02-22
826,826,Experienced cook with 5 years of experience. Speaks Hindi. Available to travel up to 25 km. Current rating is 4.35.,,2025-04-10
827,827,Experienced mason with 11 years of experience. Speaks Hindi. Available to travel up to 50 km. Current rating is 3.76.,,2025-02-18
828,828,Experienced microwave repair with 13 years of experience. Speaks Hindi. Available to travel up to 50 km. Current rating is 4.94.,,2025-12-20
829,829,Experienced cook with 20 years of experience. Speaks Telugu. Available to travel up to 21 km. Current rating is 4.92.,,2025-04-02
830,830,Experienced water tank installation with 12 years of experience. Speaks Malayalam. Available to travel up to 21 km. Current rating is 4.97.,,2025-04-04
831,831,Experienced plumber with 17 years of experience. Speaks Malayalam. Available to travel up to 28 km. Current rating is 4.74.,,2025-10-27
832,832,Experienced tv repair with 15 years of experience. Speaks Malayalam. Available to travel up to 39 km. Current rating is 4.31.,,2025-11-22
833,833,Experienced lawn maintenance with 5 years of experience. Speaks Telugu. Available to travel up to 38 km. Current rating is 4.25.,,2025-07-28
834,834,Experienced tailor with 15 years of experience. Speaks Hindi. Available to travel up to 31 km. Current rating is 3.97.,,2025-08-23
835,835,Experienced lawn maintenance with 9 years of experience. Speaks Telugu. Available to travel up to 21 km. Current rating is 4.07.,,2025-08-05
836,836,Experienced tv repair with 20 years of experience. Speaks Tamil. Available to travel up to 31 km. Current rating is 3.84.,,2025-10-22
837,837,Experienced concrete work with 12 years of experience. Speaks English. Available to travel up to 36 km. Current rating is 4.34.,,2025-01-17
838,838,Experienced ac repair with 11 years of experience. Speaks Hindi. Available to travel up to 12 km. Current rating is 4.72.,,2025-04-01
839,839,Experienced tile installation with 0 years of experience. Speaks Malayalam. Available to travel up to 40 km. Current rating is 3.62.,,2025-06-21
840,840,Experienced switch repair with 6 years of experience. Speaks English. Available to travel up to 21 km. Current rating is 4.94.,,2025-03-26
841,841,Experienced switch repair with 15 years of experience. Speaks Telugu. Available to travel up to 38 km. Current rating is 4.08.,,2025-06-29
842,842,Experienced microwave repair with 16 years of experience. Speaks Hindi. Available to travel up to 29 km. Current rating is 4.61.,,2025-03-09
843,843,Experienced pipe repair with 14 years of experience. Speaks Telugu. Available to travel up to 25 km. Current rating is 4.12.,,2025-11-20
844,844,Experienced furniture assembly with 12 years of experience. Speaks Kannada. Available to travel up to 41 km. Current rating is 4.22.,,2025-11-20
845,845,Experienced pipe repair with 18 years of experience. Speaks Malayalam. Available to travel up to 31 km. Current rating is 3.86.,,2025-11-25
846,846,Experienced electrician with 4 years of experience. Speaks Kannada. Available to travel up to 24 km. Current rating is 4.88.,,2025-09-11
847,847,Experienced lawn maintenance with 9 years of experience. Speaks Malayalam. Available to travel up to 47 km. Current rating is 3.96.,,2025-11-18
848,848,Experienced deep cleaning with 9 years of experience. Speaks Kannada. Available to travel up to 44 km. Current rating is 4.92.,,2025-07-19
849,849,Experienced door repair with 14 years of experience. Speaks Tamil. Available to travel up to 13 km. Current rating is 4.9.,,2025-02-19
850,850,Experienced wood polishing with 2 years of experience. Speaks Hindi. Available to travel up to 11 km. Current rating is 4.64.,,2025-04-08
851,851,Experienced electrician with 4 years of experience. Speaks Tamil. Available to travel up to 23 km. Current rating is 4.58.,,2025-10-08
852,852,Experienced water tank installation with 3 years of experience. Speaks English. Available to travel up to 8 km. Current rating is 3.77.,,2025-12-30
853,853,Experienced interior painting with 4 years of experience. Speaks Kannada. Available to travel up to 30 km. Current rating is 3.67.,,2025-04-21
854,854,Experienced hair stylist with 3 years of experience. Speaks Malayalam. Available to travel up to 26 km. Current rating is 4.07.,,2025-07-22
855,855,Experienced electrician with 16 years of experience. Speaks Tamil. Available to travel up to 28 km. Current rating is 3.79.,,2025-02-19
856,856,Experienced deep cleaning with 14 years of experience. Speaks Malayalam. Available to travel up to 5 km. Current rating is 4.61.,,2025-04-16
857,857,Experienced washing machine repair with 7 years of experience. Speaks Telugu. Available to travel up to 41 km. Current rating is 3.74.,,2025-06-05
858,858,Experienced house wiring with 14 years of experience. Speaks Tamil. Available to travel up to 31 km. Current rating is 4.74.,,2025-02-23
859,859,Experienced cook with 17 years of experience. Speaks Telugu. Available to travel up to 49 km. Current rating is 4.05.,,2025-09-23
860,860,Experienced painter with 17 years of experience. Speaks Tamil. Available to travel up to 14 km. Current rating is 4.85.,,2025-08-04
861,861,Experienced kitchen cleaning with 16 years of experience. Speaks Kannada. Available to travel up to 14 km. Current rating is 4.0.,,2025-06-09
862,862,Experienced brick work with 7 years of experience. Speaks Hindi. Available to travel up to 21 km. Current rating is 4.9.,,2025-04-10
863,863,Experienced makeup artist with 17 years of experience. Speaks Tamil. Available to travel up to 44 km. Current rating is 4.21.,,2025-02-02
864,864,Experienced painter with 3 years of experience. Speaks Hindi. Available to travel up to 39 km. Current rating is 4.73.,,2025-08-24
865,865,Experienced ac repair with 9 years of experience. Speaks Tamil. Available to travel up to 19 km. Current rating is 4.73.,,2025-04-03
866,866,Experienced switch repair with 3 years of experience. Speaks Tamil. Available to travel up to 13 km. Current rating is 4.74.,,2025-03-22
867,867,Experienced leak detection with 1 years of experience. Speaks Kannada. Available to travel up to 19 km. Current rating is 4.15.,,2025-04-04
868,868,Experienced fan installation with 5 years of experience. Speaks Malayalam. Available to travel up to 10 km. Current rating is 4.49.,,2025-08-15
869,869,Experienced fan installation with 14 years of experience. Speaks Hindi. Available to travel up to 25 km. Current rating is 4.14.,,2025-10-17
870,870,Experienced alteration with 13 years of experience. Speaks Malayalam. Available to travel up to 27 km. Current rating is 4.49.,,2025-11-09
871,871,Experienced beautician with 2 years of experience. Speaks Tamil. Available to travel up to 30 km. Current rating is 3.93.,,2025-12-29
872,872,Experienced cloth stitching with 20 years of experience. Speaks Telugu. Available to travel up to 20 km. Current rating is 4.13.,,2025-06-13
873,873,Experienced plumber with 14 years of experience. Speaks Telugu. Available to travel up to 30 km. Current rating is 3.62.,,2025-01-01
874,874,Experienced carpenter with 8 years of experience. Speaks English. Available to travel up to 40 km. Current rating is 4.15.,,2025-01-14
875,875,Experienced lawn maintenance with 1 years of experience. Speaks Hindi. Available to travel up to 33 km. Current rating is 4.81.,,2025-12-05
876,876,Experienced alteration with 7 years of experience. Speaks Tamil. Available to travel up to 47 km. Current rating is 3.83.,,2025-09-07
877,877,Experienced brick work with 18 years of experience. Speaks Telugu. Available to travel up to 43 km. Current rating is 4.83.,,2025-07-18
878,878,Experienced cook with 18 years of experience. Speaks Tamil. Available to travel up to 45 km. Current rating is 4.66.,,2025-11-18
879,879,Experienced tailor with 17 years of experience. Speaks Malayalam. Available to travel up to 19 km. Current rating is 4.35.,,2025-06-22
880,880,Experienced exterior painting with 7 years of experience. Speaks Malayalam. Available to travel up to 37 km. Current rating is 4.26.,,2025-01-15
881,881,Experienced ac repair with 6 years of experience. Speaks Tamil. Available to travel up to 15 km. Current rating is 4.38.,,2025-07-14
882,882,Experienced tree trimming with 19 years of experience. Speaks Malayalam. Available to travel up to 18 km. Current rating is 4.53.,,2025-01-19
883,883,Experienced concrete work with 19 years of experience. Speaks Telugu. Available to travel up to 11 km. Current rating is 4.89.,,2025-10-23
884,884,Experienced door repair with 19 years of experience. Speaks Kannada. Available to travel up to 5 km. Current rating is 3.58.,,2025-08-30
885,885,Experienced leak detection with 7 years of experience. Speaks Malayalam. Available to travel up to 30 km. Current rating is 4.03.,,2025-01-08
886,886,Experienced ac installation with 9 years of experience. Speaks Tamil. Available to travel up to 26 km. Current rating is 4.06.,,2025-02-10
887,887,Experienced brick work with 3 years of experience. Speaks Malayalam. Available to travel up to 20 km. Current rating is 4.92.,,2025-12-22
888,888,Experienced light installation with 11 years of experience. Speaks Tamil. Available to travel up to 48 km. Current rating is 4.61.,,2025-10-01
889,889,Experienced gardener with 14 years of experience. Speaks Malayalam. Available to travel up to 32 km. Current rating is 4.75.,,2025-10-12
890,890,Experienced mason with 17 years of experience. Speaks Malayalam. Available to travel up to 49 km. Current rating is 4.04.,,2025-02-18
891,891,Experienced tile installation with 15 years of experience. Speaks Kannada. Available to travel up to 32 km. Current rating is 4.11.,,2025-12-08
892,892,Experienced kitchen cleaning with 11 years of experience. Speaks Malayalam. Available to travel up to 23 km. Current rating is 4.17.,,2025-05-13
893,893,Experienced tree trimming with 7 years of experience. Speaks Hindi. Available to travel up to 23 km. Current rating is 3.72.,,2025-02-10
894,894,Experienced tree trimming with 12 years of experience. Speaks Tamil. Available to travel up to 49 km. Current rating is 3.97.,,2025-12-06
895,895,Experienced refrigerator repair with 10 years of experience. Speaks Telugu. Available to travel up to 41 km. Current rating is 4.24.,,2025-04-27
896,896,Experienced security guard with 2 years of experience. Speaks Tamil. Available to travel up to 11 km. Current rating is 4.99.,,2025-10-03
897,897,Experienced cook with 5 years of experience. Speaks Malayalam. Available to travel up to 25 km. Current rating is 4.3.,,2025-12-25
898,898,Experienced house wiring with 9 years of experience. Speaks Telugu. Available to travel up to 16 km. Current rating is 3.9.,,2025-07-11
899,899,Experienced lawn maintenance with 5 years of experience. Speaks Tamil. Available to travel up to 39 km. Current rating is 4.62.,,2025-11-20
900,900,Experienced makeup artist with 1 years of experience. Speaks English. Available to travel up to 30 km. Current rating is 4.5.,,2025-04-29
901,901,Experienced brick work with 20 years of experience. Speaks Hindi. Available to travel up to 7 km. Current rating is 3.67.,,2025-08-18
902,902,Experienced movers with 9 years of experience. Speaks Telugu. Available to travel up to 42 km. Current rating is 3.88.,,2025-12-14
903,903,Experienced leak detection with 2 years of experience. Speaks Kannada. Available to travel up to 27 km. Current rating is 3.78.,,2025-04-17
904,904,Experienced mason with 7 years of experience. Speaks English. Available to travel up to 40 km. Current rating is 3.5.,,2025-05-21
905,905,Experienced electrician with 16 years of experience. Speaks Telugu. Available to travel up to 42 km. Current rating is 4.93.,,2025-10-03
906,906,Experienced deep cleaning with 10 years of experience. Speaks Malayalam. Available to travel up to 42 km. Current rating is 4.13.,,2025-06-20
907,907,Experienced brick work with 11 years of experience. Speaks English. Available to travel up to 19 km. Current rating is 3.87.,,2025-05-27
908,908,Experienced ac technician with 1 years of experience. Speaks Hindi. Available to travel up to 32 km. Current rating is 4.98.,,2025-07-20
909,909,Experienced bathroom cleaning with 9 years of experience. Speaks English. Available to travel up to 20 km. Current rating is 3.74.,,2025-08-08
910,910,Experienced leak detection with 14 years of experience. Speaks Hindi. Available to travel up to 39 km. Current rating is 4.16.,,2025-12-02
911,911,Experienced gardener with 4 years of experience. Speaks Hindi. Available to travel up to 34 km. Current rating is 3.85.,,2025-04-24
912,912,Experienced switch repair with 17 years of experience. Speaks Kannada. Available to travel up to 37 km. Current rating is 4.09.,,2025-05-04
913,913,Experienced tree trimming with 9 years of experience. Speaks Malayalam. Available to travel up to 10 km. Current rating is 3.55.,,2025-11-01
914,914,Experienced gardener with 19 years of experience. Speaks Hindi. Available to travel up to 43 km. Current rating is 4.51.,,2025-10-17
915,915,Experienced house cleaning with 5 years of experience. Speaks Tamil. Available to travel up to 20 km. Current rating is 4.55.,,2025-06-08
916,916,Experienced wall painting with 18 years of experience. Speaks English. Available to travel up to 42 km. Current rating is 4.96.,,2025-03-21
917,917,Experienced ac technician with 9 years of experience. Speaks Telugu. Available to travel up to 27 km. Current rating is 4.15.,,2025-08-19
918,918,Experienced tv repair with 16 years of experience. Speaks Kannada. Available to travel up to 42 km. Current rating is 3.62.,,2025-05-26
919,919,Experienced driver with 20 years of experience. Speaks English. Available to travel up to 13 km. Current rating is 4.15.,,2025-06-11
920,920,Experienced beautician with 18 years of experience. Speaks Malayalam. Available to travel up to 32 km. Current rating is 4.91.,,2025-04-19
921,921,Experienced security guard with 13 years of experience. Speaks Malayalam. Available to travel up to 12 km. Current rating is 3.7.,,2025-10-25
922,922,Experienced movers with 2 years of experience. Speaks Tamil. Available to travel up to 41 km. Current rating is 4.0.,,2025-07-03
923,923,Experienced ac repair with 2 years of experience. Speaks English. Available to travel up to 36 km. Current rating is 4.75.,,2025-06-30
924,924,Experienced pipe repair with 6 years of experience. Speaks English. Available to travel up to 43 km. Current rating is 4.65.,,2025-08-06
925,925,Experienced kitchen cleaning with 8 years of experience. Speaks English. Available to travel up to 17 km. Current rating is 4.08.,,2025-10-26
926,926,Experienced tree trimming with 7 years of experience. Speaks Telugu. Available to travel up to 41 km. Current rating is 3.76.,,2025-11-30
927,927,Experienced bathroom fitting with 12 years of experience. Speaks Kannada. Available to travel up to 32 km. Current rating is 4.36.,,2025-09-30
928,928,Experienced makeup artist with 15 years of experience. Speaks Tamil. Available to travel up to 35 km. Current rating is 4.03.,,2025-04-16
929,929,Experienced concrete work with 0 years of experience. Speaks Malayalam. Available to travel up to 43 km. Current rating is 3.78.,,2025-08-29
930,930,Experienced ac installation with 11 years of experience. Speaks Tamil. Available to travel up to 48 km. Current rating is 4.84.,,2025-05-21
931,931,Experienced cook with 12 years of experience. Speaks Tamil. Available to travel up to 23 km. Current rating is 4.24.,,2025-06-06
932,932,Experienced refrigerator repair with 14 years of experience. Speaks Malayalam. Available to travel up to 14 km. Current rating is 4.52.,,2025-09-28
933,933,Experienced catering with 5 years of experience. Speaks Telugu. Available to travel up to 20 km. Current rating is 4.53.,,2025-10-08
934,934,Experienced furniture assembly with 4 years of experience. Speaks Kannada. Available to travel up to 26 km. Current rating is 4.87.,,2025-09-02
935,935,Experienced wood polishing with 9 years of experience. Speaks Telugu. Available to travel up to 33 km. Current rating is 3.51.,,2025-11-07
936,936,Experienced pipe repair with 12 years of experience. Speaks Tamil. Available to travel up to 15 km. Current rating is 3.84.,,2025-12-18
937,937,Experienced brick work with 4 years of experience. Speaks English. Available to travel up to 30 km. Current rating is 4.2.,,2025-08-04
938,938,Experienced beautician with 12 years of experience. Speaks Tamil. Available to travel up to 39 km. Current rating is 4.48.,,2025-07-18
939,939,Experienced door repair with 12 years of experience. Speaks Malayalam. Available to travel up to 48 km. Current rating is 4.52.,,2025-10-14
940,940,Experienced cloth stitching with 2 years of experience. Speaks Hindi. Available to travel up to 31 km. Current rating is 4.07.,,2025-07-29
941,941,Experienced tailor with 11 years of experience. Speaks Hindi. Available to travel up to 16 km. Current rating is 4.54.,,2025-09-14
942,942,Experienced ac technician with 15 years of experience. Speaks Kannada. Available to travel up to 10 km. Current rating is 4.02.,,2025-10-09
943,943,Experienced refrigerator repair with 14 years of experience. Speaks Hindi. Available to travel up to 48 km. Current rating is 4.7.,,2025-11-17
944,944,Experienced mason with 13 years of experience. Speaks English. Available to travel up to 31 km. Current rating is 4.81.,,2025-03-06
945,945,Experienced furniture assembly with 0 years of experience. Speaks Telugu. Available to travel up to 13 km. Current rating is 4.26.,,2025-06-25
946,946,Experienced furniture assembly with 6 years of experience. Speaks Malayalam. Available to travel up to 20 km. Current rating is 4.57.,,2025-09-18
947,947,Experienced bathroom cleaning with 14 years of experience. Speaks Tamil. Available to travel up to 45 km. Current rating is 3.85.,,2025-03-25
948,948,Experienced house cleaning with 7 years of experience. Speaks Malayalam. Available to travel up to 47 km. Current rating is 4.09.,,2025-02-05
949,949,Experienced mason with 1 years of experience. Speaks Hindi. Available to travel up to 19 km. Current rating is 4.01.,,2025-04-15
950,950,Experienced leak detection with 11 years of experience. Speaks Tamil. Available to travel up to 41 km. Current rating is 4.35.,,2025-12-26
951,951,Experienced mason with 8 years of experience. Speaks Tamil. Available to travel up to 24 km. Current rating is 4.29.,,2025-01-03
952,952,Experienced cook with 13 years of experience. Speaks Malayalam. Available to travel up to 31 km. Current rating is 3.65.,,2025-08-09
953,953,Experienced ac installation with 7 years of experience. Speaks Hindi. Available to travel up to 33 km. Current rating is 4.23.,,2025-02-01
954,954,Experienced wood polishing with 4 years of experience. Speaks English. Available to travel up to 35 km. Current rating is 4.26.,,2025-12-03
955,955,Experienced house wiring with 14 years of experience. Speaks Telugu. Available to travel up to 38 km. Current rating is 3.62.,,2025-07-19
956,956,Experienced door repair with 5 years of experience. Speaks Hindi. Available to travel up to 8 km. Current rating is 4.34.,,2025-06-27
957,957,Experienced kitchen cleaning with 16 years of experience. Speaks Telugu. Available to travel up to 10 km. Current rating is 4.58.,,2025-04-15
958,958,Experienced tile installation with 6 years of experience. Speaks English. Available to travel up to 13 km. Current rating is 3.58.,,2025-12-21
959,959,Experienced painter with 7 years of experience. Speaks Telugu. Available to travel up to 26 km. Current rating is 4.09.,,2025-04-06
960,960,Experienced leak detection with 5 years of experience. Speaks Hindi. Available to travel up to 49 km. Current rating is 4.89.,,2025-08-20
961,961,Experienced mason with 15 years of experience. Speaks Telugu. Available to travel up to 46 km. Current rating is 4.13.,,2025-09-23
962,962,Experienced house wiring with 16 years of experience. Speaks English. Available to travel up to 14 km. Current rating is 3.96.,,2025-07-23
963,963,Experienced interior painting with 11 years of experience. Speaks Hindi. Available to travel up to 10 km. Current rating is 3.97.,,2025-07-23
964,964,Experienced alteration with 7 years of experience. Speaks Malayalam. Available to travel up to 26 km. Current rating is 3.87.,,2025-04-22
965,965,Experienced cook with 3 years of experience. Speaks Kannada. Available to travel up to 32 km. Current rating is 4.74.,,2025-05-24
966,966,Experienced exterior painting with 11 years of experience. Speaks Malayalam. Available to travel up to 22 km. Current rating is 4.57.,,2025-02-13
967,967,Experienced washing machine repair with 19 years of experience. Speaks English. Available to travel up to 50 km. Current rating is 4.94.,,2025-02-11
968,968,Experienced fan installation with 12 years of experience. Speaks Kannada. Available to travel up to 26 km. Current rating is 5.0.,,2025-11-16
969,969,Experienced fan installation with 18 years of experience. Speaks Hindi. Available to travel up to 39 km. Current rating is 3.61.,,2025-07-19
970,970,Experienced painter with 20 years of experience. Speaks Kannada. Available to travel up to 11 km. Current rating is 3.54.,,2025-03-17
971,971,Experienced wall painting with 3 years of experience. Speaks Tamil. Available to travel up to 37 km. Current rating is 4.16.,,2025-02-01
972,972,Experienced washing machine repair with 13 years of experience. Speaks Tamil. Available to travel up to 14 km. Current rating is 3.54.,,2025-10-09
973,973,Experienced carpenter with 10 years of experience. Speaks Telugu. Available to travel up to 30 km. Current rating is 4.67.,,2025-11-05
974,974,Experienced ac installation with 6 years of experience. Speaks Malayalam. Available to travel up to 18 km. Current rating is 4.73.,,2025-12-31
975,975,Experienced leak detection with 18 years of experience. Speaks English. Available to travel up to 35 km. Current rating is 4.88.,,2025-09-20
976,976,Experienced alteration with 4 years of experience. Speaks Hindi. Available to travel up to 49 km. Current rating is 4.02.,,2025-03-13
977,977,Experienced fan installation with 13 years of experience. Speaks Telugu. Available to travel up to 6 km. Current rating is 4.68.,,2025-10-24
978,978,Experienced concrete work with 8 years of experience. Speaks Malayalam. Available to travel up to 25 km. Current rating is 4.59.,,2025-09-18
979,979,Experienced fan installation with 11 years of experience. Speaks English. Available to travel up to 39 km. Current rating is 4.74.,,2025-08-14
980,980,Experienced ac technician with 14 years of experience. Speaks Malayalam. Available to travel up to 8 km. Current rating is 4.23.,,2025-12-12
981,981,Experienced switch repair with 0 years of experience. Speaks Telugu. Available to travel up to 26 km. Current rating is 4.74.,,2025-01-01
982,982,Experienced electrician with 16 years of experience. Speaks Kannada. Available to travel up to 17 km. Current rating is 4.09.,,2025-05-02
983,983,Experienced furniture assembly with 0 years of experience. Speaks English. Available to travel up to 43 km. Current rating is 4.62.,,2025-06-01
984,984,Experienced cloth stitching with 1 years of experience. Speaks Hindi. Available to travel up to 8 km. Current rating is 3.57.,,2025-04-22
985,985,Experienced bathroom cleaning with 14 years of experience. Speaks Hindi. Available to travel up to 7 km. Current rating is 4.75.,,2025-09-04
986,986,Experienced fan installation with 18 years of experience. Speaks Malayalam. Available to travel up to 26 km. Current rating is 4.63.,,2025-12-21
987,987,Experienced house wiring with 9 years of experience. Speaks English. Available to travel up to 24 km. Current rating is 4.67.,,2025-11-08
988,988,Experienced packers with 11 years of experience. Speaks English. Available to travel up to 9 km. Current rating is 3.51.,,2025-12-23
989,989,Experienced leak detection with 12 years of experience. Speaks Hindi. Available to travel up to 28 km. Current rating is 3.82.,,2025-07-11
990,990,Experienced switch repair with 12 years of experience. Speaks Malayalam. Available to travel up to 29 km. Current rating is 4.7.,,2025-10-19
991,991,Experienced house cleaning with 8 years of experience. Speaks Kannada. Available to travel up to 41 km. Current rating is 4.19.,,2025-07-26
992,992,Experienced fan installation with 15 years of experience. Speaks Telugu. Available to travel up to 46 km. Current rating is 3.57.,,2025-10-28
993,993,Experienced deep cleaning with 15 years of experience. Speaks Telugu. Available to travel up to 20 km. Current rating is 3.79.,,2025-12-12
994,994,Experienced hair stylist with 12 years of experience. Speaks Telugu. Available to travel up to 5 km. Current rating is 4.67.,,2025-09-11
995,995,Experienced wood polishing with 5 years of experience. Speaks Tamil. Available to travel up to 13 km. Current rating is 3.56.,,2025-06-12
996,996,Experienced ac installation with 13 years of experience. Speaks English. Available to travel up to 43 km. Current rating is 4.86.,,2025-12-04
997,997,Experienced light installation with 8 years of experience. Speaks Kannada. Available to travel up to 8 km. Current rating is 3.91.,,2025-01-08
998,998,Experienced concrete work with 20 years of experience. Speaks Malayalam. Available to travel up to 10 km. Current rating is 3.63.,,2025-06-17
999,999,Experienced makeup artist with 4 years of experience. Speaks Malayalam. Available to travel up to 35 km. Current rating is 4.57.,,2025-01-21
1000,1000,Experienced hair stylist with 9 years of experience. Speaks English. Available to travel up to 23 km. Current rating is 3.57.,,2025-08-01
1001,1001,Experienced gardener with 9 years of experience. Speaks Kannada. Available to travel up to 43 km. Current rating is 4.5.,,2025-08-01
1002,1002,Experienced kitchen cleaning with 4 years of experience. Speaks Malayalam. Available to travel up to 19 km. Current rating is 4.22.,,2025-12-25
1003,1003,Experienced lawn maintenance with 13 years of experience. Speaks Malayalam. Available to travel up to 7 km. Current rating is 4.84.,,2025-06-15
1004,1004,Experienced alteration with 3 years of experience. Speaks Tamil. Available to travel up to 28 km. Current rating is 4.28.,,2025-02-07
1005,1005,Experienced exterior painting with 15 years of experience. Speaks Telugu. Available to travel up to 48 km. Current rating is 4.46.,,2025-05-28
1006,1006,Experienced gardener with 16 years of experience. Speaks English. Available to travel up to 20 km. Current rating is 3.93.,,2025-09-06
1007,1007,Experienced tree trimming with 3 years of experience. Speaks Kannada. Available to travel up to 9 km. Current rating is 4.15.,,2025-03-11
1008,1008,Experienced hair stylist with 11 years of experience. Speaks Hindi. Available to travel up to 32 km. Current rating is 4.67.,,2025-12-25
1009,1009,Experienced driver with 8 years of experience. Speaks English. Available to travel up to 6 km. Current rating is 4.19.,,2025-07-04
1010,1010,Experienced door repair with 9 years of experience. Speaks Hindi. Available to travel up to 39 km. Current rating is 4.99.,,2025-09-14
1011,1011,Experienced catering with 10 years of experience. Speaks Telugu. Available to travel up to 50 km. Current rating is 4.67.,,2025-05-25
1012,1012,Experienced cook with 3 years of experience. Speaks Kannada. Available to travel up to 11 km. Current rating is 4.15.,,2025-08-25
1013,1013,Experienced ac repair with 9 years of experience. Speaks Tamil. Available to travel up to 46 km. Current rating is 3.75.,,2025-02-13
1014,1014,Experienced washing machine repair with 9 years of experience. Speaks Hindi. Available to travel up to 6 km. Current rating is 3.69.,,2025-04-28
1015,1015,Experienced pipe repair with 2 years of experience. Speaks English. Available to travel up to 29 km. Current rating is 4.07.,,2025-12-25
1016,1016,Experienced interior painting with 16 years of experience. Speaks English. Available to travel up to 37 km. Current rating is 4.15.,,2025-12-29
1017,1017,Experienced water tank installation with 14 years of experience. Speaks Tamil. Available to travel up to 24 km. Current rating is 4.85.,,2025-10-03
1018,1018,Experienced pipe repair with 3 years of experience. Speaks Tamil. Available to travel up to 47 km. Current rating is 4.11.,,2025-12-09
1019,1019,Experienced fan installation with 12 years of experience. Speaks English. Available to travel up to 50 km. Current rating is 4.53.,,2025-08-25
1020,1020,Experienced ac repair with 17 years of experience. Speaks Hindi. Available to travel up to 48 km. Current rating is 3.65.,,2025-08-28
1021,1021,Experienced plumber with 10 years of experience. Speaks Telugu. Available to travel up to 16 km. Current rating is 3.67.,,2025-03-01
1022,1022,Experienced ac technician with 15 years of experience. Speaks Kannada. Available to travel up to 12 km. Current rating is 3.63.,,2025-03-20
1023,1023,Experienced cloth stitching with 6 years of experience. Speaks Malayalam. Available to travel up to 24 km. Current rating is 4.22.,,2025-02-17
1024,1024,Experienced light installation with 17 years of experience. Speaks Telugu. Available to travel up to 26 km. Current rating is 3.94.,,2025-10-06
1025,1025,Experienced washing machine repair with 14 years of experience. Speaks Kannada. Available to travel up to 37 km. Current rating is 3.61.,,2025-04-25
1026,1026,Experienced kitchen cleaning with 15 years of experience. Speaks English. Available to travel up to 39 km. Current rating is 4.56.,,2025-02-24
1027,1027,Experienced leak detection with 2 years of experience. Speaks Telugu. Available to travel up to 41 km. Current rating is 4.72.,,2025-01-30
1028,1028,Experienced refrigerator repair with 11 years of experience. Speaks Tamil. Available to travel up to 18 km. Current rating is 3.55.,,2025-01-13
1029,1029,Experienced bathroom cleaning with 6 years of experience. Speaks Malayalam. Available to travel up to 27 km. Current rating is 4.3.,,2025-01-17
1030,1030,Experienced packers with 13 years of experience. Speaks Tamil. Available to travel up to 32 km. Current rating is 3.76.,,2025-06-11
1031,1031,Experienced light installation with 0 years of experience. Speaks English. Available to travel up to 26 km. Current rating is 4.48.,,2025-11-12
1032,1032,Experienced security guard with 8 years of experience. Speaks Tamil. Available to travel up to 34 km. Current rating is 4.75.,,2025-07-22
1033,1033,Experienced washing machine repair with 17 years of experience. Speaks Tamil. Available to travel up to 20 km. Current rating is 4.31.,,2025-09-16
1034,1034,Experienced exterior painting with 18 years of experience. Speaks Tamil. Available to travel up to 36 km. Current rating is 3.64.,,2025-09-17
1035,1035,Experienced water tank installation with 7 years of experience. Speaks Hindi. Available to travel up to 29 km. Current rating is 3.75.,,2025-03-05
1036,1036,Experienced refrigerator repair with 14 years of experience. Speaks Kannada. Available to travel up to 15 km. Current rating is 4.96.,,2025-01-31
1037,1037,Experienced pipe repair with 8 years of experience. Speaks Kannada. Available to travel up to 22 km. Current rating is 3.64.,,2025-04-28
1038,1038,Experienced cloth stitching with 10 years of experience. Speaks Kannada. Available to travel up to 37 km. Current rating is 4.38.,,2025-07-07
1039,1039,Experienced house cleaning with 5 years of experience. Speaks Kannada. Available to travel up to 5 km. Current rating is 4.75.,,2025-11-14
1040,1040,Experienced cook with 9 years of experience. Speaks English. Available to travel up to 27 km. Current rating is 4.96.,,2025-12-07
1041,1041,Experienced door repair with 1 years of experience. Speaks Kannada. Available to travel up to 10 km. Current rating is 3.98.,,2025-11-07
1042,1042,Experienced fan installation with 18 years of experience. Speaks Tamil. Available to travel up to 29 km. Current rating is 4.07.,,2025-01-03
1043,1043,Experienced door repair with 2 years of experience. Speaks Telugu. Available to travel up to 47 km. Current rating is 4.25.,,2025-03-05
1044,1044,Experienced movers with 5 years of experience. Speaks Malayalam. Available to travel up to 31 km. Current rating is 4.04.,,2025-07-27
1045,1045,Experienced mason with 13 years of experience. Speaks English. Available to travel up to 49 km. Current rating is 4.01.,,2025-11-18
1046,1046,Experienced washing machine repair with 10 years of experience. Speaks Malayalam. Available to travel up to 22 km. Current rating is 4.12.,,2025-09-21
1047,1047,Experienced carpenter with 10 years of experience. Speaks Kannada. Available to travel up to 33 km. Current rating is 3.95.,,2025-11-10
1048,1048,Experienced wood polishing with 18 years of experience. Speaks Hindi. Available to travel up to 20 km. Current rating is 4.41.,,2025-07-29
1049,1049,Experienced ac repair with 20 years of experience. Speaks Kannada. Available to travel up to 5 km. Current rating is 4.75.,,2025-12-15
1050,1050,Experienced hair stylist with 11 years of experience. Speaks Malayalam. Available to travel up to 49 km. Current rating is 4.68.,,2025-08-28
1051,1051,Experienced interior painting with 10 years of experience. Speaks Kannada. Available to travel up to 5 km. Current rating is 3.56.,,2025-10-05
1052,1052,Experienced tailor with 17 years of experience. Speaks Tamil. Available to travel up to 20 km. Current rating is 4.14.,,2025-10-16
1053,1053,Experienced makeup artist with 4 years of experience. Speaks Telugu. Available to travel up to 21 km. Current rating is 3.9.,,2025-01-29
1054,1054,Experienced door repair with 14 years of experience. Speaks Telugu. Available to travel up to 42 km. Current rating is 3.77.,,2025-11-26
1055,1055,Experienced ac installation with 18 years of experience. Speaks Telugu. Available to travel up to 32 km. Current rating is 3.6.,,2025-07-28
1056,1056,Experienced bathroom fitting with 15 years of experience. Speaks Malayalam. Available to travel up to 45 km. Current rating is 4.1.,,2025-03-31
1057,1057,Experienced carpenter with 12 years of experience. Speaks English. Available to travel up to 35 km. Current rating is 4.25.,,2025-03-03
1058,1058,Experienced alteration with 8 years of experience. Speaks Kannada. Available to travel up to 27 km. Current rating is 4.09.,,2025-02-02
1059,1059,Experienced plumber with 13 years of experience. Speaks Hindi. Available to travel up to 24 km. Current rating is 4.4.,,2025-06-08
1060,1060,Experienced electrician with 19 years of experience. Speaks Malayalam. Available to travel up to 33 km. Current rating is 4.34.,,2025-03-19
1061,1061,Experienced ac repair with 5 years of experience. Speaks Malayalam. Available to travel up to 11 km. Current rating is 3.79.,,2025-01-04
1062,1062,Experienced wood polishing with 14 years of experience. Speaks English. Available to travel up to 31 km. Current rating is 4.88.,,2025-09-17
1063,1063,Experienced cloth stitching with 6 years of experience. Speaks Hindi. Available to travel up to 38 km. Current rating is 3.94.,,2025-06-19
1064,1064,Experienced hair stylist with 7 years of experience. Speaks Telugu. Available to travel up to 9 km. Current rating is 3.51.,,2025-02-17
1065,1065,Experienced lawn maintenance with 19 years of experience. Speaks Malayalam. Available to travel up to 9 km. Current rating is 3.99.,,2025-11-14
1066,1066,Experienced furniture assembly with 0 years of experience. Speaks English. Available to travel up to 40 km. Current rating is 3.78.,,2025-11-03
1067,1067,Experienced house wiring with 14 years of experience. Speaks Malayalam. Available to travel up to 45 km. Current rating is 4.46.,,2025-12-19
1068,1068,Experienced beautician with 1 years of experience. Speaks Kannada. Available to travel up to 46 km. Current rating is 4.92.,,2025-10-28
1069,1069,Experienced kitchen cleaning with 11 years of experience. Speaks Tamil. Available to travel up to 14 km. Current rating is 3.91.,,2025-08-04
1070,1070,Experienced driver with 12 years of experience. Speaks Hindi. Available to travel up to 16 km. Current rating is 4.72.,,2025-08-10
1071,1071,Experienced gardener with 17 years of experience. Speaks Hindi. Available to travel up to 7 km. Current rating is 3.87.,,2025-07-27
1072,1072,Experienced wall painting with 3 years of experience. Speaks Telugu. Available to travel up to 31 km. Current rating is 3.95.,,2025-01-26
1073,1073,Experienced ac repair with 0 years of experience. Speaks Hindi. Available to travel up to 8 km. Current rating is 3.68.,,2025-05-31
1074,1074,Experienced makeup artist with 6 years of experience. Speaks Hindi. Available to travel up to 42 km. Current rating is 4.22.,,2025-10-16
1075,1075,Experienced hair stylist with 15 years of experience. Speaks English. Available to travel up to 12 km. Current rating is 3.83.,,2025-12-19
1076,1076,Experienced cook with 2 years of experience. Speaks Hindi. Available to travel up to 24 km. Current rating is 3.58.,,2025-12-01
1077,1077,Experienced deep cleaning with 9 years of experience. Speaks Hindi. Available to travel up to 26 km. Current rating is 4.0.,,2025-07-27
1078,1078,Experienced tailor with 9 years of experience. Speaks Telugu. Available to travel up to 16 km. Current rating is 3.68.,,2026-01-01
1079,1079,Experienced driver with 3 years of experience. Speaks English. Available to travel up to 21 km. Current rating is 4.32.,,2025-12-27
1080,1080,Experienced washing machine repair with 17 years of experience. Speaks Hindi. Available to travel up to 47 km. Current rating is 4.39.,,2025-03-06
1081,1081,Experienced door repair with 7 years of experience. Speaks Malayalam. Available to travel up to 41 km. Current rating is 4.19.,,2025-04-08
1082,1082,Experienced packers with 10 years of experience. Speaks Kannada. Available to travel up to 35 km. Current rating is 3.79.,,2025-12-10
1083,1083,Experienced wood polishing with 15 years of experience. Speaks Hindi. Available to travel up to 25 km. Current rating is 4.91.,,2025-01-27
1084,1084,Experienced house wiring with 11 years of experience. Speaks Hindi. Available to travel up to 16 km. Current rating is 3.72.,,2025-07-08
1085,1085,Experienced exterior painting with 20 years of experience. Speaks English. Available to travel up to 27 km. Current rating is 3.83.,,2025-05-11
1086,1086,Experienced exterior painting with 10 years of experience. Speaks English. Available to travel up to 25 km. Current rating is 3.7.,,2025-06-26
1087,1087,Experienced hair stylist with 0 years of experience. Speaks English. Available to travel up to 9 km. Current rating is 4.28.,,2025-08-09
1088,1088,Experienced tree trimming with 10 years of experience. Speaks Hindi. Available to travel up to 9 km. Current rating is 4.19.,,2025-03-22
1089,1089,Experienced packers with 3 years of experience. Speaks Malayalam. Available to travel up to 28 km. Current rating is 4.67.,,2025-03-16
1090,1090,Experienced plumber with 7 years of experience. Speaks English. Available to travel up to 28 km. Current rating is 4.98.,,2025-08-16
1091,1091,Experienced ac installation with 19 years of experience. Speaks Telugu. Available to travel up to 41 km. Current rating is 3.77.,,2025-03-11
1092,1092,Experienced door repair with 12 years of experience. Speaks Kannada. Available to travel up to 20 km. Current rating is 4.65.,,2025-03-29
1093,1093,Experienced tv repair with 17 years of experience. Speaks Telugu. Available to travel up to 39 km. Current rating is 3.74.,,2025-09-15
1094,1094,Experienced house wiring with 8 years of experience. Speaks Telugu. Available to travel up to 20 km. Current rating is 3.53.,,2025-07-04
1095,1095,Experienced door repair with 13 years of experience. Speaks English. Available to travel up to 31 km. Current rating is 3.73.,,2025-02-26
1096,1096,Experienced furniture assembly with 11 years of experience. Speaks Kannada. Available to travel up to 14 km. Current rating is 3.61.,,2025-11-18
1097,1097,Experienced house cleaning with 3 years of experience. Speaks Malayalam. Available to travel up to 23 km. Current rating is 4.17.,,2025-07-25
1098,1098,Experienced lawn maintenance with 3 years of experience. Speaks Malayalam. Available to travel up to 45 km. Current rating is 4.66.,,2025-09-21
1099,1099,Experienced concrete work with 7 years of experience. Speaks Tamil. Available to travel up to 34 km. Current rating is 4.51.,,2025-06-01
1100,1100,Experienced catering with 18 years of experience. Speaks Malayalam. Available to travel up to 48 km. Current rating is 3.62.,,2025-10-31
1101,1101,Experienced fan installation with 7 years of experience. Speaks Hindi. Available to travel up to 38 km. Current rating is 4.85.,,2025-01-04
1102,1102,Experienced furniture assembly with 17 years of experience. Speaks Telugu. Available to travel up to 33 km. Current rating is 4.39.,,2025-11-22
1103,1103,Experienced painter with 12 years of experience. Speaks Kannada. Available to travel up to 8 km. Current rating is 3.99.,,2025-10-25
1104,1104,Experienced tv repair with 0 years of experience. Speaks Hindi. Available to travel up to 33 km. Current rating is 3.6.,,2025-03-12
1105,1105,Experienced microwave repair with 6 years of experience. Speaks Malayalam. Available to travel up to 9 km. Current rating is 3.89.,,2025-03-08
1106,1106,Experienced interior painting with 5 years of experience. Speaks Tamil. Available to travel up to 15 km. Current rating is 4.55.,,2025-05-13
1107,1107,Experienced exterior painting with 14 years of experience. Speaks Tamil. Available to travel up to 5 km. Current rating is 4.59.,,2025-08-16
1108,1108,Experienced carpenter with 6 years of experience. Speaks English. Available to travel up to 34 km. Current rating is 4.27.,,2025-08-16
1109,1109,Experienced hair stylist with 4 years of experience. Speaks Kannada. Available to travel up to 7 km. Current rating is 4.56.,,2025-07-16
1110,1110,Experienced interior painting with 5 years of experience. Speaks Malayalam. Available to travel up to 8 km. Current rating is 4.28.,,2025-10-26
1111,1111,Experienced exterior painting with 8 years of experience. Speaks Tamil. Available to travel up to 7 km. Current rating is 4.06.,,2025-07-07
1112,1112,Experienced ac technician with 6 years of experience. Speaks Kannada. Available to travel up to 8 km. Current rating is 4.04.,,2025-02-10
1113,1113,Experienced tile installation with 2 years of experience. Speaks Telugu. Available to travel up to 12 km. Current rating is 4.28.,,2025-07-16
1114,1114,Experienced beautician with 11 years of experience. Speaks Malayalam. Available to travel up to 21 km. Current rating is 3.77.,,2025-07-04
1115,1115,Experienced cloth stitching with 13 years of experience. Speaks Hindi. Available to travel up to 38 km. Current rating is 4.87.,,2025-03-03
1116,1116,Experienced ac installation with 5 years of experience. Speaks Malayalam. Available to travel up to 26 km. Current rating is 4.19.,,2025-12-04
1117,1117,Experienced ac technician with 19 years of experience. Speaks Hindi. Available to travel up to 14 km. Current rating is 4.02.,,2025-10-03
1118,1118,Experienced makeup artist with 2 years of experience. Speaks English. Available to travel up to 45 km. Current rating is 4.32.,,2025-03-05
1119,1119,Experienced water tank installation with 16 years of experience. Speaks Telugu. Available to travel up to 9 km. Current rating is 4.68.,,2025-02-12
1120,1120,Experienced beautician with 18 years of experience. Speaks English. Available to travel up to 27 km. Current rating is 4.77.,,2025-09-08
1121,1121,Experienced lawn maintenance with 0 years of experience. Speaks English. Available to travel up to 28 km. Current rating is 3.55.,,2025-05-12
1122,1122,Experienced movers with 14 years of experience. Speaks Malayalam. Available to travel up to 14 km. Current rating is 4.78.,,2025-11-22
1123,1123,Experienced electrician with 11 years of experience. Speaks Hindi. Available to travel up to 26 km. Current rating is 4.3.,,2025-02-21
1124,1124,Experienced hair stylist with 3 years of experience. Speaks Hindi. Available to travel up to 23 km. Current rating is 4.76.,,2025-08-12
1125,1125,Experienced interior painting with 10 years of experience. Speaks Kannada. Available to travel up to 11 km. Current rating is 4.22.,,2025-08-08
1126,1126,Experienced pipe repair with 5 years of experience. Speaks Tamil. Available to travel up to 18 km. Current rating is 4.11.,,2025-01-07
1127,1127,Experienced wood polishing with 5 years of experience. Speaks Hindi. Available to travel up to 45 km. Current rating is 4.83.,,2025-01-09
1128,1128,Experienced tree trimming with 6 years of experience. Speaks Malayalam. Available to travel up to 36 km. Current rating is 4.66.,,2025-05-02
1129,1129,Experienced ac technician with 17 years of experience. Speaks English. Available to travel up to 32 km. Current rating is 3.65.,,2025-02-27
1130,1130,Experienced brick work with 11 years of experience. Speaks Tamil. Available to travel up to 47 km. Current rating is 3.97.,,2025-08-14
1131,1131,Experienced packers with 16 years of experience. Speaks Tamil. Available to travel up to 17 km. Current rating is 3.59.,,2025-02-13
1132,1132,Experienced makeup artist with 0 years of experience. Speaks Hindi. Available to travel up to 36 km. Current rating is 4.57.,,2025-03-30
1133,1133,Experienced movers with 2 years of experience. Speaks Telugu. Available to travel up to 45 km. Current rating is 4.45.,,2025-06-15
1134,1134,Experienced switch repair with 5 years of experience. Speaks Malayalam. Available to travel up to 39 km. Current rating is 4.61.,,2025-04-11
1135,1135,Experienced carpenter with 7 years of experience. Speaks Telugu. Available to travel up to 46 km. Current rating is 3.62.,,2025-07-03
1136,1136,Experienced packers with 17 years of experience. Speaks Kannada. Available to travel up to 19 km. Current rating is 3.68.,,2025-03-24
1137,1137,Experienced switch repair with 2 years of experience. Speaks Kannada. Available to travel up to 8 km. Current rating is 4.13.,,2025-01-16
1138,1138,Experienced plumber with 14 years of experience. Speaks Tamil. Available to travel up to 11 km. Current rating is 4.93.,,2025-08-27
1139,1139,Experienced movers with 20 years of experience. Speaks Telugu. Available to travel up to 29 km. Current rating is 4.1.,,2025-02-17
1140,1140,Experienced lawn maintenance with 18 years of experience. Speaks Hindi. Available to travel up to 34 km. Current rating is 3.63.,,2025-01-05
1141,1141,Experienced ac technician with 6 years of experience. Speaks Tamil. Available to travel up to 45 km. Current rating is 4.53.,,2025-03-21
1142,1142,Experienced painter with 9 years of experience. Speaks Telugu. Available to travel up to 33 km. Current rating is 4.73.,,2025-08-13
1143,1143,Experienced house cleaning with 15 years of experience. Speaks Tamil. Available to travel up to 9 km. Current rating is 3.75.,,2025-03-29
1144,1144,Experienced light installation with 16 years of experience. Speaks Malayalam. Available to travel up to 17 km. Current rating is 3.92.,,2025-06-01
1145,1145,Experienced bathroom cleaning with 17 years of experience. Speaks English. Available to travel up to 22 km. Current rating is 4.49.,,2025-07-04
1146,1146,Experienced driver with 10 years of experience. Speaks Malayalam. Available to travel up to 34 km. Current rating is 3.59.,,2025-08-18
1147,1147,Experienced movers with 12 years of experience. Speaks Kannada. Available to travel up to 27 km. Current rating is 3.55.,,2025-05-04
1148,1148,Experienced alteration with 1 years of experience. Speaks Hindi. Available to travel up to 31 km. Current rating is 3.64.,,2025-02-28
1149,1149,Experienced catering with 10 years of experience. Speaks Kannada. Available to travel up to 50 km. Current rating is 4.43.,,2025-01-03
1150,1150,Experienced movers with 8 years of experience. Speaks Hindi. Available to travel up to 16 km. Current rating is 4.15.,,2025-05-12
1151,1151,Experienced ac installation with 19 years of experience. Speaks Hindi. Available to travel up to 5 km. Current rating is 4.49.,,2025-01-29
1152,1152,Experienced movers with 16 years of experience. Speaks Hindi. Available to travel up to 15 km. Current rating is 4.62.,,2025-11-10
1153,1153,Experienced painter with 18 years of experience. Speaks Telugu. Available to travel up to 24 km. Current rating is 4.25.,,2025-06-16
1154,1154,Experienced tile installation with 8 years of experience. Speaks Telugu. Available to travel up to 50 km. Current rating is 3.74.,,2025-03-16
1155,1155,Experienced cloth stitching with 19 years of experience. Speaks English. Available to travel up to 33 km. Current rating is 3.96.,,2025-01-14
1156,1156,Experienced alteration with 17 years of experience. Speaks Kannada. Available to travel up to 34 km. Current rating is 4.73.,,2025-03-06
1157,1157,Experienced house wiring with 8 years of experience. Speaks Malayalam. Available to travel up to 28 km. Current rating is 3.74.,,2025-01-30
1158,1158,Experienced tailor with 13 years of experience. Speaks Tamil. Available to travel up to 43 km. Current rating is 3.87.,,2025-07-13
1159,1159,Experienced painter with 7 years of experience. Speaks English. Available to travel up to 47 km. Current rating is 4.01.,,2025-02-21
1160,1160,Experienced kitchen cleaning with 5 years of experience. Speaks Hindi. Available to travel up to 36 km. Current rating is 4.39.,,2025-07-24
1161,1161,Experienced cloth stitching with 12 years of experience. Speaks Kannada. Available to travel up to 27 km. Current rating is 4.88.,,2025-06-17
1162,1162,Experienced alteration with 7 years of experience. Speaks Malayalam. Available to travel up to 14 km. Current rating is 4.41.,,2025-02-26
1163,1163,Experienced painter with 20 years of experience. Speaks Tamil. Available to travel up to 14 km. Current rating is 3.51.,,2025-06-03
1164,1164,Experienced exterior painting with 4 years of experience. Speaks Telugu. Available to travel up to 9 km. Current rating is 3.76.,,2025-10-03
1165,1165,Experienced brick work with 3 years of experience. Speaks Kannada. Available to travel up to 25 km. Current rating is 4.67.,,2025-05-31
1166,1166,Experienced brick work with 0 years of experience. Speaks Kannada. Available to travel up to 33 km. Current rating is 4.74.,,2025-04-14
1167,1167,Experienced pipe repair with 3 years of experience. Speaks Tamil. Available to travel up to 46 km. Current rating is 3.68.,,2025-01-06
1168,1168,Experienced tree trimming with 1 years of experience. Speaks Telugu. Available to travel up to 25 km. Current rating is 4.04.,,2025-07-16
1169,1169,Experienced lawn maintenance with 11 years of experience. Speaks Kannada. Available to travel up to 36 km. Current rating is 4.23.,,2025-02-08
1170,1170,Experienced wall painting with 11 years of experience. Speaks English. Available to travel up to 34 km. Current rating is 4.42.,,2025-02-04
1171,1171,Experienced deep cleaning with 10 years of experience. Speaks Malayalam. Available to travel up to 24 km. Current rating is 4.01.,,2025-09-03
1172,1172,Experienced wood polishing with 8 years of experience. Speaks Kannada. Available to travel up to 9 km. Current rating is 4.8.,,2025-10-05
1173,1173,Experienced switch repair with 13 years of experience. Speaks Kannada. Available to travel up to 11 km. Current rating is 4.73.,,2025-03-02
1174,1174,Experienced ac repair with 13 years of experience. Speaks Malayalam. Available to travel up to 49 km. Current rating is 3.68.,,2025-07-27
1175,1175,Experienced movers with 5 years of experience. Speaks Kannada. Available to travel up to 50 km. Current rating is 4.68.,,2025-09-02
1176,1176,Experienced interior painting with 11 years of experience. Speaks Hindi. Available to travel up to 32 km. Current rating is 4.52.,,2025-09-07
1177,1177,Experienced microwave repair with 4 years of experience. Speaks Malayalam. Available to travel up to 23 km. Current rating is 4.49.,,2025-08-19
1178,1178,Experienced bathroom cleaning with 11 years of experience. Speaks Tamil. Available to travel up to 29 km. Current rating is 4.03.,,2025-01-03
1179,1179,Experienced security guard with 12 years of experience. Speaks Telugu. Available to travel up to 32 km. Current rating is 4.53.,,2025-02-14
1180,1180,Experienced cook with 7 years of experience. Speaks Kannada. Available to travel up to 31 km. Current rating is 4.81.,,2025-02-01
1181,1181,Experienced washing machine repair with 14 years of experience. Speaks Hindi. Available to travel up to 28 km. Current rating is 3.84.,,2025-09-11
1182,1182,Experienced alteration with 16 years of experience. Speaks Hindi. Available to travel up to 39 km. Current rating is 3.83.,,2025-02-01
1183,1183,Experienced water tank installation with 8 years of experience. Speaks Malayalam. Available to travel up to 20 km. Current rating is 4.77.,,2025-11-13
1184,1184,Experienced security guard with 13 years of experience. Speaks Telugu. Available to travel up to 32 km. Current rating is 4.59.,,2025-12-27
1185,1185,Experienced kitchen cleaning with 0 years of experience. Speaks English. Available to travel up to 14 km. Current rating is 4.37.,,2025-10-16
1186,1186,Experienced furniture assembly with 18 years of experience. Speaks Kannada. Available to travel up to 35 km. Current rating is 4.22.,,2025-03-01
1187,1187,Experienced leak detection with 9 years of experience. Speaks Hindi. Available to travel up to 28 km. Current rating is 4.87.,,2025-02-15
1188,1188,Experienced refrigerator repair with 15 years of experience. Speaks Hindi. Available to travel up to 40 km. Current rating is 3.64.,,2025-06-02
1189,1189,Experienced painter with 19 years of experience. Speaks Kannada. Available to travel up to 39 km. Current rating is 4.54.,,2025-09-20
1190,1190,Experienced hair stylist with 14 years of experience. Speaks Kannada. Available to travel up to 18 km. Current rating is 3.86.,,2025-12-02
1191,1191,Experienced alteration with 16 years of experience. Speaks Hindi. Available to travel up to 6 km. Current rating is 3.92.,,2025-11-03
1192,1192,Experienced interior painting with 2 years of experience. Speaks Hindi. Available to travel up to 10 km. Current rating is 3.73.,,2025-10-02
1193,1193,Experienced fan installation with 20 years of experience. Speaks English. Available to travel up to 13 km. Current rating is 3.51.,,2025-08-07
1194,1194,Experienced ac technician with 6 years of experience. Speaks Tamil. Available to travel up to 26 km. Current rating is 4.8.,,2025-01-27
1195,1195,Experienced switch repair with 19 years of experience. Speaks Telugu. Available to travel up to 47 km. Current rating is 4.12.,,2025-07-01
1196,1196,Experienced light installation with 15 years of experience. Speaks English. Available to travel up to 47 km. Current rating is 4.73.,,2025-10-28
1197,1197,Experienced movers with 17 years of experience. Speaks Telugu. Available to travel up to 32 km. Current rating is 4.14.,,2025-02-16
1198,1198,Experienced deep cleaning with 16 years of experience. Speaks English. Available to travel up to 27 km. Current rating is 4.41.,,2025-03-14
1199,1199,Experienced interior painting with 13 years of experience. Speaks Telugu. Available to travel up to 26 km. Current rating is 4.33.,,2025-01-10
1200,1200,Experienced deep cleaning with 9 years of experience. Speaks Telugu. Available to travel up to 35 km. Current rating is 4.13.,,2025-06-18
1201,1201,Experienced concrete work with 9 years of experience. Speaks Tamil. Available to travel up to 28 km. Current rating is 3.8.,,2025-04-24
1202,1202,Experienced cook with 12 years of experience. Speaks English. Available to travel up to 10 km. Current rating is 3.96.,,2025-05-29
1203,1203,Experienced tree trimming with 1 years of experience. Speaks Malayalam. Available to travel up to 17 km. Current rating is 3.63.,,2025-02-16
1204,1204,Experienced packers with 16 years of experience. Speaks Malayalam. Available to travel up to 47 km. Current rating is 4.2.,,2025-05-19
1205,1205,Experienced tv repair with 9 years of experience. Speaks Malayalam. Available to travel up to 8 km. Current rating is 4.57.,,2025-12-10
1206,1206,Experienced door repair with 14 years of experience. Speaks Malayalam. Available to travel up to 16 km. Current rating is 4.55.,,2025-05-03
1207,1207,Experienced fan installation with 2 years of experience. Speaks Tamil. Available to travel up to 10 km. Current rating is 3.9.,,2025-05-17
1208,1208,Experienced wall painting with 3 years of experience. Speaks Kannada. Available to travel up to 18 km. Current rating is 4.82.,,2025-10-16
1209,1209,Experienced lawn maintenance with 6 years of experience. Speaks Kannada. Available to travel up to 35 km. Current rating is 4.91.,,2025-12-02
1210,1210,Experienced cloth stitching with 5 years of experience. Speaks Telugu. Available to travel up to 17 km. Current rating is 4.32.,,2025-06-05
1211,1211,Experienced door repair with 18 years of experience. Speaks Malayalam. Available to travel up to 5 km. Current rating is 3.8.,,2025-04-27
1212,1212,Experienced tv repair with 5 years of experience. Speaks Telugu. Available to travel up to 15 km. Current rating is 4.84.,,2025-02-02
1213,1213,Experienced pipe repair with 10 years of experience. Speaks Kannada. Available to travel up to 44 km. Current rating is 4.25.,,2025-04-22
1214,1214,Experienced bathroom fitting with 7 years of experience. Speaks Tamil. Available to travel up to 17 km. Current rating is 3.57.,,2025-10-11
1215,1215,Experienced deep cleaning with 9 years of experience. Speaks English. Available to travel up to 17 km. Current rating is 3.62.,,2025-10-19
1216,1216,Experienced wood polishing with 13 years of experience. Speaks Telugu. Available to travel up to 42 km. Current rating is 3.99.,,2025-11-13
1217,1217,Experienced tailor with 4 years of experience. Speaks Hindi. Available to travel up to 38 km. Current rating is 3.97.,,2025-12-16
1218,1218,Experienced bathroom fitting with 16 years of experience. Speaks English. Available to travel up to 44 km. Current rating is 4.48.,,2025-01-11
1219,1219,Experienced brick work with 3 years of experience. Speaks Malayalam. Available to travel up to 50 km. Current rating is 4.83.,,2025-05-07
1220,1220,Experienced tree trimming with 7 years of experience. Speaks Hindi. Available to travel up to 36 km. Current rating is 4.2.,,2025-08-03
1221,1221,Experienced security guard with 5 years of experience. Speaks Kannada. Available to travel up to 43 km. Current rating is 4.08.,,2025-05-03
1222,1222,Experienced plumber with 8 years of experience. Speaks Hindi. Available to travel up to 15 km. Current rating is 4.71.,,2025-04-30
1223,1223,Experienced tree trimming with 14 years of experience. Speaks Malayalam. Available to travel up to 16 km. Current rating is 3.58.,,2025-02-20
1224,1224,Experienced brick work with 13 years of experience. Speaks Kannada. Available to travel up to 25 km. Current rating is 4.88.,,2025-02-16
1225,1225,Experienced hair stylist with 17 years of experience. Speaks Telugu. Available to travel up to 5 km. Current rating is 4.35.,,2025-04-22
1226,1226,Experienced leak detection with 3 years of experience. Speaks Hindi. Available to travel up to 8 km. Current rating is 4.91.,,2025-06-20
1227,1227,Experienced carpenter with 0 years of experience. Speaks Malayalam. Available to travel up to 28 km. Current rating is 4.75.,,2025-08-10
1228,1228,Experienced interior painting with 12 years of experience. Speaks Malayalam. Available to travel up to 50 km. Current rating is 4.09.,,2025-09-16
1229,1229,Experienced lawn maintenance with 12 years of experience. Speaks Kannada. Available to travel up to 40 km. Current rating is 3.59.,,2025-10-26
1230,1230,Experienced microwave repair with 1 years of experience. Speaks Kannada. Available to travel up to 8 km. Current rating is 4.22.,,2025-09-14
1231,1231,Experienced house wiring with 7 years of experience. Speaks English. Available to travel up to 37 km. Current rating is 4.45.,,2025-11-27
1232,1232,Experienced driver with 2 years of experience. Speaks Telugu. Available to travel up to 42 km. Current rating is 4.09.,,2025-04-07
1233,1233,Experienced furniture assembly with 18 years of experience. Speaks Hindi. Available to travel up to 36 km. Current rating is 3.6.,,2025-12-17
1234,1234,Experienced washing machine repair with 6 years of experience. Speaks Tamil. Available to travel up to 33 km. Current rating is 3.94.,,2025-02-19
1235,1235,Experienced cook with 19 years of experience. Speaks Telugu. Available to travel up to 9 km. Current rating is 4.93.,,2025-10-23
1236,1236,Experienced furniture assembly with 5 years of experience. Speaks Telugu. Available to travel up to 46 km. Current rating is 3.53.,,2025-04-17
1237,1237,Experienced bathroom fitting with 3 years of experience. Speaks English. Available to travel up to 45 km. Current rating is 3.74.,,2025-06-19
1238,1238,Experienced switch repair with 7 years of experience. Speaks English. Available to travel up to 48 km. Current rating is 4.36.,,2025-03-16
1239,1239,Experienced wall painting with 14 years of experience. Speaks Malayalam. Available to travel up to 26 km. Current rating is 4.66.,,2025-01-08
1240,1240,Experienced packers with 8 years of experience. Speaks Tamil. Available to travel up to 22 km. Current rating is 4.77.,,2025-08-19
1241,1241,Experienced mason with 2 years of experience. Speaks Kannada. Available to travel up to 39 km. Current rating is 3.52.,,2025-06-15
1242,1242,Experienced microwave repair with 13 years of experience. Speaks Telugu. Available to travel up to 20 km. Current rating is 4.61.,,2025-03-02
1243,1243,Experienced tailor with 18 years of experience. Speaks Hindi. Available to travel up to 25 km. Current rating is 3.65.,,2025-10-24
1244,1244,Experienced tile installation with 12 years of experience. Speaks Kannada. Available to travel up to 21 km. Current rating is 4.11.,,2025-09-17
1245,1245,Experienced brick work with 9 years of experience. Speaks Malayalam. Available to travel up to 20 km. Current rating is 4.42.,,2025-06-26
1246,1246,Experienced ac technician with 3 years of experience. Speaks Hindi. Available to travel up to 7 km. Current rating is 3.9.,,2025-11-10
1247,1247,Experienced microwave repair with 0 years of experience. Speaks Telugu. Available to travel up to 11 km. Current rating is 4.13.,,2025-11-18
1248,1248,Experienced electrician with 14 years of experience. Speaks Telugu. Available to travel up to 24 km. Current rating is 3.96.,,2025-03-09
1249,1249,Experienced washing machine repair with 1 years of experience. Speaks Telugu. Available to travel up to 40 km. Current rating is 4.09.,,2025-06-21
1250,1250,Experienced cloth stitching with 19 years of experience. Speaks Kannada. Available to travel up to 40 km. Current rating is 4.36.,,2025-03-20
1251,1251,Experienced ac technician with 15 years of experience. Speaks Kannada. Available to travel up to 39 km. Current rating is 3.78.,,2025-05-19
1252,1252,Experienced tile installation with 18 years of experience. Speaks English. Available to travel up to 36 km. Current rating is 3.62.,,2025-01-05
1253,1253,Experienced bathroom cleaning with 5 years of experience. Speaks Telugu. Available to travel up to 33 km. Current rating is 4.54.,,2025-05-06
1254,1254,Experienced light installation with 1 years of experience. Speaks Kannada. Available to travel up to 21 km. Current rating is 3.91.,,2025-07-01
1255,1255,Experienced security guard with 5 years of experience. Speaks Malayalam. Available to travel up to 32 km. Current rating is 4.52.,,2025-05-24
1256,1256,Experienced bathroom cleaning with 9 years of experience. Speaks Tamil. Available to travel up to 6 km. Current rating is 3.81.,,2025-12-18
1257,1257,Experienced house cleaning with 1 years of experience. Speaks Tamil. Available to travel up to 7 km. Current rating is 4.91.,,2025-07-28
1258,1258,Experienced movers with 15 years of experience. Speaks Tamil. Available to travel up to 10 km. Current rating is 4.1.,,2025-07-17
1259,1259,Experienced door repair with 17 years of experience. Speaks Kannada. Available to travel up to 41 km. Current rating is 3.53.,,2025-09-01
1260,1260,Experienced alteration with 5 years of experience. Speaks Hindi. Available to travel up to 29 km. Current rating is 4.95.,,2025-02-21
1261,1261,Experienced wood polishing with 14 years of experience. Speaks Malayalam. Available to travel up to 11 km. Current rating is 3.51.,,2025-10-11
1262,1262,Experienced light installation with 12 years of experience. Speaks Telugu. Available to travel up to 19 km. Current rating is 4.4.,,2025-03-11
1263,1263,Experienced bathroom cleaning with 3 years of experience. Speaks English. Available to travel up to 15 km. Current rating is 3.91.,,2025-05-23
1264,1264,Experienced water tank installation with 8 years of experience. Speaks Tamil. Available to travel up to 49 km. Current rating is 4.52.,,2025-09-05
1265,1265,Experienced makeup artist with 13 years of experience. Speaks Malayalam. Available to travel up to 44 km. Current rating is 4.2.,,2025-01-30
1266,1266,Experienced fan installation with 18 years of experience. Speaks Telugu. Available to travel up to 44 km. Current rating is 3.66.,,2025-12-12
1267,1267,Experienced lawn maintenance with 14 years of experience. Speaks Hindi. Available to travel up to 21 km. Current rating is 4.08.,,2025-07-12
1268,1268,Experienced fan installation with 7 years of experience. Speaks English. Available to travel up to 30 km. Current rating is 4.72.,,2025-08-06
1269,1269,Experienced plumber with 19 years of experience. Speaks Malayalam. Available to travel up to 12 km. Current rating is 4.12.,,2025-04-26
1270,1270,Experienced hair stylist with 2 years of experience. Speaks Hindi. Available to travel up to 23 km. Current rating is 4.27.,,2025-07-31
1271,1271,Experienced beautician with 18 years of experience. Speaks Telugu. Available to travel up to 18 km. Current rating is 4.83.,,2025-05-06
1272,1272,Experienced carpenter with 9 years of experience. Speaks Kannada. Available to travel up to 12 km. Current rating is 3.85.,,2025-12-03
1273,1273,Experienced water tank installation with 11 years of experience. Speaks Telugu. Available to travel up to 16 km. Current rating is 4.12.,,2025-05-18
1274,1274,Experienced alteration with 8 years of experience. Speaks English. Available to travel up to 34 km. Current rating is 4.44.,,2025-06-04
1275,1275,Experienced ac technician with 5 years of experience. Speaks Malayalam. Available to travel up to 20 km. Current rating is 4.51.,,2025-05-09
1276,1276,Experienced wood polishing with 6 years of experience. Speaks English. Available to travel up to 18 km. Current rating is 3.79.,,2025-10-02
1277,1277,Experienced tv repair with 11 years of experience. Speaks English. Available to travel up to 22 km. Current rating is 4.97.,,2025-04-13
1278,1278,Experienced deep cleaning with 10 years of experience. Speaks Telugu. Available to travel up to 45 km. Current rating is 4.38.,,2025-07-27
1279,1279,Experienced interior painting with 4 years of experience. Speaks Malayalam. Available to travel up to 16 km. Current rating is 4.35.,,2025-05-02
1280,1280,Experienced light installation with 7 years of experience. Speaks Malayalam. Available to travel up to 33 km. Current rating is 4.91.,,2025-05-24
1281,1281,Experienced fan installation with 7 years of experience. Speaks Tamil. Available to travel up to 40 km. Current rating is 4.09.,,2025-11-06
1282,1282,Experienced water tank installation with 15 years of experience. Speaks Tamil. Available to travel up to 47 km. Current rating is 4.71.,,2025-02-23
1283,1283,Experienced makeup artist with 4 years of experience. Speaks Telugu. Available to travel up to 22 km. Current rating is 3.75.,,2025-12-04
1284,1284,Experienced tile installation with 17 years of experience. Speaks English. Available to travel up to 18 km. Current rating is 4.23.,,2025-07-10
1285,1285,Experienced hair stylist with 16 years of experience. Speaks English. Available to travel up to 39 km. Current rating is 4.96.,,2025-07-12
1286,1286,Experienced makeup artist with 1 years of experience. Speaks Hindi. Available to travel up to 30 km. Current rating is 4.01.,,2025-05-18
1287,1287,Experienced deep cleaning with 10 years of experience. Speaks Telugu. Available to travel up to 18 km. Current rating is 4.22.,,2025-07-14
1288,1288,Experienced kitchen cleaning with 17 years of experience. Speaks Telugu. Available to travel up to 19 km. Current rating is 4.02.,,2025-09-02
1289,1289,Experienced catering with 10 years of experience. Speaks English. Available to travel up to 24 km. Current rating is 4.05.,,2025-02-19
1290,1290,Experienced tree trimming with 4 years of experience. Speaks Malayalam. Available to travel up to 28 km. Current rating is 4.32.,,2025-05-09
1291,1291,Experienced ac repair with 13 years of experience. Speaks Hindi. Available to travel up to 44 km. Current rating is 4.15.,,2025-10-18
1292,1292,Experienced plumber with 11 years of experience. Speaks Malayalam. Available to travel up to 30 km. Current rating is 4.07.,,2025-10-06
1293,1293,Experienced lawn maintenance with 3 years of experience. Speaks Kannada. Available to travel up to 31 km. Current rating is 3.79.,,2025-03-07
1294,1294,Experienced brick work with 12 years of experience. Speaks Kannada. Available to travel up to 22 km. Current rating is 3.7.,,2025-12-21
1295,1295,Experienced pipe repair with 13 years of experience. Speaks English. Available to travel up to 36 km. Current rating is 3.76.,,2025-11-11
1296,1296,Experienced hair stylist with 13 years of experience. Speaks Kannada. Available to travel up to 38 km. Current rating is 4.92.,,2025-08-07
1297,1297,Experienced wood polishing with 16 years of experience. Speaks Tamil. Available to travel up to 14 km. Current rating is 4.67.,,2025-09-13
1298,1298,Experienced house cleaning with 18 years of experience. Speaks Hindi. Available to travel up to 38 km. Current rating is 4.85.,,2025-06-05
1299,1299,Experienced microwave repair with 12 years of experience. Speaks Tamil. Available to travel up to 35 km. Current rating is 4.63.,,2025-11-06
1300,1300,Experienced house wiring with 20 years of experience. Speaks Telugu. Available to travel up to 32 km. Current rating is 3.67.,,2025-04-01
1301,1301,Experienced painter with 12 years of experience. Speaks Kannada. Available to travel up to 49 km. Current rating is 3.64.,,2025-12-15
1302,1302,Experienced brick work with 16 years of experience. Speaks English. Available to travel up to 43 km. Current rating is 3.93.,,2025-03-25
1303,1303,Experienced microwave repair with 7 years of experience. Speaks English. Available to travel up to 49 km. Current rating is 4.53.,,2025-03-20
1304,1304,Experienced painter with 20 years of experience. Speaks Telugu. Available to travel up to 9 km. Current rating is 4.13.,,2025-10-05
1305,1305,Experienced security guard with 12 years of experience. Speaks Malayalam. Available to travel up to 8 km. Current rating is 4.2.,,2025-06-09
1306,1306,Experienced driver with 3 years of experience. Speaks Tamil. Available to travel up to 21 km. Current rating is 4.17.,,2025-10-24
1307,1307,Experienced mason with 4 years of experience. Speaks Telugu. Available to travel up to 19 km. Current rating is 3.98.,,2025-07-16
1308,1308,Experienced brick work with 6 years of experience. Speaks Telugu. Available to travel up to 26 km. Current rating is 4.65.,,2025-10-11
1309,1309,Experienced brick work with 1 years of experience. Speaks Telugu. Available to travel up to 49 km. Current rating is 4.22.,,2025-07-03
1310,1310,Experienced leak detection with 6 years of experience. Speaks Hindi. Available to travel up to 39 km. Current rating is 4.54.,,2025-12-03
1311,1311,Experienced light installation with 0 years of experience. Speaks Hindi. Available to travel up to 41 km. Current rating is 4.85.,,2025-02-17
1312,1312,Experienced bathroom cleaning with 16 years of experience. Speaks Tamil. Available to travel up to 19 km. Current rating is 4.56.,,2025-03-15
1313,1313,Experienced tile installation with 11 years of experience. Speaks Tamil. Available to travel up to 10 km. Current rating is 3.9.,,2025-01-10
1314,1314,Experienced exterior painting with 14 years of experience. Speaks Malayalam. Available to travel up to 15 km. Current rating is 4.07.,,2025-05-17
1315,1315,Experienced concrete work with 15 years of experience. Speaks Hindi. Available to travel up to 44 km. Current rating is 4.58.,,2025-12-12
1316,1316,Experienced kitchen cleaning with 0 years of experience. Speaks English. Available to travel up to 35 km. Current rating is 4.87.,,2025-02-16
1317,1317,Experienced water tank installation with 8 years of experience. Speaks Hindi. Available to travel up to 40 km. Current rating is 4.97.,,2025-01-08
1318,1318,Experienced washing machine repair with 10 years of experience. Speaks Kannada. Available to travel up to 17 km. Current rating is 4.07.,,2025-07-02
1319,1319,Experienced tree trimming with 17 years of experience. Speaks Tamil. Available to travel up to 21 km. Current rating is 4.1.,,2025-03-30
1320,1320,Experienced washing machine repair with 2 years of experience. Speaks Tamil. Available to travel up to 24 km. Current rating is 4.48.,,2025-12-26
1321,1321,Experienced microwave repair with 2 years of experience. Speaks English. Available to travel up to 24 km. Current rating is 3.8.,,2025-01-12
1322,1322,Experienced wood polishing with 2 years of experience. Speaks Telugu. Available to travel up to 47 km. Current rating is 4.03.,,2025-05-31
1323,1323,Experienced cook with 2 years of experience. Speaks Telugu. Available to travel up to 44 km. Current rating is 4.93.,,2025-09-08
1324,1324,Experienced ac repair with 10 years of experience. Speaks Tamil. Available to travel up to 22 km. Current rating is 4.03.,,2025-05-26
1325,1325,Experienced bathroom cleaning with 0 years of experience. Speaks Malayalam. Available to travel up to 19 km. Current rating is 4.65.,,2025-07-02
1326,1326,Experienced cook with 16 years of experience. Speaks Kannada. Available to travel up to 39 km. Current rating is 4.38.,,2025-04-27
1327,1327,Experienced plumber with 17 years of experience. Speaks Telugu. Available to travel up to 32 km. Current rating is 4.63.,,2025-10-28
1328,1328,Experienced ac repair with 18 years of experience. Speaks English. Available to travel up to 29 km. Current rating is 3.95.,,2025-01-01
1329,1329,Experienced kitchen cleaning with 0 years of experience. Speaks Malayalam. Available to travel up to 30 km. Current rating is 4.06.,,2025-12-15
1330,1330,Experienced wood polishing with 15 years of experience. Speaks Hindi. Available to travel up to 34 km. Current rating is 4.92.,,2025-04-01
1331,1331,Experienced cloth stitching with 2 years of experience. Speaks English. Available to travel up to 31 km. Current rating is 4.94.,,2025-06-09
1332,1332,Experienced electrician with 9 years of experience. Speaks Kannada. Available to travel up to 20 km. Current rating is 3.79.,,2025-02-01
1333,1333,Experienced switch repair with 19 years of experience. Speaks English. Available to travel up to 26 km. Current rating is 4.07.,,2025-10-29
1334,1334,Experienced bathroom fitting with 11 years of experience. Speaks Hindi. Available to travel up to 49 km. Current rating is 3.61.,,2025-09-03
1335,1335,Experienced packers with 14 years of experience. Speaks Kannada. Available to travel up to 13 km. Current rating is 3.94.,,2025-04-08
1336,1336,Experienced ac installation with 4 years of experience. Speaks Hindi. Available to travel up to 29 km. Current rating is 3.94.,,2025-01-07
1337,1337,Experienced tile installation with 14 years of experience. Speaks Malayalam. Available to travel up to 15 km. Current rating is 4.84.,,2025-05-12
1338,1338,Experienced catering with 18 years of experience. Speaks Tamil. Available to travel up to 47 km. Current rating is 3.99.,,2025-04-13
1339,1339,Experienced driver with 1 years of experience. Speaks Kannada. Available to travel up to 17 km. Current rating is 3.54.,,2025-07-26
1340,1340,Experienced brick work with 1 years of experience. Speaks Tamil. Available to travel up to 10 km. Current rating is 3.78.,,2025-07-22
1341,1341,Experienced ac repair with 14 years of experience. Speaks English. Available to travel up to 26 km. Current rating is 4.55.,,2025-05-28
1342,1342,Experienced ac technician with 9 years of experience. Speaks Telugu. Available to travel up to 26 km. Current rating is 3.62.,,2025-02-06
1343,1343,Experienced gardener with 18 years of experience. Speaks Tamil. Available to travel up to 33 km. Current rating is 4.1.,,2025-12-26
1344,1344,Experienced plumber with 4 years of experience. Speaks English. Available to travel up to 8 km. Current rating is 4.38.,,2025-01-04
1345,1345,Experienced hair stylist with 19 years of experience. Speaks Malayalam. Available to travel up to 37 km. Current rating is 3.58.,,2025-01-23
1346,1346,Experienced switch repair with 11 years of experience. Speaks Telugu. Available to travel up to 14 km. Current rating is 3.96.,,2025-12-23
1347,1347,Experienced alteration with 14 years of experience. Speaks Telugu. Available to travel up to 29 km. Current rating is 4.54.,,2025-11-15
1348,1348,Experienced microwave repair with 9 years of experience. Speaks Tamil. Available to travel up to 34 km. Current rating is 4.3.,,2025-09-13
1349,1349,Experienced packers with 7 years of experience. Speaks Tamil. Available to travel up to 20 km. Current rating is 4.73.,,2025-02-17
1350,1350,Experienced furniture assembly with 9 years of experience. Speaks Kannada. Available to travel up to 40 km. Current rating is 4.85.,,2025-12-14
1351,1351,Experienced tailor with 8 years of experience. Speaks English. Available to travel up to 24 km. Current rating is 4.77.,,2025-07-30
1352,1352,Experienced brick work with 17 years of experience. Speaks Kannada. Available to travel up to 32 km. Current rating is 4.35.,,2025-01-24
1353,1353,Experienced cloth stitching with 7 years of experience. Speaks Tamil. Available to travel up to 49 km. Current rating is 4.35.,,2025-12-13
1354,1354,Experienced kitchen cleaning with 15 years of experience. Speaks English. Available to travel up to 8 km. Current rating is 3.81.,,2025-08-17
1355,1355,Experienced plumber with 19 years of experience. Speaks Kannada. Available to travel up to 25 km. Current rating is 4.68.,,2025-06-15
1356,1356,Experienced light installation with 4 years of experience. Speaks Hindi. Available to travel up to 11 km. Current rating is 4.67.,,2025-11-24
1357,1357,Experienced deep cleaning with 5 years of experience. Speaks Tamil. Available to travel up to 9 km. Current rating is 4.97.,,2025-02-08
1358,1358,Experienced switch repair with 12 years of experience. Speaks Malayalam. Available to travel up to 50 km. Current rating is 3.73.,,2025-03-05
1359,1359,Experienced security guard with 17 years of experience. Speaks Kannada. Available to travel up to 49 km. Current rating is 4.74.,,2025-07-19
1360,1360,Experienced ac technician with 7 years of experience. Speaks English. Available to travel up to 48 km. Current rating is 4.24.,,2025-02-21
1361,1361,Experienced concrete work with 11 years of experience. Speaks Telugu. Available to travel up to 17 km. Current rating is 4.35.,,2025-10-13
1362,1362,Experienced bathroom cleaning with 3 years of experience. Speaks Hindi. Available to travel up to 45 km. Current rating is 4.64.,,2025-07-11
1363,1363,Experienced makeup artist with 12 years of experience. Speaks Telugu. Available to travel up to 32 km. Current rating is 3.99.,,2025-02-18
1364,1364,Experienced security guard with 4 years of experience. Speaks Hindi. Available to travel up to 47 km. Current rating is 3.53.,,2025-04-09
1365,1365,Experienced kitchen cleaning with 12 years of experience. Speaks Kannada. Available to travel up to 37 km. Current rating is 3.53.,,2025-08-11
1366,1366,Experienced wood polishing with 0 years of experience. Speaks Malayalam. Available to travel up to 27 km. Current rating is 4.15.,,2025-12-01
1367,1367,Experienced ac repair with 18 years of experience. Speaks Hindi. Available to travel up to 47 km. Current rating is 4.03.,,2025-09-07
1368,1368,Experienced pipe repair with 10 years of experience. Speaks Hindi. Available to travel up to 18 km. Current rating is 3.93.,,2025-01-25
1369,1369,Experienced cook with 18 years of experience. Speaks Hindi. Available to travel up to 36 km. Current rating is 3.86.,,2025-07-16
1370,1370,Experienced tree trimming with 3 years of experience. Speaks Malayalam. Available to travel up to 25 km. Current rating is 4.33.,,2025-08-16
1371,1371,Experienced lawn maintenance with 12 years of experience. Speaks Telugu. Available to travel up to 46 km. Current rating is 4.36.,,2025-06-15
1372,1372,Experienced pipe repair with 19 years of experience. Speaks Tamil. Available to travel up to 45 km. Current rating is 4.5.,,2025-03-14
1373,1373,Experienced driver with 16 years of experience. Speaks Malayalam. Available to travel up to 23 km. Current rating is 3.79.,,2025-08-23
1374,1374,Experienced kitchen cleaning with 20 years of experience. Speaks Hindi. Available to travel up to 34 km. Current rating is 4.55.,,2025-07-25
1375,1375,Experienced pipe repair with 13 years of experience. Speaks Telugu. Available to travel up to 44 km. Current rating is 3.58.,,2025-05-17
1376,1376,Experienced tile installation with 20 years of experience. Speaks Tamil. Available to travel up to 27 km. Current rating is 3.78.,,2025-04-12
1377,1377,Experienced security guard with 8 years of experience. Speaks Tamil. Available to travel up to 49 km. Current rating is 3.82.,,2025-07-17
1378,1378,Experienced wall painting with 5 years of experience. Speaks Malayalam. Available to travel up to 44 km. Current rating is 4.84.,,2025-01-23
1379,1379,Experienced tailor with 1 years of experience. Speaks Kannada. Available to travel up to 31 km. Current rating is 4.13.,,2025-04-28
1380,1380,Experienced makeup artist with 0 years of experience. Speaks Kannada. Available to travel up to 41 km. Current rating is 4.04.,,2025-04-17
1381,1381,Experienced hair stylist with 12 years of experience. Speaks Telugu. Available to travel up to 40 km. Current rating is 3.56.,,2025-11-12
1382,1382,Experienced switch repair with 12 years of experience. Speaks English. Available to travel up to 19 km. Current rating is 4.53.,,2025-08-24
1383,1383,Experienced deep cleaning with 1 years of experience. Speaks Kannada. Available to travel up to 24 km. Current rating is 3.69.,,2025-12-09
1384,1384,Experienced bathroom cleaning with 17 years of experience. Speaks Kannada. Available to travel up to 43 km. Current rating is 4.94.,,2025-02-11
1385,1385,Experienced furniture assembly with 6 years of experience. Speaks Malayalam. Available to travel up to 43 km. Current rating is 4.96.,,2025-03-22
1386,1386,Experienced leak detection with 17 years of experience. Speaks Kannada. Available to travel up to 40 km. Current rating is 3.97.,,2025-04-10
1387,1387,Experienced gardener with 9 years of experience. Speaks Hindi. Available to travel up to 13 km. Current rating is 4.32.,,2025-05-13
1388,1388,Experienced security guard with 8 years of experience. Speaks Malayalam. Available to travel up to 40 km. Current rating is 4.11.,,2025-08-16
1389,1389,Experienced wall painting with 1 years of experience. Speaks Tamil. Available to travel up to 32 km. Current rating is 4.04.,,2025-11-10
1390,1390,Experienced hair stylist with 6 years of experience. Speaks Kannada. Available to travel up to 10 km. Current rating is 4.44.,,2025-01-11
1391,1391,Experienced refrigerator repair with 10 years of experience. Speaks Kannada. Available to travel up to 37 km. Current rating is 4.18.,,2025-09-23
1392,1392,Experienced light installation with 9 years of experience. Speaks Tamil. Available to travel up to 11 km. Current rating is 4.72.,,2025-10-05
1393,1393,Experienced concrete work with 16 years of experience. Speaks Kannada. Available to travel up to 27 km. Current rating is 4.21.,,2025-06-26
1394,1394,Experienced security guard with 8 years of experience. Speaks Hindi. Available to travel up to 26 km. Current rating is 3.73.,,2025-12-04
1395,1395,Experienced door repair with 15 years of experience. Speaks Kannada. Available to travel up to 22 km. Current rating is 4.68.,,2025-11-27
1396,1396,Experienced ac installation with 20 years of experience. Speaks Tamil. Available to travel up to 13 km. Current rating is 4.75.,,2025-06-18
1397,1397,Experienced kitchen cleaning with 17 years of experience. Speaks Malayalam. Available to travel up to 33 km. Current rating is 3.8.,,2025-08-13
1398,1398,Experienced movers with 18 years of experience. Speaks Telugu. Available to travel up to 14 km. Current rating is 3.6.,,2025-10-11
1399,1399,Experienced cloth stitching with 5 years of experience. Speaks Hindi. Available to travel up to 24 km. Current rating is 4.19.,,2025-11-17
1400,1400,Experienced security guard with 17 years of experience. Speaks English. Available to travel up to 30 km. Current rating is 4.93.,,2025-09-19
1401,1401,Experienced brick work with 3 years of experience. Speaks English. Available to travel up to 48 km. Current rating is 4.89.,,2025-05-13
1402,1402,Experienced wood polishing with 14 years of experience. Speaks Telugu. Available to travel up to 7 km. Current rating is 4.35.,,2025-08-20
1403,1403,Experienced packers with 15 years of experience. Speaks Kannada. Available to travel up to 5 km. Current rating is 4.71.,,2025-03-30
1404,1404,Experienced water tank installation with 3 years of experience. Speaks Malayalam. Available to travel up to 41 km. Current rating is 4.53.,,2025-11-17
1405,1405,Experienced ac installation with 3 years of experience. Speaks Hindi. Available to travel up to 49 km. Current rating is 4.63.,,2025-10-03
1406,1406,Experienced tile installation with 2 years of experience. Speaks Tamil. Available to travel up to 50 km. Current rating is 4.71.,,2025-07-07
1407,1407,Experienced tailor with 11 years of experience. Speaks Telugu. Available to travel up to 14 km. Current rating is 4.58.,,2025-04-03
1408,1408,Experienced tree trimming with 19 years of experience. Speaks Hindi. Available to travel up to 15 km. Current rating is 4.14.,,2025-04-19
1409,1409,Experienced brick work with 1 years of experience. Speaks Tamil. Available to travel up to 21 km. Current rating is 4.63.,,2025-01-12
1410,1410,Experienced hair stylist with 0 years of experience. Speaks Hindi. Available to travel up to 20 km. Current rating is 4.94.,,2025-12-27
1411,1411,Experienced deep cleaning with 7 years of experience. Speaks English. Available to travel up to 40 km. Current rating is 4.3.,,2025-08-23
1412,1412,Experienced ac technician with 12 years of experience. Speaks Hindi. Available to travel up to 25 km. Current rating is 4.72.,,2025-10-31
1413,1413,Experienced packers with 0 years of experience. Speaks Telugu. Available to travel up to 12 km. Current rating is 3.87.,,2025-05-17
1414,1414,Experienced tv repair with 0 years of experience. Speaks Telugu. Available to travel up to 34 km. Current rating is 4.45.,,2025-03-22
1415,1415,Experienced pipe repair with 6 years of experience. Speaks Malayalam. Available to travel up to 40 km. Current rating is 4.64.,,2025-03-30
1416,1416,Experienced painter with 2 years of experience. Speaks English. Available to travel up to 38 km. Current rating is 4.29.,,2025-04-17
1417,1417,Experienced kitchen cleaning with 19 years of experience. Speaks Malayalam. Available to travel up to 26 km. Current rating is 3.72.,,2025-10-16
1418,1418,Experienced painter with 19 years of experience. Speaks Telugu. Available to travel up to 43 km. Current rating is 4.4.,,2025-07-09
1419,1419,Experienced mason with 8 years of experience. Speaks English. Available to travel up to 46 km. Current rating is 3.96.,,2025-01-29
1420,1420,Experienced tree trimming with 10 years of experience. Speaks Telugu. Available to travel up to 33 km. Current rating is 4.83.,,2025-07-16
1421,1421,Experienced plumber with 16 years of experience. Speaks English. Available to travel up to 9 km. Current rating is 4.8.,,2025-08-09
1422,1422,Experienced electrician with 15 years of experience. Speaks Tamil. Available to travel up to 11 km. Current rating is 3.59.,,2025-12-31
1423,1423,Experienced brick work with 0 years of experience. Speaks English. Available to travel up to 35 km. Current rating is 4.38.,,2025-03-28
1424,1424,Experienced door repair with 4 years of experience. Speaks Malayalam. Available to travel up to 16 km. Current rating is 4.02.,,2025-10-23
1425,1425,Experienced lawn maintenance with 20 years of experience. Speaks Kannada. Available to travel up to 41 km. Current rating is 4.59.,,2025-02-24
1426,1426,Experienced cloth stitching with 20 years of experience. Speaks Malayalam. Available to travel up to 17 km. Current rating is 4.02.,,2025-06-08
1427,1427,Experienced hair stylist with 12 years of experience. Speaks English. Available to travel up to 32 km. Current rating is 3.89.,,2025-07-04
1428,1428,Experienced house cleaning with 1 years of experience. Speaks Malayalam. Available to travel up to 18 km. Current rating is 4.97.,,2025-01-18
1429,1429,Experienced hair stylist with 16 years of experience. Speaks Malayalam. Available to travel up to 29 km. Current rating is 3.84.,,2025-05-30
1430,1430,Experienced security guard with 1 years of experience. Speaks Kannada. Available to travel up to 49 km. Current rating is 4.88.,,2025-09-12
1431,1431,Experienced deep cleaning with 4 years of experience. Speaks Hindi. Available to travel up to 32 km. Current rating is 4.09.,,2025-01-16
1432,1432,Experienced light installation with 19 years of experience. Speaks Telugu. Available to travel up to 29 km. Current rating is 4.65.,,2025-09-05
1433,1433,Experienced packers with 7 years of experience. Speaks English. Available to travel up to 13 km. Current rating is 3.51.,,2025-01-06
1434,1434,Experienced electrician with 6 years of experience. Speaks English. Available to travel up to 15 km. Current rating is 4.35.,,2025-10-25
1435,1435,Experienced leak detection with 16 years of experience. Speaks Kannada. Available to travel up to 22 km. Current rating is 4.58.,,2025-05-06
1436,1436,Experienced carpenter with 0 years of experience. Speaks Tamil. Available to travel up to 41 km. Current rating is 4.33.,,2025-06-29
1437,1437,Experienced makeup artist with 2 years of experience. Speaks Tamil. Available to travel up to 20 km. Current rating is 3.97.,,2025-12-15
1438,1438,Experienced painter with 20 years of experience. Speaks Telugu. Available to travel up to 46 km. Current rating is 4.09.,,2025-09-21
1439,1439,Experienced alteration with 10 years of experience. Speaks Hindi. Available to travel up to 41 km. Current rating is 4.07.,,2025-02-09
1440,1440,Experienced cloth stitching with 11 years of experience. Speaks English. Available to travel up to 44 km. Current rating is 4.88.,,2025-01-01
1441,1441,Experienced tailor with 16 years of experience. Speaks Telugu. Available to travel up to 12 km. Current rating is 4.73.,,2025-11-15
1442,1442,Experienced brick work with 5 years of experience. Speaks Kannada. Available to travel up to 21 km. Current rating is 3.84.,,2025-09-14
1443,1443,Experienced interior painting with 2 years of experience. Speaks English. Available to travel up to 21 km. Current rating is 4.1.,,2025-12-01
1444,1444,Experienced carpenter with 10 years of experience. Speaks English. Available to travel up to 35 km. Current rating is 4.71.,,2025-05-09
1445,1445,Experienced wood polishing with 2 years of experience. Speaks Malayalam. Available to travel up to 12 km. Current rating is 4.07.,,2025-05-11
1446,1446,Experienced hair stylist with 12 years of experience. Speaks Malayalam. Available to travel up to 8 km. Current rating is 4.04.,,2025-04-24
1447,1447,Experienced plumber with 16 years of experience. Speaks Hindi. Available to travel up to 32 km. Current rating is 4.25.,,2025-06-30
1448,1448,Experienced driver with 0 years of experience. Speaks Tamil. Available to travel up to 6 km. Current rating is 4.21.,,2025-07-19
1449,1449,Experienced plumber with 15 years of experience. Speaks Malayalam. Available to travel up to 22 km. Current rating is 4.32.,,2025-08-09
1450,1450,Experienced house wiring with 11 years of experience. Speaks Tamil. Available to travel up to 35 km. Current rating is 3.65.,,2025-08-01
1451,1451,Experienced driver with 3 years of experience. Speaks English. Available to travel up to 36 km. Current rating is 3.6.,,2025-05-11
1452,1452,Experienced wall painting with 19 years of experience. Speaks Malayalam. Available to travel up to 49 km. Current rating is 4.59.,,2025-10-11
1453,1453,Experienced refrigerator repair with 10 years of experience. Speaks English. Available to travel up to 12 km. Current rating is 4.84.,,2025-08-23
1454,1454,Experienced catering with 0 years of experience. Speaks English. Available to travel up to 34 km. Current rating is 4.11.,,2025-07-14
1455,1455,Experienced painter with 11 years of experience. Speaks Tamil. Available to travel up to 49 km. Current rating is 4.54.,,2025-11-21
1456,1456,Experienced painter with 19 years of experience. Speaks Hindi. Available to travel up to 34 km. Current rating is 4.72.,,2025-03-01
1457,1457,Experienced carpenter with 2 years of experience. Speaks Telugu. Available to travel up to 11 km. Current rating is 4.49.,,2025-06-18
1458,1458,Experienced tv repair with 17 years of experience. Speaks Hindi. Available to travel up to 38 km. Current rating is 4.79.,,2025-10-04
1459,1459,Experienced carpenter with 11 years of experience. Speaks Malayalam. Available to travel up to 35 km. Current rating is 4.89.,,2025-06-06
1460,1460,Experienced hair stylist with 7 years of experience. Speaks Kannada. Available to travel up to 9 km. Current rating is 3.75.,,2025-02-28
1461,1461,Experienced microwave repair with 10 years of experience. Speaks Tamil. Available to travel up to 40 km. Current rating is 3.74.,,2025-12-15
1462,1462,Experienced bathroom cleaning with 20 years of experience. Speaks Kannada. Available to travel up to 15 km. Current rating is 4.98.,,2025-06-25
1463,1463,Experienced tile installation with 7 years of experience. Speaks Kannada. Available to travel up to 49 km. Current rating is 4.4.,,2025-04-23
1464,1464,Experienced alteration with 13 years of experience. Speaks Telugu. Available to travel up to 49 km. Current rating is 4.42.,,2025-08-18
1465,1465,Experienced house wiring with 0 years of experience. Speaks English. Available to travel up to 42 km. Current rating is 4.9.,,2025-02-21
1466,1466,Experienced leak detection with 10 years of experience. Speaks Hindi. Available to travel up to 5 km. Current rating is 3.56.,,2025-04-19
1467,1467,Experienced mason with 0 years of experience. Speaks Tamil. Available to travel up to 43 km. Current rating is 4.15.,,2025-08-24
1468,1468,Experienced ac technician with 0 years of experience. Speaks Telugu. Available to travel up to 29 km. Current rating is 3.96.,,2025-11-11
1469,1469,Experienced switch repair with 15 years of experience. Speaks Tamil. Available to travel up to 49 km. Current rating is 4.89.,,2025-03-04
1470,1470,Experienced switch repair with 4 years of experience. Speaks Tamil. Available to travel up to 42 km. Current rating is 3.6.,,2025-04-19
1471,1471,Experienced wall painting with 18 years of experience. Speaks Hindi. Available to travel up to 13 km. Current rating is 4.14.,,2025-03-28
1472,1472,Experienced tile installation with 2 years of experience. Speaks Telugu. Available to travel up to 19 km. Current rating is 4.9.,,2025-01-11
1473,1473,Experienced leak detection with 2 years of experience. Speaks Malayalam. Available to travel up to 49 km. Current rating is 4.35.,,2025-04-06
1474,1474,Experienced leak detection with 11 years of experience. Speaks Malayalam. Available to travel up to 11 km. Current rating is 3.67.,,2025-05-31
1475,1475,Experienced hair stylist with 8 years of experience. Speaks Telugu. Available to travel up to 38 km. Current rating is 4.95.,,2025-08-21
1476,1476,Experienced refrigerator repair with 20 years of experience. Speaks Kannada. Available to travel up to 47 km. Current rating is 3.55.,,2025-03-08
1477,1477,Experienced movers with 17 years of experience. Speaks Hindi. Available to travel up to 6 km. Current rating is 4.26.,,2025-01-24
1478,1478,Experienced fan installation with 1 years of experience. Speaks Telugu. Available to travel up to 31 km. Current rating is 4.96.,,2025-01-15
1479,1479,Experienced kitchen cleaning with 14 years of experience. Speaks Malayalam. Available to travel up to 41 km. Current rating is 3.69.,,2025-04-10
1480,1480,Experienced exterior painting with 16 years of experience. Speaks Tamil. Available to travel up to 40 km. Current rating is 4.24.,,2025-10-27
1481,1481,Experienced alteration with 19 years of experience. Speaks Malayalam. Available to travel up to 25 km. Current rating is 4.98.,,2025-05-12
1482,1482,Experienced plumber with 6 years of experience. Speaks Malayalam. Available to travel up to 5 km. Current rating is 3.69.,,2025-02-20
1483,1483,Experienced switch repair with 15 years of experience. Speaks English. Available to travel up to 11 km. Current rating is 4.35.,,2025-06-17
1484,1484,Experienced furniture assembly with 7 years of experience. Speaks Tamil. Available to travel up to 14 km. Current rating is 4.55.,,2025-11-20
1485,1485,Experienced makeup artist with 14 years of experience. Speaks Hindi. Available to travel up to 35 km. Current rating is 3.58.,,2025-02-09
1486,1486,Experienced security guard with 12 years of experience. Speaks Hindi. Available to travel up to 8 km. Current rating is 3.67.,,2025-12-31
1487,1487,Experienced pipe repair with 11 years of experience. Speaks Tamil. Available to travel up to 24 km. Current rating is 3.72.,,2025-02-12
1488,1488,Experienced alteration with 10 years of experience. Speaks Hindi. Available to travel up to 15 km. Current rating is 3.56.,,2025-09-19
1489,1489,Experienced plumber with 3 years of experience. Speaks Kannada. Available to travel up to 16 km. Current rating is 4.04.,,2025-06-02
1490,1490,Experienced brick work with 15 years of experience. Speaks Kannada. Available to travel up to 34 km. Current rating is 4.15.,,2025-09-19
1491,1491,Experienced tile installation with 1 years of experience. Speaks Hindi. Available to travel up to 38 km. Current rating is 4.97.,,2025-06-29
1492,1492,Experienced wall painting with 7 years of experience. Speaks Hindi. Available to travel up to 10 km. Current rating is 4.74.,,2025-01-21
1493,1493,Experienced alteration with 18 years of experience. Speaks Malayalam. Available to travel up to 11 km. Current rating is 3.61.,,2025-02-08
1494,1494,Experienced alteration with 12 years of experience. Speaks Tamil. Available to travel up to 27 km. Current rating is 3.9.,,2025-06-13
1495,1495,Experienced exterior painting with 14 years of experience. Speaks Kannada. Available to travel up to 25 km. Current rating is 4.43.,,2025-09-13
1496,1496,Experienced cloth stitching with 20 years of experience. Speaks Telugu. Available to travel up to 12 km. Current rating is 3.71.,,2025-01-01
1497,1497,Experienced makeup artist with 1 years of experience. Speaks Tamil. Available to travel up to 49 km. Current rating is 3.68.,,2025-01-21
1498,1498,Experienced movers with 8 years of experience. Speaks Tamil. Available to travel up to 23 km. Current rating is 4.98.,,2025-04-09
1499,1499,Experienced refrigerator repair with 20 years of experience. Speaks Telugu. Available to travel up to 41 km. Current rating is 4.17.,,2025-10-09
1500,1500,Experienced tree trimming with 16 years of experience. Speaks Hindi. Available to travel up to 46 km. Current rating is 4.29.,,2025-03-02
1501,1501,Experienced makeup artist with 13 years of experience. Speaks Telugu. Available to travel up to 13 km. Current rating is 4.38.,,2025-04-08
1502,1502,Experienced bathroom cleaning with 2 years of experience. Speaks English. Available to travel up to 12 km. Current rating is 4.05.,,2025-06-26
1503,1503,Experienced wood polishing with 12 years of experience. Speaks Malayalam. Available to travel up to 32 km. Current rating is 3.71.,,2025-02-23
1504,1504,Experienced packers with 9 years of experience. Speaks Tamil. Available to travel up to 28 km. Current rating is 4.37.,,2025-05-19
1505,1505,Experienced catering with 4 years of experience. Speaks Hindi. Available to travel up to 26 km. Current rating is 4.0.,,2025-01-29
1506,1506,Experienced beautician with 10 years of experience. Speaks English. Available to travel up to 10 km. Current rating is 4.06.,,2025-07-02
1507,1507,Experienced wall painting with 6 years of experience. Speaks Kannada. Available to travel up to 27 km. Current rating is 3.65.,,2025-02-16
1508,1508,Experienced tree trimming with 18 years of experience. Speaks Malayalam. Available to travel up to 8 km. Current rating is 4.89.,,2025-11-07
1509,1509,Experienced alteration with 3 years of experience. Speaks Telugu. Available to travel up to 17 km. Current rating is 4.84.,,2025-11-29
1510,1510,Experienced painter with 20 years of experience. Speaks Hindi. Available to travel up to 23 km. Current rating is 3.9.,,2025-05-18
1511,1511,Experienced fan installation with 3 years of experience. Speaks Malayalam. Available to travel up to 48 km. Current rating is 3.62.,,2025-06-23
1512,1512,Experienced wood polishing with 8 years of experience. Speaks Kannada. Available to travel up to 18 km. Current rating is 3.78.,,2025-02-10
1513,1513,Experienced makeup artist with 13 years of experience. Speaks Tamil. Available to travel up to 32 km. Current rating is 4.92.,,2025-12-31
1514,1514,Experienced wall painting with 3 years of experience. Speaks Hindi. Available to travel up to 37 km. Current rating is 4.56.,,2025-02-03
1515,1515,Experienced fan installation with 16 years of experience. Speaks English. Available to travel up to 46 km. Current rating is 4.67.,,2025-09-20
1516,1516,Experienced bathroom fitting with 13 years of experience. Speaks Kannada. Available to travel up to 41 km. Current rating is 3.54.,,2025-08-18
1517,1517,Experienced microwave repair with 19 years of experience. Speaks English. Available to travel up to 13 km. Current rating is 3.74.,,2025-04-11
1518,1518,Experienced door repair with 6 years of experience. Speaks Malayalam. Available to travel up to 27 km. Current rating is 3.92.,,2025-09-24
1519,1519,Experienced door repair with 3 years of experience. Speaks Tamil. Available to travel up to 10 km. Current rating is 4.45.,,2025-01-17
1520,1520,Experienced ac repair with 2 years of experience. Speaks Telugu. Available to travel up to 28 km. Current rating is 3.72.,,2025-01-22
1521,1521,Experienced ac repair with 5 years of experience. Speaks Malayalam. Available to travel up to 29 km. Current rating is 4.96.,,2025-08-28
1522,1522,Experienced water tank installation with 20 years of experience. Speaks Hindi. Available to travel up to 47 km. Current rating is 4.02.,,2025-05-29
1523,1523,Experienced deep cleaning with 0 years of experience. Speaks English. Available to travel up to 23 km. Current rating is 4.89.,,2025-10-14
1524,1524,Experienced wall painting with 20 years of experience. Speaks Hindi. Available to travel up to 30 km. Current rating is 4.08.,,2025-12-21
1525,1525,Experienced light installation with 8 years of experience. Speaks English. Available to travel up to 15 km. Current rating is 3.9.,,2025-01-20
1526,1526,Experienced bathroom fitting with 2 years of experience. Speaks English. Available to travel up to 22 km. Current rating is 4.68.,,2025-09-14
1527,1527,Experienced washing machine repair with 13 years of experience. Speaks Telugu. Available to travel up to 24 km. Current rating is 3.77.,,2025-09-11
1528,1528,Experienced pipe repair with 1 years of experience. Speaks Kannada. Available to travel up to 10 km. Current rating is 4.59.,,2025-03-15
1529,1529,Experienced cloth stitching with 17 years of experience. Speaks Tamil. Available to travel up to 37 km. Current rating is 4.7.,,2025-08-17
1530,1530,Experienced makeup artist with 9 years of experience. Speaks Kannada. Available to travel up to 22 km. Current rating is 4.48.,,2025-01-12
1531,1531,Experienced hair stylist with 0 years of experience. Speaks Telugu. Available to travel up to 49 km. Current rating is 4.75.,,2025-02-06
1532,1532,Experienced deep cleaning with 4 years of experience. Speaks Tamil. Available to travel up to 50 km. Current rating is 4.81.,,2025-09-18
1533,1533,Experienced fan installation with 1 years of experience. Speaks Kannada. Available to travel up to 6 km. Current rating is 3.86.,,2025-06-28
1534,1534,Experienced house wiring with 8 years of experience. Speaks English. Available to travel up to 9 km. Current rating is 4.49.,,2025-03-01
1535,1535,Experienced lawn maintenance with 20 years of experience. Speaks English. Available to travel up to 29 km. Current rating is 4.42.,,2025-10-22
1536,1536,Experienced mason with 12 years of experience. Speaks English. Available to travel up to 16 km. Current rating is 4.36.,,2025-03-23
1537,1537,Experienced bathroom cleaning with 7 years of experience. Speaks Hindi. Available to travel up to 19 km. Current rating is 4.5.,,2025-01-30
1538,1538,Experienced water tank installation with 2 years of experience. Speaks Kannada. Available to travel up to 46 km. Current rating is 4.42.,,2025-01-16
1539,1539,Experienced painter with 17 years of experience. Speaks Malayalam. Available to travel up to 39 km. Current rating is 4.3.,,2025-08-21
1540,1540,Experienced carpenter with 1 years of experience. Speaks Tamil. Available to travel up to 8 km. Current rating is 4.24.,,2025-12-28
1541,1541,Experienced leak detection with 9 years of experience. Speaks English. Available to travel up to 43 km. Current rating is 4.59.,,2025-11-02
1542,1542,Experienced light installation with 10 years of experience. Speaks Hindi. Available to travel up to 45 km. Current rating is 3.97.,,2025-04-25
1543,1543,Experienced security guard with 18 years of experience. Speaks English. Available to travel up to 26 km. Current rating is 4.94.,,2025-08-18
1544,1544,Experienced bathroom cleaning with 19 years of experience. Speaks Kannada. Available to travel up to 44 km. Current rating is 4.82.,,2025-05-19
1545,1545,Experienced tv repair with 11 years of experience. Speaks Malayalam. Available to travel up to 24 km. Current rating is 4.0.,,2025-02-03
1546,1546,Experienced mason with 12 years of experience. Speaks Kannada. Available to travel up to 46 km. Current rating is 4.67.,,2025-01-15
1547,1547,Experienced lawn maintenance with 19 years of experience. Speaks Kannada. Available to travel up to 18 km. Current rating is 4.31.,,2025-10-20
1548,1548,Experienced lawn maintenance with 1 years of experience. Speaks Malayalam. Available to travel up to 10 km. Current rating is 3.88.,,2025-01-12
1549,1549,Experienced ac technician with 7 years of experience. Speaks Kannada. Available to travel up to 14 km. Current rating is 4.93.,,2025-01-02
1550,1550,Experienced makeup artist with 15 years of experience. Speaks Telugu. Available to travel up to 9 km. Current rating is 4.45.,,2025-04-28
1551,1551,Experienced interior painting with 19 years of experience. Speaks Kannada. Available to travel up to 12 km. Current rating is 4.45.,,2025-06-27
1552,1552,Experienced tailor with 15 years of experience. Speaks Malayalam. Available to travel up to 6 km. Current rating is 4.16.,,2025-05-01
1553,1553,Experienced tailor with 14 years of experience. Speaks English. Available to travel up to 34 km. Current rating is 3.51.,,2025-02-11
1554,1554,Experienced ac technician with 7 years of experience. Speaks Hindi. Available to travel up to 45 km. Current rating is 4.97.,,2025-10-08
1555,1555,Experienced wood polishing with 1 years of experience. Speaks Telugu. Available to travel up to 8 km. Current rating is 4.13.,,2025-01-18
1556,1556,Experienced ac technician with 19 years of experience. Speaks Tamil. Available to travel up to 18 km. Current rating is 4.1.,,2025-09-04
1557,1557,Experienced wall painting with 15 years of experience. Speaks Hindi. Available to travel up to 23 km. Current rating is 3.59.,,2025-02-03
1558,1558,Experienced hair stylist with 12 years of experience. Speaks English. Available to travel up to 23 km. Current rating is 4.75.,,2025-05-08
1559,1559,Experienced ac technician with 17 years of experience. Speaks Hindi. Available to travel up to 18 km. Current rating is 4.21.,,2025-10-29
1560,1560,Experienced fan installation with 18 years of experience. Speaks Telugu. Available to travel up to 22 km. Current rating is 4.54.,,2025-11-02
1561,1561,Experienced light installation with 8 years of experience. Speaks Telugu. Available to travel up to 15 km. Current rating is 4.71.,,2025-11-10
1562,1562,Experienced ac technician with 10 years of experience. Speaks Malayalam. Available to travel up to 43 km. Current rating is 4.98.,,2025-10-20
1563,1563,Experienced ac repair with 0 years of experience. Speaks Malayalam. Available to travel up to 42 km. Current rating is 3.61.,,2025-05-02
1564,1564,Experienced fan installation with 0 years of experience. Speaks Kannada. Available to travel up to 26 km. Current rating is 4.69.,,2025-03-13
1565,1565,Experienced water tank installation with 4 years of experience. Speaks Hindi. Available to travel up to 9 km. Current rating is 4.71.,,2025-08-06
1566,1566,Experienced mason with 3 years of experience. Speaks Hindi. Available to travel up to 39 km. Current rating is 4.64.,,2025-12-23
1567,1567,Experienced door repair with 0 years of experience. Speaks Telugu. Available to travel up to 39 km. Current rating is 4.96.,,2025-05-20
1568,1568,Experienced cloth stitching with 2 years of experience. Speaks Hindi. Available to travel up to 26 km. Current rating is 4.68.,,2025-11-15
1569,1569,Experienced ac installation with 2 years of experience. Speaks English. Available to travel up to 36 km. Current rating is 4.66.,,2025-07-24
1570,1570,Experienced catering with 8 years of experience. Speaks Telugu. Available to travel up to 45 km. Current rating is 3.64.,,2025-01-23
1571,1571,Experienced movers with 7 years of experience. Speaks Kannada. Available to travel up to 9 km. Current rating is 3.93.,,2025-02-20
1572,1572,Experienced interior painting with 17 years of experience. Speaks Tamil. Available to travel up to 30 km. Current rating is 3.98.,,2025-01-20
1573,1573,Experienced lawn maintenance with 9 years of experience. Speaks Malayalam. Available to travel up to 49 km. Current rating is 4.09.,,2025-01-29
1574,1574,Experienced exterior painting with 9 years of experience. Speaks Hindi. Available to travel up to 45 km. Current rating is 4.92.,,2025-03-04
1575,1575,Experienced security guard with 18 years of experience. Speaks Malayalam. Available to travel up to 14 km. Current rating is 3.85.,,2025-09-25
1576,1576,Experienced leak detection with 2 years of experience. Speaks English. Available to travel up to 5 km. Current rating is 4.98.,,2025-06-05
1577,1577,Experienced carpenter with 1 years of experience. Speaks Malayalam. Available to travel up to 44 km. Current rating is 4.2.,,2025-10-26
1578,1578,Experienced bathroom fitting with 19 years of experience. Speaks Kannada. Available to travel up to 9 km. Current rating is 4.14.,,2025-11-01
1579,1579,Experienced furniture assembly with 14 years of experience. Speaks Tamil. Available to travel up to 30 km. Current rating is 4.82.,,2025-09-27
1580,1580,Experienced exterior painting with 15 years of experience. Speaks Tamil. Available to travel up to 5 km. Current rating is 4.61.,,2025-02-17
1581,1581,Experienced ac installation with 8 years of experience. Speaks Kannada. Available to travel up to 44 km. Current rating is 4.92.,,2025-09-03
1582,1582,Experienced security guard with 10 years of experience. Speaks Malayalam. Available to travel up to 8 km. Current rating is 4.91.,,2025-05-27
1583,1583,Experienced electrician with 1 years of experience. Speaks Kannada. Available to travel up to 7 km. Current rating is 3.93.,,2025-01-31
1584,1584,Experienced cook with 6 years of experience. Speaks Kannada. Available to travel up to 7 km. Current rating is 3.61.,,2025-03-12
1585,1585,Experienced tv repair with 9 years of experience. Speaks Hindi. Available to travel up to 12 km. Current rating is 4.0.,,2025-11-19
1586,1586,Experienced house cleaning with 3 years of experience. Speaks Hindi. Available to travel up to 30 km. Current rating is 4.51.,,2025-06-21
1587,1587,Experienced gardener with 9 years of experience. Speaks Kannada. Available to travel up to 23 km. Current rating is 4.72.,,2025-02-15
1588,1588,Experienced fan installation with 7 years of experience. Speaks Tamil. Available to travel up to 13 km. Current rating is 4.0.,,2025-12-02
1589,1589,Experienced deep cleaning with 12 years of experience. Speaks Hindi. Available to travel up to 42 km. Current rating is 4.01.,,2025-06-04
1590,1590,Experienced microwave repair with 16 years of experience. Speaks Telugu. Available to travel up to 40 km. Current rating is 3.74.,,2025-07-25
1591,1591,Experienced leak detection with 15 years of experience. Speaks English. Available to travel up to 24 km. Current rating is 3.58.,,2025-05-21
1592,1592,Experienced makeup artist with 1 years of experience. Speaks English. Available to travel up to 31 km. Current rating is 3.85.,,2025-12-30
1593,1593,Experienced catering with 0 years of experience. Speaks Telugu. Available to travel up to 35 km. Current rating is 4.32.,,2025-12-18
1594,1594,Experienced painter with 1 years of experience. Speaks Malayalam. Available to travel up to 15 km. Current rating is 3.7.,,2025-12-24
1595,1595,Experienced switch repair with 16 years of experience. Speaks English. Available to travel up to 21 km. Current rating is 4.93.,,2025-09-01
1596,1596,Experienced ac repair with 2 years of experience. Speaks Telugu. Available to travel up to 28 km. Current rating is 3.69.,,2025-09-11
1597,1597,Experienced ac technician with 18 years of experience. Speaks Kannada. Available to travel up to 31 km. Current rating is 3.73.,,2025-01-03
1598,1598,Experienced bathroom cleaning with 10 years of experience. Speaks Tamil. Available to travel up to 13 km. Current rating is 4.48.,,2025-06-20
1599,1599,Experienced brick work with 8 years of experience. Speaks Hindi. Available to travel up to 37 km. Current rating is 4.99.,,2025-11-11
1600,1600,Experienced wood polishing with 4 years of experience. Speaks Tamil. Available to travel up to 39 km. Current rating is 3.73.,,2025-05-06
1601,1601,Experienced packers with 9 years of experience. Speaks Hindi. Available to travel up to 5 km. Current rating is 4.43.,,2025-02-18
1602,1602,Experienced makeup artist with 2 years of experience. Speaks Tamil. Available to travel up to 37 km. Current rating is 3.5.,,2025-06-24
1603,1603,Experienced lawn maintenance with 10 years of experience. Speaks English. Available to travel up to 16 km. Current rating is 4.97.,,2025-03-31
1604,1604,Experienced ac technician with 13 years of experience. Speaks Tamil. Available to travel up to 8 km. Current rating is 4.92.,,2026-01-01
1605,1605,Experienced tile installation with 18 years of experience. Speaks Hindi. Available to travel up to 18 km. Current rating is 3.79.,,2025-12-24
1606,1606,Experienced catering with 15 years of experience. Speaks Malayalam. Available to travel up to 12 km. Current rating is 4.51.,,2025-07-04
1607,1607,Experienced pipe repair with 12 years of experience. Speaks Malayalam. Available to travel up to 40 km. Current rating is 4.28.,,2025-08-27
1608,1608,Experienced packers with 9 years of experience. Speaks Tamil. Available to travel up to 32 km. Current rating is 4.56.,,2025-11-05
1609,1609,Experienced concrete work with 17 years of experience. Speaks English. Available to travel up to 39 km. Current rating is 3.65.,,2025-08-11
1610,1610,Experienced fan installation with 3 years of experience. Speaks Tamil. Available to travel up to 39 km. Current rating is 4.14.,,2025-08-03
1611,1611,Experienced bathroom fitting with 9 years of experience. Speaks Telugu. Available to travel up to 13 km. Current rating is 4.82.,,2025-02-07
1612,1612,Experienced ac repair with 20 years of experience. Speaks Telugu. Available to travel up to 20 km. Current rating is 4.54.,,2025-09-20
1613,1613,Experienced house cleaning with 20 years of experience. Speaks English. Available to travel up to 7 km. Current rating is 4.43.,,2025-01-20
1614,1614,Experienced bathroom fitting with 10 years of experience. Speaks Tamil. Available to travel up to 45 km. Current rating is 4.74.,,2025-09-08
1615,1615,Experienced refrigerator repair with 19 years of experience. Speaks Malayalam. Available to travel up to 8 km. Current rating is 4.52.,,2025-12-20
1616,1616,Experienced washing machine repair with 1 years of experience. Speaks Malayalam. Available to travel up to 28 km. Current rating is 4.82.,,2025-07-11
1617,1617,Experienced carpenter with 9 years of experience. Speaks Tamil. Available to travel up to 12 km. Current rating is 3.53.,,2025-06-01
1618,1618,Experienced ac technician with 3 years of experience. Speaks Tamil. Available to travel up to 43 km. Current rating is 4.64.,,2025-02-19
1619,1619,Experienced tv repair with 10 years of experience. Speaks English. Available to travel up to 19 km. Current rating is 3.59.,,2025-08-03
1620,1620,Experienced cook with 9 years of experience. Speaks Telugu. Available to travel up to 32 km. Current rating is 4.63.,,2025-01-18
1621,1621,Experienced hair stylist with 15 years of experience. Speaks Hindi. Available to travel up to 13 km. Current rating is 4.48.,,2025-10-11
1622,1622,Experienced beautician with 15 years of experience. Speaks Kannada. Available to travel up to 15 km. Current rating is 3.53.,,2025-11-07
1623,1623,Experienced ac technician with 7 years of experience. Speaks Tamil. Available to travel up to 34 km. Current rating is 4.57.,,2025-11-10
1624,1624,Experienced furniture assembly with 8 years of experience. Speaks English. Available to travel up to 13 km. Current rating is 4.26.,,2025-03-29
1625,1625,Experienced packers with 3 years of experience. Speaks Telugu. Available to travel up to 36 km. Current rating is 4.06.,,2025-12-21
1626,1626,Experienced gardener with 1 years of experience. Speaks Hindi. Available to travel up to 29 km. Current rating is 4.21.,,2025-01-17
1627,1627,Experienced painter with 13 years of experience. Speaks Telugu. Available to travel up to 11 km. Current rating is 4.52.,,2025-01-26
1628,1628,Experienced alteration with 13 years of experience. Speaks Telugu. Available to travel up to 22 km. Current rating is 3.95.,,2025-04-06
1629,1629,Experienced makeup artist with 11 years of experience. Speaks English. Available to travel up to 19 km. Current rating is 3.8.,,2025-04-08
1630,1630,Experienced painter with 0 years of experience. Speaks Malayalam. Available to travel up to 23 km. Current rating is 3.5.,,2025-06-12
1631,1631,Experienced tile installation with 17 years of experience. Speaks Tamil. Available to travel up to 27 km. Current rating is 4.77.,,2025-09-25
1632,1632,Experienced microwave repair with 13 years of experience. Speaks Kannada. Available to travel up to 48 km. Current rating is 4.02.,,2025-01-09
1633,1633,Experienced tree trimming with 10 years of experience. Speaks English. Available to travel up to 46 km. Current rating is 4.21.,,2025-08-12
1634,1634,Experienced wall painting with 15 years of experience. Speaks Malayalam. Available to travel up to 40 km. Current rating is 4.72.,,2025-01-18
1635,1635,Experienced cloth stitching with 1 years of experience. Speaks Kannada. Available to travel up to 35 km. Current rating is 4.25.,,2025-03-29
1636,1636,Experienced tv repair with 9 years of experience. Speaks Malayalam. Available to travel up to 23 km. Current rating is 4.97.,,2025-05-04
1637,1637,Experienced bathroom fitting with 12 years of experience. Speaks English. Available to travel up to 29 km. Current rating is 4.31.,,2025-03-27
1638,1638,Experienced electrician with 15 years of experience. Speaks Kannada. Available to travel up to 29 km. Current rating is 4.11.,,2025-05-30
1639,1639,Experienced furniture assembly with 5 years of experience. Speaks Kannada. Available to travel up to 29 km. Current rating is 4.83.,,2025-02-13
1640,1640,Experienced house wiring with 9 years of experience. Speaks Malayalam. Available to travel up to 25 km. Current rating is 4.75.,,2025-07-23
1641,1641,Experienced furniture assembly with 0 years of experience. Speaks English. Available to travel up to 43 km. Current rating is 4.34.,,2025-07-10
1642,1642,Experienced fan installation with 2 years of experience. Speaks Hindi. Available to travel up to 11 km. Current rating is 4.61.,,2025-01-18
1643,1643,Experienced hair stylist with 2 years of experience. Speaks English. Available to travel up to 43 km. Current rating is 4.68.,,2025-05-25
1644,1644,Experienced gardener with 15 years of experience. Speaks Tamil. Available to travel up to 14 km. Current rating is 4.46.,,2025-05-11
1645,1645,Experienced microwave repair with 4 years of experience. Speaks Telugu. Available to travel up to 32 km. Current rating is 4.63.,,2025-01-29
1646,1646,Experienced carpenter with 3 years of experience. Speaks Tamil. Available to travel up to 21 km. Current rating is 3.68.,,2025-01-18
1647,1647,Experienced gardener with 13 years of experience. Speaks Kannada. Available to travel up to 42 km. Current rating is 3.83.,,2025-10-21
1648,1648,Experienced switch repair with 6 years of experience. Speaks Tamil. Available to travel up to 30 km. Current rating is 3.61.,,2025-05-21
1649,1649,Experienced cloth stitching with 11 years of experience. Speaks Malayalam. Available to travel up to 20 km. Current rating is 4.97.,,2025-06-12
1650,1650,Experienced concrete work with 7 years of experience. Speaks Hindi. Available to travel up to 35 km. Current rating is 3.85.,,2025-07-13
1651,1651,Experienced brick work with 7 years of experience. Speaks Kannada. Available to travel up to 5 km. Current rating is 4.76.,,2025-08-04
1652,1652,Experienced leak detection with 7 years of experience. Speaks Hindi. Available to travel up to 14 km. Current rating is 4.65.,,2025-11-29
1653,1653,Experienced hair stylist with 2 years of experience. Speaks Telugu. Available to travel up to 8 km. Current rating is 4.7.,,2025-08-19
1654,1654,Experienced mason with 0 years of experience. Speaks English. Available to travel up to 28 km. Current rating is 3.83.,,2025-03-10
1655,1655,Experienced concrete work with 16 years of experience. Speaks Hindi. Available to travel up to 23 km. Current rating is 3.65.,,2025-06-06
1656,1656,Experienced deep cleaning with 15 years of experience. Speaks English. Available to travel up to 21 km. Current rating is 3.72.,,2025-12-13
1657,1657,Experienced brick work with 1 years of experience. Speaks Kannada. Available to travel up to 17 km. Current rating is 4.05.,,2025-03-17
1658,1658,Experienced door repair with 8 years of experience. Speaks Malayalam. Available to travel up to 12 km. Current rating is 4.28.,,2025-09-02
1659,1659,Experienced door repair with 3 years of experience. Speaks Tamil. Available to travel up to 30 km. Current rating is 3.96.,,2025-08-14
1660,1660,Experienced tile installation with 11 years of experience. Speaks Hindi. Available to travel up to 7 km. Current rating is 4.7.,,2025-09-01
1661,1661,Experienced wood polishing with 0 years of experience. Speaks English. Available to travel up to 48 km. Current rating is 4.06.,,2025-12-15
1662,1662,Experienced concrete work with 15 years of experience. Speaks Tamil. Available to travel up to 11 km. Current rating is 3.71.,,2025-06-03
1663,1663,Experienced security guard with 6 years of experience. Speaks Malayalam. Available to travel up to 18 km. Current rating is 3.95.,,2025-09-16
1664,1664,Experienced exterior painting with 4 years of experience. Speaks Kannada. Available to travel up to 26 km. Current rating is 4.23.,,2025-09-16
1665,1665,Experienced ac installation with 12 years of experience. Speaks Malayalam. Available to travel up to 32 km. Current rating is 3.66.,,2025-06-03
1666,1666,Experienced security guard with 6 years of experience. Speaks English. Available to travel up to 43 km. Current rating is 3.78.,,2025-07-29
1667,1667,Experienced deep cleaning with 5 years of experience. Speaks English. Available to travel up to 37 km. Current rating is 4.77.,,2025-08-08
1668,1668,Experienced interior painting with 2 years of experience. Speaks English. Available to travel up to 44 km. Current rating is 4.05.,,2025-02-28
1669,1669,Experienced pipe repair with 19 years of experience. Speaks Hindi. Available to travel up to 5 km. Current rating is 3.71.,,2025-12-21
1670,1670,Experienced ac installation with 3 years of experience. Speaks Telugu. Available to travel up to 17 km. Current rating is 4.75.,,2025-02-22
1671,1671,Experienced catering with 1 years of experience. Speaks Hindi. Available to travel up to 27 km. Current rating is 3.84.,,2025-04-30
1672,1672,Experienced leak detection with 14 years of experience. Speaks Kannada. Available to travel up to 29 km. Current rating is 3.74.,,2025-07-04
1673,1673,Experienced fan installation with 18 years of experience. Speaks Tamil. Available to travel up to 5 km. Current rating is 4.82.,,2025-01-29
1674,1674,Experienced cook with 0 years of experience. Speaks Kannada. Available to travel up to 43 km. Current rating is 3.56.,,2025-04-28
1675,1675,Experienced water tank installation with 9 years of experience. Speaks Kannada. Available to travel up to 41 km. Current rating is 4.67.,,2025-02-22
1676,1676,Experienced bathroom cleaning with 2 years of experience. Speaks Hindi. Available to travel up to 30 km. Current rating is 4.81.,,2025-03-10
1677,1677,Experienced kitchen cleaning with 9 years of experience. Speaks Malayalam. Available to travel up to 34 km. Current rating is 4.75.,,2025-04-07
1678,1678,Experienced ac repair with 2 years of experience. Speaks Telugu. Available to travel up to 24 km. Current rating is 4.89.,,2025-01-12
1679,1679,Experienced makeup artist with 15 years of experience. Speaks English. Available to travel up to 23 km. Current rating is 4.48.,,2025-09-24
1680,1680,Experienced house wiring with 12 years of experience. Speaks Malayalam. Available to travel up to 31 km. Current rating is 3.76.,,2025-06-24
1681,1681,Experienced painter with 19 years of experience. Speaks Hindi. Available to travel up to 46 km. Current rating is 4.27.,,2025-10-03
1682,1682,Experienced switch repair with 16 years of experience. Speaks English. Available to travel up to 11 km. Current rating is 4.01.,,2025-07-04
1683,1683,Experienced exterior painting with 10 years of experience. Speaks Hindi. Available to travel up to 19 km. Current rating is 3.96.,,2025-05-02
1684,1684,Experienced movers with 14 years of experience. Speaks Telugu. Available to travel up to 9 km. Current rating is 4.04.,,2025-08-23
1685,1685,Experienced exterior painting with 11 years of experience. Speaks Malayalam. Available to travel up to 6 km. Current rating is 4.78.,,2025-11-03
1686,1686,Experienced washing machine repair with 2 years of experience. Speaks English. Available to travel up to 34 km. Current rating is 3.92.,,2025-03-02
1687,1687,Experienced security guard with 0 years of experience. Speaks English. Available to travel up to 25 km. Current rating is 4.87.,,2025-07-06
1688,1688,Experienced catering with 15 years of experience. Speaks Telugu. Available to travel up to 10 km. Current rating is 4.87.,,2025-11-21
1689,1689,Experienced cook with 19 years of experience. Speaks Tamil. Available to travel up to 31 km. Current rating is 3.54.,,2025-10-02
1690,1690,Experienced bathroom fitting with 7 years of experience. Speaks English. Available to travel up to 17 km. Current rating is 3.88.,,2025-03-03
1691,1691,Experienced lawn maintenance with 4 years of experience. Speaks English. Available to travel up to 31 km. Current rating is 3.74.,,2025-04-09
1692,1692,Experienced painter with 7 years of experience. Speaks Kannada. Available to travel up to 45 km. Current rating is 4.59.,,2025-09-28
1693,1693,Experienced cook with 16 years of experience. Speaks Malayalam. Available to travel up to 11 km. Current rating is 5.0.,,2025-03-20
1694,1694,Experienced makeup artist with 19 years of experience. Speaks Hindi. Available to travel up to 16 km. Current rating is 4.75.,,2025-02-03
1695,1695,Experienced fan installation with 12 years of experience. Speaks Tamil. Available to travel up to 35 km. Current rating is 4.88.,,2025-06-09
1696,1696,Experienced fan installation with 10 years of experience. Speaks Hindi. Available to travel up to 23 km. Current rating is 4.49.,,2025-07-15
1697,1697,Experienced tile installation with 3 years of experience. Speaks Telugu. Available to travel up to 34 km. Current rating is 4.16.,,2025-05-20
1698,1698,Experienced concrete work with 11 years of experience. Speaks Telugu. Available to travel up to 18 km. Current rating is 4.65.,,2025-09-09
1699,1699,Experienced carpenter with 15 years of experience. Speaks Telugu. Available to travel up to 7 km. Current rating is 4.93.,,2025-10-04
1700,1700,Experienced refrigerator repair with 1 years of experience. Speaks Malayalam. Available to travel up to 43 km. Current rating is 4.14.,,2025-03-12
1701,1701,Experienced makeup artist with 10 years of experience. Speaks Malayalam. Available to travel up to 11 km. Current rating is 4.69.,,2025-08-20
1702,1702,Experienced ac installation with 7 years of experience. Speaks Kannada. Available to travel up to 9 km. Current rating is 3.61.,,2025-06-18
1703,1703,Experienced ac technician with 1 years of experience. Speaks Malayalam. Available to travel up to 48 km. Current rating is 4.78.,,2025-01-10
1704,1704,Experienced washing machine repair with 20 years of experience. Speaks Hindi. Available to travel up to 5 km. Current rating is 4.52.,,2025-09-16
1705,1705,Experienced alteration with 1 years of experience. Speaks Kannada. Available to travel up to 28 km. Current rating is 3.67.,,2025-03-06
1706,1706,Experienced gardener with 3 years of experience. Speaks Tamil. Available to travel up to 20 km. Current rating is 4.55.,,2025-03-04
1707,1707,Experienced brick work with 7 years of experience. Speaks Telugu. Available to travel up to 21 km. Current rating is 4.79.,,2025-03-18
1708,1708,Experienced tv repair with 16 years of experience. Speaks Malayalam. Available to travel up to 28 km. Current rating is 3.85.,,2025-01-16
1709,1709,Experienced security guard with 2 years of experience. Speaks Kannada. Available to travel up to 18 km. Current rating is 3.94.,,2025-05-10
1710,1710,Experienced washing machine repair with 2 years of experience. Speaks Hindi. Available to travel up to 25 km. Current rating is 4.22.,,2025-10-08
1711,1711,Experienced furniture assembly with 10 years of experience. Speaks Tamil. Available to travel up to 34 km. Current rating is 3.6.,,2025-09-03
1712,1712,Experienced interior painting with 2 years of experience. Speaks Tamil. Available to travel up to 36 km. Current rating is 3.68.,,2025-01-02
1713,1713,Experienced tv repair with 0 years of experience. Speaks Tamil. Available to travel up to 9 km. Current rating is 3.83.,,2025-11-21
1714,1714,Experienced wood polishing with 3 years of experience. Speaks Tamil. Available to travel up to 14 km. Current rating is 3.68.,,2025-01-15
1715,1715,Experienced wood polishing with 16 years of experience. Speaks English. Available to travel up to 27 km. Current rating is 3.73.,,2025-10-27
1716,1716,Experienced cloth stitching with 4 years of experience. Speaks Telugu. Available to travel up to 8 km. Current rating is 3.77.,,2025-01-09
1717,1717,Experienced door repair with 20 years of experience. Speaks Malayalam. Available to travel up to 50 km. Current rating is 4.58.,,2025-04-16
1718,1718,Experienced wall painting with 1 years of experience. Speaks Hindi. Available to travel up to 5 km. Current rating is 4.88.,,2025-08-11
1719,1719,Experienced bathroom cleaning with 8 years of experience. Speaks Tamil. Available to travel up to 37 km. Current rating is 4.02.,,2025-10-05
1720,1720,Experienced packers with 12 years of experience. Speaks Malayalam. Available to travel up to 28 km. Current rating is 3.57.,,2025-04-16
1721,1721,Experienced mason with 9 years of experience. Speaks Tamil. Available to travel up to 48 km. Current rating is 4.54.,,2025-12-27
1722,1722,Experienced brick work with 2 years of experience. Speaks Telugu. Available to travel up to 46 km. Current rating is 3.99.,,2025-05-11
1723,1723,Experienced interior painting with 8 years of experience. Speaks Malayalam. Available to travel up to 22 km. Current rating is 3.81.,,2025-06-13
1724,1724,Experienced movers with 3 years of experience. Speaks Hindi. Available to travel up to 25 km. Current rating is 4.06.,,2025-10-15
1725,1725,Experienced exterior painting with 0 years of experience. Speaks English. Available to travel up to 33 km. Current rating is 4.47.,,2025-03-20
1726,1726,Experienced packers with 13 years of experience. Speaks Tamil. Available to travel up to 7 km. Current rating is 3.74.,,2025-03-14
1727,1727,Experienced catering with 10 years of experience. Speaks Hindi. Available to travel up to 11 km. Current rating is 4.49.,,2025-10-03
1728,1728,Experienced bathroom cleaning with 3 years of experience. Speaks Malayalam. Available to travel up to 48 km. Current rating is 3.62.,,2025-11-19
1729,1729,Experienced ac technician with 7 years of experience. Speaks Kannada. Available to travel up to 36 km. Current rating is 4.8.,,2025-07-15
1730,1730,Experienced tv repair with 11 years of experience. Speaks Kannada. Available to travel up to 48 km. Current rating is 4.65.,,2025-07-26
1731,1731,Experienced brick work with 2 years of experience. Speaks Telugu. Available to travel up to 25 km. Current rating is 3.89.,,2025-03-25
1732,1732,Experienced electrician with 9 years of experience. Speaks Tamil. Available to travel up to 49 km. Current rating is 4.43.,,2025-03-12
1733,1733,Experienced kitchen cleaning with 0 years of experience. Speaks Tamil. Available to travel up to 32 km. Current rating is 3.64.,,2025-12-12
1734,1734,Experienced packers with 18 years of experience. Speaks Telugu. Available to travel up to 13 km. Current rating is 4.64.,,2025-05-18
1735,1735,Experienced tile installation with 16 years of experience. Speaks Malayalam. Available to travel up to 29 km. Current rating is 3.82.,,2025-02-12
1736,1736,Experienced wood polishing with 14 years of experience. Speaks Malayalam. Available to travel up to 45 km. Current rating is 3.63.,,2025-01-25
1737,1737,Experienced switch repair with 0 years of experience. Speaks English. Available to travel up to 36 km. Current rating is 4.27.,,2025-02-18
1738,1738,Experienced bathroom cleaning with 1 years of experience. Speaks Tamil. Available to travel up to 15 km. Current rating is 3.65.,,2025-04-25
1739,1739,Experienced packers with 18 years of experience. Speaks Hindi. Available to travel up to 11 km. Current rating is 4.48.,,2025-05-04
1740,1740,Experienced leak detection with 12 years of experience. Speaks Telugu. Available to travel up to 43 km. Current rating is 4.06.,,2025-12-14
1741,1741,Experienced microwave repair with 7 years of experience. Speaks Telugu. Available to travel up to 16 km. Current rating is 4.35.,,2025-05-16
1742,1742,Experienced carpenter with 18 years of experience. Speaks Hindi. Available to travel up to 38 km. Current rating is 3.85.,,2025-05-13
1743,1743,Experienced door repair with 1 years of experience. Speaks Malayalam. Available to travel up to 34 km. Current rating is 4.3.,,2025-06-28
1744,1744,Experienced door repair with 20 years of experience. Speaks Hindi. Available to travel up to 11 km. Current rating is 4.01.,,2025-04-06
1745,1745,Experienced electrician with 6 years of experience. Speaks Hindi. Available to travel up to 23 km. Current rating is 3.78.,,2025-10-29
1746,1746,Experienced kitchen cleaning with 12 years of experience. Speaks Tamil. Available to travel up to 18 km. Current rating is 4.77.,,2025-05-09
1747,1747,Experienced furniture assembly with 18 years of experience. Speaks English. Available to travel up to 27 km. Current rating is 4.87.,,2025-12-28
1748,1748,Experienced carpenter with 9 years of experience. Speaks Telugu. Available to travel up to 9 km. Current rating is 3.74.,,2025-12-14
1749,1749,Experienced packers with 5 years of experience. Speaks Tamil. Available to travel up to 49 km. Current rating is 4.07.,,2025-08-17
1750,1750,Experienced bathroom fitting with 9 years of experience. Speaks Malayalam. Available to travel up to 41 km. Current rating is 3.72.,,2025-12-23
1751,1751,Experienced washing machine repair with 17 years of experience. Speaks Kannada. Available to travel up to 23 km. Current rating is 4.84.,,2025-02-07
1752,1752,Experienced water tank installation with 10 years of experience. Speaks English. Available to travel up to 27 km. Current rating is 3.83.,,2025-08-29
1753,1753,Experienced plumber with 3 years of experience. Speaks Hindi. Available to travel up to 13 km. Current rating is 3.65.,,2025-07-19
1754,1754,Experienced tree trimming with 1 years of experience. Speaks Kannada. Available to travel up to 6 km. Current rating is 4.9.,,2025-09-04
1755,1755,Experienced leak detection with 12 years of experience. Speaks Malayalam. Available to travel up to 25 km. Current rating is 3.66.,,2025-08-26
1756,1756,Experienced pipe repair with 15 years of experience. Speaks Telugu. Available to travel up to 41 km. Current rating is 3.54.,,2025-07-11
1757,1757,Experienced carpenter with 5 years of experience. Speaks Tamil. Available to travel up to 29 km. Current rating is 4.68.,,2025-10-11
1758,1758,Experienced makeup artist with 0 years of experience. Speaks Telugu. Available to travel up to 42 km. Current rating is 4.38.,,2025-01-02
1759,1759,Experienced water tank installation with 6 years of experience. Speaks Tamil. Available to travel up to 45 km. Current rating is 4.3.,,2025-07-02
1760,1760,Experienced gardener with 3 years of experience. Speaks Tamil. Available to travel up to 19 km. Current rating is 3.81.,,2025-11-17
1761,1761,Experienced exterior painting with 1 years of experience. Speaks Kannada. Available to travel up to 44 km. Current rating is 4.27.,,2025-12-12
1762,1762,Experienced tile installation with 13 years of experience. Speaks Hindi. Available to travel up to 23 km. Current rating is 3.59.,,2025-02-13
1763,1763,Experienced tile installation with 5 years of experience. Speaks Hindi. Available to travel up to 28 km. Current rating is 3.93.,,2025-04-20
1764,1764,Experienced bathroom cleaning with 2 years of experience. Speaks Kannada. Available to travel up to 50 km. Current rating is 4.28.,,2025-04-25
1765,1765,Experienced catering with 12 years of experience. Speaks Hindi. Available to travel up to 23 km. Current rating is 4.14.,,2025-04-05
1766,1766,Experienced tv repair with 10 years of experience. Speaks Tamil. Available to travel up to 15 km. Current rating is 3.83.,,2025-11-20
1767,1767,Experienced cook with 8 years of experience. Speaks English. Available to travel up to 42 km. Current rating is 3.59.,,2025-10-15
1768,1768,Experienced fan installation with 5 years of experience. Speaks English. Available to travel up to 34 km. Current rating is 4.48.,,2025-02-08
1769,1769,Experienced deep cleaning with 12 years of experience. Speaks English. Available to travel up to 33 km. Current rating is 4.4.,,2025-09-13
1770,1770,Experienced kitchen cleaning with 10 years of experience. Speaks Kannada. Available to travel up to 21 km. Current rating is 4.66.,,2025-08-08
1771,1771,Experienced movers with 10 years of experience. Speaks Tamil. Available to travel up to 41 km. Current rating is 3.5.,,2025-02-09
1772,1772,Experienced water tank installation with 0 years of experience. Speaks Telugu. Available to travel up to 45 km. Current rating is 4.79.,,2025-03-23
1773,1773,Experienced carpenter with 2 years of experience. Speaks Tamil. Available to travel up to 38 km. Current rating is 4.47.,,2025-08-25
1774,1774,Experienced brick work with 1 years of experience. Speaks Kannada. Available to travel up to 18 km. Current rating is 4.57.,,2025-12-13
1775,1775,Experienced wall painting with 14 years of experience. Speaks Telugu. Available to travel up to 17 km. Current rating is 3.94.,,2025-04-14
1776,1776,Experienced cloth stitching with 13 years of experience. Speaks Hindi. Available to travel up to 10 km. Current rating is 3.64.,,2025-05-06
1777,1777,Experienced wood polishing with 15 years of experience. Speaks Telugu. Available to travel up to 27 km. Current rating is 3.71.,,2025-12-20
1778,1778,Experienced switch repair with 4 years of experience. Speaks Hindi. Available to travel up to 15 km. Current rating is 4.32.,,2025-05-17
1779,1779,Experienced wood polishing with 18 years of experience. Speaks Kannada. Available to travel up to 45 km. Current rating is 4.98.,,2025-07-25
1780,1780,Experienced hair stylist with 11 years of experience. Speaks Hindi. Available to travel up to 29 km. Current rating is 3.95.,,2025-03-12
1781,1781,Experienced exterior painting with 7 years of experience. Speaks Kannada. Available to travel up to 33 km. Current rating is 3.99.,,2025-01-24
1782,1782,Experienced wood polishing with 14 years of experience. Speaks Kannada. Available to travel up to 9 km. Current rating is 4.95.,,2025-12-18
1783,1783,Experienced makeup artist with 2 years of experience. Speaks Malayalam. Available to travel up to 13 km. Current rating is 3.61.,,2025-11-11
1784,1784,Experienced door repair with 16 years of experience. Speaks English. Available to travel up to 6 km. Current rating is 3.67.,,2025-12-01
1785,1785,Experienced security guard with 7 years of experience. Speaks English. Available to travel up to 8 km. Current rating is 4.4.,,2025-06-23
1786,1786,Experienced wall painting with 11 years of experience. Speaks Malayalam. Available to travel up to 28 km. Current rating is 4.73.,,2025-04-22
1787,1787,Experienced wall painting with 13 years of experience. Speaks Malayalam. Available to travel up to 37 km. Current rating is 3.94.,,2025-12-21
1788,1788,Experienced ac repair with 17 years of experience. Speaks Hindi. Available to travel up to 41 km. Current rating is 4.24.,,2025-11-10
1789,1789,Experienced packers with 18 years of experience. Speaks Hindi. Available to travel up to 10 km. Current rating is 4.47.,,2025-02-16
1790,1790,Experienced hair stylist with 7 years of experience. Speaks Tamil. Available to travel up to 42 km. Current rating is 4.27.,,2025-08-09
1791,1791,Experienced wall painting with 15 years of experience. Speaks English. Available to travel up to 34 km. Current rating is 4.78.,,2025-03-18
1792,1792,Experienced beautician with 12 years of experience. Speaks English. Available to travel up to 17 km. Current rating is 4.69.,,2025-03-16
1793,1793,Experienced house wiring with 14 years of experience. Speaks Tamil. Available to travel up to 43 km. Current rating is 4.86.,,2025-08-15
1794,1794,Experienced ac repair with 14 years of experience. Speaks Kannada. Available to travel up to 41 km. Current rating is 3.79.,,2025-10-04
1795,1795,Experienced refrigerator repair with 5 years of experience. Speaks English. Available to travel up to 49 km. Current rating is 4.82.,,2025-03-26
1796,1796,Experienced bathroom cleaning with 14 years of experience. Speaks Kannada. Available to travel up to 46 km. Current rating is 4.82.,,2025-08-20
1797,1797,Experienced water tank installation with 12 years of experience. Speaks Kannada. Available to travel up to 50 km. Current rating is 3.99.,,2025-09-14
1798,1798,Experienced microwave repair with 3 years of experience. Speaks Telugu. Available to travel up to 50 km. Current rating is 4.99.,,2025-12-14
1799,1799,Experienced kitchen cleaning with 15 years of experience. Speaks Tamil. Available to travel up to 21 km. Current rating is 3.96.,,2025-06-09
1800,1800,Experienced painter with 11 years of experience. Speaks Malayalam. Available to travel up to 13 km. Current rating is 3.58.,,2025-10-02
1801,1801,Experienced water tank installation with 7 years of experience. Speaks Hindi. Available to travel up to 37 km. Current rating is 4.54.,,2025-07-28
1802,1802,Experienced exterior painting with 20 years of experience. Speaks Malayalam. Available to travel up to 24 km. Current rating is 3.96.,,2025-07-13
1803,1803,Experienced interior painting with 20 years of experience. Speaks Kannada. Available to travel up to 20 km. Current rating is 4.08.,,2025-05-06
1804,1804,Experienced mason with 20 years of experience. Speaks English. Available to travel up to 14 km. Current rating is 5.0.,,2025-03-16
1805,1805,Experienced cook with 18 years of experience. Speaks Telugu. Available to travel up to 45 km. Current rating is 5.0.,,2025-07-21
1806,1806,Experienced wood polishing with 4 years of experience. Speaks Tamil. Available to travel up to 15 km. Current rating is 3.87.,,2025-08-09
1807,1807,Experienced plumber with 8 years of experience. Speaks Kannada. Available to travel up to 50 km. Current rating is 4.32.,,2025-11-09
1808,1808,Experienced leak detection with 19 years of experience. Speaks Hindi. Available to travel up to 30 km. Current rating is 4.63.,,2025-02-07
1809,1809,Experienced tree trimming with 16 years of experience. Speaks Kannada. Available to travel up to 33 km. Current rating is 4.84.,,2025-08-26
1810,1810,Experienced electrician with 19 years of experience. Speaks Malayalam. Available to travel up to 22 km. Current rating is 4.47.,,2025-11-09
1811,1811,Experienced packers with 2 years of experience. Speaks Malayalam. Available to travel up to 17 km. Current rating is 4.87.,,2025-07-14
1812,1812,Experienced plumber with 4 years of experience. Speaks Malayalam. Available to travel up to 33 km. Current rating is 3.91.,,2025-11-27
1813,1813,Experienced furniture assembly with 8 years of experience. Speaks Telugu. Available to travel up to 23 km. Current rating is 4.48.,,2025-04-10
1814,1814,Experienced tile installation with 8 years of experience. Speaks Telugu. Available to travel up to 37 km. Current rating is 4.26.,,2025-04-19
1815,1815,Experienced bathroom fitting with 0 years of experience. Speaks Telugu. Available to travel up to 36 km. Current rating is 4.92.,,2025-08-13
1816,1816,Experienced brick work with 14 years of experience. Speaks Hindi. Available to travel up to 25 km. Current rating is 4.4.,,2025-09-21
1817,1817,Experienced wood polishing with 2 years of experience. Speaks Tamil. Available to travel up to 6 km. Current rating is 4.91.,,2025-10-30
1818,1818,Experienced packers with 9 years of experience. Speaks Malayalam. Available to travel up to 38 km. Current rating is 4.4.,,2025-04-23
1819,1819,Experienced cook with 1 years of experience. Speaks Malayalam. Available to travel up to 44 km. Current rating is 3.58.,,2025-09-21
1820,1820,Experienced tile installation with 13 years of experience. Speaks Hindi. Available to travel up to 50 km. Current rating is 4.01.,,2025-09-02
1821,1821,Experienced electrician with 13 years of experience. Speaks Tamil. Available to travel up to 50 km. Current rating is 4.13.,,2025-05-28
1822,1822,Experienced ac repair with 3 years of experience. Speaks Telugu. Available to travel up to 18 km. Current rating is 4.2.,,2025-03-10
1823,1823,Experienced interior painting with 2 years of experience. Speaks English. Available to travel up to 43 km. Current rating is 3.67.,,2025-01-23
1824,1824,Experienced fan installation with 5 years of experience. Speaks Malayalam. Available to travel up to 23 km. Current rating is 3.8.,,2025-08-11
1825,1825,Experienced tv repair with 16 years of experience. Speaks Malayalam. Available to travel up to 12 km. Current rating is 4.81.,,2025-01-16
1826,1826,Experienced hair stylist with 2 years of experience. Speaks Malayalam. Available to travel up to 28 km. Current rating is 4.95.,,2025-05-16
1827,1827,Experienced exterior painting with 5 years of experience. Speaks Tamil. Available to travel up to 47 km. Current rating is 4.68.,,2025-10-30
1828,1828,Experienced tailor with 0 years of experience. Speaks Hindi. Available to travel up to 8 km. Current rating is 4.23.,,2025-04-10
1829,1829,Experienced ac repair with 20 years of experience. Speaks Kannada. Available to travel up to 32 km. Current rating is 3.93.,,2025-12-16
1830,1830,Experienced tree trimming with 16 years of experience. Speaks Tamil. Available to travel up to 43 km. Current rating is 4.82.,,2025-12-31
1831,1831,Experienced mason with 19 years of experience. Speaks Tamil. Available to travel up to 13 km. Current rating is 4.23.,,2025-08-20
1832,1832,Experienced exterior painting with 3 years of experience. Speaks Hindi. Available to travel up to 25 km. Current rating is 3.8.,,2025-04-18
1833,1833,Experienced leak detection with 10 years of experience. Speaks Kannada. Available to travel up to 22 km. Current rating is 3.65.,,2025-01-29
1834,1834,Experienced catering with 2 years of experience. Speaks Kannada. Available to travel up to 9 km. Current rating is 3.77.,,2025-04-19
1835,1835,Experienced electrician with 2 years of experience. Speaks Hindi. Available to travel up to 11 km. Current rating is 3.91.,,2025-03-26
1836,1836,Experienced house wiring with 5 years of experience. Speaks Telugu. Available to travel up to 38 km. Current rating is 4.09.,,2025-10-14
1837,1837,Experienced beautician with 11 years of experience. Speaks Tamil. Available to travel up to 22 km. Current rating is 3.53.,,2025-08-04
1838,1838,Experienced wood polishing with 12 years of experience. Speaks Tamil. Available to travel up to 27 km. Current rating is 3.74.,,2025-04-14
1839,1839,Experienced tree trimming with 4 years of experience. Speaks English. Available to travel up to 17 km. Current rating is 3.87.,,2025-08-19
1840,1840,Experienced house wiring with 4 years of experience. Speaks English. Available to travel up to 20 km. Current rating is 4.52.,,2025-06-07
1841,1841,Experienced house cleaning with 12 years of experience. Speaks Malayalam. Available to travel up to 29 km. Current rating is 3.53.,,2025-08-21
1842,1842,Experienced bathroom cleaning with 20 years of experience. Speaks Kannada. Available to travel up to 12 km. Current rating is 4.59.,,2025-10-30
1843,1843,Experienced switch repair with 6 years of experience. Speaks Kannada. Available to travel up to 28 km. Current rating is 4.21.,,2025-06-21
1844,1844,Experienced tv repair with 11 years of experience. Speaks Malayalam. Available to travel up to 5 km. Current rating is 3.76.,,2025-12-15
1845,1845,Experienced ac repair with 20 years of experience. Speaks Hindi. Available to travel up to 5 km. Current rating is 4.96.,,2025-07-11
1846,1846,Experienced tree trimming with 3 years of experience. Speaks Hindi. Available to travel up to 32 km. Current rating is 4.12.,,2025-07-23
1847,1847,Experienced switch repair with 7 years of experience. Speaks Malayalam. Available to travel up to 33 km. Current rating is 3.56.,,2025-09-13
1848,1848,Experienced leak detection with 14 years of experience. Speaks Hindi. Available to travel up to 14 km. Current rating is 3.7.,,2025-07-26
1849,1849,Experienced deep cleaning with 1 years of experience. Speaks Telugu. Available to travel up to 19 km. Current rating is 4.95.,,2025-01-13
1850,1850,Experienced tile installation with 9 years of experience. Speaks English. Available to travel up to 41 km. Current rating is 3.84.,,2025-08-13
1851,1851,Experienced washing machine repair with 16 years of experience. Speaks English. Available to travel up to 12 km. Current rating is 4.29.,,2025-03-02
1852,1852,Experienced concrete work with 20 years of experience. Speaks Telugu. Available to travel up to 24 km. Current rating is 3.99.,,2025-05-08
1853,1853,Experienced ac repair with 15 years of experience. Speaks Tamil. Available to travel up to 50 km. Current rating is 4.47.,,2025-02-13
1854,1854,Experienced wall painting with 11 years of experience. Speaks Malayalam. Available to travel up to 16 km. Current rating is 3.53.,,2025-03-20
1855,1855,Experienced mason with 9 years of experience. Speaks English. Available to travel up to 9 km. Current rating is 4.25.,,2025-08-08
1856,1856,Experienced mason with 5 years of experience. Speaks English. Available to travel up to 20 km. Current rating is 4.49.,,2025-02-24
1857,1857,Experienced painter with 1 years of experience. Speaks Malayalam. Available to travel up to 24 km. Current rating is 4.16.,,2025-02-02
1858,1858,Experienced lawn maintenance with 14 years of experience. Speaks Kannada. Available to travel up to 44 km. Current rating is 4.19.,,2025-10-12
1859,1859,Experienced mason with 16 years of experience. Speaks Hindi. Available to travel up to 48 km. Current rating is 4.12.,,2025-07-22
1860,1860,Experienced concrete work with 3 years of experience. Speaks Kannada. Available to travel up to 14 km. Current rating is 3.96.,,2025-01-03
1861,1861,Experienced brick work with 5 years of experience. Speaks Kannada. Available to travel up to 49 km. Current rating is 4.04.,,2025-06-12
1862,1862,Experienced ac technician with 0 years of experience. Speaks Hindi. Available to travel up to 24 km. Current rating is 3.94.,,2025-12-07
1863,1863,Experienced microwave repair with 11 years of experience. Speaks Telugu. Available to travel up to 33 km. Current rating is 3.56.,,2025-04-07
1864,1864,Experienced bathroom cleaning with 12 years of experience. Speaks Malayalam. Available to travel up to 8 km. Current rating is 4.23.,,2025-01-28
1865,1865,Experienced brick work with 8 years of experience. Speaks Malayalam. Available to travel up to 23 km. Current rating is 3.9.,,2025-02-12
1866,1866,Experienced deep cleaning with 6 years of experience. Speaks Hindi. Available to travel up to 40 km. Current rating is 3.8.,,2025-10-07
1867,1867,Experienced ac technician with 11 years of experience. Speaks Kannada. Available to travel up to 15 km. Current rating is 4.39.,,2025-06-25
1868,1868,Experienced packers with 9 years of experience. Speaks Hindi. Available to travel up to 33 km. Current rating is 3.58.,,2025-09-26
1869,1869,Experienced tree trimming with 5 years of experience. Speaks Malayalam. Available to travel up to 19 km. Current rating is 4.07.,,2025-07-16
1870,1870,Experienced tv repair with 17 years of experience. Speaks English. Available to travel up to 8 km. Current rating is 4.45.,,2025-09-20
1871,1871,Experienced leak detection with 8 years of experience. Speaks Telugu. Available to travel up to 33 km. Current rating is 3.73.,,2025-11-29
1872,1872,Experienced packers with 15 years of experience. Speaks English. Available to travel up to 42 km. Current rating is 3.61.,,2025-01-10
1873,1873,Experienced deep cleaning with 7 years of experience. Speaks Telugu. Available to travel up to 26 km. Current rating is 4.18.,,2025-08-03
1874,1874,Experienced hair stylist with 0 years of experience. Speaks Malayalam. Available to travel up to 13 km. Current rating is 4.15.,,2025-08-17
1875,1875,Experienced cloth stitching with 11 years of experience. Speaks Kannada. Available to travel up to 14 km. Current rating is 3.84.,,2025-08-20
1876,1876,Experienced switch repair with 1 years of experience. Speaks Hindi. Available to travel up to 12 km. Current rating is 3.99.,,2025-11-18
1877,1877,Experienced refrigerator repair with 14 years of experience. Speaks Tamil. Available to travel up to 20 km. Current rating is 4.97.,,2025-01-30
1878,1878,Experienced carpenter with 4 years of experience. Speaks Tamil. Available to travel up to 13 km. Current rating is 4.0.,,2025-11-26
1879,1879,Experienced security guard with 15 years of experience. Speaks Telugu. Available to travel up to 19 km. Current rating is 4.03.,,2025-05-25
1880,1880,Experienced bathroom fitting with 17 years of experience. Speaks Tamil. Available to travel up to 40 km. Current rating is 4.58.,,2025-01-03
1881,1881,Experienced electrician with 19 years of experience. Speaks English. Available to travel up to 31 km. Current rating is 4.42.,,2025-10-18
1882,1882,Experienced furniture assembly with 19 years of experience. Speaks Tamil. Available to travel up to 10 km. Current rating is 4.5.,,2025-11-13
1883,1883,Experienced cloth stitching with 3 years of experience. Speaks Malayalam. Available to travel up to 23 km. Current rating is 4.46.,,2025-05-05
1884,1884,Experienced kitchen cleaning with 11 years of experience. Speaks Malayalam. Available to travel up to 10 km. Current rating is 3.85.,,2025-02-03
1885,1885,Experienced wood polishing with 6 years of experience. Speaks English. Available to travel up to 50 km. Current rating is 4.17.,,2025-09-07
1886,1886,Experienced microwave repair with 12 years of experience. Speaks Malayalam. Available to travel up to 29 km. Current rating is 3.73.,,2025-08-24
1887,1887,Experienced house wiring with 16 years of experience. Speaks English. Available to travel up to 36 km. Current rating is 4.6.,,2025-04-02
1888,1888,Experienced pipe repair with 19 years of experience. Speaks English. Available to travel up to 32 km. Current rating is 4.24.,,2025-09-17
1889,1889,Experienced concrete work with 14 years of experience. Speaks Tamil. Available to travel up to 21 km. Current rating is 4.36.,,2025-02-03
1890,1890,Experienced exterior painting with 18 years of experience. Speaks English. Available to travel up to 7 km. Current rating is 4.42.,,2025-11-07
1891,1891,Experienced tile installation with 20 years of experience. Speaks Malayalam. Available to travel up to 43 km. Current rating is 4.16.,,2025-08-23
1892,1892,Experienced water tank installation with 13 years of experience. Speaks Kannada. Available to travel up to 36 km. Current rating is 4.11.,,2025-06-10
1893,1893,Experienced driver with 19 years of experience. Speaks Hindi. Available to travel up to 27 km. Current rating is 3.64.,,2025-03-29
1894,1894,Experienced hair stylist with 16 years of experience. Speaks Telugu. Available to travel up to 14 km. Current rating is 3.54.,,2025-05-12
1895,1895,Experienced microwave repair with 3 years of experience. Speaks Tamil. Available to travel up to 15 km. Current rating is 4.4.,,2025-02-10
1896,1896,Experienced brick work with 19 years of experience. Speaks Tamil. Available to travel up to 19 km. Current rating is 3.92.,,2025-12-22
1897,1897,Experienced wood polishing with 6 years of experience. Speaks Malayalam. Available to travel up to 23 km. Current rating is 3.61.,,2025-12-05
1898,1898,Experienced alteration with 10 years of experience. Speaks Telugu. Available to travel up to 9 km. Current rating is 4.71.,,2025-02-09
1899,1899,Experienced washing machine repair with 0 years of experience. Speaks Kannada. Available to travel up to 21 km. Current rating is 4.49.,,2025-08-03
1900,1900,Experienced hair stylist with 4 years of experience. Speaks Kannada. Available to travel up to 26 km. Current rating is 4.39.,,2025-12-05
1901,1901,Experienced leak detection with 12 years of experience. Speaks English. Available to travel up to 30 km. Current rating is 4.42.,,2025-11-12
1902,1902,Experienced water tank installation with 17 years of experience. Speaks Malayalam. Available to travel up to 39 km. Current rating is 4.33.,,2025-05-18
1903,1903,Experienced light installation with 4 years of experience. Speaks Malayalam. Available to travel up to 32 km. Current rating is 3.83.,,2025-06-23
1904,1904,Experienced makeup artist with 17 years of experience. Speaks Malayalam. Available to travel up to 14 km. Current rating is 3.68.,,2025-09-22
1905,1905,Experienced cook with 3 years of experience. Speaks Telugu. Available to travel up to 19 km. Current rating is 3.58.,,2025-11-29
1906,1906,Experienced microwave repair with 3 years of experience. Speaks Hindi. Available to travel up to 15 km. Current rating is 4.12.,,2025-03-25
1907,1907,Experienced hair stylist with 6 years of experience. Speaks Hindi. Available to travel up to 13 km. Current rating is 4.31.,,2025-07-09
1908,1908,Experienced brick work with 16 years of experience. Speaks Malayalam. Available to travel up to 38 km. Current rating is 4.53.,,2025-03-31
1909,1909,Experienced pipe repair with 19 years of experience. Speaks Hindi. Available to travel up to 41 km. Current rating is 4.75.,,2025-05-17
1910,1910,Experienced ac installation with 3 years of experience. Speaks Kannada. Available to travel up to 34 km. Current rating is 4.27.,,2025-06-30
1911,1911,Experienced furniture assembly with 12 years of experience. Speaks Kannada. Available to travel up to 9 km. Current rating is 3.65.,,2025-01-04
1912,1912,Experienced house wiring with 20 years of experience. Speaks Telugu. Available to travel up to 16 km. Current rating is 4.58.,,2025-05-24
1913,1913,Experienced movers with 5 years of experience. Speaks Tamil. Available to travel up to 26 km. Current rating is 3.56.,,2025-08-11
1914,1914,Experienced wood polishing with 18 years of experience. Speaks Kannada. Available to travel up to 17 km. Current rating is 4.83.,,2025-05-26
1915,1915,Experienced tv repair with 7 years of experience. Speaks Telugu. Available to travel up to 13 km. Current rating is 4.74.,,2025-02-14
1916,1916,Experienced security guard with 2 years of experience. Speaks Malayalam. Available to travel up to 14 km. Current rating is 4.35.,,2025-07-19
1917,1917,Experienced ac technician with 19 years of experience. Speaks Hindi. Available to travel up to 25 km. Current rating is 3.67.,,2025-11-17
1918,1918,Experienced house cleaning with 7 years of experience. Speaks Hindi. Available to travel up to 33 km. Current rating is 4.66.,,2025-04-16
1919,1919,Experienced furniture assembly with 0 years of experience. Speaks Hindi. Available to travel up to 13 km. Current rating is 3.91.,,2025-07-26
1920,1920,Experienced driver with 15 years of experience. Speaks Malayalam. Available to travel up to 49 km. Current rating is 3.55.,,2025-04-09
1921,1921,Experienced tree trimming with 20 years of experience. Speaks English. Available to travel up to 18 km. Current rating is 3.65.,,2025-03-11
1922,1922,Experienced lawn maintenance with 19 years of experience. Speaks English. Available to travel up to 48 km. Current rating is 3.81.,,2025-01-26
1923,1923,Experienced fan installation with 3 years of experience. Speaks Tamil. Available to travel up to 36 km. Current rating is 4.5.,,2025-09-09
1924,1924,Experienced concrete work with 3 years of experience. Speaks Tamil. Available to travel up to 48 km. Current rating is 3.94.,,2025-09-22
1925,1925,Experienced painter with 17 years of experience. Speaks Kannada. Available to travel up to 27 km. Current rating is 4.63.,,2025-02-19
1926,1926,Experienced water tank installation with 18 years of experience. Speaks Malayalam. Available to travel up to 34 km. Current rating is 3.66.,,2025-04-03
1927,1927,Experienced bathroom fitting with 15 years of experience. Speaks Tamil. Available to travel up to 40 km. Current rating is 4.19.,,2025-06-01
1928,1928,Experienced tree trimming with 9 years of experience. Speaks Kannada. Available to travel up to 26 km. Current rating is 4.46.,,2025-11-27
1929,1929,Experienced tv repair with 4 years of experience. Speaks Kannada. Available to travel up to 41 km. Current rating is 3.8.,,2025-02-05
1930,1930,Experienced lawn maintenance with 7 years of experience. Speaks Kannada. Available to travel up to 28 km. Current rating is 4.69.,,2025-05-26
1931,1931,Experienced security guard with 8 years of experience. Speaks Hindi. Available to travel up to 18 km. Current rating is 4.07.,,2025-10-03
1932,1932,Experienced lawn maintenance with 1 years of experience. Speaks Malayalam. Available to travel up to 9 km. Current rating is 4.59.,,2025-11-29
1933,1933,Experienced interior painting with 17 years of experience. Speaks Kannada. Available to travel up to 10 km. Current rating is 4.73.,,2025-12-29
1934,1934,Experienced beautician with 3 years of experience. Speaks Kannada. Available to travel up to 45 km. Current rating is 4.17.,,2025-05-01
1935,1935,Experienced furniture assembly with 7 years of experience. Speaks Hindi. Available to travel up to 5 km. Current rating is 3.54.,,2025-10-10
1936,1936,Experienced catering with 5 years of experience. Speaks Tamil. Available to travel up to 11 km. Current rating is 3.89.,,2025-06-22
1937,1937,Experienced tree trimming with 3 years of experience. Speaks English. Available to travel up to 49 km. Current rating is 4.06.,,2025-10-24
1938,1938,Experienced tailor with 6 years of experience. Speaks Kannada. Available to travel up to 9 km. Current rating is 3.99.,,2025-11-28
1939,1939,Experienced driver with 20 years of experience. Speaks Hindi. Available to travel up to 48 km. Current rating is 4.15.,,2025-11-21
1940,1940,Experienced plumber with 17 years of experience. Speaks Hindi. Available to travel up to 19 km. Current rating is 4.28.,,2025-02-24
1941,1941,Experienced door repair with 15 years of experience. Speaks Tamil. Available to travel up to 40 km. Current rating is 4.82.,,2025-11-10
1942,1942,Experienced deep cleaning with 9 years of experience. Speaks Hindi. Available to travel up to 42 km. Current rating is 3.72.,,2025-04-21
1943,1943,Experienced kitchen cleaning with 10 years of experience. Speaks Kannada. Available to travel up to 13 km. Current rating is 3.74.,,2025-05-03
1944,1944,Experienced tile installation with 9 years of experience. Speaks Malayalam. Available to travel up to 18 km. Current rating is 4.28.,,2025-12-20
1945,1945,Experienced gardener with 7 years of experience. Speaks Tamil. Available to travel up to 8 km. Current rating is 4.69.,,2025-10-19
1946,1946,Experienced hair stylist with 18 years of experience. Speaks Telugu. Available to travel up to 9 km. Current rating is 4.83.,,2025-07-23
1947,1947,Experienced wall painting with 8 years of experience. Speaks Tamil. Available to travel up to 34 km. Current rating is 3.6.,,2025-12-01
1948,1948,Experienced security guard with 20 years of experience. Speaks English. Available to travel up to 13 km. Current rating is 4.83.,,2025-09-22
1949,1949,Experienced refrigerator repair with 5 years of experience. Speaks Tamil. Available to travel up to 29 km. Current rating is 4.25.,,2025-10-20
1950,1950,Experienced hair stylist with 8 years of experience. Speaks Telugu. Available to travel up to 19 km. Current rating is 3.93.,,2025-03-30
1951,1951,Experienced concrete work with 16 years of experience. Speaks Telugu. Available to travel up to 17 km. Current rating is 4.96.,,2025-05-23
1952,1952,Experienced tile installation with 6 years of experience. Speaks Telugu. Available to travel up to 43 km. Current rating is 3.58.,,2025-03-01
1953,1953,Experienced hair stylist with 7 years of experience. Speaks Telugu. Available to travel up to 31 km. Current rating is 3.78.,,2025-12-19
1954,1954,Experienced painter with 0 years of experience. Speaks English. Available to travel up to 36 km. Current rating is 3.95.,,2025-05-11
1955,1955,Experienced mason with 0 years of experience. Speaks Tamil. Available to travel up to 23 km. Current rating is 4.72.,,2025-11-13
1956,1956,Experienced gardener with 15 years of experience. Speaks Hindi. Available to travel up to 47 km. Current rating is 3.8.,,2025-11-15
1957,1957,Experienced makeup artist with 5 years of experience. Speaks Kannada. Available to travel up to 14 km. Current rating is 4.4.,,2025-03-25
1958,1958,Experienced door repair with 0 years of experience. Speaks Hindi. Available to travel up to 38 km. Current rating is 4.66.,,2025-04-21
1959,1959,Experienced lawn maintenance with 16 years of experience. Speaks English. Available to travel up to 30 km. Current rating is 4.72.,,2025-03-02
1960,1960,Experienced gardener with 13 years of experience. Speaks Kannada. Available to travel up to 23 km. Current rating is 3.84.,,2025-08-07
1961,1961,Experienced bathroom fitting with 0 years of experience. Speaks Tamil. Available to travel up to 9 km. Current rating is 4.08.,,2025-10-23
1962,1962,Experienced plumber with 20 years of experience. Speaks English. Available to travel up to 20 km. Current rating is 4.84.,,2025-10-30
1963,1963,Experienced ac installation with 7 years of experience. Speaks Tamil. Available to travel up to 10 km. Current rating is 4.12.,,2025-07-24
1964,1964,Experienced brick work with 10 years of experience. Speaks Kannada. Available to travel up to 41 km. Current rating is 4.98.,,2025-09-25
1965,1965,Experienced electrician with 5 years of experience. Speaks Tamil. Available to travel up to 40 km. Current rating is 4.5.,,2025-06-16
1966,1966,Experienced hair stylist with 5 years of experience. Speaks Tamil. Available to travel up to 34 km. Current rating is 4.17.,,2025-11-11
1967,1967,Experienced fan installation with 2 years of experience. Speaks Hindi. Available to travel up to 35 km. Current rating is 4.3.,,2025-08-27
1968,1968,Experienced mason with 20 years of experience. Speaks English. Available to travel up to 12 km. Current rating is 4.67.,,2025-10-23
1969,1969,Experienced movers with 11 years of experience. Speaks Kannada. Available to travel up to 38 km. Current rating is 4.46.,,2025-01-24
1970,1970,Experienced concrete work with 9 years of experience. Speaks Telugu. Available to travel up to 8 km. Current rating is 4.29.,,2025-02-12
1971,1971,Experienced water tank installation with 5 years of experience. Speaks English. Available to travel up to 47 km. Current rating is 4.75.,,2025-11-25
1972,1972,Experienced painter with 17 years of experience. Speaks English. Available to travel up to 44 km. Current rating is 3.59.,,2025-06-14
1973,1973,Experienced ac installation with 3 years of experience. Speaks Tamil. Available to travel up to 34 km. Current rating is 3.68.,,2025-04-02
1974,1974,Experienced gardener with 1 years of experience. Speaks Telugu. Available to travel up to 44 km. Current rating is 3.69.,,2025-01-18
1975,1975,Experienced concrete work with 20 years of experience. Speaks Tamil. Available to travel up to 18 km. Current rating is 4.08.,,2025-06-06
1976,1976,Experienced microwave repair with 7 years of experience. Speaks Tamil. Available to travel up to 29 km. Current rating is 4.65.,,2025-07-02
1977,1977,Experienced wall painting with 0 years of experience. Speaks Telugu. Available to travel up to 33 km. Current rating is 4.97.,,2025-05-13
1978,1978,Experienced door repair with 13 years of experience. Speaks Tamil. Available to travel up to 37 km. Current rating is 4.95.,,2025-10-23
1979,1979,Experienced plumber with 13 years of experience. Speaks English. Available to travel up to 33 km. Current rating is 4.57.,,2025-04-18
1980,1980,Experienced bathroom cleaning with 8 years of experience. Speaks Kannada. Available to travel up to 42 km. Current rating is 4.67.,,2025-04-25
1981,1981,Experienced exterior painting with 3 years of experience. Speaks Kannada. Available to travel up to 47 km. Current rating is 4.08.,,2025-05-24
1982,1982,Experienced leak detection with 6 years of experience. Speaks Malayalam. Available to travel up to 28 km. Current rating is 4.54.,,2025-05-11
1983,1983,Experienced ac installation with 5 years of experience. Speaks Hindi. Available to travel up to 6 km. Current rating is 3.75.,,2025-03-06
1984,1984,Experienced carpenter with 17 years of experience. Speaks English. Available to travel up to 36 km. Current rating is 4.99.,,2025-06-03
1985,1985,Experienced plumber with 16 years of experience. Speaks Tamil. Available to travel up to 35 km. Current rating is 4.09.,,2025-01-18
1986,1986,Experienced light installation with 5 years of experience. Speaks English. Available to travel up to 49 km. Current rating is 4.34.,,2025-05-02
1987,1987,Experienced painter with 12 years of experience. Speaks Malayalam. Available to travel up to 32 km. Current rating is 4.28.,,2025-08-14
1988,1988,Experienced movers with 17 years of experience. Speaks Hindi. Available to travel up to 25 km. Current rating is 4.53.,,2025-07-13
1989,1989,Experienced plumber with 1 years of experience. Speaks Kannada. Available to travel up to 29 km. Current rating is 3.57.,,2025-07-26
1990,1990,Experienced door repair with 2 years of experience. Speaks Tamil. Available to travel up to 33 km. Current rating is 3.63.,,2025-10-09
1991,1991,Experienced brick work with 16 years of experience. Speaks Malayalam. Available to travel up to 20 km. Current rating is 3.53.,,2025-01-07
1992,1992,Experienced interior painting with 18 years of experience. Speaks Telugu. Available to travel up to 40 km. Current rating is 4.78.,,2025-08-12
1993,1993,Experienced tv repair with 0 years of experience. Speaks Tamil. Available to travel up to 16 km. Current rating is 4.18.,,2025-03-02
1994,1994,Experienced bathroom fitting with 8 years of experience. Speaks Kannada. Available to travel up to 19 km. Current rating is 3.91.,,2025-05-24
1995,1995,Experienced fan installation with 5 years of experience. Speaks Telugu. Available to travel up to 47 km. Current rating is 4.11.,,2025-06-05
1996,1996,Experienced refrigerator repair with 12 years of experience. Speaks English. Available to travel up to 18 km. Current rating is 3.77.,,2025-05-08
1997,1997,Experienced fan installation with 15 years of experience. Speaks Hindi. Available to travel up to 29 km. Current rating is 4.19.,,2025-12-04
1998,1998,Experienced washing machine repair with 20 years of experience. Speaks Telugu. Available to travel up to 9 km. Current rating is 4.76.,,2025-07-05
1999,1999,Experienced water tank installation with 6 years of experience. Speaks Kannada. Available to travel up to 38 km. Current rating is 3.61.,,2025-02-09
2000,2000,Experienced ac repair with 7 years of experience. Speaks Hindi. Available to travel up to 15 km. Current rating is 4.2.,,2025-04-03
2001,2001,Experienced ac repair with 17 years of experience. Speaks Tamil. Available to travel up to 34 km. Current rating is 3.76.,,2025-04-28
2002,2002,Experienced driver with 2 years of experience. Speaks Telugu. Available to travel up to 8 km. Current rating is 4.24.,,2025-07-04
2003,2003,Experienced painter with 5 years of experience. Speaks English. Available to travel up to 42 km. Current rating is 3.85.,,2025-08-20
2004,2004,Experienced tile installation with 12 years of experience. Speaks Telugu. Available to travel up to 35 km. Current rating is 3.78.,,2025-04-05
2005,2005,Experienced tv repair with 1 years of experience. Speaks English. Available to travel up to 20 km. Current rating is 3.57.,,2025-10-29
2006,2006,Experienced electrician with 9 years of experience. Speaks English. Available to travel up to 28 km. Current rating is 3.53.,,2025-03-13
2007,2007,Experienced carpenter with 20 years of experience. Speaks Kannada. Available to travel up to 21 km. Current rating is 4.05.,,2025-09-25
2008,2008,Experienced electrician with 9 years of experience. Speaks Kannada. Available to travel up to 13 km. Current rating is 4.14.,,2025-08-04
2009,2009,Experienced washing machine repair with 16 years of experience. Speaks Hindi. Available to travel up to 48 km. Current rating is 4.76.,,2025-03-17
2010,2010,Experienced carpenter with 13 years of experience. Speaks English. Available to travel up to 16 km. Current rating is 3.62.,,2025-11-12
2011,2011,Experienced tailor with 19 years of experience. Speaks English. Available to travel up to 36 km. Current rating is 4.18.,,2025-02-24
2012,2012,Experienced microwave repair with 19 years of experience. Speaks Tamil. Available to travel up to 13 km. Current rating is 3.71.,,2025-02-27
2013,2013,Experienced gardener with 20 years of experience. Speaks Tamil. Available to travel up to 25 km. Current rating is 4.54.,,2025-03-17
2014,2014,Experienced switch repair with 9 years of experience. Speaks Hindi. Available to travel up to 9 km. Current rating is 3.77.,,2025-08-16
2015,2015,Experienced wall painting with 15 years of experience. Speaks Telugu. Available to travel up to 43 km. Current rating is 3.89.,,2025-06-12
2016,2016,Experienced movers with 7 years of experience. Speaks Malayalam. Available to travel up to 36 km. Current rating is 4.43.,,2025-06-18
2017,2017,Experienced interior painting with 3 years of experience. Speaks Hindi. Available to travel up to 15 km. Current rating is 4.52.,,2025-09-20
2018,2018,Experienced cook with 16 years of experience. Speaks Telugu. Available to travel up to 39 km. Current rating is 4.71.,,2025-09-14
2019,2019,Experienced alteration with 15 years of experience. Speaks Telugu. Available to travel up to 41 km. Current rating is 3.61.,,2025-07-21
2020,2020,Experienced concrete work with 3 years of experience. Speaks Hindi. Available to travel up to 41 km. Current rating is 3.71.,,2025-09-18
2021,2021,Experienced wall painting with 12 years of experience. Speaks English. Available to travel up to 5 km. Current rating is 4.86.,,2025-07-28
2022,2022,Experienced movers with 8 years of experience. Speaks Tamil. Available to travel up to 12 km. Current rating is 4.03.,,2025-11-05
2023,2023,Experienced catering with 19 years of experience. Speaks Telugu. Available to travel up to 24 km. Current rating is 4.68.,,2025-02-20
2024,2024,Experienced fan installation with 3 years of experience. Speaks Hindi. Available to travel up to 45 km. Current rating is 3.81.,,2025-05-16
2025,2025,Experienced mason with 17 years of experience. Speaks Kannada. Available to travel up to 30 km. Current rating is 3.92.,,2025-12-05
2026,2026,Experienced cloth stitching with 16 years of experience. Speaks Kannada. Available to travel up to 6 km. Current rating is 4.81.,,2025-08-13
2027,2027,Experienced exterior painting with 15 years of experience. Speaks Tamil. Available to travel up to 27 km. Current rating is 4.12.,,2026-01-01
2028,2028,Experienced house wiring with 17 years of experience. Speaks Kannada. Available to travel up to 6 km. Current rating is 4.76.,,2025-12-03
2029,2029,Experienced gardener with 17 years of experience. Speaks Tamil. Available to travel up to 22 km. Current rating is 3.62.,,2025-03-06
2030,2030,Experienced leak detection with 1 years of experience. Speaks Malayalam. Available to travel up to 21 km. Current rating is 4.17.,,2025-04-02
2031,2031,Experienced fan installation with 17 years of experience. Speaks English. Available to travel up to 42 km. Current rating is 4.25.,,2025-07-29
2032,2032,Experienced packers with 5 years of experience. Speaks Kannada. Available to travel up to 13 km. Current rating is 4.01.,,2025-12-23
2033,2033,Experienced switch repair with 10 years of experience. Speaks Kannada. Available to travel up to 31 km. Current rating is 3.71.,,2025-05-30
2034,2034,Experienced tree trimming with 8 years of experience. Speaks Telugu. Available to travel up to 50 km. Current rating is 3.56.,,2025-01-02
2035,2035,Experienced ac technician with 6 years of experience. Speaks Malayalam. Available to travel up to 38 km. Current rating is 4.65.,,2025-01-03
2036,2036,Experienced exterior painting with 18 years of experience. Speaks Tamil. Available to travel up to 30 km. Current rating is 3.61.,,2025-12-26
2037,2037,Experienced cloth stitching with 15 years of experience. Speaks Kannada. Available to travel up to 18 km. Current rating is 4.33.,,2025-08-08
2038,2038,Experienced ac installation with 15 years of experience. Speaks Telugu. Available to travel up to 12 km. Current rating is 4.06.,,2025-03-02
2039,2039,Experienced refrigerator repair with 3 years of experience. Speaks English. Available to travel up to 20 km. Current rating is 4.71.,,2025-03-05
2040,2040,Experienced hair stylist with 7 years of experience. Speaks Telugu. Available to travel up to 34 km. Current rating is 4.93.,,2025-06-09
2041,2041,Experienced pipe repair with 16 years of experience. Speaks Malayalam. Available to travel up to 36 km. Current rating is 4.75.,,2025-11-02
2042,2042,Experienced deep cleaning with 19 years of experience. Speaks Telugu. Available to travel up to 43 km. Current rating is 4.04.,,2025-12-25
2043,2043,Experienced tile installation with 11 years of experience. Speaks Kannada. Available to travel up to 11 km. Current rating is 4.62.,,2025-10-14
2044,2044,Experienced light installation with 7 years of experience. Speaks Kannada. Available to travel up to 7 km. Current rating is 3.84.,,2025-02-25
2045,2045,Experienced tree trimming with 0 years of experience. Speaks Tamil. Available to travel up to 42 km. Current rating is 4.03.,,2025-03-05
2046,2046,Experienced ac installation with 17 years of experience. Speaks Tamil. Available to travel up to 22 km. Current rating is 4.28.,,2025-05-12
2047,2047,Experienced wall painting with 11 years of experience. Speaks Telugu. Available to travel up to 38 km. Current rating is 4.48.,,2025-05-29
2048,2048,Experienced mason with 6 years of experience. Speaks Hindi. Available to travel up to 42 km. Current rating is 4.1.,,2025-08-08
2049,2049,Experienced painter with 14 years of experience. Speaks Hindi. Available to travel up to 22 km. Current rating is 4.56.,,2025-08-03
2050,2050,Experienced microwave repair with 5 years of experience. Speaks Malayalam. Available to travel up to 32 km. Current rating is 4.42.,,2025-07-23
2051,2051,Experienced movers with 14 years of experience. Speaks Tamil. Available to travel up to 8 km. Current rating is 4.28.,,2025-04-11
2052,2052,Experienced kitchen cleaning with 1 years of experience. Speaks Telugu. Available to travel up to 9 km. Current rating is 4.83.,,2025-12-23
2053,2053,Experienced gardener with 10 years of experience. Speaks English. Available to travel up to 16 km. Current rating is 3.59.,,2025-11-10
2054,2054,Experienced ac installation with 14 years of experience. Speaks Tamil. Available to travel up to 16 km. Current rating is 4.08.,,2025-09-18
2055,2055,Experienced tv repair with 1 years of experience. Speaks Telugu. Available to travel up to 27 km. Current rating is 4.3.,,2025-06-11
2056,2056,Experienced furniture assembly with 18 years of experience. Speaks Telugu. Available to travel up to 31 km. Current rating is 3.98.,,2025-05-05
2057,2057,Experienced cook with 11 years of experience. Speaks Hindi. Available to travel up to 47 km. Current rating is 3.74.,,2025-12-12
2058,2058,Experienced driver with 3 years of experience. Speaks Tamil. Available to travel up to 15 km. Current rating is 3.79.,,2025-04-04
2059,2059,Experienced microwave repair with 5 years of experience. Speaks Kannada. Available to travel up to 46 km. Current rating is 4.41.,,2025-09-25
2060,2060,Experienced light installation with 15 years of experience. Speaks Kannada. Available to travel up to 25 km. Current rating is 4.37.,,2025-08-08
2061,2061,Experienced exterior painting with 18 years of experience. Speaks English. Available to travel up to 9 km. Current rating is 4.1.,,2025-03-19
2062,2062,Experienced ac installation with 19 years of experience. Speaks Hindi. Available to travel up to 12 km. Current rating is 3.66.,,2025-01-24
2063,2063,Experienced cook with 3 years of experience. Speaks Telugu. Available to travel up to 42 km. Current rating is 4.3.,,2025-05-14
2064,2064,Experienced driver with 16 years of experience. Speaks Kannada. Available to travel up to 46 km. Current rating is 4.58.,,2025-06-13
2065,2065,Experienced wood polishing with 9 years of experience. Speaks Malayalam. Available to travel up to 48 km. Current rating is 3.88.,,2025-09-17
2066,2066,Experienced packers with 20 years of experience. Speaks Malayalam. Available to travel up to 27 km. Current rating is 4.18.,,2025-01-22
2067,2067,Experienced switch repair with 20 years of experience. Speaks English. Available to travel up to 45 km. Current rating is 3.59.,,2025-12-07
2068,2068,Experienced tree trimming with 1 years of experience. Speaks Malayalam. Available to travel up to 32 km. Current rating is 4.01.,,2025-01-21
2069,2069,Experienced ac repair with 16 years of experience. Speaks English. Available to travel up to 17 km. Current rating is 4.11.,,2025-02-08
2070,2070,Experienced beautician with 12 years of experience. Speaks Kannada. Available to travel up to 47 km. Current rating is 4.41.,,2025-09-18
2071,2071,Experienced refrigerator repair with 20 years of experience. Speaks English. Available to travel up to 38 km. Current rating is 4.03.,,2025-01-03
2072,2072,Experienced deep cleaning with 10 years of experience. Speaks Telugu. Available to travel up to 21 km. Current rating is 3.62.,,2025-11-29
2073,2073,Experienced wall painting with 15 years of experience. Speaks Hindi. Available to travel up to 7 km. Current rating is 4.58.,,2025-08-05
2074,2074,Experienced beautician with 15 years of experience. Speaks Kannada. Available to travel up to 31 km. Current rating is 3.6.,,2025-12-29
2075,2075,Experienced water tank installation with 3 years of experience. Speaks English. Available to travel up to 45 km. Current rating is 3.77.,,2025-06-27
2076,2076,Experienced leak detection with 16 years of experience. Speaks Kannada. Available to travel up to 12 km. Current rating is 4.11.,,2025-02-28
2077,2077,Experienced water tank installation with 8 years of experience. Speaks Malayalam. Available to travel up to 32 km. Current rating is 4.05.,,2025-04-02
2078,2078,Experienced door repair with 12 years of experience. Speaks English. Available to travel up to 22 km. Current rating is 3.56.,,2025-06-25
2079,2079,Experienced wood polishing with 16 years of experience. Speaks English. Available to travel up to 5 km. Current rating is 4.53.,,2025-10-24
2080,2080,Experienced house wiring with 3 years of experience. Speaks Telugu. Available to travel up to 37 km. Current rating is 4.95.,,2025-05-09
2081,2081,Experienced leak detection with 6 years of experience. Speaks Hindi. Available to travel up to 39 km. Current rating is 4.84.,,2025-09-12
2082,2082,Experienced water tank installation with 13 years of experience. Speaks Malayalam. Available to travel up to 26 km. Current rating is 4.62.,,2025-11-17
2083,2083,Experienced concrete work with 20 years of experience. Speaks Kannada. Available to travel up to 23 km. Current rating is 4.75.,,2025-04-14
2084,2084,Experienced packers with 13 years of experience. Speaks English. Available to travel up to 8 km. Current rating is 4.14.,,2025-12-27
2085,2085,Experienced cook with 2 years of experience. Speaks Malayalam. Available to travel up to 26 km. Current rating is 3.94.,,2025-12-30
2086,2086,Experienced carpenter with 12 years of experience. Speaks Hindi. Available to travel up to 11 km. Current rating is 4.22.,,2025-01-02
2087,2087,Experienced pipe repair with 18 years of experience. Speaks Telugu. Available to travel up to 50 km. Current rating is 3.5.,,2025-12-17
2088,2088,Experienced alteration with 11 years of experience. Speaks Malayalam. Available to travel up to 39 km. Current rating is 4.26.,,2025-08-18
2089,2089,Experienced kitchen cleaning with 12 years of experience. Speaks Malayalam. Available to travel up to 47 km. Current rating is 4.58.,,2025-01-11
2090,2090,Experienced wood polishing with 7 years of experience. Speaks English. Available to travel up to 31 km. Current rating is 4.12.,,2025-01-17
2091,2091,Experienced movers with 20 years of experience. Speaks Tamil. Available to travel up to 6 km. Current rating is 4.43.,,2026-01-01
2092,2092,Experienced tailor with 1 years of experience. Speaks Hindi. Available to travel up to 41 km. Current rating is 4.38.,,2025-04-16
2093,2093,Experienced plumber with 0 years of experience. Speaks Malayalam. Available to travel up to 48 km. Current rating is 3.76.,,2025-07-13
2094,2094,Experienced lawn maintenance with 9 years of experience. Speaks Telugu. Available to travel up to 33 km. Current rating is 4.87.,,2025-02-17
2095,2095,Experienced ac repair with 0 years of experience. Speaks Malayalam. Available to travel up to 31 km. Current rating is 4.3.,,2025-07-28
2096,2096,Experienced tile installation with 16 years of experience. Speaks Hindi. Available to travel up to 35 km. Current rating is 4.34.,,2025-01-13
2097,2097,Experienced movers with 15 years of experience. Speaks Tamil. Available to travel up to 19 km. Current rating is 3.62.,,2025-07-21
2098,2098,Experienced wall painting with 12 years of experience. Speaks Tamil. Available to travel up to 49 km. Current rating is 4.49.,,2025-03-30
2099,2099,Experienced mason with 9 years of experience. Speaks Tamil. Available to travel up to 31 km. Current rating is 3.9.,,2025-04-13
2100,2100,Experienced ac installation with 10 years of experience. Speaks Kannada. Available to travel up to 39 km. Current rating is 3.58.,,2025-08-08
2101,2101,Experienced house wiring with 12 years of experience. Speaks Malayalam. Available to travel up to 13 km. Current rating is 4.62.,,2025-01-18
2102,2102,Experienced ac technician with 12 years of experience. Speaks English. Available to travel up to 37 km. Current rating is 4.59.,,2025-10-09
2103,2103,Experienced exterior painting with 14 years of experience. Speaks English. Available to travel up to 17 km. Current rating is 3.88.,,2025-05-07
2104,2104,Experienced wood polishing with 20 years of experience. Speaks Malayalam. Available to travel up to 25 km. Current rating is 4.26.,,2025-12-30
2105,2105,Experienced plumber with 2 years of experience. Speaks Malayalam. Available to travel up to 29 km. Current rating is 4.67.,,2025-04-21
2106,2106,Experienced beautician with 10 years of experience. Speaks Malayalam. Available to travel up to 45 km. Current rating is 4.15.,,2025-04-28
2107,2107,Experienced catering with 18 years of experience. Speaks Kannada. Available to travel up to 40 km. Current rating is 4.11.,,2025-08-14
2108,2108,Experienced wall painting with 18 years of experience. Speaks Tamil. Available to travel up to 48 km. Current rating is 3.75.,,2025-07-18
2109,2109,Experienced wall painting with 0 years of experience. Speaks Hindi. Available to travel up to 29 km. Current rating is 4.84.,,2025-07-23
2110,2110,Experienced cook with 19 years of experience. Speaks English. Available to travel up to 10 km. Current rating is 4.66.,,2025-12-26
2111,2111,Experienced tree trimming with 9 years of experience. Speaks English. Available to travel up to 20 km. Current rating is 3.64.,,2025-08-21
2112,2112,Experienced driver with 19 years of experience. Speaks Tamil. Available to travel up to 38 km. Current rating is 4.15.,,2025-05-03
2113,2113,Experienced fan installation with 1 years of experience. Speaks English. Available to travel up to 14 km. Current rating is 3.96.,,2025-01-24
2114,2114,Experienced security guard with 13 years of experience. Speaks English. Available to travel up to 29 km. Current rating is 4.85.,,2025-01-05
2115,2115,Experienced lawn maintenance with 11 years of experience. Speaks Kannada. Available to travel up to 20 km. Current rating is 4.09.,,2025-01-03
2116,2116,Experienced gardener with 11 years of experience. Speaks Kannada. Available to travel up to 37 km. Current rating is 3.57.,,2025-04-15
2117,2117,Experienced bathroom fitting with 11 years of experience. Speaks Telugu. Available to travel up to 35 km. Current rating is 4.98.,,2025-11-03
2118,2118,Experienced plumber with 18 years of experience. Speaks Tamil. Available to travel up to 11 km. Current rating is 3.69.,,2025-01-27
2119,2119,Experienced carpenter with 13 years of experience. Speaks Hindi. Available to travel up to 41 km. Current rating is 4.19.,,2025-01-22
2120,2120,Experienced water tank installation with 18 years of experience. Speaks Hindi. Available to travel up to 39 km. Current rating is 4.97.,,2025-02-10
2121,2121,Experienced catering with 10 years of experience. Speaks Kannada. Available to travel up to 27 km. Current rating is 4.11.,,2025-06-19
2122,2122,Experienced switch repair with 19 years of experience. Speaks Telugu. Available to travel up to 42 km. Current rating is 3.65.,,2025-07-24
2123,2123,Experienced wood polishing with 14 years of experience. Speaks Hindi. Available to travel up to 8 km. Current rating is 4.65.,,2025-03-18
2124,2124,Experienced washing machine repair with 0 years of experience. Speaks English. Available to travel up to 27 km. Current rating is 4.34.,,2025-01-15
2125,2125,Experienced microwave repair with 6 years of experience. Speaks Kannada. Available to travel up to 44 km. Current rating is 4.21.,,2025-05-10
2126,2126,Experienced microwave repair with 5 years of experience. Speaks Telugu. Available to travel up to 20 km. Current rating is 4.6.,,2025-06-11
2127,2127,Experienced door repair with 3 years of experience. Speaks Hindi. Available to travel up to 27 km. Current rating is 4.3.,,2025-03-10
2128,2128,Experienced gardener with 3 years of experience. Speaks English. Available to travel up to 19 km. Current rating is 4.79.,,2025-09-11
2129,2129,Experienced pipe repair with 12 years of experience. Speaks Hindi. Available to travel up to 47 km. Current rating is 4.99.,,2025-07-11
2130,2130,Experienced leak detection with 0 years of experience. Speaks Tamil. Available to travel up to 23 km. Current rating is 4.23.,,2025-11-19
2131,2131,Experienced pipe repair with 20 years of experience. Speaks Tamil. Available to travel up to 43 km. Current rating is 4.16.,,2025-03-31
2132,2132,Experienced lawn maintenance with 20 years of experience. Speaks English. Available to travel up to 47 km. Current rating is 4.52.,,2025-03-18
2133,2133,Experienced makeup artist with 4 years of experience. Speaks English. Available to travel up to 21 km. Current rating is 3.63.,,2025-12-05
2134,2134,Experienced door repair with 16 years of experience. Speaks Hindi. Available to travel up to 43 km. Current rating is 4.54.,,2025-12-21
2135,2135,Experienced fan installation with 8 years of experience. Speaks Hindi. Available to travel up to 37 km. Current rating is 4.9.,,2025-01-06
2136,2136,Experienced ac installation with 12 years of experience. Speaks Tamil. Available to travel up to 20 km. Current rating is 3.57.,,2025-12-12
2137,2137,Experienced hair stylist with 19 years of experience. Speaks Malayalam. Available to travel up to 21 km. Current rating is 3.65.,,2025-04-16
2138,2138,Experienced tree trimming with 11 years of experience. Speaks Kannada. Available to travel up to 31 km. Current rating is 3.5.,,2025-09-13
2139,2139,Experienced tv repair with 5 years of experience. Speaks Tamil. Available to travel up to 41 km. Current rating is 4.88.,,2025-05-24
2140,2140,Experienced security guard with 17 years of experience. Speaks Tamil. Available to travel up to 24 km. Current rating is 4.23.,,2025-01-02
2141,2141,Experienced cloth stitching with 14 years of experience. Speaks Kannada. Available to travel up to 39 km. Current rating is 4.71.,,2025-07-05
2142,2142,Experienced security guard with 7 years of experience. Speaks Telugu. Available to travel up to 8 km. Current rating is 3.67.,,2025-01-23
2143,2143,Experienced security guard with 17 years of experience. Speaks Malayalam. Available to travel up to 35 km. Current rating is 4.26.,,2025-07-26
2144,2144,Experienced packers with 11 years of experience. Speaks Tamil. Available to travel up to 32 km. Current rating is 3.93.,,2025-02-21
2145,2145,Experienced beautician with 2 years of experience. Speaks English. Available to travel up to 35 km. Current rating is 4.09.,,2025-04-22
2146,2146,Experienced house cleaning with 15 years of experience. Speaks Malayalam. Available to travel up to 37 km. Current rating is 4.68.,,2025-09-13
2147,2147,Experienced tree trimming with 6 years of experience. Speaks Tamil. Available to travel up to 30 km. Current rating is 4.2.,,2025-09-28
2148,2148,Experienced tree trimming with 13 years of experience. Speaks Telugu. Available to travel up to 50 km. Current rating is 3.56.,,2025-11-13
2149,2149,Experienced packers with 8 years of experience. Speaks Tamil. Available to travel up to 14 km. Current rating is 4.0.,,2025-09-17
2150,2150,Experienced deep cleaning with 19 years of experience. Speaks English. Available to travel up to 29 km. Current rating is 4.66.,,2025-10-09
2151,2151,Experienced water tank installation with 17 years of experience. Speaks Telugu. Available to travel up to 5 km. Current rating is 4.26.,,2025-12-18
2152,2152,Experienced security guard with 2 years of experience. Speaks Hindi. Available to travel up to 21 km. Current rating is 4.53.,,2025-12-18
2153,2153,Experienced tile installation with 12 years of experience. Speaks Kannada. Available to travel up to 40 km. Current rating is 4.32.,,2025-02-05
2154,2154,Experienced electrician with 14 years of experience. Speaks Malayalam. Available to travel up to 28 km. Current rating is 3.96.,,2025-08-02
2155,2155,Experienced interior painting with 9 years of experience. Speaks Kannada. Available to travel up to 37 km. Current rating is 4.83.,,2025-01-10
2156,2156,Experienced pipe repair with 5 years of experience. Speaks Malayalam. Available to travel up to 43 km. Current rating is 3.71.,,2025-10-20
2157,2157,Experienced beautician with 20 years of experience. Speaks Tamil. Available to travel up to 44 km. Current rating is 4.01.,,2025-05-24
2158,2158,Experienced ac technician with 16 years of experience. Speaks English. Available to travel up to 14 km. Current rating is 4.75.,,2025-08-26
2159,2159,Experienced hair stylist with 7 years of experience. Speaks Tamil. Available to travel up to 42 km. Current rating is 4.36.,,2025-06-27
2160,2160,Experienced bathroom fitting with 9 years of experience. Speaks English. Available to travel up to 8 km. Current rating is 4.87.,,2025-09-22
2161,2161,Experienced packers with 19 years of experience. Speaks Hindi. Available to travel up to 45 km. Current rating is 4.67.,,2025-10-25
2162,2162,Experienced ac installation with 0 years of experience. Speaks Hindi. Available to travel up to 12 km. Current rating is 4.47.,,2025-04-07
2163,2163,Experienced makeup artist with 2 years of experience. Speaks Tamil. Available to travel up to 37 km. Current rating is 4.97.,,2025-07-08
2164,2164,Experienced ac technician with 9 years of experience. Speaks Hindi. Available to travel up to 32 km. Current rating is 3.7.,,2025-03-04
2165,2165,Experienced driver with 2 years of experience. Speaks Hindi. Available to travel up to 15 km. Current rating is 4.48.,,2025-06-02
2166,2166,Experienced leak detection with 6 years of experience. Speaks Hindi. Available to travel up to 17 km. Current rating is 4.22.,,2025-06-30
2167,2167,Experienced switch repair with 4 years of experience. Speaks Malayalam. Available to travel up to 16 km. Current rating is 4.23.,,2025-07-14
2168,2168,Experienced mason with 20 years of experience. Speaks English. Available to travel up to 5 km. Current rating is 4.37.,,2025-12-27
2169,2169,Experienced electrician with 8 years of experience. Speaks Hindi. Available to travel up to 16 km. Current rating is 4.15.,,2025-06-03
2170,2170,Experienced kitchen cleaning with 1 years of experience. Speaks Kannada. Available to travel up to 31 km. Current rating is 4.22.,,2025-10-15
2171,2171,Experienced microwave repair with 20 years of experience. Speaks Malayalam. Available to travel up to 32 km. Current rating is 4.53.,,2025-06-09
2172,2172,Experienced driver with 17 years of experience. Speaks Kannada. Available to travel up to 40 km. Current rating is 4.2.,,2025-07-18
2173,2173,Experienced tile installation with 16 years of experience. Speaks Hindi. Available to travel up to 27 km. Current rating is 4.15.,,2025-10-13
2174,2174,Experienced security guard with 6 years of experience. Speaks Malayalam. Available to travel up to 38 km. Current rating is 4.37.,,2025-02-25
2175,2175,Experienced makeup artist with 18 years of experience. Speaks Tamil. Available to travel up to 10 km. Current rating is 3.64.,,2025-05-11
2176,2176,Experienced mason with 3 years of experience. Speaks English. Available to travel up to 11 km. Current rating is 4.33.,,2025-08-30
2177,2177,Experienced hair stylist with 14 years of experience. Speaks Tamil. Available to travel up to 45 km. Current rating is 4.38.,,2025-12-06
2178,2178,Experienced brick work with 3 years of experience. Speaks Telugu. Available to travel up to 17 km. Current rating is 4.24.,,2025-09-28
2179,2179,Experienced alteration with 8 years of experience. Speaks Malayalam. Available to travel up to 50 km. Current rating is 4.38.,,2025-11-09
2180,2180,Experienced catering with 1 years of experience. Speaks Tamil. Available to travel up to 19 km. Current rating is 4.39.,,2025-04-25
2181,2181,Experienced tv repair with 19 years of experience. Speaks Hindi. Available to travel up to 24 km. Current rating is 3.87.,,2025-08-29
2182,2182,Experienced gardener with 3 years of experience. Speaks Telugu. Available to travel up to 26 km. Current rating is 3.65.,,2025-09-28
2183,2183,Experienced tree trimming with 20 years of experience. Speaks Telugu. Available to travel up to 11 km. Current rating is 4.37.,,2025-07-07
2184,2184,Experienced furniture assembly with 8 years of experience. Speaks Malayalam. Available to travel up to 11 km. Current rating is 4.93.,,2025-03-14
2185,2185,Experienced driver with 6 years of experience. Speaks Hindi. Available to travel up to 14 km. Current rating is 4.03.,,2025-07-06
2186,2186,Experienced deep cleaning with 1 years of experience. Speaks Malayalam. Available to travel up to 14 km. Current rating is 4.76.,,2025-04-19
2187,2187,Experienced exterior painting with 18 years of experience. Speaks English. Available to travel up to 46 km. Current rating is 3.98.,,2025-09-21
2188,2188,Experienced switch repair with 11 years of experience. Speaks Hindi. Available to travel up to 36 km. Current rating is 3.85.,,2025-04-22
2189,2189,Experienced ac repair with 15 years of experience. Speaks Hindi. Available to travel up to 34 km. Current rating is 3.6.,,2025-05-01
2190,2190,Experienced wall painting with 15 years of experience. Speaks Hindi. Available to travel up to 46 km. Current rating is 4.34.,,2025-11-07
2191,2191,Experienced water tank installation with 16 years of experience. Speaks Telugu. Available to travel up to 23 km. Current rating is 3.68.,,2025-03-05
2192,2192,Experienced microwave repair with 10 years of experience. Speaks Kannada. Available to travel up to 38 km. Current rating is 3.71.,,2025-10-06
2193,2193,Experienced pipe repair with 2 years of experience. Speaks Hindi. Available to travel up to 42 km. Current rating is 3.56.,,2025-06-08
2194,2194,Experienced lawn maintenance with 0 years of experience. Speaks Malayalam. Available to travel up to 5 km. Current rating is 3.62.,,2025-10-13
2195,2195,Experienced leak detection with 16 years of experience. Speaks English. Available to travel up to 28 km. Current rating is 3.83.,,2025-12-05
2196,2196,Experienced water tank installation with 0 years of experience. Speaks Kannada. Available to travel up to 43 km. Current rating is 4.3.,,2025-10-21
2197,2197,Experienced packers with 6 years of experience. Speaks Hindi. Available to travel up to 26 km. Current rating is 4.36.,,2025-10-21
2198,2198,Experienced furniture assembly with 3 years of experience. Speaks Hindi. Available to travel up to 36 km. Current rating is 4.99.,,2025-06-05
2199,2199,Experienced gardener with 9 years of experience. Speaks Kannada. Available to travel up to 18 km. Current rating is 4.05.,,2025-09-24
2200,2200,Experienced brick work with 4 years of experience. Speaks Tamil. Available to travel up to 38 km. Current rating is 4.16.,,2025-03-02
2201,2201,Experienced furniture assembly with 4 years of experience. Speaks Kannada. Available to travel up to 32 km. Current rating is 4.87.,,2025-01-13
2202,2202,Experienced tv repair with 8 years of experience. Speaks Malayalam. Available to travel up to 6 km. Current rating is 4.32.,,2025-10-04
2203,2203,Experienced kitchen cleaning with 17 years of experience. Speaks Telugu. Available to travel up to 10 km. Current rating is 4.25.,,2025-03-10
2204,2204,Experienced brick work with 15 years of experience. Speaks Telugu. Available to travel up to 48 km. Current rating is 4.13.,,2025-01-24
2205,2205,Experienced door repair with 16 years of experience. Speaks Malayalam. Available to travel up to 5 km. Current rating is 3.78.,,2025-12-28
2206,2206,Experienced bathroom cleaning with 10 years of experience. Speaks English. Available to travel up to 19 km. Current rating is 4.94.,,2025-03-29
2207,2207,Experienced tailor with 16 years of experience. Speaks Telugu. Available to travel up to 29 km. Current rating is 3.73.,,2025-03-27
2208,2208,Experienced alteration with 7 years of experience. Speaks Tamil. Available to travel up to 45 km. Current rating is 4.36.,,2025-02-10
2209,2209,Experienced cook with 15 years of experience. Speaks Kannada. Available to travel up to 34 km. Current rating is 3.95.,,2025-02-25
2210,2210,Experienced exterior painting with 13 years of experience. Speaks Tamil. Available to travel up to 26 km. Current rating is 4.56.,,2025-12-29
2211,2211,Experienced alteration with 8 years of experience. Speaks English. Available to travel up to 13 km. Current rating is 4.51.,,2025-04-15
2212,2212,Experienced ac installation with 5 years of experience. Speaks Tamil. Available to travel up to 32 km. Current rating is 3.81.,,2025-07-12
2213,2213,Experienced house cleaning with 12 years of experience. Speaks Kannada. Available to travel up to 32 km. Current rating is 5.0.,,2025-07-18
2214,2214,Experienced water tank installation with 11 years of experience. Speaks Malayalam. Available to travel up to 14 km. Current rating is 3.87.,,2025-11-10
2215,2215,Experienced carpenter with 0 years of experience. Speaks Malayalam. Available to travel up to 16 km. Current rating is 3.72.,,2025-12-26
2216,2216,Experienced catering with 16 years of experience. Speaks Tamil. Available to travel up to 50 km. Current rating is 4.33.,,2025-01-17
2217,2217,Experienced electrician with 20 years of experience. Speaks Telugu. Available to travel up to 30 km. Current rating is 4.74.,,2025-04-30
2218,2218,Experienced switch repair with 18 years of experience. Speaks Tamil. Available to travel up to 38 km. Current rating is 3.82.,,2025-04-04
2219,2219,Experienced makeup artist with 3 years of experience. Speaks Kannada. Available to travel up to 34 km. Current rating is 4.62.,,2025-01-01
2220,2220,Experienced washing machine repair with 16 years of experience. Speaks Malayalam. Available to travel up to 12 km. Current rating is 4.51.,,2025-10-27
2221,2221,Experienced makeup artist with 15 years of experience. Speaks Kannada. Available to travel up to 33 km. Current rating is 4.05.,,2025-11-21
2222,2222,Experienced house cleaning with 6 years of experience. Speaks Malayalam. Available to travel up to 40 km. Current rating is 4.77.,,2025-03-16
2223,2223,Experienced ac installation with 6 years of experience. Speaks Malayalam. Available to travel up to 27 km. Current rating is 4.13.,,2025-02-23
2224,2224,Experienced beautician with 10 years of experience. Speaks Tamil. Available to travel up to 25 km. Current rating is 4.83.,,2025-08-10
2225,2225,Experienced brick work with 16 years of experience. Speaks Hindi. Available to travel up to 17 km. Current rating is 4.74.,,2025-08-04
2226,2226,Experienced refrigerator repair with 7 years of experience. Speaks Malayalam. Available to travel up to 16 km. Current rating is 4.35.,,2025-03-23
2227,2227,Experienced mason with 20 years of experience. Speaks Kannada. Available to travel up to 16 km. Current rating is 4.91.,,2025-04-23
2228,2228,Experienced house cleaning with 11 years of experience. Speaks English. Available to travel up to 44 km. Current rating is 3.81.,,2025-01-08
2229,2229,Experienced beautician with 20 years of experience. Speaks Malayalam. Available to travel up to 37 km. Current rating is 3.75.,,2025-01-14
2230,2230,Experienced bathroom fitting with 19 years of experience. Speaks Hindi. Available to travel up to 43 km. Current rating is 4.14.,,2025-04-15
2231,2231,Experienced refrigerator repair with 16 years of experience. Speaks Kannada. Available to travel up to 38 km. Current rating is 4.05.,,2025-03-21
2232,2232,Experienced concrete work with 13 years of experience. Speaks Tamil. Available to travel up to 17 km. Current rating is 3.67.,,2025-03-09
2233,2233,Experienced wood polishing with 8 years of experience. Speaks Malayalam. Available to travel up to 7 km. Current rating is 3.75.,,2025-01-20
2234,2234,Experienced packers with 1 years of experience. Speaks Tamil. Available to travel up to 20 km. Current rating is 5.0.,,2025-08-26
2235,2235,Experienced beautician with 10 years of experience. Speaks Hindi. Available to travel up to 9 km. Current rating is 4.08.,,2025-06-22
2236,2236,Experienced cook with 16 years of experience. Speaks Hindi. Available to travel up to 8 km. Current rating is 4.94.,,2025-11-04
2237,2237,Experienced bathroom fitting with 5 years of experience. Speaks Kannada. Available to travel up to 7 km. Current rating is 4.99.,,2025-02-24
2238,2238,Experienced bathroom cleaning with 4 years of experience. Speaks Kannada. Available to travel up to 30 km. Current rating is 4.77.,,2025-01-25
2239,2239,Experienced deep cleaning with 13 years of experience. Speaks Kannada. Available to travel up to 32 km. Current rating is 4.62.,,2025-03-08
2240,2240,Experienced ac installation with 0 years of experience. Speaks English. Available to travel up to 46 km. Current rating is 4.6.,,2025-03-08
2241,2241,Experienced ac repair with 0 years of experience. Speaks Telugu. Available to travel up to 40 km. Current rating is 4.68.,,2025-04-17
2242,2242,Experienced movers with 12 years of experience. Speaks Telugu. Available to travel up to 36 km. Current rating is 3.96.,,2025-12-09
2243,2243,Experienced movers with 7 years of experience. Speaks English. Available to travel up to 20 km. Current rating is 4.19.,,2025-01-08
2244,2244,Experienced kitchen cleaning with 13 years of experience. Speaks Malayalam. Available to travel up to 36 km. Current rating is 4.99.,,2025-07-24
2245,2245,Experienced gardener with 7 years of experience. Speaks Telugu. Available to travel up to 44 km. Current rating is 4.27.,,2025-12-01
2246,2246,Experienced tile installation with 17 years of experience. Speaks Kannada. Available to travel up to 49 km. Current rating is 4.65.,,2025-01-27
2247,2247,Experienced leak detection with 8 years of experience. Speaks Kannada. Available to travel up to 27 km. Current rating is 4.21.,,2025-11-15
2248,2248,Experienced exterior painting with 12 years of experience. Speaks Tamil. Available to travel up to 26 km. Current rating is 4.1.,,2025-06-11
2249,2249,Experienced alteration with 10 years of experience. Speaks Kannada. Available to travel up to 37 km. Current rating is 4.45.,,2025-09-09
2250,2250,Experienced kitchen cleaning with 8 years of experience. Speaks English. Available to travel up to 5 km. Current rating is 4.88.,,2025-03-15
2251,2251,Experienced refrigerator repair with 19 years of experience. Speaks Hindi. Available to travel up to 9 km. Current rating is 4.38.,,2025-01-24
2252,2252,Experienced deep cleaning with 8 years of experience. Speaks Tamil. Available to travel up to 47 km. Current rating is 4.22.,,2025-07-30
2253,2253,Experienced movers with 11 years of experience. Speaks English. Available to travel up to 9 km. Current rating is 4.0.,,2025-12-31
2254,2254,Experienced ac technician with 10 years of experience. Speaks Telugu. Available to travel up to 19 km. Current rating is 4.02.,,2025-12-06
2255,2255,Experienced alteration with 9 years of experience. Speaks Malayalam. Available to travel up to 27 km. Current rating is 3.93.,,2025-01-26
2256,2256,Experienced house cleaning with 0 years of experience. Speaks Hindi. Available to travel up to 6 km. Current rating is 4.44.,,2025-10-29
2257,2257,Experienced alteration with 11 years of experience. Speaks English. Available to travel up to 13 km. Current rating is 4.08.,,2025-10-23
2258,2258,Experienced ac repair with 4 years of experience. Speaks Hindi. Available to travel up to 9 km. Current rating is 3.78.,,2025-06-24
2259,2259,Experienced ac technician with 5 years of experience. Speaks Tamil. Available to travel up to 37 km. Current rating is 4.82.,,2025-11-26
2260,2260,Experienced gardener with 2 years of experience. Speaks English. Available to travel up to 42 km. Current rating is 3.88.,,2025-12-09
2261,2261,Experienced door repair with 16 years of experience. Speaks Hindi. Available to travel up to 33 km. Current rating is 3.57.,,2025-03-27
2262,2262,Experienced water tank installation with 14 years of experience. Speaks Hindi. Available to travel up to 41 km. Current rating is 4.12.,,2025-08-04
2263,2263,Experienced furniture assembly with 8 years of experience. Speaks Telugu. Available to travel up to 28 km. Current rating is 4.81.,,2025-09-23
2264,2264,Experienced cook with 20 years of experience. Speaks Hindi. Available to travel up to 15 km. Current rating is 4.19.,,2025-09-07
2265,2265,Experienced furniture assembly with 16 years of experience. Speaks Kannada. Available to travel up to 23 km. Current rating is 4.75.,,2025-11-21
2266,2266,Experienced interior painting with 15 years of experience. Speaks English. Available to travel up to 10 km. Current rating is 4.73.,,2025-06-10
2267,2267,Experienced exterior painting with 8 years of experience. Speaks Telugu. Available to travel up to 38 km. Current rating is 4.35.,,2025-11-03
2268,2268,Experienced hair stylist with 13 years of experience. Speaks Telugu. Available to travel up to 37 km. Current rating is 4.04.,,2025-06-28
2269,2269,Experienced packers with 17 years of experience. Speaks Malayalam. Available to travel up to 26 km. Current rating is 3.94.,,2025-03-26
2270,2270,Experienced plumber with 7 years of experience. Speaks Hindi. Available to travel up to 22 km. Current rating is 3.53.,,2025-12-26
2271,2271,Experienced hair stylist with 15 years of experience. Speaks Tamil. Available to travel up to 48 km. Current rating is 4.17.,,2025-09-13
2272,2272,Experienced cloth stitching with 4 years of experience. Speaks Telugu. Available to travel up to 35 km. Current rating is 4.85.,,2025-11-02
2273,2273,Experienced hair stylist with 12 years of experience. Speaks Malayalam. Available to travel up to 26 km. Current rating is 4.1.,,2025-01-28
2274,2274,Experienced wall painting with 8 years of experience. Speaks Malayalam. Available to travel up to 27 km. Current rating is 3.98.,,2025-09-06
2275,2275,Experienced kitchen cleaning with 15 years of experience. Speaks Hindi. Available to travel up to 10 km. Current rating is 4.01.,,2025-11-23
2276,2276,Experienced tree trimming with 4 years of experience. Speaks English. Available to travel up to 6 km. Current rating is 4.66.,,2025-12-27
2277,2277,Experienced wall painting with 16 years of experience. Speaks Kannada. Available to travel up to 10 km. Current rating is 4.24.,,2025-04-19
2278,2278,Experienced bathroom cleaning with 4 years of experience. Speaks Hindi. Available to travel up to 14 km. Current rating is 4.48.,,2025-02-07
2279,2279,Experienced kitchen cleaning with 19 years of experience. Speaks Tamil. Available to travel up to 24 km. Current rating is 4.93.,,2025-08-27
2280,2280,Experienced carpenter with 12 years of experience. Speaks English. Available to travel up to 46 km. Current rating is 3.86.,,2025-03-06
2281,2281,Experienced interior painting with 16 years of experience. Speaks Hindi. Available to travel up to 31 km. Current rating is 4.48.,,2025-03-21
2282,2282,Experienced painter with 14 years of experience. Speaks Kannada. Available to travel up to 48 km. Current rating is 4.39.,,2025-03-19
2283,2283,Experienced tv repair with 9 years of experience. Speaks English. Available to travel up to 12 km. Current rating is 4.06.,,2025-10-01
2284,2284,Experienced wall painting with 13 years of experience. Speaks Malayalam. Available to travel up to 10 km. Current rating is 3.84.,,2025-05-20
2285,2285,Experienced painter with 14 years of experience. Speaks Tamil. Available to travel up to 36 km. Current rating is 4.01.,,2025-05-27
2286,2286,Experienced security guard with 14 years of experience. Speaks Hindi. Available to travel up to 41 km. Current rating is 4.28.,,2025-09-12
2287,2287,Experienced kitchen cleaning with 3 years of experience. Speaks English. Available to travel up to 13 km. Current rating is 3.91.,,2025-06-27
2288,2288,Experienced driver with 19 years of experience. Speaks Telugu. Available to travel up to 45 km. Current rating is 4.79.,,2025-02-03
2289,2289,Experienced furniture assembly with 19 years of experience. Speaks Tamil. Available to travel up to 8 km. Current rating is 4.55.,,2025-05-15
2290,2290,Experienced ac installation with 5 years of experience. Speaks Telugu. Available to travel up to 14 km. Current rating is 4.04.,,2025-12-05
2291,2291,Experienced plumber with 16 years of experience. Speaks Hindi. Available to travel up to 39 km. Current rating is 4.84.,,2025-04-16
2292,2292,Experienced beautician with 20 years of experience. Speaks English. Available to travel up to 28 km. Current rating is 4.96.,,2025-09-29
2293,2293,Experienced makeup artist with 9 years of experience. Speaks English. Available to travel up to 18 km. Current rating is 4.17.,,2025-02-09
2294,2294,Experienced leak detection with 13 years of experience. Speaks Hindi. Available to travel up to 16 km. Current rating is 4.0.,,2025-12-21
2295,2295,Experienced door repair with 7 years of experience. Speaks Malayalam. Available to travel up to 12 km. Current rating is 4.97.,,2025-02-26
2296,2296,Experienced door repair with 2 years of experience. Speaks Kannada. Available to travel up to 24 km. Current rating is 4.26.,,2025-01-17
2297,2297,Experienced cloth stitching with 0 years of experience. Speaks Malayalam. Available to travel up to 50 km. Current rating is 4.93.,,2025-06-11
2298,2298,Experienced ac repair with 20 years of experience. Speaks English. Available to travel up to 50 km. Current rating is 4.36.,,2025-12-30
2299,2299,Experienced tailor with 6 years of experience. Speaks Tamil. Available to travel up to 9 km. Current rating is 4.89.,,2025-02-28
2300,2300,Experienced microwave repair with 2 years of experience. Speaks Hindi. Available to travel up to 40 km. Current rating is 4.55.,,2025-02-21
2301,2301,Experienced movers with 8 years of experience. Speaks Kannada. Available to travel up to 16 km. Current rating is 4.03.,,2025-11-18
2302,2302,Experienced exterior painting with 6 years of experience. Speaks English. Available to travel up to 6 km. Current rating is 4.68.,,2025-12-23
2303,2303,Experienced fan installation with 14 years of experience. Speaks Telugu. Available to travel up to 25 km. Current rating is 4.78.,,2025-03-09
2304,2304,Experienced brick work with 14 years of experience. Speaks Kannada. Available to travel up to 44 km. Current rating is 4.4.,,2025-02-19
2305,2305,Experienced wall painting with 4 years of experience. Speaks Tamil. Available to travel up to 39 km. Current rating is 4.97.,,2025-07-13
2306,2306,Experienced movers with 3 years of experience. Speaks Kannada. Available to travel up to 49 km. Current rating is 4.61.,,2025-05-15
2307,2307,Experienced electrician with 6 years of experience. Speaks Telugu. Available to travel up to 27 km. Current rating is 3.86.,,2025-08-14
2308,2308,Experienced deep cleaning with 11 years of experience. Speaks Hindi. Available to travel up to 12 km. Current rating is 3.88.,,2025-12-07
2309,2309,Experienced tailor with 6 years of experience. Speaks English. Available to travel up to 22 km. Current rating is 3.76.,,2025-06-26
2310,2310,Experienced deep cleaning with 19 years of experience. Speaks English. Available to travel up to 50 km. Current rating is 4.15.,,2025-05-22
2311,2311,Experienced security guard with 15 years of experience. Speaks English. Available to travel up to 48 km. Current rating is 3.8.,,2025-05-07
2312,2312,Experienced mason with 18 years of experience. Speaks Tamil. Available to travel up to 11 km. Current rating is 3.74.,,2025-03-11
2313,2313,Experienced driver with 16 years of experience. Speaks Hindi. Available to travel up to 5 km. Current rating is 4.62.,,2025-05-16
2314,2314,Experienced hair stylist with 4 years of experience. Speaks Telugu. Available to travel up to 34 km. Current rating is 3.6.,,2025-09-19
2315,2315,Experienced painter with 4 years of experience. Speaks English. Available to travel up to 14 km. Current rating is 4.74.,,2025-12-08
2316,2316,Experienced kitchen cleaning with 8 years of experience. Speaks Malayalam. Available to travel up to 11 km. Current rating is 4.19.,,2025-04-28
2317,2317,Experienced leak detection with 14 years of experience. Speaks Kannada. Available to travel up to 39 km. Current rating is 4.52.,,2025-08-25
2318,2318,Experienced packers with 2 years of experience. Speaks Malayalam. Available to travel up to 31 km. Current rating is 4.29.,,2025-08-29
2319,2319,Experienced exterior painting with 17 years of experience. Speaks English. Available to travel up to 7 km. Current rating is 4.8.,,2025-06-28
2320,2320,Experienced exterior painting with 0 years of experience. Speaks Hindi. Available to travel up to 30 km. Current rating is 3.73.,,2025-01-23
2321,2321,Experienced ac technician with 10 years of experience. Speaks Malayalam. Available to travel up to 6 km. Current rating is 3.78.,,2025-07-04
2322,2322,Experienced tailor with 7 years of experience. Speaks Tamil. Available to travel up to 20 km. Current rating is 4.9.,,2025-05-05
2323,2323,Experienced wood polishing with 6 years of experience. Speaks Malayalam. Available to travel up to 30 km. Current rating is 4.29.,,2025-11-27
2324,2324,Experienced door repair with 0 years of experience. Speaks Telugu. Available to travel up to 18 km. Current rating is 3.86.,,2025-04-12
2325,2325,Experienced security guard with 7 years of experience. Speaks Kannada. Available to travel up to 9 km. Current rating is 3.66.,,2025-12-31
2326,2326,Experienced washing machine repair with 19 years of experience. Speaks English. Available to travel up to 33 km. Current rating is 4.99.,,2025-01-16
2327,2327,Experienced catering with 18 years of experience. Speaks Tamil. Available to travel up to 43 km. Current rating is 3.87.,,2025-10-29
2328,2328,Experienced house wiring with 17 years of experience. Speaks English. Available to travel up to 27 km. Current rating is 4.73.,,2025-05-08
2329,2329,Experienced packers with 11 years of experience. Speaks Malayalam. Available to travel up to 10 km. Current rating is 4.01.,,2025-03-04
2330,2330,Experienced wall painting with 4 years of experience. Speaks Telugu. Available to travel up to 29 km. Current rating is 3.51.,,2025-03-29
2331,2331,Experienced exterior painting with 11 years of experience. Speaks Hindi. Available to travel up to 38 km. Current rating is 4.38.,,2025-10-29
2332,2332,Experienced cook with 17 years of experience. Speaks English. Available to travel up to 24 km. Current rating is 3.96.,,2025-12-25
2333,2333,Experienced packers with 2 years of experience. Speaks Malayalam. Available to travel up to 14 km. Current rating is 3.88.,,2025-07-02
2334,2334,Experienced beautician with 15 years of experience. Speaks Tamil. Available to travel up to 32 km. Current rating is 3.87.,,2025-03-10
2335,2335,Experienced ac repair with 2 years of experience. Speaks Hindi. Available to travel up to 11 km. Current rating is 4.79.,,2025-05-08
2336,2336,Experienced alteration with 8 years of experience. Speaks Hindi. Available to travel up to 34 km. Current rating is 4.18.,,2025-01-20
2337,2337,Experienced catering with 5 years of experience. Speaks English. Available to travel up to 13 km. Current rating is 4.68.,,2025-01-20
2338,2338,Experienced beautician with 8 years of experience. Speaks Kannada. Available to travel up to 11 km. Current rating is 3.79.,,2025-11-01
2339,2339,Experienced house cleaning with 8 years of experience. Speaks Hindi. Available to travel up to 41 km. Current rating is 3.73.,,2025-11-16
2340,2340,Experienced tree trimming with 14 years of experience. Speaks Malayalam. Available to travel up to 15 km. Current rating is 4.37.,,2025-09-01
2341,2341,Experienced tv repair with 13 years of experience. Speaks Telugu. Available to travel up to 48 km. Current rating is 3.51.,,2025-03-08
2342,2342,Experienced tile installation with 11 years of experience. Speaks English. Available to travel up to 30 km. Current rating is 4.53.,,2025-02-28
2343,2343,Experienced tile installation with 18 years of experience. Speaks Malayalam. Available to travel up to 19 km. Current rating is 3.84.,,2025-04-16
2344,2344,Experienced ac repair with 6 years of experience. Speaks English. Available to travel up to 18 km. Current rating is 4.01.,,2025-03-12
2345,2345,Experienced house wiring with 14 years of experience. Speaks Kannada. Available to travel up to 44 km. Current rating is 4.7.,,2025-09-07
2346,2346,Experienced beautician with 7 years of experience. Speaks Kannada. Available to travel up to 25 km. Current rating is 4.62.,,2025-06-20
2347,2347,Experienced bathroom cleaning with 14 years of experience. Speaks Kannada. Available to travel up to 45 km. Current rating is 4.98.,,2025-07-19
2348,2348,Experienced furniture assembly with 5 years of experience. Speaks Tamil. Available to travel up to 12 km. Current rating is 4.82.,,2025-06-20
2349,2349,Experienced bathroom cleaning with 13 years of experience. Speaks Hindi. Available to travel up to 8 km. Current rating is 3.84.,,2025-12-15
2350,2350,Experienced door repair with 2 years of experience. Speaks Malayalam. Available to travel up to 42 km. Current rating is 4.19.,,2025-06-12
2351,2351,Experienced cook with 14 years of experience. Speaks Hindi. Available to travel up to 19 km. Current rating is 4.51.,,2025-10-28
2352,2352,Experienced door repair with 15 years of experience. Speaks Hindi. Available to travel up to 22 km. Current rating is 4.5.,,2025-09-24
2353,2353,Experienced tv repair with 7 years of experience. Speaks Tamil. Available to travel up to 5 km. Current rating is 3.75.,,2025-10-26
2354,2354,Experienced beautician with 12 years of experience. Speaks Malayalam. Available to travel up to 24 km. Current rating is 4.03.,,2025-10-01
2355,2355,Experienced wood polishing with 18 years of experience. Speaks English. Available to travel up to 19 km. Current rating is 3.51.,,2025-07-16
2356,2356,Experienced refrigerator repair with 18 years of experience. Speaks Tamil. Available to travel up to 28 km. Current rating is 4.76.,,2025-01-10
2357,2357,Experienced wall painting with 2 years of experience. Speaks Malayalam. Available to travel up to 22 km. Current rating is 4.74.,,2025-07-25
2358,2358,Experienced security guard with 4 years of experience. Speaks Telugu. Available to travel up to 38 km. Current rating is 4.66.,,2025-05-16
2359,2359,Experienced movers with 17 years of experience. Speaks Telugu. Available to travel up to 23 km. Current rating is 4.05.,,2025-11-18
2360,2360,Experienced beautician with 18 years of experience. Speaks Tamil. Available to travel up to 26 km. Current rating is 4.25.,,2025-07-10
2361,2361,Experienced tile installation with 8 years of experience. Speaks Telugu. Available to travel up to 28 km. Current rating is 4.64.,,2025-02-02
2362,2362,Experienced leak detection with 7 years of experience. Speaks Kannada. Available to travel up to 26 km. Current rating is 4.09.,,2025-11-18
2363,2363,Experienced interior painting with 12 years of experience. Speaks Malayalam. Available to travel up to 35 km. Current rating is 3.61.,,2025-08-21
2364,2364,Experienced painter with 3 years of experience. Speaks English. Available to travel up to 24 km. Current rating is 3.83.,,2025-09-10
2365,2365,Experienced interior painting with 9 years of experience. Speaks Tamil. Available to travel up to 28 km. Current rating is 4.49.,,2025-02-11
2366,2366,Experienced wood polishing with 18 years of experience. Speaks English. Available to travel up to 9 km. Current rating is 4.17.,,2025-03-10
2367,2367,Experienced packers with 16 years of experience. Speaks Hindi. Available to travel up to 18 km. Current rating is 3.76.,,2025-01-02
2368,2368,Experienced water tank installation with 15 years of experience. Speaks English. Available to travel up to 38 km. Current rating is 3.57.,,2025-10-21
2369,2369,Experienced tile installation with 9 years of experience. Speaks Telugu. Available to travel up to 39 km. Current rating is 3.8.,,2025-01-25
2370,2370,Experienced security guard with 19 years of experience. Speaks Hindi. Available to travel up to 10 km. Current rating is 3.56.,,2025-09-02
2371,2371,Experienced driver with 13 years of experience. Speaks Hindi. Available to travel up to 14 km. Current rating is 4.08.,,2025-06-23
2372,2372,Experienced tile installation with 11 years of experience. Speaks Kannada. Available to travel up to 11 km. Current rating is 3.85.,,2025-06-14
2373,2373,Experienced movers with 10 years of experience. Speaks Telugu. Available to travel up to 23 km. Current rating is 3.82.,,2025-07-10
2374,2374,Experienced microwave repair with 0 years of experience. Speaks Kannada. Available to travel up to 48 km. Current rating is 4.63.,,2025-06-13
2375,2375,Experienced light installation with 10 years of experience. Speaks Telugu. Available to travel up to 45 km. Current rating is 4.65.,,2025-06-09
2376,2376,Experienced switch repair with 1 years of experience. Speaks Telugu. Available to travel up to 16 km. Current rating is 4.94.,,2025-01-29
2377,2377,Experienced wall painting with 20 years of experience. Speaks Kannada. Available to travel up to 39 km. Current rating is 4.57.,,2025-01-10
2378,2378,Experienced ac technician with 7 years of experience. Speaks Tamil. Available to travel up to 44 km. Current rating is 4.87.,,2025-10-24
2379,2379,Experienced carpenter with 4 years of experience. Speaks Malayalam. Available to travel up to 25 km. Current rating is 4.38.,,2025-12-25
2380,2380,Experienced house wiring with 3 years of experience. Speaks Malayalam. Available to travel up to 47 km. Current rating is 4.1.,,2025-04-23
2381,2381,Experienced carpenter with 18 years of experience. Speaks Hindi. Available to travel up to 30 km. Current rating is 3.96.,,2025-09-20
2382,2382,Experienced makeup artist with 17 years of experience. Speaks Malayalam. Available to travel up to 13 km. Current rating is 4.14.,,2025-12-06
2383,2383,Experienced exterior painting with 13 years of experience. Speaks Telugu. Available to travel up to 25 km. Current rating is 3.62.,,2025-07-28
2384,2384,Experienced beautician with 19 years of experience. Speaks Tamil. Available to travel up to 7 km. Current rating is 4.78.,,2025-06-12
2385,2385,Experienced electrician with 4 years of experience. Speaks Tamil. Available to travel up to 30 km. Current rating is 3.8.,,2025-03-06
2386,2386,Experienced deep cleaning with 17 years of experience. Speaks Hindi. Available to travel up to 38 km. Current rating is 3.69.,,2025-05-01
2387,2387,Experienced ac installation with 2 years of experience. Speaks Kannada. Available to travel up to 50 km. Current rating is 3.72.,,2025-09-26
2388,2388,Experienced mason with 1 years of experience. Speaks Telugu. Available to travel up to 13 km. Current rating is 3.71.,,2025-09-29
2389,2389,Experienced deep cleaning with 16 years of experience. Speaks Malayalam. Available to travel up to 34 km. Current rating is 4.15.,,2025-03-16
2390,2390,Experienced switch repair with 13 years of experience. Speaks Malayalam. Available to travel up to 10 km. Current rating is 4.94.,,2025-10-20
2391,2391,Experienced refrigerator repair with 7 years of experience. Speaks Hindi. Available to travel up to 28 km. Current rating is 4.93.,,2025-02-18
2392,2392,Experienced leak detection with 1 years of experience. Speaks English. Available to travel up to 37 km. Current rating is 3.82.,,2025-04-12
2393,2393,Experienced mason with 2 years of experience. Speaks English. Available to travel up to 11 km. Current rating is 4.1.,,2025-08-28
2394,2394,Experienced beautician with 9 years of experience. Speaks English. Available to travel up to 27 km. Current rating is 4.02.,,2025-02-10
2395,2395,Experienced tailor with 8 years of experience. Speaks Malayalam. Available to travel up to 13 km. Current rating is 4.24.,,2025-06-18
2396,2396,Experienced microwave repair with 12 years of experience. Speaks Tamil. Available to travel up to 27 km. Current rating is 4.44.,,2025-11-17
2397,2397,Experienced microwave repair with 17 years of experience. Speaks Hindi. Available to travel up to 36 km. Current rating is 4.49.,,2025-11-21
2398,2398,Experienced tailor with 6 years of experience. Speaks Tamil. Available to travel up to 48 km. Current rating is 4.26.,,2025-02-10
2399,2399,Experienced security guard with 10 years of experience. Speaks Malayalam. Available to travel up to 43 km. Current rating is 4.62.,,2025-11-25
2400,2400,Experienced house cleaning with 10 years of experience. Speaks Kannada. Available to travel up to 45 km. Current rating is 4.71.,,2025-08-07
2401,2401,Experienced refrigerator repair with 11 years of experience. Speaks Kannada. Available to travel up to 32 km. Current rating is 4.98.,,2025-05-31
2402,2402,Experienced painter with 14 years of experience. Speaks Telugu. Available to travel up to 16 km. Current rating is 3.87.,,2025-01-12
2403,2403,Experienced concrete work with 20 years of experience. Speaks Malayalam. Available to travel up to 28 km. Current rating is 4.47.,,2025-06-15
2404,2404,Experienced hair stylist with 13 years of experience. Speaks Kannada. Available to travel up to 23 km. Current rating is 4.24.,,2025-02-10
2405,2405,Experienced mason with 5 years of experience. Speaks Kannada. Available to travel up to 27 km. Current rating is 3.77.,,2025-08-27
2406,2406,Experienced kitchen cleaning with 11 years of experience. Speaks Tamil. Available to travel up to 43 km. Current rating is 4.46.,,2025-11-26
2407,2407,Experienced bathroom fitting with 19 years of experience. Speaks Malayalam. Available to travel up to 48 km. Current rating is 4.61.,,2025-05-30
2408,2408,Experienced mason with 13 years of experience. Speaks Telugu. Available to travel up to 13 km. Current rating is 4.02.,,2025-01-15
2409,2409,Experienced ac technician with 14 years of experience. Speaks Kannada. Available to travel up to 5 km. Current rating is 4.1.,,2025-02-26
2410,2410,Experienced leak detection with 16 years of experience. Speaks Hindi. Available to travel up to 45 km. Current rating is 4.5.,,2025-08-26
2411,2411,Experienced door repair with 4 years of experience. Speaks Tamil. Available to travel up to 37 km. Current rating is 3.56.,,2025-07-05
2412,2412,Experienced brick work with 2 years of experience. Speaks Tamil. Available to travel up to 29 km. Current rating is 4.43.,,2025-12-02
2413,2413,Experienced switch repair with 18 years of experience. Speaks English. Available to travel up to 35 km. Current rating is 3.72.,,2025-07-15
2414,2414,Experienced furniture assembly with 18 years of experience. Speaks Tamil. Available to travel up to 37 km. Current rating is 3.51.,,2025-12-30
2415,2415,Experienced makeup artist with 4 years of experience. Speaks Malayalam. Available to travel up to 5 km. Current rating is 4.9.,,2025-08-09
2416,2416,Experienced house wiring with 15 years of experience. Speaks Tamil. Available to travel up to 25 km. Current rating is 4.59.,,2025-06-05
2417,2417,Experienced security guard with 3 years of experience. Speaks English. Available to travel up to 23 km. Current rating is 4.69.,,2025-08-09
2418,2418,Experienced beautician with 9 years of experience. Speaks Hindi. Available to travel up to 23 km. Current rating is 3.54.,,2025-09-11
2419,2419,Experienced tile installation with 17 years of experience. Speaks Tamil. Available to travel up to 22 km. Current rating is 4.41.,,2025-04-26
2420,2420,Experienced tree trimming with 3 years of experience. Speaks English. Available to travel up to 26 km. Current rating is 4.01.,,2025-01-08
2421,2421,Experienced tailor with 9 years of experience. Speaks Kannada. Available to travel up to 22 km. Current rating is 4.24.,,2025-01-19
2422,2422,Experienced catering with 9 years of experience. Speaks Telugu. Available to travel up to 34 km. Current rating is 3.73.,,2025-06-30
2423,2423,Experienced bathroom cleaning with 13 years of experience. Speaks Telugu. Available to travel up to 18 km. Current rating is 4.07.,,2025-10-01
2424,2424,Experienced cloth stitching with 1 years of experience. Speaks Telugu. Available to travel up to 48 km. Current rating is 4.14.,,2025-08-09
2425,2425,Experienced packers with 13 years of experience. Speaks English. Available to travel up to 41 km. Current rating is 4.78.,,2025-04-23
2426,2426,Experienced fan installation with 8 years of experience. Speaks Tamil. Available to travel up to 32 km. Current rating is 4.54.,,2025-02-24
2427,2427,Experienced beautician with 2 years of experience. Speaks Hindi. Available to travel up to 47 km. Current rating is 4.06.,,2025-05-26
2428,2428,Experienced packers with 3 years of experience. Speaks English. Available to travel up to 44 km. Current rating is 3.99.,,2025-09-25
2429,2429,Experienced beautician with 20 years of experience. Speaks Telugu. Available to travel up to 12 km. Current rating is 4.7.,,2025-01-03
2430,2430,Experienced mason with 2 years of experience. Speaks Malayalam. Available to travel up to 6 km. Current rating is 4.35.,,2025-07-03
2431,2431,Experienced tv repair with 6 years of experience. Speaks Kannada. Available to travel up to 38 km. Current rating is 4.86.,,2025-11-19
2432,2432,Experienced plumber with 3 years of experience. Speaks English. Available to travel up to 20 km. Current rating is 4.17.,,2025-03-03
2433,2433,Experienced kitchen cleaning with 2 years of experience. Speaks Kannada. Available to travel up to 43 km. Current rating is 3.53.,,2025-12-20
2434,2434,Experienced pipe repair with 0 years of experience. Speaks English. Available to travel up to 22 km. Current rating is 3.96.,,2025-01-07
2435,2435,Experienced interior painting with 13 years of experience. Speaks Telugu. Available to travel up to 32 km. Current rating is 4.43.,,2025-08-07
2436,2436,Experienced wood polishing with 14 years of experience. Speaks Telugu. Available to travel up to 10 km. Current rating is 4.55.,,2025-11-14
2437,2437,Experienced tile installation with 1 years of experience. Speaks Malayalam. Available to travel up to 46 km. Current rating is 4.98.,,2025-04-14
2438,2438,Experienced furniture assembly with 10 years of experience. Speaks English. Available to travel up to 38 km. Current rating is 4.58.,,2025-11-04
2439,2439,Experienced packers with 1 years of experience. Speaks Hindi. Available to travel up to 35 km. Current rating is 3.61.,,2025-03-26
2440,2440,Experienced pipe repair with 9 years of experience. Speaks Kannada. Available to travel up to 24 km. Current rating is 4.62.,,2025-01-13
2441,2441,Experienced ac repair with 7 years of experience. Speaks Malayalam. Available to travel up to 24 km. Current rating is 3.55.,,2025-01-05
2442,2442,Experienced cloth stitching with 1 years of experience. Speaks Kannada. Available to travel up to 18 km. Current rating is 4.13.,,2025-12-14
2443,2443,Experienced concrete work with 10 years of experience. Speaks Kannada. Available to travel up to 13 km. Current rating is 3.76.,,2025-01-17
2444,2444,Experienced house cleaning with 0 years of experience. Speaks Tamil. Available to travel up to 9 km. Current rating is 4.06.,,2025-11-17
2445,2445,Experienced tailor with 12 years of experience. Speaks Telugu. Available to travel up to 5 km. Current rating is 4.81.,,2025-09-16
2446,2446,Experienced painter with 13 years of experience. Speaks Telugu. Available to travel up to 29 km. Current rating is 4.0.,,2025-01-10
2447,2447,Experienced deep cleaning with 9 years of experience. Speaks Kannada. Available to travel up to 37 km. Current rating is 4.31.,,2025-03-13
2448,2448,Experienced catering with 19 years of experience. Speaks English. Available to travel up to 24 km. Current rating is 4.81.,,2025-05-12
2449,2449,Experienced microwave repair with 18 years of experience. Speaks Tamil. Available to travel up to 21 km. Current rating is 3.63.,,2025-04-06
2450,2450,Experienced tile installation with 13 years of experience. Speaks Tamil. Available to travel up to 48 km. Current rating is 4.31.,,2025-03-18
2451,2451,Experienced ac technician with 13 years of experience. Speaks English. Available to travel up to 38 km. Current rating is 3.67.,,2025-10-15
2452,2452,Experienced gardener with 1 years of experience. Speaks Malayalam. Available to travel up to 24 km. Current rating is 3.81.,,2025-06-22
2453,2453,Experienced cook with 11 years of experience. Speaks English. Available to travel up to 18 km. Current rating is 4.51.,,2025-12-16
2454,2454,Experienced tree trimming with 16 years of experience. Speaks Malayalam. Available to travel up to 50 km. Current rating is 3.52.,,2025-06-10
2455,2455,Experienced wood polishing with 12 years of experience. Speaks Hindi. Available to travel up to 47 km. Current rating is 4.11.,,2025-01-26
2456,2456,Experienced switch repair with 20 years of experience. Speaks Telugu. Available to travel up to 8 km. Current rating is 4.52.,,2025-05-08
2457,2457,Experienced door repair with 10 years of experience. Speaks English. Available to travel up to 9 km. Current rating is 4.14.,,2025-03-17
2458,2458,Experienced cook with 3 years of experience. Speaks Telugu. Available to travel up to 19 km. Current rating is 4.12.,,2025-06-29
2459,2459,Experienced carpenter with 18 years of experience. Speaks Kannada. Available to travel up to 20 km. Current rating is 3.67.,,2025-01-29
2460,2460,Experienced alteration with 9 years of experience. Speaks Telugu. Available to travel up to 37 km. Current rating is 4.44.,,2025-09-17
2461,2461,Experienced hair stylist with 5 years of experience. Speaks Malayalam. Available to travel up to 10 km. Current rating is 4.08.,,2025-03-16
2462,2462,Experienced painter with 13 years of experience. Speaks Kannada. Available to travel up to 20 km. Current rating is 3.83.,,2025-12-01
2463,2463,Experienced driver with 9 years of experience. Speaks English. Available to travel up to 13 km. Current rating is 4.12.,,2025-03-10
2464,2464,Experienced concrete work with 15 years of experience. Speaks English. Available to travel up to 42 km. Current rating is 3.56.,,2025-04-03
2465,2465,Experienced security guard with 20 years of experience. Speaks Kannada. Available to travel up to 45 km. Current rating is 4.05.,,2025-09-06
2466,2466,Experienced beautician with 16 years of experience. Speaks Malayalam. Available to travel up to 49 km. Current rating is 4.04.,,2025-11-26
2467,2467,Experienced wood polishing with 0 years of experience. Speaks Tamil. Available to travel up to 48 km. Current rating is 4.41.,,2025-02-28
2468,2468,Experienced gardener with 15 years of experience. Speaks Tamil. Available to travel up to 38 km. Current rating is 3.56.,,2025-10-28
2469,2469,Experienced wood polishing with 6 years of experience. Speaks Kannada. Available to travel up to 15 km. Current rating is 3.75.,,2025-06-15
2470,2470,Experienced hair stylist with 12 years of experience. Speaks Tamil. Available to travel up to 46 km. Current rating is 3.87.,,2025-05-19
2471,2471,Experienced tv repair with 17 years of experience. Speaks Telugu. Available to travel up to 37 km. Current rating is 3.86.,,2025-02-03
2472,2472,Experienced catering with 4 years of experience. Speaks Hindi. Available to travel up to 27 km. Current rating is 4.57.,,2025-08-25
2473,2473,Experienced makeup artist with 10 years of experience. Speaks Kannada. Available to travel up to 49 km. Current rating is 3.81.,,2025-02-02
2474,2474,Experienced kitchen cleaning with 5 years of experience. Speaks English. Available to travel up to 10 km. Current rating is 3.6.,,2025-10-31
2475,2475,Experienced beautician with 15 years of experience. Speaks Malayalam. Available to travel up to 15 km. Current rating is 3.62.,,2025-07-13
2476,2476,Experienced concrete work with 13 years of experience. Speaks Tamil. Available to travel up to 47 km. Current rating is 3.97.,,2025-08-15
2477,2477,Experienced ac technician with 4 years of experience. Speaks Tamil. Available to travel up to 6 km. Current rating is 4.3.,,2025-01-30
2478,2478,Experienced leak detection with 11 years of experience. Speaks Hindi. Available to travel up to 36 km. Current rating is 4.23.,,2025-06-28
2479,2479,Experienced carpenter with 6 years of experience. Speaks Telugu. Available to travel up to 17 km. Current rating is 3.82.,,2025-07-20
2480,2480,Experienced painter with 12 years of experience. Speaks English. Available to travel up to 37 km. Current rating is 4.22.,,2025-03-10
2481,2481,Experienced switch repair with 10 years of experience. Speaks Telugu. Available to travel up to 14 km. Current rating is 4.81.,,2025-05-29
2482,2482,Experienced switch repair with 4 years of experience. Speaks English. Available to travel up to 17 km. Current rating is 3.63.,,2025-07-28
2483,2483,Experienced driver with 15 years of experience. Speaks Malayalam. Available to travel up to 15 km. Current rating is 3.91.,,2025-01-24
2484,2484,Experienced tv repair with 9 years of experience. Speaks Kannada. Available to travel up to 23 km. Current rating is 4.09.,,2025-01-05
2485,2485,Experienced ac technician with 7 years of experience. Speaks Hindi. Available to travel up to 27 km. Current rating is 4.07.,,2025-11-24
2486,2486,Experienced bathroom fitting with 3 years of experience. Speaks Telugu. Available to travel up to 23 km. Current rating is 4.79.,,2025-08-04
2487,2487,Experienced tv repair with 3 years of experience. Speaks English. Available to travel up to 44 km. Current rating is 4.35.,,2025-11-19
2488,2488,Experienced door repair with 15 years of experience. Speaks English. Available to travel up to 7 km. Current rating is 3.66.,,2025-05-22
2489,2489,Experienced exterior painting with 8 years of experience. Speaks English. Available to travel up to 31 km. Current rating is 4.57.,,2025-12-22
2490,2490,Experienced brick work with 4 years of experience. Speaks Kannada. Available to travel up to 41 km. Current rating is 4.0.,,2025-06-01
2491,2491,Experienced cloth stitching with 7 years of experience. Speaks Kannada. Available to travel up to 28 km. Current rating is 3.66.,,2025-08-22
2492,2492,Experienced electrician with 19 years of experience. Speaks English. Available to travel up to 19 km. Current rating is 4.52.,,2025-02-05
2493,2493,Experienced concrete work with 3 years of experience. Speaks Tamil. Available to travel up to 43 km. Current rating is 3.64.,,2025-12-26
2494,2494,Experienced painter with 0 years of experience. Speaks Kannada. Available to travel up to 37 km. Current rating is 4.9.,,2025-07-12
2495,2495,Experienced concrete work with 6 years of experience. Speaks English. Available to travel up to 49 km. Current rating is 3.55.,,2025-07-18
2496,2496,Experienced refrigerator repair with 19 years of experience. Speaks Telugu. Available to travel up to 14 km. Current rating is 3.74.,,2025-10-27
2497,2497,Experienced hair stylist with 15 years of experience. Speaks Malayalam. Available to travel up to 50 km. Current rating is 4.97.,,2025-12-05
2498,2498,Experienced refrigerator repair with 4 years of experience. Speaks Tamil. Available to travel up to 39 km. Current rating is 4.58.,,2025-01-08
2499,2499,Experienced switch repair with 10 years of experience. Speaks Malayalam. Available to travel up to 26 km. Current rating is 4.26.,,2025-04-02
2500,2500,Experienced switch repair with 10 years of experience. Speaks Tamil. Available to travel up to 17 km. Current rating is 4.47.,,2025-02-09
2501,2501,Experienced refrigerator repair with 9 years of experience. Speaks Malayalam. Available to travel up to 45 km. Current rating is 4.48.,,2025-05-29
2502,2502,Experienced lawn maintenance with 1 years of experience. Speaks Hindi. Available to travel up to 11 km. Current rating is 3.51.,,2025-08-04
2503,2503,Experienced house wiring with 3 years of experience. Speaks Tamil. Available to travel up to 8 km. Current rating is 4.38.,,2025-11-29
2504,2504,Experienced washing machine repair with 19 years of experience. Speaks Tamil. Available to travel up to 23 km. Current rating is 4.52.,,2025-03-22
2505,2505,Experienced mason with 14 years of experience. Speaks English. Available to travel up to 20 km. Current rating is 4.87.,,2025-07-31
2506,2506,Experienced catering with 1 years of experience. Speaks Kannada. Available to travel up to 21 km. Current rating is 4.0.,,2025-01-24
2507,2507,Experienced brick work with 15 years of experience. Speaks English. Available to travel up to 37 km. Current rating is 4.54.,,2025-11-21
2508,2508,Experienced hair stylist with 14 years of experience. Speaks Telugu. Available to travel up to 19 km. Current rating is 3.67.,,2025-09-18
2509,2509,Experienced makeup artist with 15 years of experience. Speaks Telugu. Available to travel up to 39 km. Current rating is 4.43.,,2025-02-07
2510,2510,Experienced tile installation with 20 years of experience. Speaks Telugu. Available to travel up to 37 km. Current rating is 3.75.,,2025-04-30
2511,2511,Experienced driver with 16 years of experience. Speaks English. Available to travel up to 27 km. Current rating is 4.33.,,2025-12-12
2512,2512,Experienced gardener with 17 years of experience. Speaks Malayalam. Available to travel up to 27 km. Current rating is 4.01.,,2025-07-14
2513,2513,Experienced washing machine repair with 0 years of experience. Speaks Tamil. Available to travel up to 49 km. Current rating is 4.33.,,2025-09-14
2514,2514,Experienced door repair with 4 years of experience. Speaks Hindi. Available to travel up to 5 km. Current rating is 4.62.,,2025-04-27
2515,2515,Experienced tile installation with 15 years of experience. Speaks Malayalam. Available to travel up to 12 km. Current rating is 4.24.,,2025-12-10
2516,2516,Experienced carpenter with 9 years of experience. Speaks Tamil. Available to travel up to 44 km. Current rating is 4.55.,,2025-04-10
2517,2517,Experienced cook with 16 years of experience. Speaks Malayalam. Available to travel up to 36 km. Current rating is 4.75.,,2025-06-26
2518,2518,Experienced kitchen cleaning with 5 years of experience. Speaks Kannada. Available to travel up to 44 km. Current rating is 4.82.,,2025-02-16
2519,2519,Experienced movers with 14 years of experience. Speaks Malayalam. Available to travel up to 30 km. Current rating is 3.86.,,2025-02-09
2520,2520,Experienced interior painting with 17 years of experience. Speaks Kannada. Available to travel up to 40 km. Current rating is 4.67.,,2025-07-26
2521,2521,Experienced tile installation with 12 years of experience. Speaks Telugu. Available to travel up to 6 km. Current rating is 3.86.,,2025-02-27
2522,2522,Experienced kitchen cleaning with 11 years of experience. Speaks Hindi. Available to travel up to 19 km. Current rating is 4.98.,,2025-10-27
2523,2523,Experienced house cleaning with 6 years of experience. Speaks Tamil. Available to travel up to 15 km. Current rating is 3.82.,,2025-12-19
2524,2524,Experienced cloth stitching with 0 years of experience. Speaks English. Available to travel up to 31 km. Current rating is 4.0.,,2025-01-21
2525,2525,Experienced ac technician with 13 years of experience. Speaks Telugu. Available to travel up to 32 km. Current rating is 4.59.,,2025-04-09
2526,2526,Experienced cook with 11 years of experience. Speaks English. Available to travel up to 40 km. Current rating is 4.7.,,2025-03-31
2527,2527,Experienced house wiring with 14 years of experience. Speaks Hindi. Available to travel up to 26 km. Current rating is 3.69.,,2025-01-26
2528,2528,Experienced cook with 5 years of experience. Speaks English. Available to travel up to 11 km. Current rating is 4.05.,,2025-08-16
2529,2529,Experienced ac repair with 17 years of experience. Speaks Tamil. Available to travel up to 31 km. Current rating is 4.35.,,2025-08-16
2530,2530,Experienced carpenter with 4 years of experience. Speaks Telugu. Available to travel up to 14 km. Current rating is 3.93.,,2025-05-19
2531,2531,Experienced wood polishing with 19 years of experience. Speaks English. Available to travel up to 44 km. Current rating is 4.11.,,2025-01-14
2532,2532,Experienced door repair with 16 years of experience. Speaks Tamil. Available to travel up to 7 km. Current rating is 4.66.,,2025-12-10
2533,2533,Experienced beautician with 15 years of experience. Speaks English. Available to travel up to 30 km. Current rating is 4.29.,,2025-03-03
2534,2534,Experienced tree trimming with 14 years of experience. Speaks Kannada. Available to travel up to 15 km. Current rating is 4.9.,,2025-01-03
2535,2535,Experienced concrete work with 7 years of experience. Speaks Malayalam. Available to travel up to 46 km. Current rating is 4.83.,,2025-12-12
2536,2536,Experienced door repair with 15 years of experience. Speaks Tamil. Available to travel up to 37 km. Current rating is 4.55.,,2025-01-27
2537,2537,Experienced catering with 4 years of experience. Speaks Kannada. Available to travel up to 25 km. Current rating is 4.28.,,2025-10-20
2538,2538,Experienced leak detection with 12 years of experience. Speaks English. Available to travel up to 7 km. Current rating is 3.93.,,2025-12-22
2539,2539,Experienced tree trimming with 5 years of experience. Speaks English. Available to travel up to 48 km. Current rating is 3.75.,,2025-10-05
2540,2540,Experienced deep cleaning with 15 years of experience. Speaks Malayalam. Available to travel up to 17 km. Current rating is 4.51.,,2025-10-02
2541,2541,Experienced tv repair with 12 years of experience. Speaks Kannada. Available to travel up to 42 km. Current rating is 3.86.,,2025-02-03
2542,2542,Experienced light installation with 5 years of experience. Speaks Malayalam. Available to travel up to 9 km. Current rating is 4.09.,,2025-09-08
2543,2543,Experienced wood polishing with 7 years of experience. Speaks English. Available to travel up to 13 km. Current rating is 4.02.,,2025-12-25
2544,2544,Experienced microwave repair with 8 years of experience. Speaks Telugu. Available to travel up to 38 km. Current rating is 3.8.,,2025-05-10
2545,2545,Experienced washing machine repair with 6 years of experience. Speaks Malayalam. Available to travel up to 23 km. Current rating is 4.09.,,2025-04-01
2546,2546,Experienced makeup artist with 17 years of experience. Speaks Tamil. Available to travel up to 11 km. Current rating is 4.66.,,2025-02-24
2547,2547,Experienced cook with 13 years of experience. Speaks Kannada. Available to travel up to 15 km. Current rating is 4.68.,,2025-01-04
2548,2548,Experienced wood polishing with 10 years of experience. Speaks Hindi. Available to travel up to 20 km. Current rating is 4.22.,,2025-03-07
2549,2549,Experienced fan installation with 16 years of experience. Speaks Tamil. Available to travel up to 18 km. Current rating is 3.81.,,2025-03-09
2550,2550,Experienced security guard with 10 years of experience. Speaks English. Available to travel up to 21 km. Current rating is 3.78.,,2025-08-18
2551,2551,Experienced mason with 13 years of experience. Speaks English. Available to travel up to 40 km. Current rating is 3.53.,,2025-10-26
2552,2552,Experienced wood polishing with 5 years of experience. Speaks Hindi. Available to travel up to 37 km. Current rating is 4.3.,,2025-03-01
2553,2553,Experienced tv repair with 4 years of experience. Speaks Kannada. Available to travel up to 7 km. Current rating is 4.08.,,2025-06-02
2554,2554,Experienced tile installation with 10 years of experience. Speaks English. Available to travel up to 33 km. Current rating is 4.07.,,2025-11-18
2555,2555,Experienced tailor with 13 years of experience. Speaks Tamil. Available to travel up to 27 km. Current rating is 4.2.,,2025-12-04
2556,2556,Experienced makeup artist with 7 years of experience. Speaks English. Available to travel up to 17 km. Current rating is 4.56.,,2025-07-23
2557,2557,Experienced light installation with 18 years of experience. Speaks Kannada. Available to travel up to 11 km. Current rating is 4.88.,,2025-06-15
2558,2558,Experienced movers with 17 years of experience. Speaks Hindi. Available to travel up to 36 km. Current rating is 4.0.,,2025-10-03
2559,2559,Experienced mason with 6 years of experience. Speaks Telugu. Available to travel up to 9 km. Current rating is 4.59.,,2025-12-15
2560,2560,Experienced bathroom fitting with 2 years of experience. Speaks English. Available to travel up to 30 km. Current rating is 4.8.,,2025-09-30
2561,2561,Experienced hair stylist with 13 years of experience. Speaks Hindi. Available to travel up to 22 km. Current rating is 4.43.,,2025-08-25
2562,2562,Experienced tree trimming with 7 years of experience. Speaks Malayalam. Available to travel up to 21 km. Current rating is 4.55.,,2025-04-03
2563,2563,Experienced washing machine repair with 14 years of experience. Speaks Hindi. Available to travel up to 39 km. Current rating is 3.81.,,2025-10-09
2564,2564,Experienced hair stylist with 9 years of experience. Speaks Malayalam. Available to travel up to 21 km. Current rating is 4.8.,,2025-01-30
2565,2565,Experienced water tank installation with 0 years of experience. Speaks Kannada. Available to travel up to 6 km. Current rating is 4.58.,,2025-02-24
2566,2566,Experienced ac installation with 7 years of experience. Speaks Malayalam. Available to travel up to 25 km. Current rating is 3.61.,,2025-03-17
2567,2567,Experienced electrician with 4 years of experience. Speaks Telugu. Available to travel up to 31 km. Current rating is 4.71.,,2025-09-22
2568,2568,Experienced water tank installation with 7 years of experience. Speaks Tamil. Available to travel up to 15 km. Current rating is 4.11.,,2025-10-16
2569,2569,Experienced plumber with 1 years of experience. Speaks Tamil. Available to travel up to 46 km. Current rating is 4.13.,,2025-12-17
2570,2570,Experienced switch repair with 13 years of experience. Speaks Kannada. Available to travel up to 9 km. Current rating is 3.54.,,2025-09-22
2571,2571,Experienced wood polishing with 6 years of experience. Speaks Malayalam. Available to travel up to 39 km. Current rating is 4.67.,,2025-06-01
2572,2572,Experienced deep cleaning with 12 years of experience. Speaks English. Available to travel up to 14 km. Current rating is 4.54.,,2025-03-05
2573,2573,Experienced tile installation with 1 years of experience. Speaks Kannada. Available to travel up to 6 km. Current rating is 4.63.,,2025-01-13
2574,2574,Experienced refrigerator repair with 2 years of experience. Speaks English. Available to travel up to 20 km. Current rating is 4.43.,,2025-06-26
2575,2575,Experienced bathroom cleaning with 10 years of experience. Speaks Malayalam. Available to travel up to 47 km. Current rating is 4.56.,,2025-02-27
2576,2576,Experienced hair stylist with 8 years of experience. Speaks English. Available to travel up to 13 km. Current rating is 4.41.,,2025-08-21
2577,2577,Experienced plumber with 17 years of experience. Speaks Malayalam. Available to travel up to 13 km. Current rating is 3.78.,,2025-05-30
2578,2578,Experienced house wiring with 1 years of experience. Speaks Malayalam. Available to travel up to 12 km. Current rating is 4.58.,,2025-02-27
2579,2579,Experienced beautician with 6 years of experience. Speaks Telugu. Available to travel up to 28 km. Current rating is 3.65.,,2026-01-01
2580,2580,Experienced kitchen cleaning with 0 years of experience. Speaks Kannada. Available to travel up to 49 km. Current rating is 3.98.,,2025-11-26
2581,2581,Experienced alteration with 9 years of experience. Speaks English. Available to travel up to 35 km. Current rating is 3.53.,,2025-06-16
2582,2582,Experienced wood polishing with 17 years of experience. Speaks Hindi. Available to travel up to 10 km. Current rating is 4.32.,,2025-03-14
2583,2583,Experienced plumber with 12 years of experience. Speaks Malayalam. Available to travel up to 31 km. Current rating is 4.24.,,2025-05-27
2584,2584,Experienced bathroom cleaning with 10 years of experience. Speaks Tamil. Available to travel up to 45 km. Current rating is 4.96.,,2025-02-04
2585,2585,Experienced leak detection with 3 years of experience. Speaks English. Available to travel up to 50 km. Current rating is 4.85.,,2025-07-28
2586,2586,Experienced house cleaning with 20 years of experience. Speaks Malayalam. Available to travel up to 18 km. Current rating is 4.85.,,2025-12-23
2587,2587,Experienced water tank installation with 8 years of experience. Speaks Kannada. Available to travel up to 19 km. Current rating is 4.56.,,2025-06-19
2588,2588,Experienced beautician with 18 years of experience. Speaks Hindi. Available to travel up to 30 km. Current rating is 4.87.,,2025-08-28
2589,2589,Experienced refrigerator repair with 18 years of experience. Speaks Kannada. Available to travel up to 14 km. Current rating is 4.11.,,2025-06-19
2590,2590,Experienced house cleaning with 20 years of experience. Speaks Malayalam. Available to travel up to 10 km. Current rating is 3.85.,,2025-06-30
2591,2591,Experienced gardener with 10 years of experience. Speaks Telugu. Available to travel up to 40 km. Current rating is 4.95.,,2025-06-07
2592,2592,Experienced switch repair with 7 years of experience. Speaks Kannada. Available to travel up to 32 km. Current rating is 4.29.,,2025-08-04
2593,2593,Experienced ac installation with 4 years of experience. Speaks Malayalam. Available to travel up to 48 km. Current rating is 3.86.,,2025-09-12
2594,2594,Experienced tree trimming with 13 years of experience. Speaks English. Available to travel up to 31 km. Current rating is 3.78.,,2025-08-07
2595,2595,Experienced fan installation with 3 years of experience. Speaks Malayalam. Available to travel up to 7 km. Current rating is 4.3.,,2025-12-21
2596,2596,Experienced pipe repair with 11 years of experience. Speaks Tamil. Available to travel up to 32 km. Current rating is 3.61.,,2025-07-28
2597,2597,Experienced ac installation with 7 years of experience. Speaks English. Available to travel up to 23 km. Current rating is 4.86.,,2025-03-29
2598,2598,Experienced switch repair with 19 years of experience. Speaks Hindi. Available to travel up to 15 km. Current rating is 4.4.,,2025-06-03
2599,2599,Experienced ac installation with 0 years of experience. Speaks Tamil. Available to travel up to 24 km. Current rating is 3.53.,,2025-01-24
2600,2600,Experienced water tank installation with 17 years of experience. Speaks Kannada. Available to travel up to 15 km. Current rating is 4.59.,,2025-06-29
2601,2601,Experienced microwave repair with 15 years of experience. Speaks Telugu. Available to travel up to 21 km. Current rating is 3.99.,,2025-09-27
2602,2602,Experienced light installation with 19 years of experience. Speaks Malayalam. Available to travel up to 48 km. Current rating is 4.05.,,2025-06-01
2603,2603,Experienced ac installation with 14 years of experience. Speaks Telugu. Available to travel up to 30 km. Current rating is 4.46.,,2025-09-27
2604,2604,Experienced driver with 3 years of experience. Speaks English. Available to travel up to 10 km. Current rating is 4.87.,,2025-09-12
2605,2605,Experienced carpenter with 16 years of experience. Speaks English. Available to travel up to 21 km. Current rating is 4.79.,,2025-03-05
2606,2606,Experienced tailor with 16 years of experience. Speaks Telugu. Available to travel up to 30 km. Current rating is 4.04.,,2025-09-08
2607,2607,Experienced microwave repair with 12 years of experience. Speaks English. Available to travel up to 44 km. Current rating is 4.38.,,2025-08-03
2608,2608,Experienced leak detection with 9 years of experience. Speaks English. Available to travel up to 38 km. Current rating is 4.12.,,2025-08-23
2609,2609,Experienced electrician with 16 years of experience. Speaks English. Available to travel up to 33 km. Current rating is 4.47.,,2025-11-01
2610,2610,Experienced washing machine repair with 7 years of experience. Speaks Malayalam. Available to travel up to 32 km. Current rating is 4.44.,,2025-11-17
2611,2611,Experienced interior painting with 0 years of experience. Speaks Tamil. Available to travel up to 15 km. Current rating is 3.56.,,2025-11-05
2612,2612,Experienced switch repair with 15 years of experience. Speaks Malayalam. Available to travel up to 39 km. Current rating is 4.12.,,2025-08-04
2613,2613,Experienced wall painting with 1 years of experience. Speaks Malayalam. Available to travel up to 9 km. Current rating is 4.77.,,2025-06-10
2614,2614,Experienced fan installation with 2 years of experience. Speaks Telugu. Available to travel up to 47 km. Current rating is 3.76.,,2025-09-15
2615,2615,Experienced ac repair with 7 years of experience. Speaks Malayalam. Available to travel up to 48 km. Current rating is 3.84.,,2025-08-26
2616,2616,Experienced switch repair with 19 years of experience. Speaks Hindi. Available to travel up to 36 km. Current rating is 3.53.,,2025-10-14
2617,2617,Experienced alteration with 16 years of experience. Speaks Hindi. Available to travel up to 24 km. Current rating is 3.91.,,2025-06-06
2618,2618,Experienced ac installation with 19 years of experience. Speaks Malayalam. Available to travel up to 47 km. Current rating is 4.93.,,2025-09-16
2619,2619,Experienced wood polishing with 5 years of experience. Speaks Telugu. Available to travel up to 50 km. Current rating is 4.72.,,2025-07-19
2620,2620,Experienced refrigerator repair with 11 years of experience. Speaks Kannada. Available to travel up to 9 km. Current rating is 3.68.,,2025-10-07
2621,2621,Experienced microwave repair with 15 years of experience. Speaks English. Available to travel up to 45 km. Current rating is 4.11.,,2025-02-14
2622,2622,Experienced painter with 12 years of experience. Speaks Telugu. Available to travel up to 8 km. Current rating is 4.28.,,2025-06-26
2623,2623,Experienced interior painting with 11 years of experience. Speaks Tamil. Available to travel up to 27 km. Current rating is 4.99.,,2025-09-02
2624,2624,Experienced security guard with 10 years of experience. Speaks Kannada. Available to travel up to 5 km. Current rating is 4.87.,,2025-05-02
2625,2625,Experienced lawn maintenance with 20 years of experience. Speaks English. Available to travel up to 34 km. Current rating is 4.45.,,2025-12-26
2626,2626,Experienced carpenter with 19 years of experience. Speaks Malayalam. Available to travel up to 29 km. Current rating is 4.64.,,2025-03-17
2627,2627,Experienced ac installation with 16 years of experience. Speaks English. Available to travel up to 6 km. Current rating is 3.9.,,2025-04-04
2628,2628,Experienced exterior painting with 17 years of experience. Speaks Telugu. Available to travel up to 24 km. Current rating is 4.88.,,2025-04-30
2629,2629,Experienced makeup artist with 9 years of experience. Speaks Kannada. Available to travel up to 11 km. Current rating is 4.32.,,2025-02-18
2630,2630,Experienced door repair with 10 years of experience. Speaks Telugu. Available to travel up to 23 km. Current rating is 4.29.,,2025-01-07
2631,2631,Experienced alteration with 7 years of experience. Speaks Malayalam. Available to travel up to 8 km. Current rating is 4.35.,,2025-11-11
2632,2632,Experienced furniture assembly with 7 years of experience. Speaks Malayalam. Available to travel up to 16 km. Current rating is 4.57.,,2025-10-04
2633,2633,Experienced electrician with 9 years of experience. Speaks English. Available to travel up to 5 km. Current rating is 4.85.,,2025-08-09
2634,2634,Experienced makeup artist with 19 years of experience. Speaks English. Available to travel up to 9 km. Current rating is 4.54.,,2025-01-05
2635,2635,Experienced tailor with 1 years of experience. Speaks English. Available to travel up to 43 km. Current rating is 3.99.,,2025-11-29
2636,2636,Experienced gardener with 8 years of experience. Speaks Telugu. Available to travel up to 47 km. Current rating is 4.28.,,2025-04-28
2637,2637,Experienced carpenter with 10 years of experience. Speaks Tamil. Available to travel up to 19 km. Current rating is 4.59.,,2025-01-21
2638,2638,Experienced tailor with 12 years of experience. Speaks Telugu. Available to travel up to 25 km. Current rating is 4.56.,,2025-09-14
2639,2639,Experienced gardener with 17 years of experience. Speaks Telugu. Available to travel up to 23 km. Current rating is 4.32.,,2025-10-29
2640,2640,Experienced ac installation with 6 years of experience. Speaks Hindi. Available to travel up to 20 km. Current rating is 4.58.,,2025-06-22
2641,2641,Experienced ac installation with 8 years of experience. Speaks Hindi. Available to travel up to 26 km. Current rating is 4.79.,,2025-09-04
2642,2642,Experienced water tank installation with 2 years of experience. Speaks Tamil. Available to travel up to 7 km. Current rating is 3.55.,,2025-06-24
2643,2643,Experienced tile installation with 19 years of experience. Speaks English. Available to travel up to 47 km. Current rating is 3.83.,,2025-11-08
2644,2644,Experienced painter with 17 years of experience. Speaks Telugu. Available to travel up to 29 km. Current rating is 3.73.,,2025-06-16
2645,2645,Experienced hair stylist with 15 years of experience. Speaks English. Available to travel up to 31 km. Current rating is 4.89.,,2025-01-10
2646,2646,Experienced cloth stitching with 1 years of experience. Speaks Kannada. Available to travel up to 47 km. Current rating is 4.11.,,2025-02-03
2647,2647,Experienced cook with 12 years of experience. Speaks English. Available to travel up to 39 km. Current rating is 4.42.,,2025-10-10
2648,2648,Experienced house cleaning with 18 years of experience. Speaks English. Available to travel up to 42 km. Current rating is 3.69.,,2025-02-14
2649,2649,Experienced water tank installation with 10 years of experience. Speaks Tamil. Available to travel up to 45 km. Current rating is 3.96.,,2025-10-13
2650,2650,Experienced beautician with 1 years of experience. Speaks Hindi. Available to travel up to 22 km. Current rating is 4.83.,,2025-04-07
2651,2651,Experienced driver with 9 years of experience. Speaks English. Available to travel up to 29 km. Current rating is 3.81.,,2025-02-09
2652,2652,Experienced house wiring with 15 years of experience. Speaks Malayalam. Available to travel up to 14 km. Current rating is 4.42.,,2025-02-18
2653,2653,Experienced mason with 15 years of experience. Speaks Tamil. Available to travel up to 21 km. Current rating is 4.13.,,2025-08-25
2654,2654,Experienced exterior painting with 13 years of experience. Speaks English. Available to travel up to 19 km. Current rating is 4.53.,,2025-11-03
2655,2655,Experienced wood polishing with 7 years of experience. Speaks Telugu. Available to travel up to 45 km. Current rating is 4.27.,,2025-05-15
2656,2656,Experienced leak detection with 4 years of experience. Speaks English. Available to travel up to 29 km. Current rating is 4.45.,,2025-07-10
2657,2657,Experienced water tank installation with 13 years of experience. Speaks Telugu. Available to travel up to 31 km. Current rating is 4.16.,,2025-02-13
2658,2658,Experienced ac installation with 16 years of experience. Speaks English. Available to travel up to 20 km. Current rating is 3.71.,,2025-07-05
2659,2659,Experienced house cleaning with 1 years of experience. Speaks Kannada. Available to travel up to 17 km. Current rating is 4.11.,,2025-03-13
2660,2660,Experienced hair stylist with 7 years of experience. Speaks Kannada. Available to travel up to 34 km. Current rating is 4.38.,,2025-02-02
2661,2661,Experienced beautician with 7 years of experience. Speaks Tamil. Available to travel up to 15 km. Current rating is 4.0.,,2025-03-26
2662,2662,Experienced bathroom fitting with 1 years of experience. Speaks English. Available to travel up to 46 km. Current rating is 3.69.,,2025-03-25
2663,2663,Experienced ac technician with 1 years of experience. Speaks Malayalam. Available to travel up to 14 km. Current rating is 3.55.,,2025-05-26
2664,2664,Experienced packers with 3 years of experience. Speaks Tamil. Available to travel up to 34 km. Current rating is 4.11.,,2025-12-31
2665,2665,Experienced wall painting with 16 years of experience. Speaks Tamil. Available to travel up to 46 km. Current rating is 4.04.,,2025-08-06
2666,2666,Experienced tailor with 17 years of experience. Speaks English. Available to travel up to 8 km. Current rating is 4.46.,,2025-03-12
2667,2667,Experienced makeup artist with 4 years of experience. Speaks Malayalam. Available to travel up to 28 km. Current rating is 4.41.,,2025-12-28
2668,2668,Experienced deep cleaning with 20 years of experience. Speaks Malayalam. Available to travel up to 5 km. Current rating is 4.17.,,2025-10-04
2669,2669,Experienced concrete work with 2 years of experience. Speaks Tamil. Available to travel up to 29 km. Current rating is 4.4.,,2025-01-30
2670,2670,Experienced beautician with 19 years of experience. Speaks Malayalam. Available to travel up to 38 km. Current rating is 3.66.,,2025-04-01
2671,2671,Experienced wood polishing with 10 years of experience. Speaks Telugu. Available to travel up to 40 km. Current rating is 3.94.,,2025-08-11
2672,2672,Experienced tree trimming with 13 years of experience. Speaks Telugu. Available to travel up to 38 km. Current rating is 4.44.,,2025-04-16
2673,2673,Experienced catering with 17 years of experience. Speaks English. Available to travel up to 7 km. Current rating is 4.84.,,2025-03-14
2674,2674,Experienced makeup artist with 7 years of experience. Speaks Tamil. Available to travel up to 14 km. Current rating is 4.87.,,2025-02-02
2675,2675,Experienced leak detection with 5 years of experience. Speaks Tamil. Available to travel up to 46 km. Current rating is 3.71.,,2025-04-07
2676,2676,Experienced ac technician with 18 years of experience. Speaks Hindi. Available to travel up to 13 km. Current rating is 3.94.,,2025-08-08
2677,2677,Experienced door repair with 8 years of experience. Speaks Hindi. Available to travel up to 6 km. Current rating is 4.07.,,2025-06-22
2678,2678,Experienced movers with 7 years of experience. Speaks Tamil. Available to travel up to 44 km. Current rating is 3.57.,,2025-09-01
2679,2679,Experienced tailor with 7 years of experience. Speaks Malayalam. Available to travel up to 15 km. Current rating is 3.86.,,2025-06-28
2680,2680,Experienced hair stylist with 14 years of experience. Speaks Telugu. Available to travel up to 30 km. Current rating is 4.1.,,2025-04-30
2681,2681,Experienced kitchen cleaning with 15 years of experience. Speaks Tamil. Available to travel up to 17 km. Current rating is 4.61.,,2025-08-23
2682,2682,Experienced painter with 9 years of experience. Speaks Telugu. Available to travel up to 38 km. Current rating is 4.65.,,2025-07-18
2683,2683,Experienced security guard with 4 years of experience. Speaks English. Available to travel up to 45 km. Current rating is 3.75.,,2025-02-01
2684,2684,Experienced pipe repair with 14 years of experience. Speaks Kannada. Available to travel up to 40 km. Current rating is 4.66.,,2025-04-29
2685,2685,Experienced cook with 9 years of experience. Speaks Tamil. Available to travel up to 17 km. Current rating is 4.68.,,2025-10-14
2686,2686,Experienced wall painting with 8 years of experience. Speaks Malayalam. Available to travel up to 20 km. Current rating is 3.88.,,2025-07-06
2687,2687,Experienced bathroom cleaning with 8 years of experience. Speaks English. Available to travel up to 21 km. Current rating is 4.05.,,2025-12-01
2688,2688,Experienced house cleaning with 11 years of experience. Speaks Malayalam. Available to travel up to 12 km. Current rating is 4.69.,,2025-04-30
2689,2689,Experienced wall painting with 5 years of experience. Speaks Telugu. Available to travel up to 45 km. Current rating is 4.1.,,2025-03-20
2690,2690,Experienced microwave repair with 7 years of experience. Speaks Kannada. Available to travel up to 18 km. Current rating is 4.44.,,2025-02-20
2691,2691,Experienced tv repair with 3 years of experience. Speaks Telugu. Available to travel up to 36 km. Current rating is 3.95.,,2025-12-12
2692,2692,Experienced cook with 3 years of experience. Speaks Kannada. Available to travel up to 30 km. Current rating is 5.0.,,2025-06-03
2693,2693,Experienced electrician with 15 years of experience. Speaks Kannada. Available to travel up to 48 km. Current rating is 4.14.,,2025-09-05
2694,2694,Experienced hair stylist with 18 years of experience. Speaks English. Available to travel up to 6 km. Current rating is 3.89.,,2025-06-14
2695,2695,Experienced washing machine repair with 8 years of experience. Speaks Kannada. Available to travel up to 12 km. Current rating is 3.66.,,2025-08-06
2696,2696,Experienced kitchen cleaning with 10 years of experience. Speaks Hindi. Available to travel up to 7 km. Current rating is 4.55.,,2025-12-28
2697,2697,Experienced fan installation with 4 years of experience. Speaks Telugu. Available to travel up to 8 km. Current rating is 3.77.,,2025-03-12
2698,2698,Experienced tv repair with 20 years of experience. Speaks Tamil. Available to travel up to 8 km. Current rating is 4.12.,,2025-02-28
2699,2699,Experienced house cleaning with 9 years of experience. Speaks Tamil. Available to travel up to 45 km. Current rating is 4.77.,,2025-07-21
2700,2700,Experienced ac technician with 16 years of experience. Speaks English. Available to travel up to 49 km. Current rating is 4.98.,,2025-08-26
2701,2701,Experienced packers with 10 years of experience. Speaks Telugu. Available to travel up to 49 km. Current rating is 4.3.,,2025-11-24
2702,2702,Experienced catering with 1 years of experience. Speaks Malayalam. Available to travel up to 33 km. Current rating is 4.68.,,2025-09-25
2703,2703,Experienced switch repair with 2 years of experience. Speaks English. Available to travel up to 26 km. Current rating is 4.41.,,2025-01-30
2704,2704,Experienced plumber with 20 years of experience. Speaks Malayalam. Available to travel up to 30 km. Current rating is 3.99.,,2025-10-23
2705,2705,Experienced carpenter with 6 years of experience. Speaks Hindi. Available to travel up to 15 km. Current rating is 4.84.,,2025-06-02
2706,2706,Experienced hair stylist with 11 years of experience. Speaks Tamil. Available to travel up to 13 km. Current rating is 4.42.,,2025-12-21
2707,2707,Experienced leak detection with 7 years of experience. Speaks Kannada. Available to travel up to 32 km. Current rating is 3.89.,,2025-05-18
2708,2708,Experienced packers with 8 years of experience. Speaks Tamil. Available to travel up to 39 km. Current rating is 3.58.,,2025-10-26
2709,2709,Experienced wall painting with 7 years of experience. Speaks Hindi. Available to travel up to 42 km. Current rating is 3.62.,,2025-02-01
2710,2710,Experienced fan installation with 2 years of experience. Speaks Kannada. Available to travel up to 19 km. Current rating is 4.44.,,2025-02-12
2711,2711,Experienced cook with 16 years of experience. Speaks Telugu. Available to travel up to 19 km. Current rating is 4.14.,,2025-06-11
2712,2712,Experienced gardener with 0 years of experience. Speaks Malayalam. Available to travel up to 24 km. Current rating is 4.25.,,2025-12-31
2713,2713,Experienced packers with 16 years of experience. Speaks Hindi. Available to travel up to 15 km. Current rating is 4.42.,,2025-04-22
2714,2714,Experienced ac technician with 1 years of experience. Speaks English. Available to travel up to 17 km. Current rating is 3.68.,,2025-03-26
2715,2715,Experienced ac technician with 9 years of experience. Speaks Tamil. Available to travel up to 37 km. Current rating is 3.73.,,2025-11-01
2716,2716,Experienced house cleaning with 1 years of experience. Speaks Hindi. Available to travel up to 37 km. Current rating is 4.88.,,2025-11-02
2717,2717,Experienced leak detection with 15 years of experience. Speaks Hindi. Available to travel up to 12 km. Current rating is 4.19.,,2025-12-21
2718,2718,Experienced beautician with 12 years of experience. Speaks English. Available to travel up to 14 km. Current rating is 3.95.,,2025-03-21
2719,2719,Experienced light installation with 10 years of experience. Speaks Kannada. Available to travel up to 24 km. Current rating is 4.84.,,2025-04-25
2720,2720,Experienced switch repair with 17 years of experience. Speaks Tamil. Available to travel up to 29 km. Current rating is 4.93.,,2025-10-26
2721,2721,Experienced packers with 2 years of experience. Speaks Tamil. Available to travel up to 48 km. Current rating is 4.22.,,2025-03-13
2722,2722,Experienced hair stylist with 18 years of experience. Speaks English. Available to travel up to 13 km. Current rating is 4.02.,,2025-08-30
2723,2723,Experienced security guard with 10 years of experience. Speaks Telugu. Available to travel up to 11 km. Current rating is 4.33.,,2025-02-27
2724,2724,Experienced tailor with 11 years of experience. Speaks Hindi. Available to travel up to 50 km. Current rating is 4.24.,,2025-12-13
2725,2725,Experienced makeup artist with 8 years of experience. Speaks Kannada. Available to travel up to 17 km. Current rating is 3.62.,,2025-10-20
2726,2726,Experienced tile installation with 16 years of experience. Speaks Malayalam. Available to travel up to 11 km. Current rating is 4.44.,,2025-06-20
2727,2727,Experienced plumber with 16 years of experience. Speaks Kannada. Available to travel up to 13 km. Current rating is 3.75.,,2025-10-06
2728,2728,Experienced exterior painting with 8 years of experience. Speaks Malayalam. Available to travel up to 27 km. Current rating is 4.8.,,2025-11-14
2729,2729,Experienced refrigerator repair with 18 years of experience. Speaks Malayalam. Available to travel up to 43 km. Current rating is 4.85.,,2025-10-15
2730,2730,Experienced packers with 13 years of experience. Speaks English. Available to travel up to 5 km. Current rating is 3.53.,,2025-05-31
2731,2731,Experienced hair stylist with 11 years of experience. Speaks Kannada. Available to travel up to 37 km. Current rating is 3.78.,,2025-10-22
2732,2732,Experienced ac repair with 7 years of experience. Speaks Kannada. Available to travel up to 12 km. Current rating is 3.69.,,2025-02-07
2733,2733,Experienced gardener with 8 years of experience. Speaks English. Available to travel up to 22 km. Current rating is 4.23.,,2025-02-28
2734,2734,Experienced water tank installation with 6 years of experience. Speaks Hindi. Available to travel up to 39 km. Current rating is 4.49.,,2025-03-01
2735,2735,Experienced leak detection with 1 years of experience. Speaks Kannada. Available to travel up to 47 km. Current rating is 3.74.,,2025-11-30
2736,2736,Experienced house wiring with 2 years of experience. Speaks Malayalam. Available to travel up to 11 km. Current rating is 4.46.,,2025-07-08
2737,2737,Experienced cook with 19 years of experience. Speaks English. Available to travel up to 33 km. Current rating is 4.44.,,2025-04-03
2738,2738,Experienced cloth stitching with 15 years of experience. Speaks Hindi. Available to travel up to 50 km. Current rating is 4.14.,,2025-02-02
2739,2739,Experienced kitchen cleaning with 4 years of experience. Speaks Tamil. Available to travel up to 33 km. Current rating is 4.52.,,2025-06-12
2740,2740,Experienced packers with 0 years of experience. Speaks Malayalam. Available to travel up to 21 km. Current rating is 4.5.,,2025-05-08
2741,2741,Experienced lawn maintenance with 8 years of experience. Speaks Malayalam. Available to travel up to 43 km. Current rating is 4.31.,,2025-06-20
2742,2742,Experienced water tank installation with 20 years of experience. Speaks English. Available to travel up to 32 km. Current rating is 4.03.,,2025-04-21
2743,2743,Experienced movers with 0 years of experience. Speaks Malayalam. Available to travel up to 19 km. Current rating is 4.17.,,2025-01-23
2744,2744,Experienced kitchen cleaning with 7 years of experience. Speaks Hindi. Available to travel up to 35 km. Current rating is 4.91.,,2025-02-20
2745,2745,Experienced door repair with 14 years of experience. Speaks Kannada. Available to travel up to 13 km. Current rating is 3.87.,,2025-07-29
2746,2746,Experienced light installation with 5 years of experience. Speaks Malayalam. Available to travel up to 22 km. Current rating is 4.23.,,2025-12-02
2747,2747,Experienced microwave repair with 9 years of experience. Speaks Hindi. Available to travel up to 31 km. Current rating is 4.1.,,2025-11-07
2748,2748,Experienced alteration with 15 years of experience. Speaks Malayalam. Available to travel up to 43 km. Current rating is 4.67.,,2025-06-23
2749,2749,Experienced light installation with 15 years of experience. Speaks Telugu. Available to travel up to 33 km. Current rating is 3.9.,,2025-07-29
2750,2750,Experienced exterior painting with 9 years of experience. Speaks Telugu. Available to travel up to 37 km. Current rating is 4.47.,,2025-10-30
2751,2751,Experienced bathroom cleaning with 0 years of experience. Speaks Malayalam. Available to travel up to 47 km. Current rating is 4.4.,,2025-06-09
2752,2752,Experienced hair stylist with 4 years of experience. Speaks Hindi. Available to travel up to 21 km. Current rating is 3.5.,,2025-02-20
2753,2753,Experienced exterior painting with 9 years of experience. Speaks Hindi. Available to travel up to 33 km. Current rating is 4.03.,,2025-08-02
2754,2754,Experienced door repair with 7 years of experience. Speaks Kannada. Available to travel up to 10 km. Current rating is 4.01.,,2025-08-23
2755,2755,Experienced fan installation with 8 years of experience. Speaks Kannada. Available to travel up to 19 km. Current rating is 3.97.,,2025-06-30
2756,2756,Experienced wood polishing with 8 years of experience. Speaks Malayalam. Available to travel up to 26 km. Current rating is 3.71.,,2025-12-22
2757,2757,Experienced beautician with 13 years of experience. Speaks Kannada. Available to travel up to 13 km. Current rating is 4.49.,,2025-05-01
2758,2758,Experienced movers with 9 years of experience. Speaks Malayalam. Available to travel up to 14 km. Current rating is 3.95.,,2025-09-26
2759,2759,Experienced refrigerator repair with 5 years of experience. Speaks Telugu. Available to travel up to 14 km. Current rating is 4.0.,,2026-01-01
2760,2760,Experienced driver with 2 years of experience. Speaks Kannada. Available to travel up to 50 km. Current rating is 3.8.,,2025-01-06
2761,2761,Experienced microwave repair with 2 years of experience. Speaks English. Available to travel up to 5 km. Current rating is 4.5.,,2025-10-21
2762,2762,Experienced ac installation with 7 years of experience. Speaks Malayalam. Available to travel up to 22 km. Current rating is 4.58.,,2025-03-08
2763,2763,Experienced tile installation with 7 years of experience. Speaks Hindi. Available to travel up to 39 km. Current rating is 4.34.,,2025-11-29
2764,2764,Experienced house cleaning with 12 years of experience. Speaks Telugu. Available to travel up to 18 km. Current rating is 3.76.,,2025-09-04
2765,2765,Experienced concrete work with 15 years of experience. Speaks Hindi. Available to travel up to 44 km. Current rating is 4.39.,,2025-03-21
2766,2766,Experienced ac repair with 2 years of experience. Speaks Tamil. Available to travel up to 20 km. Current rating is 3.77.,,2025-03-14
2767,2767,Experienced wall painting with 16 years of experience. Speaks Kannada. Available to travel up to 21 km. Current rating is 4.82.,,2025-04-20
2768,2768,Experienced alteration with 3 years of experience. Speaks English. Available to travel up to 21 km. Current rating is 3.92.,,2025-09-13
2769,2769,Experienced mason with 13 years of experience. Speaks English. Available to travel up to 31 km. Current rating is 3.58.,,2025-11-01
2770,2770,Experienced fan installation with 1 years of experience. Speaks English. Available to travel up to 37 km. Current rating is 4.24.,,2025-02-12
2771,2771,Experienced refrigerator repair with 6 years of experience. Speaks English. Available to travel up to 33 km. Current rating is 3.96.,,2025-07-02
2772,2772,Experienced mason with 14 years of experience. Speaks Telugu. Available to travel up to 41 km. Current rating is 3.65.,,2025-02-01
2773,2773,Experienced gardener with 3 years of experience. Speaks Hindi. Available to travel up to 12 km. Current rating is 3.68.,,2025-03-19
2774,2774,Experienced light installation with 15 years of experience. Speaks Telugu. Available to travel up to 31 km. Current rating is 4.47.,,2025-12-26
2775,2775,Experienced ac technician with 15 years of experience. Speaks English. Available to travel up to 12 km. Current rating is 4.86.,,2025-12-26
2776,2776,Experienced bathroom fitting with 20 years of experience. Speaks Hindi. Available to travel up to 26 km. Current rating is 3.85.,,2025-11-29
2777,2777,Experienced water tank installation with 16 years of experience. Speaks Telugu. Available to travel up to 36 km. Current rating is 4.48.,,2025-08-24
2778,2778,Experienced alteration with 4 years of experience. Speaks Telugu. Available to travel up to 30 km. Current rating is 4.4.,,2025-06-30
2779,2779,Experienced ac installation with 18 years of experience. Speaks Tamil. Available to travel up to 50 km. Current rating is 4.48.,,2025-08-16
2780,2780,Experienced fan installation with 13 years of experience. Speaks Hindi. Available to travel up to 33 km. Current rating is 3.69.,,2026-01-01
2781,2781,Experienced brick work with 11 years of experience. Speaks Kannada. Available to travel up to 13 km. Current rating is 4.48.,,2025-08-10
2782,2782,Experienced cloth stitching with 3 years of experience. Speaks Telugu. Available to travel up to 16 km. Current rating is 4.48.,,2025-06-22
2783,2783,Experienced deep cleaning with 18 years of experience. Speaks Kannada. Available to travel up to 32 km. Current rating is 4.62.,,2025-10-26
2784,2784,Experienced exterior painting with 14 years of experience. Speaks Telugu. Available to travel up to 29 km. Current rating is 4.52.,,2025-01-03
2785,2785,Experienced carpenter with 4 years of experience. Speaks English. Available to travel up to 28 km. Current rating is 4.72.,,2025-12-29
2786,2786,Experienced brick work with 17 years of experience. Speaks Telugu. Available to travel up to 20 km. Current rating is 3.5.,,2025-09-20
2787,2787,Experienced beautician with 4 years of experience. Speaks Kannada. Available to travel up to 12 km. Current rating is 4.84.,,2025-08-25
2788,2788,Experienced packers with 14 years of experience. Speaks Malayalam. Available to travel up to 5 km. Current rating is 4.94.,,2025-05-07
2789,2789,Experienced security guard with 0 years of experience. Speaks Telugu. Available to travel up to 10 km. Current rating is 4.23.,,2025-01-02
2790,2790,Experienced painter with 9 years of experience. Speaks Tamil. Available to travel up to 43 km. Current rating is 4.89.,,2025-09-20
2791,2791,Experienced carpenter with 1 years of experience. Speaks Malayalam. Available to travel up to 16 km. Current rating is 4.93.,,2025-06-28
2792,2792,Experienced house wiring with 15 years of experience. Speaks Hindi. Available to travel up to 10 km. Current rating is 3.87.,,2025-06-14
2793,2793,Experienced alteration with 3 years of experience. Speaks English. Available to travel up to 32 km. Current rating is 4.34.,,2025-01-20
2794,2794,Experienced microwave repair with 20 years of experience. Speaks Kannada. Available to travel up to 17 km. Current rating is 4.52.,,2025-09-13
2795,2795,Experienced wall painting with 12 years of experience. Speaks Tamil. Available to travel up to 16 km. Current rating is 4.66.,,2025-03-16
2796,2796,Experienced refrigerator repair with 12 years of experience. Speaks Malayalam. Available to travel up to 27 km. Current rating is 4.35.,,2025-05-01
2797,2797,Experienced concrete work with 13 years of experience. Speaks Kannada. Available to travel up to 42 km. Current rating is 3.59.,,2025-12-26
2798,2798,Experienced water tank installation with 5 years of experience. Speaks Telugu. Available to travel up to 47 km. Current rating is 4.21.,,2025-07-09
2799,2799,Experienced carpenter with 5 years of experience. Speaks English. Available to travel up to 34 km. Current rating is 4.18.,,2025-12-27
2800,2800,Experienced alteration with 20 years of experience. Speaks Kannada. Available to travel up to 13 km. Current rating is 3.86.,,2025-03-23
2801,2801,Experienced wood polishing with 5 years of experience. Speaks Malayalam. Available to travel up to 47 km. Current rating is 3.75.,,2025-04-01
2802,2802,Experienced plumber with 16 years of experience. Speaks Malayalam. Available to travel up to 30 km. Current rating is 3.86.,,2025-03-14
2803,2803,Experienced light installation with 18 years of experience. Speaks Tamil. Available to travel up to 31 km. Current rating is 4.87.,,2025-11-14
2804,2804,Experienced furniture assembly with 4 years of experience. Speaks Hindi. Available to travel up to 30 km. Current rating is 3.52.,,2025-01-17
2805,2805,Experienced mason with 3 years of experience. Speaks English. Available to travel up to 11 km. Current rating is 4.23.,,2025-06-06
2806,2806,Experienced door repair with 10 years of experience. Speaks Telugu. Available to travel up to 33 km. Current rating is 3.74.,,2025-08-10
2807,2807,Experienced mason with 12 years of experience. Speaks English. Available to travel up to 49 km. Current rating is 4.92.,,2025-07-15
2808,2808,Experienced kitchen cleaning with 6 years of experience. Speaks Malayalam. Available to travel up to 5 km. Current rating is 4.28.,,2025-08-11
2809,2809,Experienced lawn maintenance with 10 years of experience. Speaks Telugu. Available to travel up to 28 km. Current rating is 3.74.,,2025-08-20
2810,2810,Experienced house cleaning with 13 years of experience. Speaks Hindi. Available to travel up to 25 km. Current rating is 4.38.,,2025-09-30
2811,2811,Experienced tile installation with 0 years of experience. Speaks Kannada. Available to travel up to 23 km. Current rating is 4.17.,,2025-01-31
2812,2812,Experienced pipe repair with 0 years of experience. Speaks Malayalam. Available to travel up to 42 km. Current rating is 3.8.,,2025-10-26
2813,2813,Experienced house cleaning with 13 years of experience. Speaks Telugu. Available to travel up to 35 km. Current rating is 4.55.,,2025-10-29
2814,2814,Experienced tailor with 0 years of experience. Speaks English. Available to travel up to 41 km. Current rating is 4.97.,,2025-01-23
2815,2815,Experienced cloth stitching with 9 years of experience. Speaks English. Available to travel up to 14 km. Current rating is 4.11.,,2025-03-22
2816,2816,Experienced washing machine repair with 16 years of experience. Speaks Malayalam. Available to travel up to 33 km. Current rating is 4.37.,,2025-05-15
2817,2817,Experienced washing machine repair with 12 years of experience. Speaks Telugu. Available to travel up to 6 km. Current rating is 4.82.,,2025-09-08
2818,2818,Experienced house cleaning with 17 years of experience. Speaks Malayalam. Available to travel up to 11 km. Current rating is 4.19.,,2025-02-23
2819,2819,Experienced microwave repair with 18 years of experience. Speaks Kannada. Available to travel up to 5 km. Current rating is 4.03.,,2025-11-19
2820,2820,Experienced house cleaning with 3 years of experience. Speaks Malayalam. Available to travel up to 25 km. Current rating is 3.66.,,2025-03-24
2821,2821,Experienced fan installation with 6 years of experience. Speaks Hindi. Available to travel up to 35 km. Current rating is 4.97.,,2025-10-02
2822,2822,Experienced tree trimming with 13 years of experience. Speaks Kannada. Available to travel up to 31 km. Current rating is 4.56.,,2025-12-07
2823,2823,Experienced washing machine repair with 16 years of experience. Speaks English. Available to travel up to 40 km. Current rating is 3.97.,,2025-05-23
2824,2824,Experienced kitchen cleaning with 17 years of experience. Speaks Tamil. Available to travel up to 12 km. Current rating is 4.9.,,2025-10-30
2825,2825,Experienced tailor with 3 years of experience. Speaks Kannada. Available to travel up to 13 km. Current rating is 3.98.,,2025-02-07
2826,2826,Experienced electrician with 10 years of experience. Speaks Hindi. Available to travel up to 46 km. Current rating is 3.97.,,2025-06-29
2827,2827,Experienced deep cleaning with 8 years of experience. Speaks Telugu. Available to travel up to 17 km. Current rating is 3.96.,,2025-06-12
2828,2828,Experienced movers with 4 years of experience. Speaks Kannada. Available to travel up to 23 km. Current rating is 3.59.,,2025-02-26
2829,2829,Experienced ac technician with 18 years of experience. Speaks Kannada. Available to travel up to 13 km. Current rating is 4.63.,,2025-12-13
2830,2830,Experienced switch repair with 4 years of experience. Speaks Malayalam. Available to travel up to 8 km. Current rating is 4.79.,,2025-08-28
2831,2831,Experienced house wiring with 1 years of experience. Speaks Tamil. Available to travel up to 47 km. Current rating is 3.63.,,2025-12-13
2832,2832,Experienced plumber with 8 years of experience. Speaks Tamil. Available to travel up to 22 km. Current rating is 3.83.,,2025-10-13
2833,2833,Experienced painter with 2 years of experience. Speaks Tamil. Available to travel up to 25 km. Current rating is 3.55.,,2025-01-13
2834,2834,Experienced interior painting with 7 years of experience. Speaks Malayalam. Available to travel up to 15 km. Current rating is 3.8.,,2025-02-21
2835,2835,Experienced brick work with 16 years of experience. Speaks Hindi. Available to travel up to 38 km. Current rating is 4.35.,,2025-02-21
2836,2836,Experienced deep cleaning with 0 years of experience. Speaks Malayalam. Available to travel up to 35 km. Current rating is 4.35.,,2025-01-03
2837,2837,Experienced cloth stitching with 9 years of experience. Speaks Hindi. Available to travel up to 14 km. Current rating is 4.21.,,2025-02-16
2838,2838,Experienced refrigerator repair with 3 years of experience. Speaks English. Available to travel up to 12 km. Current rating is 4.3.,,2025-01-09
2839,2839,Experienced concrete work with 0 years of experience. Speaks Kannada. Available to travel up to 28 km. Current rating is 3.96.,,2025-04-14
2840,2840,Experienced tv repair with 10 years of experience. Speaks Malayalam. Available to travel up to 46 km. Current rating is 4.73.,,2025-05-24
2841,2841,Experienced light installation with 15 years of experience. Speaks Kannada. Available to travel up to 7 km. Current rating is 4.92.,,2025-12-01
2842,2842,Experienced switch repair with 3 years of experience. Speaks Kannada. Available to travel up to 31 km. Current rating is 4.85.,,2025-01-17
2843,2843,Experienced interior painting with 14 years of experience. Speaks Hindi. Available to travel up to 40 km. Current rating is 3.65.,,2025-05-06
2844,2844,Experienced leak detection with 11 years of experience. Speaks English. Available to travel up to 27 km. Current rating is 4.99.,,2025-08-07
2845,2845,Experienced ac technician with 3 years of experience. Speaks Kannada. Available to travel up to 32 km. Current rating is 4.5.,,2025-01-10
2846,2846,Experienced lawn maintenance with 13 years of experience. Speaks Hindi. Available to travel up to 35 km. Current rating is 4.28.,,2025-09-21
2847,2847,Experienced hair stylist with 13 years of experience. Speaks English. Available to travel up to 15 km. Current rating is 4.11.,,2025-04-05
2848,2848,Experienced refrigerator repair with 17 years of experience. Speaks Hindi. Available to travel up to 17 km. Current rating is 4.32.,,2025-06-18
2849,2849,Experienced beautician with 17 years of experience. Speaks English. Available to travel up to 22 km. Current rating is 4.91.,,2025-08-04
2850,2850,Experienced light installation with 18 years of experience. Speaks Telugu. Available to travel up to 15 km. Current rating is 3.95.,,2025-11-20
2851,2851,Experienced ac installation with 6 years of experience. Speaks Malayalam. Available to travel up to 40 km. Current rating is 4.74.,,2025-11-08
2852,2852,Experienced makeup artist with 5 years of experience. Speaks Telugu. Available to travel up to 33 km. Current rating is 4.49.,,2025-08-13
2853,2853,Experienced switch repair with 18 years of experience. Speaks Kannada. Available to travel up to 21 km. Current rating is 3.84.,,2025-06-19
2854,2854,Experienced kitchen cleaning with 14 years of experience. Speaks Malayalam. Available to travel up to 50 km. Current rating is 4.37.,,2025-08-04
2855,2855,Experienced alteration with 6 years of experience. Speaks Malayalam. Available to travel up to 41 km. Current rating is 3.63.,,2025-10-25
2856,2856,Experienced tailor with 3 years of experience. Speaks Malayalam. Available to travel up to 25 km. Current rating is 4.48.,,2025-10-23
2857,2857,Experienced exterior painting with 19 years of experience. Speaks Telugu. Available to travel up to 26 km. Current rating is 3.65.,,2025-12-17
2858,2858,Experienced makeup artist with 1 years of experience. Speaks Tamil. Available to travel up to 25 km. Current rating is 4.25.,,2025-04-16
2859,2859,Experienced switch repair with 16 years of experience. Speaks Malayalam. Available to travel up to 15 km. Current rating is 4.25.,,2025-07-27
2860,2860,Experienced furniture assembly with 3 years of experience. Speaks Malayalam. Available to travel up to 10 km. Current rating is 4.84.,,2025-10-10
2861,2861,Experienced gardener with 1 years of experience. Speaks Malayalam. Available to travel up to 48 km. Current rating is 4.51.,,2025-12-10
2862,2862,Experienced tailor with 4 years of experience. Speaks Telugu. Available to travel up to 12 km. Current rating is 3.65.,,2025-02-01
2863,2863,Experienced bathroom fitting with 1 years of experience. Speaks Tamil. Available to travel up to 44 km. Current rating is 3.73.,,2025-08-02
2864,2864,Experienced lawn maintenance with 16 years of experience. Speaks Kannada. Available to travel up to 16 km. Current rating is 4.17.,,2025-08-22
2865,2865,Experienced alteration with 8 years of experience. Speaks English. Available to travel up to 18 km. Current rating is 4.17.,,2025-07-13
2866,2866,Experienced driver with 5 years of experience. Speaks English. Available to travel up to 13 km. Current rating is 4.09.,,2025-03-27
2867,2867,Experienced tv repair with 2 years of experience. Speaks Malayalam. Available to travel up to 7 km. Current rating is 3.78.,,2025-04-22
2868,2868,Experienced movers with 14 years of experience. Speaks Telugu. Available to travel up to 33 km. Current rating is 4.11.,,2025-12-12
2869,2869,Experienced bathroom fitting with 5 years of experience. Speaks English. Available to travel up to 44 km. Current rating is 4.34.,,2025-09-06
2870,2870,Experienced house cleaning with 3 years of experience. Speaks Tamil. Available to travel up to 12 km. Current rating is 4.08.,,2025-04-21
2871,2871,Experienced cloth stitching with 13 years of experience. Speaks Hindi. Available to travel up to 23 km. Current rating is 4.18.,,2025-02-10
2872,2872,Experienced refrigerator repair with 7 years of experience. Speaks English. Available to travel up to 29 km. Current rating is 4.31.,,2025-11-18
2873,2873,Experienced tree trimming with 12 years of experience. Speaks English. Available to travel up to 37 km. Current rating is 4.6.,,2025-09-10
2874,2874,Experienced tailor with 12 years of experience. Speaks Kannada. Available to travel up to 20 km. Current rating is 3.9.,,2025-05-14
2875,2875,Experienced washing machine repair with 11 years of experience. Speaks Tamil. Available to travel up to 50 km. Current rating is 3.53.,,2025-06-28
2876,2876,Experienced pipe repair with 19 years of experience. Speaks Malayalam. Available to travel up to 50 km. Current rating is 4.11.,,2025-11-20
2877,2877,Experienced light installation with 3 years of experience. Speaks Telugu. Available to travel up to 5 km. Current rating is 4.91.,,2025-07-12
2878,2878,Experienced ac installation with 3 years of experience. Speaks Telugu. Available to travel up to 46 km. Current rating is 4.76.,,2025-07-14
2879,2879,Experienced painter with 5 years of experience. Speaks Telugu. Available to travel up to 50 km. Current rating is 4.95.,,2025-02-28
2880,2880,Experienced gardener with 9 years of experience. Speaks Kannada. Available to travel up to 38 km. Current rating is 3.6.,,2025-03-15
2881,2881,Experienced exterior painting with 18 years of experience. Speaks English. Available to travel up to 9 km. Current rating is 3.93.,,2025-12-20
2882,2882,Experienced lawn maintenance with 18 years of experience. Speaks English. Available to travel up to 31 km. Current rating is 3.64.,,2025-10-19
2883,2883,Experienced switch repair with 12 years of experience. Speaks Kannada. Available to travel up to 39 km. Current rating is 4.47.,,2025-09-22
2884,2884,Experienced tile installation with 14 years of experience. Speaks English. Available to travel up to 22 km. Current rating is 4.81.,,2025-06-10
2885,2885,Experienced switch repair with 12 years of experience. Speaks Telugu. Available to travel up to 12 km. Current rating is 3.89.,,2025-04-29
2886,2886,Experienced security guard with 7 years of experience. Speaks Telugu. Available to travel up to 36 km. Current rating is 4.73.,,2025-09-24
2887,2887,Experienced plumber with 5 years of experience. Speaks Tamil. Available to travel up to 46 km. Current rating is 4.97.,,2025-07-19
2888,2888,Experienced beautician with 7 years of experience. Speaks Kannada. Available to travel up to 32 km. Current rating is 4.53.,,2025-05-16
2889,2889,Experienced door repair with 8 years of experience. Speaks Tamil. Available to travel up to 45 km. Current rating is 4.96.,,2025-04-19
2890,2890,Experienced bathroom fitting with 6 years of experience. Speaks Kannada. Available to travel up to 50 km. Current rating is 4.32.,,2025-09-20
2891,2891,Experienced painter with 16 years of experience. Speaks Hindi. Available to travel up to 5 km. Current rating is 4.48.,,2025-03-12
2892,2892,Experienced movers with 11 years of experience. Speaks Kannada. Available to travel up to 9 km. Current rating is 3.85.,,2025-04-23
2893,2893,Experienced catering with 0 years of experience. Speaks Tamil. Available to travel up to 40 km. Current rating is 4.96.,,2025-04-05
2894,2894,Experienced cook with 8 years of experience. Speaks Hindi. Available to travel up to 28 km. Current rating is 4.31.,,2025-07-20
2895,2895,Experienced interior painting with 14 years of experience. Speaks Malayalam. Available to travel up to 33 km. Current rating is 3.77.,,2025-12-01
2896,2896,Experienced fan installation with 17 years of experience. Speaks Tamil. Available to travel up to 37 km. Current rating is 4.2.,,2025-09-22
2897,2897,Experienced tree trimming with 3 years of experience. Speaks Hindi. Available to travel up to 5 km. Current rating is 4.83.,,2025-03-28
2898,2898,Experienced packers with 7 years of experience. Speaks Telugu. Available to travel up to 37 km. Current rating is 3.83.,,2025-09-08
2899,2899,Experienced brick work with 2 years of experience. Speaks Kannada. Available to travel up to 42 km. Current rating is 4.67.,,2025-01-30
2900,2900,Experienced interior painting with 20 years of experience. Speaks Tamil. Available to travel up to 45 km. Current rating is 3.86.,,2025-04-22
2901,2901,Experienced makeup artist with 6 years of experience. Speaks Malayalam. Available to travel up to 40 km. Current rating is 4.92.,,2025-11-14
2902,2902,Experienced interior painting with 8 years of experience. Speaks English. Available to travel up to 42 km. Current rating is 3.64.,,2025-05-05
2903,2903,Experienced kitchen cleaning with 8 years of experience. Speaks Malayalam. Available to travel up to 41 km. Current rating is 4.27.,,2025-09-16
2904,2904,Experienced tailor with 3 years of experience. Speaks Kannada. Available to travel up to 42 km. Current rating is 4.33.,,2025-10-13
2905,2905,Experienced exterior painting with 13 years of experience. Speaks Telugu. Available to travel up to 40 km. Current rating is 3.69.,,2025-02-23
2906,2906,Experienced furniture assembly with 13 years of experience. Speaks Telugu. Available to travel up to 32 km. Current rating is 4.42.,,2025-05-24
2907,2907,Experienced security guard with 16 years of experience. Speaks English. Available to travel up to 14 km. Current rating is 4.87.,,2025-06-12
2908,2908,Experienced makeup artist with 13 years of experience. Speaks Kannada. Available to travel up to 36 km. Current rating is 4.64.,,2025-07-15
2909,2909,Experienced ac technician with 3 years of experience. Speaks English. Available to travel up to 9 km. Current rating is 3.52.,,2025-12-27
2910,2910,Experienced ac technician with 2 years of experience. Speaks Malayalam. Available to travel up to 45 km. Current rating is 4.48.,,2025-06-05
2911,2911,Experienced plumber with 11 years of experience. Speaks Telugu. Available to travel up to 32 km. Current rating is 3.94.,,2025-02-18
2912,2912,Experienced wood polishing with 17 years of experience. Speaks Kannada. Available to travel up to 31 km. Current rating is 4.68.,,2025-12-18
2913,2913,Experienced painter with 9 years of experience. Speaks Malayalam. Available to travel up to 26 km. Current rating is 4.81.,,2025-02-07
2914,2914,Experienced catering with 16 years of experience. Speaks Tamil. Available to travel up to 30 km. Current rating is 4.72.,,2025-03-27
2915,2915,Experienced house wiring with 16 years of experience. Speaks Telugu. Available to travel up to 15 km. Current rating is 4.17.,,2025-03-17
2916,2916,Experienced electrician with 17 years of experience. Speaks English. Available to travel up to 35 km. Current rating is 4.08.,,2025-04-02
2917,2917,Experienced ac technician with 14 years of experience. Speaks Kannada. Available to travel up to 25 km. Current rating is 4.23.,,2025-08-25
2918,2918,Experienced switch repair with 1 years of experience. Speaks Kannada. Available to travel up to 49 km. Current rating is 4.36.,,2025-04-25
2919,2919,Experienced wood polishing with 18 years of experience. Speaks Hindi. Available to travel up to 39 km. Current rating is 4.46.,,2025-10-03
2920,2920,Experienced switch repair with 17 years of experience. Speaks Kannada. Available to travel up to 21 km. Current rating is 4.74.,,2025-07-26
2921,2921,Experienced fan installation with 7 years of experience. Speaks English. Available to travel up to 40 km. Current rating is 3.96.,,2026-01-01
2922,2922,Experienced gardener with 0 years of experience. Speaks Hindi. Available to travel up to 44 km. Current rating is 3.71.,,2025-08-20
2923,2923,Experienced cloth stitching with 1 years of experience. Speaks Telugu. Available to travel up to 19 km. Current rating is 3.76.,,2025-07-14
2924,2924,Experienced tile installation with 18 years of experience. Speaks Tamil. Available to travel up to 42 km. Current rating is 4.82.,,2025-04-17
2925,2925,Experienced catering with 9 years of experience. Speaks Kannada. Available to travel up to 40 km. Current rating is 3.58.,,2025-02-19
2926,2926,Experienced water tank installation with 6 years of experience. Speaks Telugu. Available to travel up to 36 km. Current rating is 3.67.,,2025-08-14
2927,2927,Experienced wall painting with 0 years of experience. Speaks Kannada. Available to travel up to 15 km. Current rating is 3.8.,,2025-09-25
2928,2928,Experienced ac technician with 12 years of experience. Speaks Hindi. Available to travel up to 34 km. Current rating is 4.53.,,2025-08-24
2929,2929,Experienced security guard with 6 years of experience. Speaks Tamil. Available to travel up to 22 km. Current rating is 3.9.,,2025-12-01
2930,2930,Experienced bathroom cleaning with 9 years of experience. Speaks Telugu. Available to travel up to 49 km. Current rating is 4.26.,,2025-01-27
2931,2931,Experienced tailor with 12 years of experience. Speaks Tamil. Available to travel up to 5 km. Current rating is 4.94.,,2025-01-30
2932,2932,Experienced brick work with 12 years of experience. Speaks Hindi. Available to travel up to 47 km. Current rating is 4.12.,,2025-06-21
2933,2933,Experienced ac technician with 5 years of experience. Speaks Kannada. Available to travel up to 31 km. Current rating is 4.45.,,2025-10-15
2934,2934,Experienced cloth stitching with 18 years of experience. Speaks Kannada. Available to travel up to 41 km. Current rating is 4.75.,,2025-10-30
2935,2935,Experienced packers with 9 years of experience. Speaks Malayalam. Available to travel up to 38 km. Current rating is 4.55.,,2025-01-04
2936,2936,Experienced lawn maintenance with 18 years of experience. Speaks Hindi. Available to travel up to 5 km. Current rating is 3.58.,,2025-12-14
2937,2937,Experienced tailor with 15 years of experience. Speaks Kannada. Available to travel up to 5 km. Current rating is 4.31.,,2025-08-26
2938,2938,Experienced exterior painting with 4 years of experience. Speaks Tamil. Available to travel up to 23 km. Current rating is 4.31.,,2025-08-01
2939,2939,Experienced painter with 16 years of experience. Speaks Kannada. Available to travel up to 11 km. Current rating is 4.67.,,2025-05-17
2940,2940,Experienced gardener with 11 years of experience. Speaks Tamil. Available to travel up to 21 km. Current rating is 4.5.,,2025-06-16
2941,2941,Experienced fan installation with 1 years of experience. Speaks Malayalam. Available to travel up to 33 km. Current rating is 4.86.,,2025-05-09
2942,2942,Experienced ac installation with 19 years of experience. Speaks Malayalam. Available to travel up to 6 km. Current rating is 4.69.,,2025-06-30
2943,2943,Experienced washing machine repair with 3 years of experience. Speaks Telugu. Available to travel up to 45 km. Current rating is 4.45.,,2025-06-21
2944,2944,Experienced washing machine repair with 4 years of experience. Speaks Telugu. Available to travel up to 7 km. Current rating is 3.85.,,2025-12-08
2945,2945,Experienced house wiring with 5 years of experience. Speaks Kannada. Available to travel up to 18 km. Current rating is 4.12.,,2025-04-06
2946,2946,Experienced hair stylist with 0 years of experience. Speaks Kannada. Available to travel up to 24 km. Current rating is 4.21.,,2025-10-12
2947,2947,Experienced wood polishing with 17 years of experience. Speaks Malayalam. Available to travel up to 43 km. Current rating is 4.34.,,2025-06-28
2948,2948,Experienced tile installation with 14 years of experience. Speaks Hindi. Available to travel up to 41 km. Current rating is 3.66.,,2025-07-13
2949,2949,Experienced switch repair with 5 years of experience. Speaks Malayalam. Available to travel up to 25 km. Current rating is 4.47.,,2025-08-10
2950,2950,Experienced tile installation with 8 years of experience. Speaks Tamil. Available to travel up to 18 km. Current rating is 4.6.,,2025-11-07
2951,2951,Experienced painter with 14 years of experience. Speaks English. Available to travel up to 33 km. Current rating is 3.55.,,2025-04-09
2952,2952,Experienced ac repair with 15 years of experience. Speaks English. Available to travel up to 37 km. Current rating is 4.2.,,2025-09-13
2953,2953,Experienced plumber with 15 years of experience. Speaks Tamil. Available to travel up to 29 km. Current rating is 4.79.,,2025-10-14
2954,2954,Experienced movers with 11 years of experience. Speaks Tamil. Available to travel up to 37 km. Current rating is 4.12.,,2025-05-17
2955,2955,Experienced tailor with 0 years of experience. Speaks Tamil. Available to travel up to 50 km. Current rating is 4.63.,,2025-05-27
2956,2956,Experienced door repair with 18 years of experience. Speaks Tamil. Available to travel up to 30 km. Current rating is 3.56.,,2025-10-15
2957,2957,Experienced security guard with 17 years of experience. Speaks English. Available to travel up to 37 km. Current rating is 4.45.,,2025-11-09
2958,2958,Experienced beautician with 6 years of experience. Speaks Telugu. Available to travel up to 29 km. Current rating is 3.75.,,2025-11-23
2959,2959,Experienced wall painting with 3 years of experience. Speaks Hindi. Available to travel up to 46 km. Current rating is 3.58.,,2025-05-29
2960,2960,Experienced electrician with 6 years of experience. Speaks Hindi. Available to travel up to 45 km. Current rating is 3.67.,,2025-06-16
2961,2961,Experienced tailor with 18 years of experience. Speaks English. Available to travel up to 27 km. Current rating is 4.93.,,2025-07-02
2962,2962,Experienced plumber with 0 years of experience. Speaks Tamil. Available to travel up to 13 km. Current rating is 4.52.,,2025-11-04
2963,2963,Experienced makeup artist with 7 years of experience. Speaks Telugu. Available to travel up to 43 km. Current rating is 3.83.,,2025-11-15
2964,2964,Experienced alteration with 10 years of experience. Speaks Malayalam. Available to travel up to 23 km. Current rating is 4.87.,,2025-05-03
2965,2965,Experienced beautician with 9 years of experience. Speaks English. Available to travel up to 15 km. Current rating is 3.54.,,2025-03-05
2966,2966,Experienced deep cleaning with 3 years of experience. Speaks Tamil. Available to travel up to 36 km. Current rating is 4.04.,,2025-07-07
2967,2967,Experienced bathroom cleaning with 10 years of experience. Speaks English. Available to travel up to 10 km. Current rating is 3.64.,,2025-05-24
2968,2968,Experienced refrigerator repair with 4 years of experience. Speaks Tamil. Available to travel up to 41 km. Current rating is 4.29.,,2025-11-22
2969,2969,Experienced concrete work with 7 years of experience. Speaks Telugu. Available to travel up to 10 km. Current rating is 3.69.,,2025-11-18
2970,2970,Experienced movers with 20 years of experience. Speaks Telugu. Available to travel up to 6 km. Current rating is 4.18.,,2025-06-08
2971,2971,Experienced exterior painting with 12 years of experience. Speaks Malayalam. Available to travel up to 48 km. Current rating is 3.96.,,2025-04-02
2972,2972,Experienced security guard with 15 years of experience. Speaks English. Available to travel up to 13 km. Current rating is 4.03.,,2025-08-17
2973,2973,Experienced packers with 12 years of experience. Speaks Kannada. Available to travel up to 46 km. Current rating is 3.79.,,2025-08-16
2974,2974,Experienced door repair with 13 years of experience. Speaks Kannada. Available to travel up to 45 km. Current rating is 4.81.,,2025-08-27
2975,2975,Experienced carpenter with 6 years of experience. Speaks English. Available to travel up to 47 km. Current rating is 3.91.,,2025-09-06
2976,2976,Experienced gardener with 4 years of experience. Speaks Hindi. Available to travel up to 20 km. Current rating is 4.38.,,2025-09-16
2977,2977,Experienced ac installation with 9 years of experience. Speaks Telugu. Available to travel up to 32 km. Current rating is 4.36.,,2025-12-12
2978,2978,Experienced alteration with 12 years of experience. Speaks English. Available to travel up to 10 km. Current rating is 4.85.,,2025-02-16
2979,2979,Experienced refrigerator repair with 11 years of experience. Speaks Kannada. Available to travel up to 33 km. Current rating is 4.39.,,2025-06-12
2980,2980,Experienced ac installation with 12 years of experience. Speaks Telugu. Available to travel up to 46 km. Current rating is 4.22.,,2025-10-16
2981,2981,Experienced hair stylist with 2 years of experience. Speaks English. Available to travel up to 42 km. Current rating is 4.09.,,2025-01-25
2982,2982,Experienced bathroom fitting with 17 years of experience. Speaks Malayalam. Available to travel up to 41 km. Current rating is 4.19.,,2025-12-04
2983,2983,Experienced painter with 10 years of experience. Speaks Malayalam. Available to travel up to 41 km. Current rating is 4.16.,,2025-10-08
2984,2984,Experienced washing machine repair with 15 years of experience. Speaks Tamil. Available to travel up to 30 km. Current rating is 3.84.,,2025-04-09
2985,2985,Experienced hair stylist with 7 years of experience. Speaks Hindi. Available to travel up to 19 km. Current rating is 4.77.,,2025-12-10
2986,2986,Experienced water tank installation with 15 years of experience. Speaks Tamil. Available to travel up to 36 km. Current rating is 4.89.,,2025-04-23
2987,2987,Experienced makeup artist with 8 years of experience. Speaks Malayalam. Available to travel up to 35 km. Current rating is 4.41.,,2025-03-23
2988,2988,Experienced switch repair with 9 years of experience. Speaks Hindi. Available to travel up to 33 km. Current rating is 4.37.,,2025-11-13
2989,2989,Experienced house wiring with 19 years of experience. Speaks Malayalam. Available to travel up to 27 km. Current rating is 3.9.,,2025-05-08
2990,2990,Experienced lawn maintenance with 17 years of experience. Speaks English. Available to travel up to 9 km. Current rating is 4.59.,,2025-10-09
2991,2991,Experienced beautician with 2 years of experience. Speaks Tamil. Available to travel up to 36 km. Current rating is 4.18.,,2025-02-08
2992,2992,Experienced water tank installation with 2 years of experience. Speaks Telugu. Available to travel up to 45 km. Current rating is 3.71.,,2025-05-26
2993,2993,Experienced lawn maintenance with 9 years of experience. Speaks Kannada. Available to travel up to 28 km. Current rating is 4.9.,,2025-09-26
2994,2994,Experienced gardener with 17 years of experience. Speaks Telugu. Available to travel up to 37 km. Current rating is 4.47.,,2025-08-23
2995,2995,Experienced house wiring with 15 years of experience. Speaks Hindi. Available to travel up to 10 km. Current rating is 4.72.,,2025-09-23
2996,2996,Experienced brick work with 11 years of experience. Speaks Tamil. Available to travel up to 22 km. Current rating is 4.45.,,2025-03-06
2997,2997,Experienced carpenter with 10 years of experience. Speaks English. Available to travel up to 21 km. Current rating is 3.58.,,2025-10-21
2998,2998,Experienced alteration with 13 years of experience. Speaks Kannada. Available to travel up to 20 km. Current rating is 4.7.,,2025-08-05
2999,2999,Experienced ac installation with 6 years of experience. Speaks Tamil. Available to travel up to 38 km. Current rating is 3.58.,,2025-09-27
3000,3000,Experienced brick work with 2 years of experience. Speaks Malayalam. Available to travel up to 8 km. Current rating is 3.66.,,2025-01-15
3001,3001,Experienced hair stylist with 9 years of experience. Speaks Telugu. Available to travel up to 17 km. Current rating is 4.89.,,2025-01-14
3002,3002,Experienced fan installation with 9 years of experience. Speaks Hindi. Available to travel up to 39 km. Current rating is 4.03.,,2025-10-26
3003,3003,Experienced painter with 17 years of experience. Speaks English. Available to travel up to 43 km. Current rating is 4.26.,,2025-02-23
3004,3004,Experienced deep cleaning with 14 years of experience. Speaks Hindi. Available to travel up to 29 km. Current rating is 4.58.,,2025-06-20
3005,3005,Experienced interior painting with 8 years of experience. Speaks Tamil. Available to travel up to 20 km. Current rating is 4.79.,,2025-02-02
3006,3006,Experienced carpenter with 17 years of experience. Speaks Hindi. Available to travel up to 8 km. Current rating is 4.42.,,2025-02-03
3007,3007,Experienced light installation with 7 years of experience. Speaks Kannada. Available to travel up to 46 km. Current rating is 4.74.,,2025-01-07
3008,3008,Experienced ac repair with 14 years of experience. Speaks English. Available to travel up to 28 km. Current rating is 4.25.,,2025-12-22
3009,3009,Experienced house wiring with 8 years of experience. Speaks Tamil. Available to travel up to 22 km. Current rating is 4.75.,,2025-10-16
3010,3010,Experienced hair stylist with 2 years of experience. Speaks Hindi. Available to travel up to 50 km. Current rating is 4.07.,,2025-07-29
3011,3011,Experienced alteration with 15 years of experience. Speaks Malayalam. Available to travel up to 26 km. Current rating is 3.5.,,2025-08-03
3012,3012,Experienced tailor with 15 years of experience. Speaks Tamil. Available to travel up to 7 km. Current rating is 3.98.,,2025-02-26
3013,3013,Experienced movers with 8 years of experience. Speaks Tamil. Available to travel up to 37 km. Current rating is 4.76.,,2025-01-26
3014,3014,Experienced beautician with 14 years of experience. Speaks Malayalam. Available to travel up to 37 km. Current rating is 4.3.,,2025-01-27
3015,3015,Experienced microwave repair with 12 years of experience. Speaks Hindi. Available to travel up to 32 km. Current rating is 4.77.,,2025-11-03
3016,3016,Experienced water tank installation with 6 years of experience. Speaks Telugu. Available to travel up to 18 km. Current rating is 4.9.,,2025-09-22
3017,3017,Experienced water tank installation with 19 years of experience. Speaks Hindi. Available to travel up to 8 km. Current rating is 4.44.,,2025-10-26
3018,3018,Experienced door repair with 11 years of experience. Speaks Telugu. Available to travel up to 49 km. Current rating is 4.46.,,2025-01-24
3019,3019,Experienced alteration with 1 years of experience. Speaks English. Available to travel up to 43 km. Current rating is 3.95.,,2025-07-23
3020,3020,Experienced water tank installation with 6 years of experience. Speaks Kannada. Available to travel up to 46 km. Current rating is 4.8.,,2025-01-23
3021,3021,Experienced pipe repair with 8 years of experience. Speaks Tamil. Available to travel up to 49 km. Current rating is 3.88.,,2025-03-11
3022,3022,Experienced bathroom fitting with 15 years of experience. Speaks Telugu. Available to travel up to 7 km. Current rating is 3.8.,,2025-02-25
3023,3023,Experienced security guard with 20 years of experience. Speaks Kannada. Available to travel up to 48 km. Current rating is 4.46.,,2025-12-12
3024,3024,Experienced beautician with 20 years of experience. Speaks Telugu. Available to travel up to 29 km. Current rating is 4.97.,,2025-04-19
3025,3025,Experienced carpenter with 17 years of experience. Speaks Tamil. Available to travel up to 38 km. Current rating is 3.91.,,2025-03-27
3026,3026,Experienced door repair with 7 years of experience. Speaks Tamil. Available to travel up to 19 km. Current rating is 4.74.,,2025-12-24
3027,3027,Experienced tailor with 11 years of experience. Speaks Malayalam. Available to travel up to 41 km. Current rating is 4.41.,,2025-10-11
3028,3028,Experienced light installation with 2 years of experience. Speaks Telugu. Available to travel up to 46 km. Current rating is 4.07.,,2025-03-21
3029,3029,Experienced electrician with 9 years of experience. Speaks English. Available to travel up to 14 km. Current rating is 4.31.,,2025-08-21
3030,3030,Experienced wood polishing with 0 years of experience. Speaks Tamil. Available to travel up to 29 km. Current rating is 3.65.,,2025-01-07
3031,3031,Experienced makeup artist with 16 years of experience. Speaks Malayalam. Available to travel up to 25 km. Current rating is 4.19.,,2025-01-13
3032,3032,Experienced furniture assembly with 0 years of experience. Speaks Hindi. Available to travel up to 22 km. Current rating is 4.74.,,2025-02-12
3033,3033,Experienced switch repair with 3 years of experience. Speaks Malayalam. Available to travel up to 22 km. Current rating is 4.9.,,2025-04-15
3034,3034,Experienced driver with 2 years of experience. Speaks English. Available to travel up to 11 km. Current rating is 4.41.,,2025-05-18
3035,3035,Experienced kitchen cleaning with 9 years of experience. Speaks Hindi. Available to travel up to 5 km. Current rating is 4.85.,,2025-11-06
3036,3036,Experienced house cleaning with 8 years of experience. Speaks Tamil. Available to travel up to 48 km. Current rating is 4.38.,,2025-08-30
3037,3037,Experienced house wiring with 14 years of experience. Speaks Kannada. Available to travel up to 36 km. Current rating is 3.55.,,2025-03-08
3038,3038,Experienced washing machine repair with 2 years of experience. Speaks Kannada. Available to travel up to 44 km. Current rating is 4.23.,,2025-10-28
3039,3039,Experienced painter with 10 years of experience. Speaks Telugu. Available to travel up to 14 km. Current rating is 3.66.,,2025-04-12
3040,3040,Experienced furniture assembly with 19 years of experience. Speaks Malayalam. Available to travel up to 24 km. Current rating is 4.06.,,2025-02-15
3041,3041,Experienced wood polishing with 17 years of experience. Speaks Hindi. Available to travel up to 31 km. Current rating is 4.36.,,2025-01-16
3042,3042,Experienced house wiring with 9 years of experience. Speaks Hindi. Available to travel up to 45 km. Current rating is 4.33.,,2025-12-13
3043,3043,Experienced electrician with 19 years of experience. Speaks English. Available to travel up to 12 km. Current rating is 4.41.,,2025-12-17
3044,3044,Experienced carpenter with 16 years of experience. Speaks Tamil. Available to travel up to 18 km. Current rating is 3.6.,,2025-01-17
3045,3045,Experienced movers with 15 years of experience. Speaks Hindi. Available to travel up to 16 km. Current rating is 4.12.,,2025-02-06
3046,3046,Experienced exterior painting with 19 years of experience. Speaks Malayalam. Available to travel up to 35 km. Current rating is 4.88.,,2025-02-11
3047,3047,Experienced tile installation with 19 years of experience. Speaks Tamil. Available to travel up to 50 km. Current rating is 4.71.,,2025-08-25
3048,3048,Experienced bathroom cleaning with 14 years of experience. Speaks Hindi. Available to travel up to 22 km. Current rating is 4.98.,,2025-10-30
3049,3049,Experienced carpenter with 19 years of experience. Speaks Kannada. Available to travel up to 21 km. Current rating is 4.97.,,2025-03-22
3050,3050,Experienced door repair with 13 years of experience. Speaks Malayalam. Available to travel up to 42 km. Current rating is 4.93.,,2025-12-04
3051,3051,Experienced microwave repair with 3 years of experience. Speaks Malayalam. Available to travel up to 35 km. Current rating is 3.71.,,2025-10-06
3052,3052,Experienced lawn maintenance with 2 years of experience. Speaks Hindi. Available to travel up to 49 km. Current rating is 4.96.,,2025-10-21
3053,3053,Experienced electrician with 6 years of experience. Speaks Telugu. Available to travel up to 22 km. Current rating is 3.77.,,2025-10-09
3054,3054,Experienced refrigerator repair with 19 years of experience. Speaks Malayalam. Available to travel up to 12 km. Current rating is 3.79.,,2025-10-28
3055,3055,Experienced tv repair with 4 years of experience. Speaks English. Available to travel up to 10 km. Current rating is 3.7.,,2025-04-25
3056,3056,Experienced beautician with 3 years of experience. Speaks Kannada. Available to travel up to 13 km. Current rating is 4.05.,,2025-12-07
3057,3057,Experienced cook with 15 years of experience. Speaks Kannada. Available to travel up to 28 km. Current rating is 4.82.,,2025-07-21
3058,3058,Experienced tailor with 13 years of experience. Speaks Kannada. Available to travel up to 25 km. Current rating is 3.85.,,2025-10-23
3059,3059,Experienced water tank installation with 15 years of experience. Speaks Kannada. Available to travel up to 32 km. Current rating is 4.55.,,2025-11-13
3060,3060,Experienced mason with 12 years of experience. Speaks Hindi. Available to travel up to 40 km. Current rating is 4.65.,,2025-08-04
3061,3061,Experienced switch repair with 7 years of experience. Speaks Kannada. Available to travel up to 6 km. Current rating is 4.71.,,2025-04-30
3062,3062,Experienced painter with 3 years of experience. Speaks Telugu. Available to travel up to 31 km. Current rating is 4.73.,,2025-12-02
3063,3063,Experienced alteration with 14 years of experience. Speaks English. Available to travel up to 34 km. Current rating is 4.73.,,2025-10-14
3064,3064,Experienced tree trimming with 18 years of experience. Speaks Kannada. Available to travel up to 18 km. Current rating is 4.98.,,2025-08-03
3065,3065,Experienced electrician with 6 years of experience. Speaks Telugu. Available to travel up to 38 km. Current rating is 3.98.,,2025-04-22
3066,3066,Experienced plumber with 10 years of experience. Speaks Kannada. Available to travel up to 27 km. Current rating is 4.4.,,2025-07-07
3067,3067,Experienced wall painting with 0 years of experience. Speaks Telugu. Available to travel up to 43 km. Current rating is 4.91.,,2025-11-10
3068,3068,Experienced cook with 0 years of experience. Speaks Malayalam. Available to travel up to 19 km. Current rating is 3.75.,,2025-04-19
3069,3069,Experienced interior painting with 10 years of experience. Speaks Hindi. Available to travel up to 20 km. Current rating is 4.95.,,2025-10-04
3070,3070,Experienced house cleaning with 7 years of experience. Speaks English. Available to travel up to 15 km. Current rating is 4.22.,,2025-06-15
3071,3071,Experienced lawn maintenance with 9 years of experience. Speaks Tamil. Available to travel up to 18 km. Current rating is 3.89.,,2025-04-18
3072,3072,Experienced lawn maintenance with 5 years of experience. Speaks Telugu. Available to travel up to 36 km. Current rating is 4.42.,,2025-04-07
3073,3073,Experienced bathroom cleaning with 2 years of experience. Speaks Malayalam. Available to travel up to 29 km. Current rating is 4.42.,,2025-05-20
3074,3074,Experienced kitchen cleaning with 12 years of experience. Speaks English. Available to travel up to 32 km. Current rating is 4.47.,,2025-08-26
3075,3075,Experienced beautician with 10 years of experience. Speaks Malayalam. Available to travel up to 20 km. Current rating is 3.92.,,2025-01-17
3076,3076,Experienced fan installation with 10 years of experience. Speaks Kannada. Available to travel up to 43 km. Current rating is 4.82.,,2025-11-22
3077,3077,Experienced exterior painting with 6 years of experience. Speaks Kannada. Available to travel up to 25 km. Current rating is 4.2.,,2025-03-03
3078,3078,Experienced leak detection with 3 years of experience. Speaks English. Available to travel up to 37 km. Current rating is 4.44.,,2025-12-16
3079,3079,Experienced gardener with 19 years of experience. Speaks Telugu. Available to travel up to 35 km. Current rating is 4.63.,,2025-06-18
3080,3080,Experienced leak detection with 15 years of experience. Speaks Kannada. Available to travel up to 15 km. Current rating is 3.5.,,2025-03-08
3081,3081,Experienced tree trimming with 1 years of experience. Speaks Kannada. Available to travel up to 35 km. Current rating is 4.67.,,2025-03-22
3082,3082,Experienced cloth stitching with 4 years of experience. Speaks Kannada. Available to travel up to 30 km. Current rating is 3.54.,,2025-12-10
3083,3083,Experienced leak detection with 18 years of experience. Speaks Tamil. Available to travel up to 14 km. Current rating is 4.38.,,2025-07-28
3084,3084,Experienced wood polishing with 15 years of experience. Speaks Malayalam. Available to travel up to 41 km. Current rating is 3.81.,,2025-07-08
3085,3085,Experienced lawn maintenance with 7 years of experience. Speaks Tamil. Available to travel up to 50 km. Current rating is 3.58.,,2025-01-30
3086,3086,Experienced movers with 9 years of experience. Speaks Malayalam. Available to travel up to 8 km. Current rating is 4.84.,,2025-09-09
3087,3087,Experienced tree trimming with 8 years of experience. Speaks Kannada. Available to travel up to 9 km. Current rating is 4.3.,,2025-04-08
3088,3088,Experienced deep cleaning with 1 years of experience. Speaks Telugu. Available to travel up to 43 km. Current rating is 3.72.,,2025-10-09
3089,3089,Experienced microwave repair with 5 years of experience. Speaks Malayalam. Available to travel up to 17 km. Current rating is 4.28.,,2025-12-22
3090,3090,Experienced electrician with 8 years of experience. Speaks Hindi. Available to travel up to 31 km. Current rating is 4.31.,,2025-12-18
3091,3091,Experienced deep cleaning with 8 years of experience. Speaks Kannada. Available to travel up to 44 km. Current rating is 4.04.,,2025-06-04
3092,3092,Experienced security guard with 16 years of experience. Speaks Hindi. Available to travel up to 29 km. Current rating is 3.95.,,2025-05-13
3093,3093,Experienced microwave repair with 4 years of experience. Speaks Malayalam. Available to travel up to 9 km. Current rating is 4.59.,,2025-07-27
3094,3094,Experienced furniture assembly with 15 years of experience. Speaks English. Available to travel up to 21 km. Current rating is 4.88.,,2025-08-25
3095,3095,Experienced bathroom cleaning with 20 years of experience. Speaks English. Available to travel up to 12 km. Current rating is 4.97.,,2025-03-31
3096,3096,Experienced ac technician with 11 years of experience. Speaks Malayalam. Available to travel up to 35 km. Current rating is 4.25.,,2025-08-25
3097,3097,Experienced tv repair with 19 years of experience. Speaks Malayalam. Available to travel up to 26 km. Current rating is 4.54.,,2025-06-26
3098,3098,Experienced door repair with 4 years of experience. Speaks English. Available to travel up to 13 km. Current rating is 4.99.,,2025-04-24
3099,3099,Experienced driver with 18 years of experience. Speaks Kannada. Available to travel up to 16 km. Current rating is 4.14.,,2025-12-19
3100,3100,Experienced lawn maintenance with 2 years of experience. Speaks Tamil. Available to travel up to 12 km. Current rating is 4.76.,,2025-05-04
3101,3101,Experienced alteration with 4 years of experience. Speaks Kannada. Available to travel up to 47 km. Current rating is 4.23.,,2025-09-17
3102,3102,Experienced pipe repair with 19 years of experience. Speaks English. Available to travel up to 20 km. Current rating is 4.56.,,2025-09-22
3103,3103,Experienced wood polishing with 12 years of experience. Speaks Tamil. Available to travel up to 18 km. Current rating is 4.1.,,2025-06-25
3104,3104,Experienced refrigerator repair with 13 years of experience. Speaks Malayalam. Available to travel up to 10 km. Current rating is 3.67.,,2025-09-08
3105,3105,Experienced ac repair with 2 years of experience. Speaks Malayalam. Available to travel up to 41 km. Current rating is 4.71.,,2025-06-02
3106,3106,Experienced switch repair with 3 years of experience. Speaks Kannada. Available to travel up to 6 km. Current rating is 3.55.,,2025-12-16
3107,3107,Experienced microwave repair with 5 years of experience. Speaks Hindi. Available to travel up to 48 km. Current rating is 4.37.,,2025-10-14
3108,3108,Experienced hair stylist with 0 years of experience. Speaks Hindi. Available to travel up to 27 km. Current rating is 4.94.,,2025-03-16
3109,3109,Experienced ac technician with 10 years of experience. Speaks Tamil. Available to travel up to 23 km. Current rating is 3.68.,,2025-01-16
3110,3110,Experienced house cleaning with 9 years of experience. Speaks Hindi. Available to travel up to 25 km. Current rating is 4.98.,,2025-05-03
3111,3111,Experienced light installation with 12 years of experience. Speaks Tamil. Available to travel up to 48 km. Current rating is 3.87.,,2025-02-10
3112,3112,Experienced tree trimming with 19 years of experience. Speaks Telugu. Available to travel up to 18 km. Current rating is 3.92.,,2025-06-23
3113,3113,Experienced cloth stitching with 11 years of experience. Speaks Hindi. Available to travel up to 48 km. Current rating is 4.94.,,2025-07-11
3114,3114,Experienced deep cleaning with 19 years of experience. Speaks Telugu. Available to travel up to 30 km. Current rating is 3.61.,,2025-06-05
3115,3115,Experienced water tank installation with 2 years of experience. Speaks Malayalam. Available to travel up to 6 km. Current rating is 3.8.,,2025-12-07
3116,3116,Experienced exterior painting with 20 years of experience. Speaks Kannada. Available to travel up to 19 km. Current rating is 3.92.,,2025-05-10
3117,3117,Experienced light installation with 13 years of experience. Speaks Kannada. Available to travel up to 25 km. Current rating is 3.9.,,2025-02-15
3118,3118,Experienced carpenter with 17 years of experience. Speaks Kannada. Available to travel up to 18 km. Current rating is 4.44.,,2025-07-28
3119,3119,Experienced tv repair with 10 years of experience. Speaks English. Available to travel up to 20 km. Current rating is 4.32.,,2025-12-16
3120,3120,Experienced gardener with 11 years of experience. Speaks Telugu. Available to travel up to 38 km. Current rating is 4.67.,,2025-03-19
3121,3121,Experienced carpenter with 14 years of experience. Speaks Telugu. Available to travel up to 33 km. Current rating is 4.48.,,2025-10-29
3122,3122,Experienced painter with 7 years of experience. Speaks Kannada. Available to travel up to 39 km. Current rating is 4.34.,,2025-11-28
3123,3123,Experienced carpenter with 0 years of experience. Speaks Kannada. Available to travel up to 5 km. Current rating is 4.09.,,2025-06-17
3124,3124,Experienced interior painting with 11 years of experience. Speaks Tamil. Available to travel up to 36 km. Current rating is 4.07.,,2025-10-25
3125,3125,Experienced lawn maintenance with 19 years of experience. Speaks Kannada. Available to travel up to 8 km. Current rating is 4.63.,,2025-12-09
3126,3126,Experienced bathroom fitting with 19 years of experience. Speaks Malayalam. Available to travel up to 32 km. Current rating is 4.27.,,2025-08-31
3127,3127,Experienced tv repair with 10 years of experience. Speaks Malayalam. Available to travel up to 21 km. Current rating is 4.61.,,2025-02-22
3128,3128,Experienced tile installation with 4 years of experience. Speaks Hindi. Available to travel up to 9 km. Current rating is 3.84.,,2025-05-06
3129,3129,Experienced wall painting with 16 years of experience. Speaks Telugu. Available to travel up to 48 km. Current rating is 3.76.,,2025-01-29
3130,3130,Experienced water tank installation with 3 years of experience. Speaks Malayalam. Available to travel up to 40 km. Current rating is 4.12.,,2025-10-04
3131,3131,Experienced leak detection with 1 years of experience. Speaks Hindi. Available to travel up to 44 km. Current rating is 4.5.,,2025-11-14
3132,3132,Experienced security guard with 12 years of experience. Speaks Malayalam. Available to travel up to 39 km. Current rating is 4.5.,,2025-03-10
3133,3133,Experienced fan installation with 15 years of experience. Speaks Telugu. Available to travel up to 40 km. Current rating is 4.98.,,2026-01-01
3134,3134,Experienced painter with 5 years of experience. Speaks Malayalam. Available to travel up to 38 km. Current rating is 4.65.,,2025-11-15
3135,3135,Experienced furniture assembly with 16 years of experience. Speaks Kannada. Available to travel up to 17 km. Current rating is 3.83.,,2025-03-30
3136,3136,Experienced beautician with 20 years of experience. Speaks Hindi. Available to travel up to 42 km. Current rating is 4.43.,,2025-12-07
3137,3137,Experienced ac technician with 18 years of experience. Speaks Tamil. Available to travel up to 24 km. Current rating is 3.88.,,2025-12-07
3138,3138,Experienced exterior painting with 3 years of experience. Speaks Malayalam. Available to travel up to 17 km. Current rating is 4.51.,,2025-07-12
3139,3139,Experienced gardener with 0 years of experience. Speaks English. Available to travel up to 43 km. Current rating is 4.2.,,2025-08-25
3140,3140,Experienced interior painting with 18 years of experience. Speaks Tamil. Available to travel up to 38 km. Current rating is 4.11.,,2025-10-31
3141,3141,Experienced furniture assembly with 2 years of experience. Speaks Malayalam. Available to travel up to 24 km. Current rating is 4.82.,,2025-07-22
3142,3142,Experienced ac repair with 11 years of experience. Speaks Kannada. Available to travel up to 14 km. Current rating is 3.56.,,2025-07-16
3143,3143,Experienced interior painting with 11 years of experience. Speaks Telugu. Available to travel up to 45 km. Current rating is 4.99.,,2025-08-18
3144,3144,Experienced packers with 0 years of experience. Speaks Telugu. Available to travel up to 11 km. Current rating is 3.64.,,2025-10-18
3145,3145,Experienced concrete work with 19 years of experience. Speaks Telugu. Available to travel up to 48 km. Current rating is 4.26.,,2025-03-03
3146,3146,Experienced movers with 13 years of experience. Speaks Telugu. Available to travel up to 48 km. Current rating is 3.89.,,2026-01-01
3147,3147,Experienced exterior painting with 10 years of experience. Speaks Kannada. Available to travel up to 47 km. Current rating is 4.34.,,2025-06-27
3148,3148,Experienced bathroom cleaning with 14 years of experience. Speaks Malayalam. Available to travel up to 35 km. Current rating is 4.68.,,2025-03-16
3149,3149,Experienced leak detection with 9 years of experience. Speaks English. Available to travel up to 34 km. Current rating is 4.42.,,2025-01-26
3150,3150,Experienced movers with 7 years of experience. Speaks Telugu. Available to travel up to 6 km. Current rating is 4.77.,,2025-05-26
3151,3151,Experienced house wiring with 1 years of experience. Speaks Tamil. Available to travel up to 39 km. Current rating is 4.5.,,2025-11-19
3152,3152,Experienced electrician with 14 years of experience. Speaks English. Available to travel up to 39 km. Current rating is 3.77.,,2025-09-09
3153,3153,Experienced bathroom fitting with 1 years of experience. Speaks Malayalam. Available to travel up to 20 km. Current rating is 3.8.,,2025-03-10
3154,3154,Experienced pipe repair with 13 years of experience. Speaks Tamil. Available to travel up to 9 km. Current rating is 4.99.,,2025-03-23
3155,3155,Experienced interior painting with 9 years of experience. Speaks Hindi. Available to travel up to 34 km. Current rating is 3.74.,,2025-08-30
3156,3156,Experienced hair stylist with 18 years of experience. Speaks Kannada. Available to travel up to 8 km. Current rating is 3.51.,,2025-10-28
3157,3157,Experienced washing machine repair with 7 years of experience. Speaks Hindi. Available to travel up to 39 km. Current rating is 3.9.,,2025-06-03
3158,3158,Experienced wood polishing with 5 years of experience. Speaks Kannada. Available to travel up to 16 km. Current rating is 4.71.,,2025-08-16
3159,3159,Experienced movers with 3 years of experience. Speaks Tamil. Available to travel up to 37 km. Current rating is 4.84.,,2025-05-10
3160,3160,Experienced exterior painting with 14 years of experience. Speaks Hindi. Available to travel up to 28 km. Current rating is 4.74.,,2025-06-18
3161,3161,Experienced hair stylist with 19 years of experience. Speaks Malayalam. Available to travel up to 41 km. Current rating is 5.0.,,2025-01-25
3162,3162,Experienced tile installation with 16 years of experience. Speaks Kannada. Available to travel up to 31 km. Current rating is 3.87.,,2025-04-25
3163,3163,Experienced carpenter with 0 years of experience. Speaks English. Available to travel up to 14 km. Current rating is 3.62.,,2025-10-04
3164,3164,Experienced switch repair with 2 years of experience. Speaks Tamil. Available to travel up to 31 km. Current rating is 3.51.,,2025-10-29
3165,3165,Experienced security guard with 13 years of experience. Speaks Kannada. Available to travel up to 17 km. Current rating is 3.54.,,2025-04-24
3166,3166,Experienced wall painting with 1 years of experience. Speaks Hindi. Available to travel up to 14 km. Current rating is 3.86.,,2025-10-23
3167,3167,Experienced house wiring with 0 years of experience. Speaks Kannada. Available to travel up to 20 km. Current rating is 4.21.,,2025-05-25
3168,3168,Experienced microwave repair with 17 years of experience. Speaks Hindi. Available to travel up to 7 km. Current rating is 4.32.,,2025-02-09
3169,3169,Experienced deep cleaning with 16 years of experience. Speaks Hindi. Available to travel up to 34 km. Current rating is 4.61.,,2025-06-15
3170,3170,Experienced light installation with 10 years of experience. Speaks Telugu. Available to travel up to 47 km. Current rating is 3.64.,,2025-06-13
3171,3171,Experienced lawn maintenance with 10 years of experience. Speaks English. Available to travel up to 13 km. Current rating is 4.5.,,2025-06-09
3172,3172,Experienced switch repair with 19 years of experience. Speaks Kannada. Available to travel up to 46 km. Current rating is 3.87.,,2025-01-04
3173,3173,Experienced wall painting with 6 years of experience. Speaks English. Available to travel up to 22 km. Current rating is 3.54.,,2025-10-04
3174,3174,Experienced house wiring with 14 years of experience. Speaks English. Available to travel up to 38 km. Current rating is 3.83.,,2025-06-07
3175,3175,Experienced wood polishing with 17 years of experience. Speaks Kannada. Available to travel up to 12 km. Current rating is 3.87.,,2025-12-26
3176,3176,Experienced tile installation with 3 years of experience. Speaks Kannada. Available to travel up to 15 km. Current rating is 4.05.,,2025-01-10
3177,3177,Experienced deep cleaning with 16 years of experience. Speaks English. Available to travel up to 17 km. Current rating is 3.98.,,2025-07-31
3178,3178,Experienced tile installation with 16 years of experience. Speaks Telugu. Available to travel up to 39 km. Current rating is 4.33.,,2025-06-02
3179,3179,Experienced ac technician with 9 years of experience. Speaks Malayalam. Available to travel up to 33 km. Current rating is 3.61.,,2025-12-05
3180,3180,Experienced refrigerator repair with 13 years of experience. Speaks Malayalam. Available to travel up to 11 km. Current rating is 4.11.,,2025-03-09
3181,3181,Experienced packers with 18 years of experience. Speaks Telugu. Available to travel up to 30 km. Current rating is 3.66.,,2025-10-03
3182,3182,Experienced mason with 16 years of experience. Speaks Malayalam. Available to travel up to 26 km. Current rating is 3.74.,,2025-11-08
3183,3183,Experienced washing machine repair with 20 years of experience. Speaks Tamil. Available to travel up to 10 km. Current rating is 4.74.,,2025-01-29
3184,3184,Experienced microwave repair with 5 years of experience. Speaks Hindi. Available to travel up to 27 km. Current rating is 4.85.,,2025-01-06
3185,3185,Experienced door repair with 20 years of experience. Speaks Telugu. Available to travel up to 26 km. Current rating is 3.71.,,2025-11-25
3186,3186,Experienced refrigerator repair with 6 years of experience. Speaks Kannada. Available to travel up to 8 km. Current rating is 3.58.,,2025-01-30
3187,3187,Experienced bathroom fitting with 1 years of experience. Speaks Kannada. Available to travel up to 19 km. Current rating is 3.67.,,2025-04-26
3188,3188,Experienced switch repair with 19 years of experience. Speaks Hindi. Available to travel up to 30 km. Current rating is 3.86.,,2025-07-16
3189,3189,Experienced cook with 6 years of experience. Speaks Telugu. Available to travel up to 35 km. Current rating is 4.61.,,2025-04-26
3190,3190,Experienced brick work with 14 years of experience. Speaks Telugu. Available to travel up to 34 km. Current rating is 3.87.,,2025-09-03
3191,3191,Experienced hair stylist with 0 years of experience. Speaks English. Available to travel up to 33 km. Current rating is 4.81.,,2025-08-19
3192,3192,Experienced tailor with 7 years of experience. Speaks Tamil. Available to travel up to 18 km. Current rating is 4.53.,,2025-11-05
3193,3193,Experienced deep cleaning with 20 years of experience. Speaks Telugu. Available to travel up to 46 km. Current rating is 3.73.,,2025-07-21
3194,3194,Experienced ac repair with 5 years of experience. Speaks Hindi. Available to travel up to 40 km. Current rating is 4.1.,,2025-01-20
3195,3195,Experienced concrete work with 18 years of experience. Speaks Tamil. Available to travel up to 34 km. Current rating is 4.41.,,2025-04-15
3196,3196,Experienced packers with 19 years of experience. Speaks Kannada. Available to travel up to 37 km. Current rating is 4.46.,,2025-06-27
3197,3197,Experienced microwave repair with 3 years of experience. Speaks Kannada. Available to travel up to 19 km. Current rating is 3.82.,,2025-03-03
3198,3198,Experienced bathroom fitting with 15 years of experience. Speaks Telugu. Available to travel up to 18 km. Current rating is 3.95.,,2025-05-27
3199,3199,Experienced concrete work with 11 years of experience. Speaks Malayalam. Available to travel up to 7 km. Current rating is 4.25.,,2025-05-14
3200,3200,Experienced alteration with 16 years of experience. Speaks Hindi. Available to travel up to 21 km. Current rating is 4.78.,,2025-12-10
3201,3201,Experienced gardener with 2 years of experience. Speaks Kannada. Available to travel up to 39 km. Current rating is 3.71.,,2025-01-20
3202,3202,Experienced painter with 9 years of experience. Speaks Kannada. Available to travel up to 12 km. Current rating is 3.57.,,2025-07-10
3203,3203,Experienced house wiring with 14 years of experience. Speaks Hindi. Available to travel up to 15 km. Current rating is 4.63.,,2025-03-17
3204,3204,Experienced beautician with 17 years of experience. Speaks Tamil. Available to travel up to 24 km. Current rating is 3.8.,,2025-05-17
3205,3205,Experienced driver with 13 years of experience. Speaks Telugu. Available to travel up to 48 km. Current rating is 3.93.,,2025-06-03
3206,3206,Experienced tree trimming with 11 years of experience. Speaks Malayalam. Available to travel up to 45 km. Current rating is 4.62.,,2025-04-03
3207,3207,Experienced carpenter with 18 years of experience. Speaks Kannada. Available to travel up to 40 km. Current rating is 4.99.,,2025-10-31
3208,3208,Experienced light installation with 13 years of experience. Speaks Hindi. Available to travel up to 48 km. Current rating is 4.22.,,2025-08-27
3209,3209,Experienced movers with 15 years of experience. Speaks Tamil. Available to travel up to 48 km. Current rating is 3.92.,,2025-03-25
3210,3210,Experienced plumber with 9 years of experience. Speaks Kannada. Available to travel up to 34 km. Current rating is 4.89.,,2025-05-16
3211,3211,Experienced exterior painting with 2 years of experience. Speaks Kannada. Available to travel up to 46 km. Current rating is 4.94.,,2025-10-24
3212,3212,Experienced kitchen cleaning with 20 years of experience. Speaks English. Available to travel up to 11 km. Current rating is 4.64.,,2025-12-05
3213,3213,Experienced catering with 1 years of experience. Speaks Kannada. Available to travel up to 11 km. Current rating is 4.67.,,2025-01-28
3214,3214,Experienced cloth stitching with 20 years of experience. Speaks Hindi. Available to travel up to 12 km. Current rating is 3.89.,,2025-06-24
3215,3215,Experienced interior painting with 0 years of experience. Speaks Tamil. Available to travel up to 39 km. Current rating is 4.42.,,2025-04-10
3216,3216,Experienced fan installation with 0 years of experience. Speaks Kannada. Available to travel up to 25 km. Current rating is 3.76.,,2025-01-20
3217,3217,Experienced house wiring with 6 years of experience. Speaks Malayalam. Available to travel up to 39 km. Current rating is 4.2.,,2025-03-07
3218,3218,Experienced tv repair with 7 years of experience. Speaks Kannada. Available to travel up to 39 km. Current rating is 4.3.,,2025-02-23
3219,3219,Experienced deep cleaning with 11 years of experience. Speaks Telugu. Available to travel up to 30 km. Current rating is 4.27.,,2025-05-26
3220,3220,Experienced tree trimming with 14 years of experience. Speaks Tamil. Available to travel up to 10 km. Current rating is 4.61.,,2025-08-21
3221,3221,Experienced door repair with 14 years of experience. Speaks English. Available to travel up to 49 km. Current rating is 3.83.,,2025-12-20
3222,3222,Experienced door repair with 9 years of experience. Speaks Kannada. Available to travel up to 21 km. Current rating is 4.37.,,2025-12-12
3223,3223,Experienced brick work with 18 years of experience. Speaks Telugu. Available to travel up to 36 km. Current rating is 4.43.,,2025-08-16
3224,3224,Experienced mason with 20 years of experience. Speaks Tamil. Available to travel up to 6 km. Current rating is 4.71.,,2025-05-29
3225,3225,Experienced bathroom cleaning with 0 years of experience. Speaks Telugu. Available to travel up to 14 km. Current rating is 4.5.,,2025-07-08
3226,3226,Experienced hair stylist with 1 years of experience. Speaks Hindi. Available to travel up to 27 km. Current rating is 3.92.,,2025-01-03
3227,3227,Experienced cloth stitching with 0 years of experience. Speaks Hindi. Available to travel up to 32 km. Current rating is 3.81.,,2025-04-27
3228,3228,Experienced deep cleaning with 0 years of experience. Speaks Kannada. Available to travel up to 6 km. Current rating is 4.74.,,2025-12-22
3229,3229,Experienced fan installation with 19 years of experience. Speaks Kannada. Available to travel up to 29 km. Current rating is 4.83.,,2025-11-20
3230,3230,Experienced fan installation with 2 years of experience. Speaks Malayalam. Available to travel up to 34 km. Current rating is 4.77.,,2025-08-08
3231,3231,Experienced exterior painting with 4 years of experience. Speaks Tamil. Available to travel up to 21 km. Current rating is 4.47.,,2025-07-15
3232,3232,Experienced switch repair with 7 years of experience. Speaks Tamil. Available to travel up to 46 km. Current rating is 4.4.,,2025-02-26
3233,3233,Experienced tree trimming with 11 years of experience. Speaks Tamil. Available to travel up to 9 km. Current rating is 3.64.,,2025-02-26
3234,3234,Experienced ac installation with 13 years of experience. Speaks Malayalam. Available to travel up to 20 km. Current rating is 3.67.,,2025-08-06
3235,3235,Experienced catering with 5 years of experience. Speaks Tamil. Available to travel up to 48 km. Current rating is 3.52.,,2025-03-03
3236,3236,Experienced concrete work with 0 years of experience. Speaks Malayalam. Available to travel up to 40 km. Current rating is 4.16.,,2025-06-05
3237,3237,Experienced door repair with 20 years of experience. Speaks Kannada. Available to travel up to 20 km. Current rating is 4.6.,,2025-06-05
3238,3238,Experienced house wiring with 11 years of experience. Speaks Tamil. Available to travel up to 23 km. Current rating is 4.22.,,2025-02-02
3239,3239,Experienced house wiring with 2 years of experience. Speaks Tamil. Available to travel up to 20 km. Current rating is 3.55.,,2025-09-26
3240,3240,Experienced cloth stitching with 4 years of experience. Speaks Telugu. Available to travel up to 30 km. Current rating is 4.67.,,2025-08-06
3241,3241,Experienced security guard with 14 years of experience. Speaks Hindi. Available to travel up to 39 km. Current rating is 4.59.,,2025-09-25
3242,3242,Experienced house cleaning with 13 years of experience. Speaks Hindi. Available to travel up to 41 km. Current rating is 3.77.,,2025-04-03
3243,3243,Experienced wall painting with 8 years of experience. Speaks Kannada. Available to travel up to 9 km. Current rating is 4.62.,,2025-03-13
3244,3244,Experienced exterior painting with 20 years of experience. Speaks Malayalam. Available to travel up to 33 km. Current rating is 4.06.,,2025-01-25
3245,3245,Experienced exterior painting with 1 years of experience. Speaks Malayalam. Available to travel up to 18 km. Current rating is 3.87.,,2025-11-21
3246,3246,Experienced plumber with 7 years of experience. Speaks Malayalam. Available to travel up to 46 km. Current rating is 3.88.,,2025-03-24
3247,3247,Experienced makeup artist with 3 years of experience. Speaks Kannada. Available to travel up to 16 km. Current rating is 4.21.,,2025-12-28
3248,3248,Experienced light installation with 7 years of experience. Speaks Malayalam. Available to travel up to 34 km. Current rating is 4.69.,,2025-01-02
3249,3249,Experienced driver with 4 years of experience. Speaks Hindi. Available to travel up to 50 km. Current rating is 3.54.,,2025-03-04
3250,3250,Experienced tile installation with 18 years of experience. Speaks Kannada. Available to travel up to 28 km. Current rating is 4.71.,,2025-11-27
3251,3251,Experienced wood polishing with 13 years of experience. Speaks Hindi. Available to travel up to 22 km. Current rating is 4.3.,,2025-05-11
3252,3252,Experienced kitchen cleaning with 6 years of experience. Speaks Hindi. Available to travel up to 14 km. Current rating is 4.47.,,2025-09-09
3253,3253,Experienced wood polishing with 4 years of experience. Speaks Malayalam. Available to travel up to 17 km. Current rating is 3.59.,,2025-07-04
3254,3254,Experienced electrician with 0 years of experience. Speaks Telugu. Available to travel up to 22 km. Current rating is 4.28.,,2025-09-14
3255,3255,Experienced house cleaning with 0 years of experience. Speaks Kannada. Available to travel up to 9 km. Current rating is 3.97.,,2025-03-21
3256,3256,Experienced gardener with 10 years of experience. Speaks Kannada. Available to travel up to 47 km. Current rating is 4.79.,,2025-12-21
3257,3257,Experienced plumber with 11 years of experience. Speaks Telugu. Available to travel up to 29 km. Current rating is 3.56.,,2025-03-31
3258,3258,Experienced hair stylist with 6 years of experience. Speaks Tamil. Available to travel up to 30 km. Current rating is 4.43.,,2025-05-25
3259,3259,Experienced gardener with 13 years of experience. Speaks Kannada. Available to travel up to 25 km. Current rating is 3.87.,,2025-02-05
3260,3260,Experienced deep cleaning with 2 years of experience. Speaks Telugu. Available to travel up to 39 km. Current rating is 4.7.,,2025-08-02
3261,3261,Experienced tree trimming with 17 years of experience. Speaks Tamil. Available to travel up to 16 km. Current rating is 4.26.,,2025-01-07
3262,3262,Experienced makeup artist with 2 years of experience. Speaks Tamil. Available to travel up to 9 km. Current rating is 4.5.,,2025-04-18
3263,3263,Experienced wall painting with 9 years of experience. Speaks Kannada. Available to travel up to 10 km. Current rating is 4.75.,,2025-05-17
3264,3264,Experienced kitchen cleaning with 17 years of experience. Speaks Malayalam. Available to travel up to 23 km. Current rating is 4.27.,,2025-06-27
3265,3265,Experienced hair stylist with 9 years of experience. Speaks Tamil. Available to travel up to 47 km. Current rating is 4.03.,,2025-09-08
3266,3266,Experienced wood polishing with 1 years of experience. Speaks Telugu. Available to travel up to 46 km. Current rating is 4.57.,,2025-05-15
3267,3267,Experienced fan installation with 18 years of experience. Speaks Kannada. Available to travel up to 34 km. Current rating is 4.66.,,2025-01-18
3268,3268,Experienced kitchen cleaning with 5 years of experience. Speaks Tamil. Available to travel up to 13 km. Current rating is 4.71.,,2025-06-14
3269,3269,Experienced light installation with 16 years of experience. Speaks English. Available to travel up to 18 km. Current rating is 3.74.,,2025-09-21
3270,3270,Experienced wood polishing with 13 years of experience. Speaks Malayalam. Available to travel up to 13 km. Current rating is 3.51.,,2025-04-17
3271,3271,Experienced makeup artist with 6 years of experience. Speaks Hindi. Available to travel up to 50 km. Current rating is 4.37.,,2025-05-10
3272,3272,Experienced water tank installation with 19 years of experience. Speaks Malayalam. Available to travel up to 10 km. Current rating is 4.44.,,2025-06-29
3273,3273,Experienced pipe repair with 10 years of experience. Speaks English. Available to travel up to 45 km. Current rating is 4.49.,,2025-01-03
3274,3274,Experienced driver with 18 years of experience. Speaks English. Available to travel up to 7 km. Current rating is 3.96.,,2025-10-12
3275,3275,Experienced plumber with 0 years of experience. Speaks Hindi. Available to travel up to 5 km. Current rating is 4.23.,,2025-03-20
3276,3276,Experienced packers with 20 years of experience. Speaks Malayalam. Available to travel up to 36 km. Current rating is 4.24.,,2025-08-15
3277,3277,Experienced ac technician with 17 years of experience. Speaks Tamil. Available to travel up to 35 km. Current rating is 4.36.,,2025-04-21
3278,3278,Experienced microwave repair with 4 years of experience. Speaks Hindi. Available to travel up to 31 km. Current rating is 4.86.,,2025-08-03
3279,3279,Experienced light installation with 4 years of experience. Speaks Telugu. Available to travel up to 39 km. Current rating is 4.54.,,2025-05-26
3280,3280,Experienced driver with 13 years of experience. Speaks Tamil. Available to travel up to 40 km. Current rating is 3.8.,,2025-06-19
3281,3281,Experienced switch repair with 14 years of experience. Speaks Tamil. Available to travel up to 44 km. Current rating is 3.83.,,2025-04-09
3282,3282,Experienced beautician with 1 years of experience. Speaks Hindi. Available to travel up to 46 km. Current rating is 4.85.,,2025-12-26
3283,3283,Experienced water tank installation with 13 years of experience. Speaks Hindi. Available to travel up to 38 km. Current rating is 4.6.,,2025-02-10
3284,3284,Experienced bathroom fitting with 13 years of experience. Speaks Malayalam. Available to travel up to 5 km. Current rating is 4.96.,,2025-11-12
3285,3285,Experienced bathroom cleaning with 6 years of experience. Speaks Hindi. Available to travel up to 25 km. Current rating is 4.87.,,2025-08-05
3286,3286,Experienced washing machine repair with 18 years of experience. Speaks Malayalam. Available to travel up to 45 km. Current rating is 4.28.,,2025-06-16
3287,3287,Experienced hair stylist with 8 years of experience. Speaks Hindi. Available to travel up to 17 km. Current rating is 4.94.,,2025-07-07
3288,3288,Experienced interior painting with 17 years of experience. Speaks English. Available to travel up to 50 km. Current rating is 5.0.,,2025-11-11
3289,3289,Experienced beautician with 15 years of experience. Speaks Malayalam. Available to travel up to 31 km. Current rating is 4.68.,,2025-12-16
3290,3290,Experienced interior painting with 6 years of experience. Speaks Malayalam. Available to travel up to 26 km. Current rating is 3.79.,,2025-11-17
3291,3291,Experienced fan installation with 15 years of experience. Speaks Tamil. Available to travel up to 44 km. Current rating is 4.95.,,2025-05-27
3292,3292,Experienced ac installation with 4 years of experience. Speaks Hindi. Available to travel up to 32 km. Current rating is 4.61.,,2025-09-01
3293,3293,Experienced hair stylist with 5 years of experience. Speaks Hindi. Available to travel up to 50 km. Current rating is 4.53.,,2025-11-25
3294,3294,Experienced ac repair with 18 years of experience. Speaks Telugu. Available to travel up to 18 km. Current rating is 3.95.,,2025-11-02
3295,3295,Experienced brick work with 11 years of experience. Speaks Tamil. Available to travel up to 8 km. Current rating is 4.05.,,2025-08-11
3296,3296,Experienced furniture assembly with 8 years of experience. Speaks Tamil. Available to travel up to 45 km. Current rating is 4.41.,,2025-08-06
3297,3297,Experienced fan installation with 15 years of experience. Speaks Telugu. Available to travel up to 27 km. Current rating is 4.47.,,2025-09-24
3298,3298,Experienced beautician with 13 years of experience. Speaks Malayalam. Available to travel up to 29 km. Current rating is 4.48.,,2025-08-01
3299,3299,Experienced pipe repair with 17 years of experience. Speaks Hindi. Available to travel up to 27 km. Current rating is 4.86.,,2025-03-08
3300,3300,Experienced tv repair with 8 years of experience. Speaks Hindi. Available to travel up to 23 km. Current rating is 4.4.,,2025-11-13
3301,3301,Experienced ac installation with 5 years of experience. Speaks Malayalam. Available to travel up to 36 km. Current rating is 4.33.,,2025-08-11
3302,3302,Experienced plumber with 18 years of experience. Speaks Tamil. Available to travel up to 30 km. Current rating is 3.6.,,2025-10-13
3303,3303,Experienced fan installation with 11 years of experience. Speaks Telugu. Available to travel up to 12 km. Current rating is 3.88.,,2025-03-03
3304,3304,Experienced ac repair with 9 years of experience. Speaks Kannada. Available to travel up to 25 km. Current rating is 3.85.,,2025-01-22
3305,3305,Experienced pipe repair with 16 years of experience. Speaks Kannada. Available to travel up to 9 km. Current rating is 3.54.,,2025-06-15
3306,3306,Experienced concrete work with 5 years of experience. Speaks Kannada. Available to travel up to 39 km. Current rating is 4.34.,,2025-01-30
3307,3307,Experienced washing machine repair with 20 years of experience. Speaks Hindi. Available to travel up to 23 km. Current rating is 3.54.,,2025-10-17
3308,3308,Experienced catering with 11 years of experience. Speaks Telugu. Available to travel up to 42 km. Current rating is 3.85.,,2025-08-08
3309,3309,Experienced bathroom cleaning with 2 years of experience. Speaks Malayalam. Available to travel up to 6 km. Current rating is 5.0.,,2025-03-28
3310,3310,Experienced beautician with 12 years of experience. Speaks Hindi. Available to travel up to 9 km. Current rating is 4.97.,,2025-12-29
3311,3311,Experienced lawn maintenance with 15 years of experience. Speaks Telugu. Available to travel up to 14 km. Current rating is 4.76.,,2025-03-11
3312,3312,Experienced house wiring with 10 years of experience. Speaks English. Available to travel up to 24 km. Current rating is 4.19.,,2025-09-05
3313,3313,Experienced switch repair with 19 years of experience. Speaks Tamil. Available to travel up to 27 km. Current rating is 4.21.,,2025-10-29
3314,3314,Experienced beautician with 2 years of experience. Speaks Tamil. Available to travel up to 15 km. Current rating is 3.63.,,2025-10-28
3315,3315,Experienced makeup artist with 15 years of experience. Speaks Kannada. Available to travel up to 7 km. Current rating is 4.63.,,2025-07-18
3316,3316,Experienced driver with 6 years of experience. Speaks English. Available to travel up to 39 km. Current rating is 4.47.,,2025-01-02
3317,3317,Experienced catering with 19 years of experience. Speaks Kannada. Available to travel up to 42 km. Current rating is 4.09.,,2025-06-12
3318,3318,Experienced painter with 6 years of experience. Speaks Malayalam. Available to travel up to 31 km. Current rating is 4.06.,,2025-04-20
3319,3319,Experienced makeup artist with 19 years of experience. Speaks English. Available to travel up to 25 km. Current rating is 4.96.,,2025-08-06
3320,3320,Experienced movers with 13 years of experience. Speaks English. Available to travel up to 40 km. Current rating is 4.89.,,2025-11-21
3321,3321,Experienced tv repair with 15 years of experience. Speaks Hindi. Available to travel up to 18 km. Current rating is 4.55.,,2025-10-16
3322,3322,Experienced pipe repair with 1 years of experience. Speaks Kannada. Available to travel up to 14 km. Current rating is 3.55.,,2025-12-31
3323,3323,Experienced kitchen cleaning with 10 years of experience. Speaks Malayalam. Available to travel up to 27 km. Current rating is 3.71.,,2025-04-14
3324,3324,Experienced alteration with 17 years of experience. Speaks Kannada. Available to travel up to 22 km. Current rating is 4.06.,,2025-05-12
3325,3325,Experienced ac technician with 8 years of experience. Speaks Kannada. Available to travel up to 40 km. Current rating is 3.7.,,2025-07-24
3326,3326,Experienced gardener with 11 years of experience. Speaks English. Available to travel up to 9 km. Current rating is 4.48.,,2025-07-11
3327,3327,Experienced driver with 8 years of experience. Speaks Tamil. Available to travel up to 20 km. Current rating is 4.07.,,2025-08-26
3328,3328,Experienced deep cleaning with 16 years of experience. Speaks Malayalam. Available to travel up to 45 km. Current rating is 3.6.,,2025-04-20
3329,3329,Experienced packers with 15 years of experience. Speaks Tamil. Available to travel up to 24 km. Current rating is 4.22.,,2025-07-11
3330,3330,Experienced bathroom cleaning with 17 years of experience. Speaks English. Available to travel up to 37 km. Current rating is 4.28.,,2025-01-05
3331,3331,Experienced tv repair with 6 years of experience. Speaks Malayalam. Available to travel up to 20 km. Current rating is 3.57.,,2025-09-03
3332,3332,Experienced fan installation with 8 years of experience. Speaks Kannada. Available to travel up to 27 km. Current rating is 4.67.,,2025-03-25
3333,3333,Experienced gardener with 17 years of experience. Speaks Malayalam. Available to travel up to 28 km. Current rating is 4.66.,,2026-01-01
3334,3334,Experienced movers with 15 years of experience. Speaks Kannada. Available to travel up to 40 km. Current rating is 4.57.,,2025-03-10
3335,3335,Experienced plumber with 7 years of experience. Speaks Tamil. Available to travel up to 20 km. Current rating is 4.71.,,2025-10-26
3336,3336,Experienced water tank installation with 10 years of experience. Speaks Hindi. Available to travel up to 8 km. Current rating is 3.85.,,2025-04-26
3337,3337,Experienced water tank installation with 13 years of experience. Speaks Tamil. Available to travel up to 40 km. Current rating is 4.56.,,2025-08-11
3338,3338,Experienced carpenter with 13 years of experience. Speaks Tamil. Available to travel up to 10 km. Current rating is 4.93.,,2025-04-16
3339,3339,Experienced security guard with 14 years of experience. Speaks English. Available to travel up to 48 km. Current rating is 4.34.,,2025-07-22
3340,3340,Experienced ac repair with 15 years of experience. Speaks Tamil. Available to travel up to 48 km. Current rating is 4.0.,,2025-07-25
3341,3341,Experienced tailor with 3 years of experience. Speaks Telugu. Available to travel up to 24 km. Current rating is 3.81.,,2025-05-15
3342,3342,Experienced interior painting with 2 years of experience. Speaks Telugu. Available to travel up to 43 km. Current rating is 3.66.,,2025-05-11
3343,3343,Experienced tree trimming with 5 years of experience. Speaks Telugu. Available to travel up to 19 km. Current rating is 4.27.,,2025-04-18
3344,3344,Experienced gardener with 18 years of experience. Speaks Kannada. Available to travel up to 44 km. Current rating is 3.51.,,2025-11-13
3345,3345,Experienced makeup artist with 15 years of experience. Speaks English. Available to travel up to 47 km. Current rating is 3.86.,,2025-01-27
3346,3346,Experienced pipe repair with 4 years of experience. Speaks Malayalam. Available to travel up to 24 km. Current rating is 4.43.,,2025-02-22
3347,3347,Experienced tailor with 7 years of experience. Speaks Hindi. Available to travel up to 35 km. Current rating is 4.56.,,2025-05-15
3348,3348,Experienced painter with 2 years of experience. Speaks English. Available to travel up to 49 km. Current rating is 3.89.,,2025-05-08
3349,3349,Experienced tv repair with 15 years of experience. Speaks Malayalam. Available to travel up to 29 km. Current rating is 4.71.,,2025-09-21
3350,3350,Experienced ac installation with 3 years of experience. Speaks Telugu. Available to travel up to 42 km. Current rating is 3.83.,,2025-08-10
3351,3351,Experienced catering with 1 years of experience. Speaks Tamil. Available to travel up to 11 km. Current rating is 4.85.,,2025-11-27
3352,3352,Experienced security guard with 13 years of experience. Speaks English. Available to travel up to 46 km. Current rating is 3.83.,,2025-08-30
3353,3353,Experienced bathroom cleaning with 5 years of experience. Speaks Telugu. Available to travel up to 49 km. Current rating is 4.41.,,2025-12-31
3354,3354,Experienced plumber with 17 years of experience. Speaks Kannada. Available to travel up to 38 km. Current rating is 4.94.,,2025-07-22
3355,3355,Experienced packers with 14 years of experience. Speaks English. Available to travel up to 33 km. Current rating is 4.19.,,2025-09-10
3356,3356,Experienced bathroom fitting with 6 years of experience. Speaks Tamil. Available to travel up to 48 km. Current rating is 3.68.,,2025-07-20
3357,3357,Experienced furniture assembly with 15 years of experience. Speaks Hindi. Available to travel up to 27 km. Current rating is 4.94.,,2025-12-28
3358,3358,Experienced interior painting with 1 years of experience. Speaks Telugu. Available to travel up to 8 km. Current rating is 4.47.,,2025-02-26
3359,3359,Experienced water tank installation with 3 years of experience. Speaks Kannada. Available to travel up to 17 km. Current rating is 4.23.,,2025-07-06
3360,3360,Experienced mason with 14 years of experience. Speaks Kannada. Available to travel up to 29 km. Current rating is 4.61.,,2025-07-08
3361,3361,Experienced concrete work with 3 years of experience. Speaks English. Available to travel up to 9 km. Current rating is 4.17.,,2025-05-10
3362,3362,Experienced pipe repair with 19 years of experience. Speaks English. Available to travel up to 31 km. Current rating is 3.79.,,2025-01-26
3363,3363,Experienced light installation with 11 years of experience. Speaks Tamil. Available to travel up to 26 km. Current rating is 4.02.,,2025-08-02
3364,3364,Experienced wood polishing with 15 years of experience. Speaks Hindi. Available to travel up to 16 km. Current rating is 3.96.,,2025-01-15
3365,3365,Experienced hair stylist with 18 years of experience. Speaks Malayalam. Available to travel up to 34 km. Current rating is 4.13.,,2025-04-22
3366,3366,Experienced security guard with 0 years of experience. Speaks Malayalam. Available to travel up to 33 km. Current rating is 4.35.,,2025-10-15
3367,3367,Experienced tv repair with 16 years of experience. Speaks Telugu. Available to travel up to 33 km. Current rating is 3.57.,,2025-10-11
3368,3368,Experienced switch repair with 18 years of experience. Speaks English. Available to travel up to 45 km. Current rating is 3.96.,,2025-07-21
3369,3369,Experienced lawn maintenance with 16 years of experience. Speaks Telugu. Available to travel up to 34 km. Current rating is 4.56.,,2025-09-15
3370,3370,Experienced lawn maintenance with 9 years of experience. Speaks Kannada. Available to travel up to 31 km. Current rating is 4.41.,,2025-12-17
3371,3371,Experienced driver with 18 years of experience. Speaks Hindi. Available to travel up to 11 km. Current rating is 3.65.,,2025-01-25
3372,3372,Experienced interior painting with 13 years of experience. Speaks English. Available to travel up to 16 km. Current rating is 3.75.,,2025-05-05
3373,3373,Experienced hair stylist with 2 years of experience. Speaks Tamil. Available to travel up to 35 km. Current rating is 4.81.,,2025-08-07
3374,3374,Experienced makeup artist with 19 years of experience. Speaks English. Available to travel up to 36 km. Current rating is 3.92.,,2025-02-10
3375,3375,Experienced bathroom fitting with 19 years of experience. Speaks Malayalam. Available to travel up to 48 km. Current rating is 4.13.,,2025-10-02
3376,3376,Experienced gardener with 20 years of experience. Speaks Tamil. Available to travel up to 22 km. Current rating is 4.14.,,2025-09-06
3377,3377,Experienced brick work with 14 years of experience. Speaks Telugu. Available to travel up to 33 km. Current rating is 4.47.,,2025-06-18
3378,3378,Experienced deep cleaning with 14 years of experience. Speaks English. Available to travel up to 41 km. Current rating is 3.58.,,2025-03-26
3379,3379,Experienced plumber with 1 years of experience. Speaks Tamil. Available to travel up to 22 km. Current rating is 3.63.,,2025-12-14
3380,3380,Experienced refrigerator repair with 4 years of experience. Speaks Hindi. Available to travel up to 46 km. Current rating is 3.85.,,2025-08-16
3381,3381,Experienced door repair with 15 years of experience. Speaks Hindi. Available to travel up to 48 km. Current rating is 4.32.,,2025-03-29
3382,3382,Experienced brick work with 19 years of experience. Speaks Telugu. Available to travel up to 41 km. Current rating is 4.13.,,2025-07-15
3383,3383,Experienced switch repair with 19 years of experience. Speaks Hindi. Available to travel up to 33 km. Current rating is 4.27.,,2025-10-15
3384,3384,Experienced brick work with 3 years of experience. Speaks Malayalam. Available to travel up to 21 km. Current rating is 4.31.,,2025-10-27
3385,3385,Experienced bathroom cleaning with 7 years of experience. Speaks Kannada. Available to travel up to 49 km. Current rating is 4.16.,,2025-02-04
3386,3386,Experienced packers with 8 years of experience. Speaks Kannada. Available to travel up to 29 km. Current rating is 4.95.,,2025-03-24
3387,3387,Experienced switch repair with 15 years of experience. Speaks Hindi. Available to travel up to 21 km. Current rating is 4.94.,,2025-06-14
3388,3388,Experienced tv repair with 12 years of experience. Speaks Kannada. Available to travel up to 34 km. Current rating is 4.7.,,2025-04-15
3389,3389,Experienced house wiring with 0 years of experience. Speaks Malayalam. Available to travel up to 30 km. Current rating is 4.18.,,2025-01-27
3390,3390,Experienced concrete work with 2 years of experience. Speaks Malayalam. Available to travel up to 43 km. Current rating is 4.99.,,2025-05-12
3391,3391,Experienced wall painting with 1 years of experience. Speaks Hindi. Available to travel up to 18 km. Current rating is 4.66.,,2025-01-25
3392,3392,Experienced cloth stitching with 10 years of experience. Speaks Malayalam. Available to travel up to 29 km. Current rating is 4.43.,,2025-10-09
3393,3393,Experienced water tank installation with 20 years of experience. Speaks English. Available to travel up to 35 km. Current rating is 4.39.,,2025-01-26
3394,3394,Experienced carpenter with 3 years of experience. Speaks Malayalam. Available to travel up to 39 km. Current rating is 3.75.,,2025-02-24
3395,3395,Experienced door repair with 3 years of experience. Speaks Hindi. Available to travel up to 11 km. Current rating is 4.79.,,2025-12-23
3396,3396,Experienced packers with 16 years of experience. Speaks English. Available to travel up to 22 km. Current rating is 4.86.,,2025-01-20
3397,3397,Experienced fan installation with 0 years of experience. Speaks Malayalam. Available to travel up to 23 km. Current rating is 4.82.,,2025-04-21
3398,3398,Experienced carpenter with 14 years of experience. Speaks Tamil. Available to travel up to 32 km. Current rating is 4.83.,,2025-08-23
3399,3399,Experienced interior painting with 19 years of experience. Speaks Tamil. Available to travel up to 38 km. Current rating is 4.3.,,2025-01-02
3400,3400,Experienced wood polishing with 17 years of experience. Speaks Malayalam. Available to travel up to 45 km. Current rating is 4.21.,,2025-10-03
3401,3401,Experienced catering with 0 years of experience. Speaks Telugu. Available to travel up to 32 km. Current rating is 4.77.,,2025-05-05
3402,3402,Experienced mason with 14 years of experience. Speaks Malayalam. Available to travel up to 37 km. Current rating is 4.82.,,2025-02-27
3403,3403,Experienced exterior painting with 1 years of experience. Speaks Hindi. Available to travel up to 29 km. Current rating is 4.15.,,2025-07-09
3404,3404,Experienced tree trimming with 1 years of experience. Speaks Kannada. Available to travel up to 17 km. Current rating is 3.58.,,2025-05-28
3405,3405,Experienced house cleaning with 12 years of experience. Speaks Kannada. Available to travel up to 23 km. Current rating is 4.37.,,2025-03-06
3406,3406,Experienced painter with 15 years of experience. Speaks Hindi. Available to travel up to 13 km. Current rating is 3.82.,,2025-09-03
3407,3407,Experienced tv repair with 7 years of experience. Speaks Telugu. Available to travel up to 50 km. Current rating is 3.84.,,2025-03-27
3408,3408,Experienced alteration with 5 years of experience. Speaks Hindi. Available to travel up to 22 km. Current rating is 4.17.,,2025-10-03
3409,3409,Experienced fan installation with 6 years of experience. Speaks Kannada. Available to travel up to 34 km. Current rating is 4.53.,,2025-08-01
3410,3410,Experienced tailor with 4 years of experience. Speaks Malayalam. Available to travel up to 41 km. Current rating is 4.85.,,2025-06-19
3411,3411,Experienced bathroom cleaning with 9 years of experience. Speaks English. Available to travel up to 34 km. Current rating is 3.84.,,2025-06-18
3412,3412,Experienced concrete work with 15 years of experience. Speaks English. Available to travel up to 15 km. Current rating is 4.48.,,2025-10-11
3413,3413,Experienced ac technician with 20 years of experience. Speaks Telugu. Available to travel up to 9 km. Current rating is 4.6.,,2025-10-19
3414,3414,Experienced ac repair with 1 years of experience. Speaks Kannada. Available to travel up to 47 km. Current rating is 3.64.,,2025-05-31
3415,3415,Experienced ac technician with 13 years of experience. Speaks Tamil. Available to travel up to 32 km. Current rating is 4.61.,,2025-12-05
3416,3416,Experienced cloth stitching with 20 years of experience. Speaks Hindi. Available to travel up to 37 km. Current rating is 4.18.,,2025-08-01
3417,3417,Experienced makeup artist with 2 years of experience. Speaks Malayalam. Available to travel up to 41 km. Current rating is 4.69.,,2025-02-08
3418,3418,Experienced ac technician with 8 years of experience. Speaks English. Available to travel up to 43 km. Current rating is 4.45.,,2025-08-25
3419,3419,Experienced light installation with 12 years of experience. Speaks Telugu. Available to travel up to 5 km. Current rating is 4.29.,,2025-09-13
3420,3420,Experienced plumber with 6 years of experience. Speaks English. Available to travel up to 7 km. Current rating is 4.76.,,2025-09-21
3421,3421,Experienced tv repair with 13 years of experience. Speaks Kannada. Available to travel up to 13 km. Current rating is 3.64.,,2025-01-20
3422,3422,Experienced bathroom cleaning with 8 years of experience. Speaks Tamil. Available to travel up to 19 km. Current rating is 4.92.,,2025-07-10
3423,3423,Experienced plumber with 12 years of experience. Speaks Hindi. Available to travel up to 15 km. Current rating is 4.65.,,2025-08-23
3424,3424,Experienced tv repair with 5 years of experience. Speaks Telugu. Available to travel up to 6 km. Current rating is 4.1.,,2025-10-20
3425,3425,Experienced painter with 2 years of experience. Speaks Telugu. Available to travel up to 6 km. Current rating is 4.65.,,2025-12-16
3426,3426,Experienced electrician with 20 years of experience. Speaks Tamil. Available to travel up to 20 km. Current rating is 4.58.,,2025-05-11
3427,3427,Experienced pipe repair with 20 years of experience. Speaks Hindi. Available to travel up to 27 km. Current rating is 4.46.,,2025-06-24
3428,3428,Experienced cook with 10 years of experience. Speaks Telugu. Available to travel up to 48 km. Current rating is 4.21.,,2025-06-15
3429,3429,Experienced tile installation with 7 years of experience. Speaks Hindi. Available to travel up to 29 km. Current rating is 4.49.,,2025-05-31
3430,3430,Experienced exterior painting with 10 years of experience. Speaks English. Available to travel up to 6 km. Current rating is 3.85.,,2025-05-27
3431,3431,Experienced wall painting with 14 years of experience. Speaks Kannada. Available to travel up to 12 km. Current rating is 4.78.,,2025-04-29
3432,3432,Experienced lawn maintenance with 15 years of experience. Speaks Telugu. Available to travel up to 25 km. Current rating is 4.0.,,2025-04-27
3433,3433,Experienced ac technician with 19 years of experience. Speaks Hindi. Available to travel up to 15 km. Current rating is 3.91.,,2025-06-07
3434,3434,Experienced water tank installation with 13 years of experience. Speaks Hindi. Available to travel up to 50 km. Current rating is 4.05.,,2025-03-26
3435,3435,Experienced makeup artist with 1 years of experience. Speaks Malayalam. Available to travel up to 39 km. Current rating is 4.71.,,2025-01-18
3436,3436,Experienced electrician with 13 years of experience. Speaks English. Available to travel up to 20 km. Current rating is 3.76.,,2025-12-07
3437,3437,Experienced exterior painting with 17 years of experience. Speaks Malayalam. Available to travel up to 38 km. Current rating is 4.18.,,2025-03-22
3438,3438,Experienced ac installation with 11 years of experience. Speaks Kannada. Available to travel up to 13 km. Current rating is 4.58.,,2025-04-24
3439,3439,Experienced ac repair with 0 years of experience. Speaks English. Available to travel up to 22 km. Current rating is 3.72.,,2025-03-05
3440,3440,Experienced brick work with 16 years of experience. Speaks Tamil. Available to travel up to 25 km. Current rating is 4.44.,,2025-11-16
3441,3441,Experienced fan installation with 10 years of experience. Speaks Malayalam. Available to travel up to 39 km. Current rating is 4.17.,,2025-09-15
3442,3442,Experienced furniture assembly with 9 years of experience. Speaks Tamil. Available to travel up to 48 km. Current rating is 4.61.,,2025-10-04
3443,3443,Experienced microwave repair with 13 years of experience. Speaks Kannada. Available to travel up to 14 km. Current rating is 3.68.,,2025-05-25
3444,3444,Experienced gardener with 9 years of experience. Speaks Malayalam. Available to travel up to 21 km. Current rating is 4.17.,,2025-05-01
3445,3445,Experienced mason with 1 years of experience. Speaks Hindi. Available to travel up to 21 km. Current rating is 4.6.,,2025-11-26
3446,3446,Experienced light installation with 3 years of experience. Speaks Tamil. Available to travel up to 37 km. Current rating is 4.94.,,2025-08-28
3447,3447,Experienced washing machine repair with 11 years of experience. Speaks Hindi. Available to travel up to 28 km. Current rating is 4.92.,,2025-04-12
3448,3448,Experienced gardener with 20 years of experience. Speaks Malayalam. Available to travel up to 48 km. Current rating is 3.99.,,2025-08-23
3449,3449,Experienced fan installation with 10 years of experience. Speaks Kannada. Available to travel up to 50 km. Current rating is 4.46.,,2025-08-09
3450,3450,Experienced makeup artist with 3 years of experience. Speaks Tamil. Available to travel up to 20 km. Current rating is 4.6.,,2025-01-12
3451,3451,Experienced wall painting with 5 years of experience. Speaks Hindi. Available to travel up to 12 km. Current rating is 4.47.,,2025-10-23
3452,3452,Experienced makeup artist with 19 years of experience. Speaks English. Available to travel up to 23 km. Current rating is 3.84.,,2025-10-09
3453,3453,Experienced security guard with 2 years of experience. Speaks English. Available to travel up to 19 km. Current rating is 3.63.,,2025-04-09
3454,3454,Experienced concrete work with 11 years of experience. Speaks Malayalam. Available to travel up to 11 km. Current rating is 4.99.,,2025-06-28
3455,3455,Experienced gardener with 3 years of experience. Speaks Malayalam. Available to travel up to 29 km. Current rating is 4.33.,,2025-12-05
3456,3456,Experienced packers with 0 years of experience. Speaks Telugu. Available to travel up to 37 km. Current rating is 3.96.,,2025-02-28
3457,3457,Experienced mason with 8 years of experience. Speaks English. Available to travel up to 47 km. Current rating is 3.73.,,2025-03-05
3458,3458,Experienced electrician with 12 years of experience. Speaks Tamil. Available to travel up to 12 km. Current rating is 3.8.,,2025-05-25
3459,3459,Experienced carpenter with 20 years of experience. Speaks Tamil. Available to travel up to 46 km. Current rating is 4.5.,,2025-10-13
3460,3460,Experienced alteration with 15 years of experience. Speaks Telugu. Available to travel up to 33 km. Current rating is 3.95.,,2025-03-30
3461,3461,Experienced door repair with 13 years of experience. Speaks Hindi. Available to travel up to 12 km. Current rating is 4.4.,,2025-07-29
3462,3462,Experienced movers with 19 years of experience. Speaks Kannada. Available to travel up to 15 km. Current rating is 3.95.,,2025-03-29
3463,3463,Experienced ac repair with 5 years of experience. Speaks Malayalam. Available to travel up to 26 km. Current rating is 5.0.,,2025-03-02
3464,3464,Experienced movers with 12 years of experience. Speaks Hindi. Available to travel up to 5 km. Current rating is 4.39.,,2025-11-18
3465,3465,Experienced light installation with 8 years of experience. Speaks Hindi. Available to travel up to 33 km. Current rating is 4.26.,,2025-11-29
3466,3466,Experienced driver with 9 years of experience. Speaks Hindi. Available to travel up to 37 km. Current rating is 3.8.,,2025-04-24
3467,3467,Experienced refrigerator repair with 2 years of experience. Speaks Telugu. Available to travel up to 17 km. Current rating is 4.04.,,2025-10-19
3468,3468,Experienced furniture assembly with 3 years of experience. Speaks Malayalam. Available to travel up to 18 km. Current rating is 3.56.,,2025-02-11
3469,3469,Experienced tailor with 14 years of experience. Speaks Tamil. Available to travel up to 27 km. Current rating is 3.73.,,2025-03-03
3470,3470,Experienced switch repair with 20 years of experience. Speaks English. Available to travel up to 39 km. Current rating is 4.41.,,2025-03-20
3471,3471,Experienced house wiring with 15 years of experience. Speaks Hindi. Available to travel up to 7 km. Current rating is 3.54.,,2025-12-06
3472,3472,Experienced painter with 11 years of experience. Speaks English. Available to travel up to 43 km. Current rating is 4.89.,,2025-06-22
3473,3473,Experienced refrigerator repair with 15 years of experience. Speaks Tamil. Available to travel up to 7 km. Current rating is 4.24.,,2025-11-22
3474,3474,Experienced movers with 1 years of experience. Speaks Malayalam. Available to travel up to 44 km. Current rating is 4.1.,,2025-01-31
3475,3475,Experienced makeup artist with 8 years of experience. Speaks Tamil. Available to travel up to 39 km. Current rating is 4.51.,,2025-03-10
3476,3476,Experienced tailor with 17 years of experience. Speaks English. Available to travel up to 44 km. Current rating is 4.33.,,2025-06-24
3477,3477,Experienced leak detection with 3 years of experience. Speaks Kannada. Available to travel up to 26 km. Current rating is 4.44.,,2025-01-27
3478,3478,Experienced water tank installation with 2 years of experience. Speaks Telugu. Available to travel up to 22 km. Current rating is 4.22.,,2025-07-05
3479,3479,Experienced mason with 4 years of experience. Speaks English. Available to travel up to 32 km. Current rating is 4.82.,,2025-09-03
3480,3480,Experienced plumber with 16 years of experience. Speaks Tamil. Available to travel up to 37 km. Current rating is 3.73.,,2025-10-08
3481,3481,Experienced switch repair with 6 years of experience. Speaks Hindi. Available to travel up to 42 km. Current rating is 4.98.,,2025-11-17
3482,3482,Experienced bathroom cleaning with 19 years of experience. Speaks English. Available to travel up to 41 km. Current rating is 4.68.,,2025-11-20
3483,3483,Experienced makeup artist with 18 years of experience. Speaks Malayalam. Available to travel up to 31 km. Current rating is 3.99.,,2025-04-11
3484,3484,Experienced carpenter with 18 years of experience. Speaks Telugu. Available to travel up to 23 km. Current rating is 4.2.,,2025-09-05
3485,3485,Experienced furniture assembly with 14 years of experience. Speaks English. Available to travel up to 7 km. Current rating is 4.58.,,2025-05-08
3486,3486,Experienced brick work with 1 years of experience. Speaks Malayalam. Available to travel up to 15 km. Current rating is 3.95.,,2025-03-08
3487,3487,Experienced pipe repair with 19 years of experience. Speaks Malayalam. Available to travel up to 35 km. Current rating is 4.61.,,2025-11-29
3488,3488,Experienced interior painting with 5 years of experience. Speaks Malayalam. Available to travel up to 36 km. Current rating is 3.59.,,2025-10-22
3489,3489,Experienced electrician with 12 years of experience. Speaks Hindi. Available to travel up to 36 km. Current rating is 4.0.,,2025-07-27
3490,3490,Experienced driver with 12 years of experience. Speaks English. Available to travel up to 30 km. Current rating is 3.79.,,2025-09-25
3491,3491,Experienced beautician with 2 years of experience. Speaks Malayalam. Available to travel up to 46 km. Current rating is 4.87.,,2025-10-29
3492,3492,Experienced tailor with 18 years of experience. Speaks Kannada. Available to travel up to 26 km. Current rating is 3.72.,,2025-08-06
3493,3493,Experienced furniture assembly with 2 years of experience. Speaks Kannada. Available to travel up to 40 km. Current rating is 4.37.,,2025-01-08
3494,3494,Experienced hair stylist with 6 years of experience. Speaks English. Available to travel up to 35 km. Current rating is 3.53.,,2025-06-22
3495,3495,Experienced wood polishing with 13 years of experience. Speaks Tamil. Available to travel up to 38 km. Current rating is 4.24.,,2025-10-29
3496,3496,Experienced packers with 7 years of experience. Speaks Malayalam. Available to travel up to 43 km. Current rating is 3.97.,,2025-08-10
3497,3497,Experienced plumber with 19 years of experience. Speaks English. Available to travel up to 43 km. Current rating is 4.43.,,2025-02-10
3498,3498,Experienced movers with 12 years of experience. Speaks Telugu. Available to travel up to 33 km. Current rating is 3.92.,,2025-01-14
3499,3499,Experienced bathroom cleaning with 8 years of experience. Speaks Hindi. Available to travel up to 5 km. Current rating is 4.4.,,2025-11-18
3500,3500,Experienced brick work with 4 years of experience. Speaks Kannada. Available to travel up to 11 km. Current rating is 4.81.,,2025-12-21
3501,3501,Experienced ac technician with 0 years of experience. Speaks English. Available to travel up to 21 km. Current rating is 4.52.,,2025-05-28
3502,3502,Experienced beautician with 2 years of experience. Speaks English. Available to travel up to 8 km. Current rating is 4.43.,,2025-06-05
3503,3503,Experienced switch repair with 10 years of experience. Speaks Telugu. Available to travel up to 49 km. Current rating is 3.56.,,2025-04-24
3504,3504,Experienced door repair with 8 years of experience. Speaks Kannada. Available to travel up to 47 km. Current rating is 4.12.,,2025-10-19
3505,3505,Experienced ac repair with 20 years of experience. Speaks Telugu. Available to travel up to 34 km. Current rating is 4.41.,,2025-10-11
3506,3506,Experienced house cleaning with 2 years of experience. Speaks Kannada. Available to travel up to 39 km. Current rating is 4.23.,,2025-01-17
3507,3507,Experienced kitchen cleaning with 9 years of experience. Speaks Tamil. Available to travel up to 45 km. Current rating is 4.54.,,2025-02-28
3508,3508,Experienced washing machine repair with 20 years of experience. Speaks Kannada. Available to travel up to 7 km. Current rating is 3.69.,,2025-04-07
3509,3509,Experienced alteration with 8 years of experience. Speaks Hindi. Available to travel up to 47 km. Current rating is 4.15.,,2025-06-28
3510,3510,Experienced mason with 5 years of experience. Speaks Tamil. Available to travel up to 49 km. Current rating is 4.05.,,2025-12-17
3511,3511,Experienced wood polishing with 18 years of experience. Speaks Kannada. Available to travel up to 39 km. Current rating is 4.55.,,2025-08-05
3512,3512,Experienced tile installation with 13 years of experience. Speaks Telugu. Available to travel up to 29 km. Current rating is 4.05.,,2025-12-08
3513,3513,Experienced tree trimming with 6 years of experience. Speaks Tamil. Available to travel up to 8 km. Current rating is 3.87.,,2025-12-02
3514,3514,Experienced carpenter with 7 years of experience. Speaks Hindi. Available to travel up to 27 km. Current rating is 4.78.,,2025-09-04
3515,3515,Experienced switch repair with 13 years of experience. Speaks English. Available to travel up to 47 km. Current rating is 3.81.,,2025-10-28
3516,3516,Experienced plumber with 4 years of experience. Speaks Hindi. Available to travel up to 33 km. Current rating is 3.77.,,2025-01-10
3517,3517,Experienced door repair with 5 years of experience. Speaks Tamil. Available to travel up to 6 km. Current rating is 4.21.,,2026-01-01
3518,3518,Experienced painter with 1 years of experience. Speaks Malayalam. Available to travel up to 46 km. Current rating is 4.47.,,2025-02-27
3519,3519,Experienced lawn maintenance with 6 years of experience. Speaks Tamil. Available to travel up to 22 km. Current rating is 3.68.,,2025-01-13
3520,3520,Experienced ac technician with 2 years of experience. Speaks Malayalam. Available to travel up to 27 km. Current rating is 3.99.,,2025-05-16
3521,3521,Experienced tv repair with 18 years of experience. Speaks English. Available to travel up to 49 km. Current rating is 3.86.,,2025-04-16
3522,3522,Experienced deep cleaning with 15 years of experience. Speaks Tamil. Available to travel up to 39 km. Current rating is 4.06.,,2025-12-16
3523,3523,Experienced makeup artist with 5 years of experience. Speaks Hindi. Available to travel up to 36 km. Current rating is 4.14.,,2025-02-08
3524,3524,Experienced bathroom fitting with 2 years of experience. Speaks Malayalam. Available to travel up to 46 km. Current rating is 4.53.,,2025-06-30
3525,3525,Experienced brick work with 1 years of experience. Speaks English. Available to travel up to 33 km. Current rating is 4.69.,,2025-02-09
3526,3526,Experienced driver with 6 years of experience. Speaks Tamil. Available to travel up to 37 km. Current rating is 4.21.,,2025-03-10
3527,3527,Experienced brick work with 16 years of experience. Speaks Tamil. Available to travel up to 19 km. Current rating is 4.89.,,2025-07-12
3528,3528,Experienced washing machine repair with 15 years of experience. Speaks Kannada. Available to travel up to 32 km. Current rating is 3.75.,,2025-02-27
3529,3529,Experienced exterior painting with 7 years of experience. Speaks Malayalam. Available to travel up to 37 km. Current rating is 4.21.,,2025-04-08
3530,3530,Experienced painter with 4 years of experience. Speaks Kannada. Available to travel up to 5 km. Current rating is 3.62.,,2025-01-24
3531,3531,Experienced brick work with 14 years of experience. Speaks Malayalam. Available to travel up to 9 km. Current rating is 4.32.,,2025-06-05
3532,3532,Experienced wall painting with 13 years of experience. Speaks Tamil. Available to travel up to 44 km. Current rating is 4.76.,,2025-05-21
3533,3533,Experienced hair stylist with 3 years of experience. Speaks Telugu. Available to travel up to 25 km. Current rating is 4.9.,,2025-01-12
3534,3534,Experienced house wiring with 15 years of experience. Speaks Hindi. Available to travel up to 24 km. Current rating is 4.92.,,2025-11-28
3535,3535,Experienced house wiring with 3 years of experience. Speaks English. Available to travel up to 32 km. Current rating is 4.97.,,2025-05-12
3536,3536,Experienced mason with 13 years of experience. Speaks Kannada. Available to travel up to 37 km. Current rating is 3.67.,,2025-04-27
3537,3537,Experienced microwave repair with 6 years of experience. Speaks Telugu. Available to travel up to 12 km. Current rating is 3.97.,,2025-10-04
3538,3538,Experienced refrigerator repair with 15 years of experience. Speaks Kannada. Available to travel up to 6 km. Current rating is 4.46.,,2025-01-23
3539,3539,Experienced tile installation with 18 years of experience. Speaks Telugu. Available to travel up to 43 km. Current rating is 4.24.,,2025-04-09
3540,3540,Experienced pipe repair with 18 years of experience. Speaks English. Available to travel up to 40 km. Current rating is 4.34.,,2025-07-03
3541,3541,Experienced tailor with 3 years of experience. Speaks Telugu. Available to travel up to 36 km. Current rating is 3.54.,,2025-08-04
3542,3542,Experienced movers with 3 years of experience. Speaks Tamil. Available to travel up to 19 km. Current rating is 4.86.,,2025-09-01
3543,3543,Experienced tile installation with 3 years of experience. Speaks Kannada. Available to travel up to 18 km. Current rating is 3.81.,,2025-01-01
3544,3544,Experienced painter with 1 years of experience. Speaks English. Available to travel up to 31 km. Current rating is 3.62.,,2025-08-04
3545,3545,Experienced security guard with 3 years of experience. Speaks Telugu. Available to travel up to 19 km. Current rating is 5.0.,,2025-11-18
3546,3546,Experienced furniture assembly with 17 years of experience. Speaks Tamil. Available to travel up to 45 km. Current rating is 4.02.,,2025-03-06
3547,3547,Experienced hair stylist with 0 years of experience. Speaks English. Available to travel up to 35 km. Current rating is 3.52.,,2025-10-28
3548,3548,Experienced exterior painting with 16 years of experience. Speaks Tamil. Available to travel up to 21 km. Current rating is 4.31.,,2025-05-20
3549,3549,Experienced painter with 8 years of experience. Speaks Kannada. Available to travel up to 22 km. Current rating is 4.06.,,2025-03-25
3550,3550,Experienced brick work with 8 years of experience. Speaks Hindi. Available to travel up to 18 km. Current rating is 4.93.,,2025-02-20
3551,3551,Experienced house wiring with 10 years of experience. Speaks Kannada. Available to travel up to 23 km. Current rating is 3.81.,,2025-03-19
3552,3552,Experienced water tank installation with 4 years of experience. Speaks Tamil. Available to travel up to 26 km. Current rating is 4.76.,,2025-07-18
3553,3553,Experienced interior painting with 6 years of experience. Speaks Telugu. Available to travel up to 19 km. Current rating is 4.91.,,2025-03-21
3554,3554,Experienced tailor with 15 years of experience. Speaks Kannada. Available to travel up to 5 km. Current rating is 3.68.,,2025-02-04
3555,3555,Experienced wood polishing with 0 years of experience. Speaks Kannada. Available to travel up to 39 km. Current rating is 3.65.,,2025-10-12
3556,3556,Experienced water tank installation with 3 years of experience. Speaks Telugu. Available to travel up to 24 km. Current rating is 3.59.,,2025-09-10
3557,3557,Experienced switch repair with 14 years of experience. Speaks Malayalam. Available to travel up to 38 km. Current rating is 4.47.,,2025-03-25
3558,3558,Experienced ac technician with 0 years of experience. Speaks Telugu. Available to travel up to 39 km. Current rating is 3.7.,,2025-09-06
3559,3559,Experienced carpenter with 8 years of experience. Speaks English. Available to travel up to 37 km. Current rating is 4.13.,,2025-09-23
3560,3560,Experienced wall painting with 18 years of experience. Speaks Tamil. Available to travel up to 7 km. Current rating is 3.55.,,2025-10-21
3561,3561,Experienced light installation with 0 years of experience. Speaks English. Available to travel up to 7 km. Current rating is 4.45.,,2025-04-04
3562,3562,Experienced switch repair with 13 years of experience. Speaks Hindi. Available to travel up to 41 km. Current rating is 3.58.,,2025-09-06
3563,3563,Experienced leak detection with 18 years of experience. Speaks Malayalam. Available to travel up to 44 km. Current rating is 3.6.,,2025-07-18
3564,3564,Experienced alteration with 19 years of experience. Speaks Telugu. Available to travel up to 47 km. Current rating is 4.94.,,2025-03-04
3565,3565,Experienced movers with 13 years of experience. Speaks Tamil. Available to travel up to 14 km. Current rating is 4.94.,,2025-02-02
3566,3566,Experienced furniture assembly with 17 years of experience. Speaks Tamil. Available to travel up to 30 km. Current rating is 3.57.,,2025-04-20
3567,3567,Experienced house wiring with 12 years of experience. Speaks Tamil. Available to travel up to 41 km. Current rating is 3.63.,,2025-01-22
3568,3568,Experienced tree trimming with 16 years of experience. Speaks Hindi. Available to travel up to 20 km. Current rating is 4.58.,,2025-08-13
3569,3569,Experienced leak detection with 11 years of experience. Speaks Hindi. Available to travel up to 24 km. Current rating is 4.56.,,2025-12-17
3570,3570,Experienced washing machine repair with 5 years of experience. Speaks Kannada. Available to travel up to 41 km. Current rating is 4.83.,,2025-11-28
3571,3571,Experienced brick work with 2 years of experience. Speaks English. Available to travel up to 9 km. Current rating is 4.61.,,2025-01-28
3572,3572,Experienced driver with 5 years of experience. Speaks Kannada. Available to travel up to 40 km. Current rating is 4.53.,,2025-09-21
3573,3573,Experienced tv repair with 5 years of experience. Speaks Telugu. Available to travel up to 5 km. Current rating is 4.7.,,2025-06-05
3574,3574,Experienced painter with 4 years of experience. Speaks Malayalam. Available to travel up to 37 km. Current rating is 4.76.,,2025-11-01
3575,3575,Experienced furniture assembly with 11 years of experience. Speaks Telugu. Available to travel up to 32 km. Current rating is 3.78.,,2025-09-26
3576,3576,Experienced cloth stitching with 7 years of experience. Speaks English. Available to travel up to 21 km. Current rating is 4.61.,,2025-08-28
3577,3577,Experienced electrician with 7 years of experience. Speaks Tamil. Available to travel up to 15 km. Current rating is 3.95.,,2025-01-27
3578,3578,Experienced security guard with 12 years of experience. Speaks Tamil. Available to travel up to 18 km. Current rating is 3.53.,,2025-09-16
3579,3579,Experienced driver with 15 years of experience. Speaks Telugu. Available to travel up to 14 km. Current rating is 4.24.,,2025-09-30
3580,3580,Experienced bathroom fitting with 7 years of experience. Speaks Kannada. Available to travel up to 10 km. Current rating is 3.75.,,2025-12-27
3581,3581,Experienced cloth stitching with 13 years of experience. Speaks Tamil. Available to travel up to 35 km. Current rating is 4.74.,,2025-06-25
3582,3582,Experienced security guard with 4 years of experience. Speaks English. Available to travel up to 5 km. Current rating is 4.62.,,2025-11-25
3583,3583,Experienced carpenter with 1 years of experience. Speaks Hindi. Available to travel up to 35 km. Current rating is 3.85.,,2025-09-07
3584,3584,Experienced catering with 6 years of experience. Speaks Tamil. Available to travel up to 26 km. Current rating is 4.52.,,2025-11-03
3585,3585,Experienced security guard with 8 years of experience. Speaks Hindi. Available to travel up to 18 km. Current rating is 4.83.,,2025-11-09
3586,3586,Experienced carpenter with 8 years of experience. Speaks Kannada. Available to travel up to 31 km. Current rating is 4.93.,,2025-12-01
3587,3587,Experienced movers with 4 years of experience. Speaks Tamil. Available to travel up to 33 km. Current rating is 3.86.,,2025-11-16
3588,3588,Experienced light installation with 19 years of experience. Speaks Hindi. Available to travel up to 43 km. Current rating is 4.03.,,2025-02-20
3589,3589,Experienced alteration with 20 years of experience. Speaks Hindi. Available to travel up to 49 km. Current rating is 4.78.,,2025-09-28
3590,3590,Experienced switch repair with 7 years of experience. Speaks Hindi. Available to travel up to 32 km. Current rating is 3.53.,,2025-11-12
3591,3591,Experienced catering with 2 years of experience. Speaks English. Available to travel up to 26 km. Current rating is 4.38.,,2025-08-12
3592,3592,Experienced kitchen cleaning with 5 years of experience. Speaks Hindi. Available to travel up to 47 km. Current rating is 4.14.,,2025-04-18
3593,3593,Experienced switch repair with 20 years of experience. Speaks Tamil. Available to travel up to 29 km. Current rating is 4.11.,,2025-05-27
3594,3594,Experienced wall painting with 5 years of experience. Speaks Kannada. Available to travel up to 35 km. Current rating is 3.88.,,2025-01-15
3595,3595,Experienced lawn maintenance with 18 years of experience. Speaks Telugu. Available to travel up to 49 km. Current rating is 3.92.,,2025-08-15
3596,3596,Experienced hair stylist with 14 years of experience. Speaks Telugu. Available to travel up to 14 km. Current rating is 3.95.,,2025-05-30
3597,3597,Experienced water tank installation with 7 years of experience. Speaks Kannada. Available to travel up to 15 km. Current rating is 3.82.,,2025-12-27
3598,3598,Experienced ac repair with 3 years of experience. Speaks English. Available to travel up to 8 km. Current rating is 3.7.,,2025-06-03
3599,3599,Experienced interior painting with 1 years of experience. Speaks Telugu. Available to travel up to 24 km. Current rating is 4.61.,,2025-07-01
3600,3600,Experienced tailor with 9 years of experience. Speaks English. Available to travel up to 40 km. Current rating is 3.64.,,2025-12-22
3601,3601,Experienced tailor with 20 years of experience. Speaks Hindi. Available to travel up to 46 km. Current rating is 4.9.,,2025-10-15
3602,3602,Experienced fan installation with 9 years of experience. Speaks Kannada. Available to travel up to 31 km. Current rating is 3.9.,,2025-04-30
3603,3603,Experienced water tank installation with 8 years of experience. Speaks Kannada. Available to travel up to 7 km. Current rating is 4.66.,,2025-08-25
3604,3604,Experienced leak detection with 1 years of experience. Speaks Malayalam. Available to travel up to 46 km. Current rating is 4.06.,,2025-12-20
3605,3605,Experienced ac repair with 0 years of experience. Speaks Tamil. Available to travel up to 35 km. Current rating is 3.53.,,2025-09-24
3606,3606,Experienced gardener with 8 years of experience. Speaks Malayalam. Available to travel up to 36 km. Current rating is 4.1.,,2025-09-16
3607,3607,Experienced movers with 19 years of experience. Speaks Hindi. Available to travel up to 46 km. Current rating is 4.61.,,2025-03-26
3608,3608,Experienced catering with 12 years of experience. Speaks Malayalam. Available to travel up to 8 km. Current rating is 4.56.,,2025-04-28
3609,3609,Experienced tv repair with 0 years of experience. Speaks Tamil. Available to travel up to 29 km. Current rating is 3.61.,,2025-09-10
3610,3610,Experienced mason with 6 years of experience. Speaks Telugu. Available to travel up to 17 km. Current rating is 3.53.,,2025-11-15
3611,3611,Experienced hair stylist with 20 years of experience. Speaks Tamil. Available to travel up to 35 km. Current rating is 4.61.,,2025-05-27
3612,3612,Experienced water tank installation with 16 years of experience. Speaks Tamil. Available to travel up to 47 km. Current rating is 3.92.,,2025-12-13
3613,3613,Experienced house cleaning with 4 years of experience. Speaks Hindi. Available to travel up to 6 km. Current rating is 3.65.,,2025-07-25
3614,3614,Experienced house wiring with 2 years of experience. Speaks Malayalam. Available to travel up to 25 km. Current rating is 4.13.,,2025-01-26
3615,3615,Experienced movers with 20 years of experience. Speaks Telugu. Available to travel up to 14 km. Current rating is 4.25.,,2025-06-10
3616,3616,Experienced plumber with 17 years of experience. Speaks Malayalam. Available to travel up to 20 km. Current rating is 4.81.,,2025-04-03
3617,3617,Experienced wall painting with 15 years of experience. Speaks English. Available to travel up to 12 km. Current rating is 4.7.,,2025-06-12
3618,3618,Experienced wood polishing with 12 years of experience. Speaks Tamil. Available to travel up to 41 km. Current rating is 4.27.,,2025-12-23
3619,3619,Experienced cloth stitching with 14 years of experience. Speaks Malayalam. Available to travel up to 45 km. Current rating is 3.79.,,2025-05-08
3620,3620,Experienced exterior painting with 9 years of experience. Speaks English. Available to travel up to 16 km. Current rating is 4.21.,,2025-12-07
3621,3621,Experienced light installation with 18 years of experience. Speaks Telugu. Available to travel up to 16 km. Current rating is 4.02.,,2025-06-08
3622,3622,Experienced movers with 2 years of experience. Speaks Tamil. Available to travel up to 15 km. Current rating is 3.91.,,2025-05-19
3623,3623,Experienced makeup artist with 1 years of experience. Speaks Telugu. Available to travel up to 45 km. Current rating is 4.36.,,2025-08-27
3624,3624,Experienced wall painting with 16 years of experience. Speaks Telugu. Available to travel up to 46 km. Current rating is 3.8.,,2025-10-15
3625,3625,Experienced tv repair with 11 years of experience. Speaks Tamil. Available to travel up to 49 km. Current rating is 3.57.,,2025-05-29
3626,3626,Experienced security guard with 16 years of experience. Speaks Hindi. Available to travel up to 41 km. Current rating is 4.84.,,2025-01-10
3627,3627,Experienced tailor with 12 years of experience. Speaks Malayalam. Available to travel up to 24 km. Current rating is 4.81.,,2025-06-11
3628,3628,Experienced alteration with 8 years of experience. Speaks Telugu. Available to travel up to 13 km. Current rating is 4.42.,,2025-04-24
3629,3629,Experienced painter with 18 years of experience. Speaks Malayalam. Available to travel up to 19 km. Current rating is 4.56.,,2025-12-07
3630,3630,Experienced catering with 13 years of experience. Speaks Kannada. Available to travel up to 34 km. Current rating is 3.96.,,2025-05-06
3631,3631,Experienced tailor with 3 years of experience. Speaks Malayalam. Available to travel up to 44 km. Current rating is 4.38.,,2025-06-02
3632,3632,Experienced house wiring with 8 years of experience. Speaks Kannada. Available to travel up to 15 km. Current rating is 4.29.,,2025-06-20
3633,3633,Experienced packers with 6 years of experience. Speaks Malayalam. Available to travel up to 40 km. Current rating is 4.84.,,2025-09-23
3634,3634,Experienced interior painting with 8 years of experience. Speaks Tamil. Available to travel up to 29 km. Current rating is 3.63.,,2025-11-13
3635,3635,Experienced brick work with 17 years of experience. Speaks Malayalam. Available to travel up to 27 km. Current rating is 3.91.,,2025-11-09
3636,3636,Experienced tree trimming with 7 years of experience. Speaks Malayalam. Available to travel up to 13 km. Current rating is 4.29.,,2025-07-08
3637,3637,Experienced kitchen cleaning with 3 years of experience. Speaks Telugu. Available to travel up to 28 km. Current rating is 3.72.,,2025-12-21
3638,3638,Experienced concrete work with 7 years of experience. Speaks Hindi. Available to travel up to 36 km. Current rating is 4.04.,,2025-05-08
3639,3639,Experienced light installation with 1 years of experience. Speaks Tamil. Available to travel up to 42 km. Current rating is 4.31.,,2025-08-11
3640,3640,Experienced ac repair with 8 years of experience. Speaks Hindi. Available to travel up to 18 km. Current rating is 4.94.,,2025-06-18
3641,3641,Experienced carpenter with 7 years of experience. Speaks Telugu. Available to travel up to 6 km. Current rating is 3.67.,,2025-01-09
3642,3642,Experienced light installation with 0 years of experience. Speaks Telugu. Available to travel up to 50 km. Current rating is 4.49.,,2025-04-07
3643,3643,Experienced bathroom cleaning with 4 years of experience. Speaks Telugu. Available to travel up to 16 km. Current rating is 3.56.,,2025-10-05
3644,3644,Experienced painter with 8 years of experience. Speaks Telugu. Available to travel up to 25 km. Current rating is 3.68.,,2025-11-22
3645,3645,Experienced fan installation with 2 years of experience. Speaks English. Available to travel up to 24 km. Current rating is 3.83.,,2025-06-28
3646,3646,Experienced furniture assembly with 12 years of experience. Speaks Hindi. Available to travel up to 39 km. Current rating is 4.86.,,2025-06-30
3647,3647,Experienced microwave repair with 11 years of experience. Speaks Malayalam. Available to travel up to 5 km. Current rating is 4.7.,,2025-11-02
3648,3648,Experienced tv repair with 4 years of experience. Speaks Kannada. Available to travel up to 44 km. Current rating is 4.19.,,2025-03-03
3649,3649,Experienced driver with 12 years of experience. Speaks Tamil. Available to travel up to 15 km. Current rating is 4.48.,,2025-09-01
3650,3650,Experienced deep cleaning with 19 years of experience. Speaks English. Available to travel up to 11 km. Current rating is 3.76.,,2025-04-08
3651,3651,Experienced washing machine repair with 10 years of experience. Speaks Malayalam. Available to travel up to 28 km. Current rating is 3.92.,,2025-06-14
3652,3652,Experienced tv repair with 6 years of experience. Speaks Malayalam. Available to travel up to 18 km. Current rating is 4.97.,,2025-10-04
3653,3653,Experienced door repair with 16 years of experience. Speaks Tamil. Available to travel up to 36 km. Current rating is 3.85.,,2025-05-06
3654,3654,Experienced interior painting with 0 years of experience. Speaks Tamil. Available to travel up to 13 km. Current rating is 3.91.,,2025-11-28
3655,3655,Experienced carpenter with 19 years of experience. Speaks Kannada. Available to travel up to 18 km. Current rating is 4.4.,,2025-08-12
3656,3656,Experienced mason with 15 years of experience. Speaks Telugu. Available to travel up to 31 km. Current rating is 3.94.,,2025-02-19
3657,3657,Experienced interior painting with 0 years of experience. Speaks Telugu. Available to travel up to 14 km. Current rating is 3.94.,,2025-10-26
3658,3658,Experienced deep cleaning with 0 years of experience. Speaks Kannada. Available to travel up to 17 km. Current rating is 4.65.,,2025-12-26
3659,3659,Experienced exterior painting with 11 years of experience. Speaks Malayalam. Available to travel up to 38 km. Current rating is 3.63.,,2025-06-07
3660,3660,Experienced furniture assembly with 12 years of experience. Speaks Telugu. Available to travel up to 19 km. Current rating is 4.75.,,2025-11-29
3661,3661,Experienced fan installation with 10 years of experience. Speaks Kannada. Available to travel up to 5 km. Current rating is 3.57.,,2025-08-30
3662,3662,Experienced switch repair with 2 years of experience. Speaks English. Available to travel up to 20 km. Current rating is 3.93.,,2025-07-10
3663,3663,Experienced driver with 15 years of experience. Speaks English. Available to travel up to 19 km. Current rating is 4.82.,,2025-03-06
3664,3664,Experienced wood polishing with 17 years of experience. Speaks Kannada. Available to travel up to 5 km. Current rating is 4.09.,,2025-10-18
3665,3665,Experienced movers with 8 years of experience. Speaks Kannada. Available to travel up to 30 km. Current rating is 4.88.,,2025-04-02
3666,3666,Experienced wall painting with 19 years of experience. Speaks English. Available to travel up to 13 km. Current rating is 4.89.,,2025-04-18
3667,3667,Experienced security guard with 6 years of experience. Speaks Tamil. Available to travel up to 50 km. Current rating is 4.37.,,2025-05-15
3668,3668,Experienced hair stylist with 12 years of experience. Speaks Kannada. Available to travel up to 12 km. Current rating is 4.15.,,2025-08-01
3669,3669,Experienced fan installation with 12 years of experience. Speaks Hindi. Available to travel up to 16 km. Current rating is 3.87.,,2025-05-24
3670,3670,Experienced carpenter with 18 years of experience. Speaks Telugu. Available to travel up to 25 km. Current rating is 3.96.,,2025-02-03
3671,3671,Experienced switch repair with 18 years of experience. Speaks Tamil. Available to travel up to 43 km. Current rating is 4.56.,,2025-04-25
3672,3672,Experienced electrician with 4 years of experience. Speaks Telugu. Available to travel up to 37 km. Current rating is 4.1.,,2025-09-12
3673,3673,Experienced tree trimming with 20 years of experience. Speaks Malayalam. Available to travel up to 20 km. Current rating is 4.26.,,2025-05-03
3674,3674,Experienced leak detection with 16 years of experience. Speaks Telugu. Available to travel up to 11 km. Current rating is 4.11.,,2025-04-22
3675,3675,Experienced makeup artist with 8 years of experience. Speaks Kannada. Available to travel up to 45 km. Current rating is 3.95.,,2025-05-12
3676,3676,Experienced brick work with 20 years of experience. Speaks Telugu. Available to travel up to 23 km. Current rating is 4.4.,,2025-10-06
3677,3677,Experienced tile installation with 20 years of experience. Speaks Tamil. Available to travel up to 9 km. Current rating is 4.85.,,2025-08-27
3678,3678,Experienced bathroom cleaning with 19 years of experience. Speaks Kannada. Available to travel up to 45 km. Current rating is 4.19.,,2025-12-09
3679,3679,Experienced mason with 19 years of experience. Speaks Hindi. Available to travel up to 17 km. Current rating is 4.64.,,2025-07-07
3680,3680,Experienced wall painting with 8 years of experience. Speaks Malayalam. Available to travel up to 50 km. Current rating is 3.98.,,2025-02-13
3681,3681,Experienced door repair with 0 years of experience. Speaks Malayalam. Available to travel up to 8 km. Current rating is 4.45.,,2025-01-23
3682,3682,Experienced ac installation with 19 years of experience. Speaks Kannada. Available to travel up to 48 km. Current rating is 4.34.,,2025-07-07
3683,3683,Experienced driver with 16 years of experience. Speaks Hindi. Available to travel up to 22 km. Current rating is 3.8.,,2025-07-17
3684,3684,Experienced exterior painting with 17 years of experience. Speaks English. Available to travel up to 28 km. Current rating is 4.87.,,2025-11-30
3685,3685,Experienced furniture assembly with 2 years of experience. Speaks Malayalam. Available to travel up to 19 km. Current rating is 4.79.,,2025-01-28
3686,3686,Experienced refrigerator repair with 6 years of experience. Speaks Tamil. Available to travel up to 45 km. Current rating is 4.75.,,2025-03-04
3687,3687,Experienced kitchen cleaning with 7 years of experience. Speaks Hindi. Available to travel up to 19 km. Current rating is 4.54.,,2025-07-09
3688,3688,Experienced electrician with 5 years of experience. Speaks English. Available to travel up to 15 km. Current rating is 4.38.,,2025-11-30
3689,3689,Experienced kitchen cleaning with 2 years of experience. Speaks English. Available to travel up to 9 km. Current rating is 4.99.,,2025-03-19
3690,3690,Experienced ac repair with 12 years of experience. Speaks Malayalam. Available to travel up to 16 km. Current rating is 3.68.,,2025-03-02
3691,3691,Experienced deep cleaning with 13 years of experience. Speaks Telugu. Available to travel up to 14 km. Current rating is 3.66.,,2025-07-27
3692,3692,Experienced ac technician with 11 years of experience. Speaks Telugu. Available to travel up to 14 km. Current rating is 4.37.,,2025-10-02
3693,3693,Experienced cloth stitching with 6 years of experience. Speaks Malayalam. Available to travel up to 19 km. Current rating is 3.9.,,2025-01-16
3694,3694,Experienced switch repair with 18 years of experience. Speaks English. Available to travel up to 12 km. Current rating is 4.51.,,2025-04-13
3695,3695,Experienced leak detection with 20 years of experience. Speaks Tamil. Available to travel up to 31 km. Current rating is 4.34.,,2025-07-01
3696,3696,Experienced microwave repair with 9 years of experience. Speaks Malayalam. Available to travel up to 39 km. Current rating is 4.72.,,2025-06-17
3697,3697,Experienced washing machine repair with 3 years of experience. Speaks Malayalam. Available to travel up to 45 km. Current rating is 4.73.,,2025-06-23
3698,3698,Experienced microwave repair with 11 years of experience. Speaks Telugu. Available to travel up to 48 km. Current rating is 4.39.,,2025-07-06
3699,3699,Experienced furniture assembly with 13 years of experience. Speaks Hindi. Available to travel up to 36 km. Current rating is 3.56.,,2025-11-21
3700,3700,Experienced driver with 5 years of experience. Speaks Telugu. Available to travel up to 31 km. Current rating is 3.65.,,2025-09-17
3701,3701,Experienced movers with 7 years of experience. Speaks Malayalam. Available to travel up to 38 km. Current rating is 3.87.,,2025-04-11
3702,3702,Experienced light installation with 19 years of experience. Speaks Malayalam. Available to travel up to 11 km. Current rating is 4.59.,,2025-01-12
3703,3703,Experienced leak detection with 8 years of experience. Speaks Telugu. Available to travel up to 12 km. Current rating is 3.75.,,2025-02-26
3704,3704,Experienced deep cleaning with 9 years of experience. Speaks Telugu. Available to travel up to 24 km. Current rating is 4.81.,,2025-12-25
3705,3705,Experienced wood polishing with 9 years of experience. Speaks English. Available to travel up to 30 km. Current rating is 4.55.,,2025-09-09
3706,3706,Experienced tailor with 13 years of experience. Speaks Tamil. Available to travel up to 11 km. Current rating is 3.87.,,2025-02-25
3707,3707,Experienced deep cleaning with 11 years of experience. Speaks English. Available to travel up to 38 km. Current rating is 4.25.,,2025-11-25
3708,3708,Experienced tile installation with 10 years of experience. Speaks Tamil. Available to travel up to 12 km. Current rating is 4.07.,,2025-05-08
3709,3709,Experienced interior painting with 10 years of experience. Speaks Kannada. Available to travel up to 20 km. Current rating is 4.4.,,2025-08-20
3710,3710,Experienced house cleaning with 15 years of experience. Speaks Kannada. Available to travel up to 15 km. Current rating is 4.8.,,2025-01-18
3711,3711,Experienced interior painting with 3 years of experience. Speaks Hindi. Available to travel up to 13 km. Current rating is 4.11.,,2025-12-23
3712,3712,Experienced mason with 5 years of experience. Speaks Telugu. Available to travel up to 18 km. Current rating is 4.77.,,2025-06-14
3713,3713,Experienced catering with 4 years of experience. Speaks Malayalam. Available to travel up to 41 km. Current rating is 3.8.,,2025-12-30
3714,3714,Experienced tree trimming with 13 years of experience. Speaks Telugu. Available to travel up to 46 km. Current rating is 3.71.,,2025-10-05
3715,3715,Experienced alteration with 16 years of experience. Speaks Kannada. Available to travel up to 6 km. Current rating is 4.0.,,2025-04-30
3716,3716,Experienced electrician with 20 years of experience. Speaks Malayalam. Available to travel up to 13 km. Current rating is 4.21.,,2025-04-08
3717,3717,Experienced makeup artist with 4 years of experience. Speaks Hindi. Available to travel up to 50 km. Current rating is 4.48.,,2025-08-03
3718,3718,Experienced switch repair with 20 years of experience. Speaks English. Available to travel up to 13 km. Current rating is 4.44.,,2025-10-21
3719,3719,Experienced beautician with 0 years of experience. Speaks Malayalam. Available to travel up to 28 km. Current rating is 4.08.,,2025-01-16
3720,3720,Experienced furniture assembly with 1 years of experience. Speaks Malayalam. Available to travel up to 41 km. Current rating is 4.49.,,2025-10-17
3721,3721,Experienced light installation with 18 years of experience. Speaks Telugu. Available to travel up to 23 km. Current rating is 4.6.,,2025-02-07
3722,3722,Experienced light installation with 16 years of experience. Speaks Hindi. Available to travel up to 26 km. Current rating is 4.46.,,2025-05-15
3723,3723,Experienced house cleaning with 9 years of experience. Speaks Tamil. Available to travel up to 17 km. Current rating is 4.23.,,2025-03-13
3724,3724,Experienced brick work with 16 years of experience. Speaks English. Available to travel up to 35 km. Current rating is 4.33.,,2025-09-20
3725,3725,Experienced kitchen cleaning with 19 years of experience. Speaks Hindi. Available to travel up to 27 km. Current rating is 3.52.,,2025-12-28
3726,3726,Experienced cloth stitching with 3 years of experience. Speaks Malayalam. Available to travel up to 17 km. Current rating is 3.55.,,2025-07-04
3727,3727,Experienced movers with 1 years of experience. Speaks English. Available to travel up to 47 km. Current rating is 3.78.,,2025-10-20
3728,3728,Experienced makeup artist with 9 years of experience. Speaks Hindi. Available to travel up to 28 km. Current rating is 4.74.,,2025-04-04
3729,3729,Experienced deep cleaning with 5 years of experience. Speaks Tamil. Available to travel up to 27 km. Current rating is 4.19.,,2025-01-10
3730,3730,Experienced water tank installation with 7 years of experience. Speaks Kannada. Available to travel up to 41 km. Current rating is 4.47.,,2025-05-01
3731,3731,Experienced kitchen cleaning with 0 years of experience. Speaks Tamil. Available to travel up to 36 km. Current rating is 4.98.,,2025-02-21
3732,3732,Experienced tile installation with 1 years of experience. Speaks Kannada. Available to travel up to 22 km. Current rating is 4.12.,,2025-12-23
3733,3733,Experienced packers with 1 years of experience. Speaks Telugu. Available to travel up to 21 km. Current rating is 4.87.,,2025-06-11
3734,3734,Experienced plumber with 12 years of experience. Speaks English. Available to travel up to 40 km. Current rating is 4.57.,,2025-05-11
3735,3735,Experienced switch repair with 7 years of experience. Speaks Kannada. Available to travel up to 33 km. Current rating is 4.35.,,2025-06-13
3736,3736,Experienced house wiring with 4 years of experience. Speaks Telugu. Available to travel up to 17 km. Current rating is 4.43.,,2025-12-21
3737,3737,Experienced door repair with 11 years of experience. Speaks English. Available to travel up to 40 km. Current rating is 4.62.,,2025-06-21
3738,3738,Experienced bathroom fitting with 8 years of experience. Speaks English. Available to travel up to 14 km. Current rating is 4.83.,,2025-05-03
3739,3739,Experienced leak detection with 15 years of experience. Speaks Tamil. Available to travel up to 7 km. Current rating is 4.74.,,2025-11-20
3740,3740,Experienced plumber with 15 years of experience. Speaks English. Available to travel up to 34 km. Current rating is 3.85.,,2025-02-09
3741,3741,Experienced brick work with 0 years of experience. Speaks Kannada. Available to travel up to 49 km. Current rating is 4.71.,,2025-02-24
3742,3742,Experienced wood polishing with 20 years of experience. Speaks English. Available to travel up to 43 km. Current rating is 4.55.,,2025-09-17
3743,3743,Experienced movers with 19 years of experience. Speaks Kannada. Available to travel up to 36 km. Current rating is 4.09.,,2025-10-01
3744,3744,Experienced cook with 13 years of experience. Speaks English. Available to travel up to 34 km. Current rating is 3.67.,,2025-05-11
3745,3745,Experienced brick work with 1 years of experience. Speaks English. Available to travel up to 37 km. Current rating is 4.7.,,2025-07-02
3746,3746,Experienced mason with 2 years of experience. Speaks English. Available to travel up to 7 km. Current rating is 4.32.,,2025-04-30
3747,3747,Experienced switch repair with 0 years of experience. Speaks Telugu. Available to travel up to 15 km. Current rating is 3.87.,,2025-09-18
3748,3748,Experienced makeup artist with 8 years of experience. Speaks English. Available to travel up to 7 km. Current rating is 4.57.,,2025-08-02
3749,3749,Experienced washing machine repair with 18 years of experience. Speaks Hindi. Available to travel up to 38 km. Current rating is 4.16.,,2025-01-31
3750,3750,Experienced gardener with 12 years of experience. Speaks Hindi. Available to travel up to 50 km. Current rating is 4.69.,,2025-05-12
3751,3751,Experienced refrigerator repair with 12 years of experience. Speaks Kannada. Available to travel up to 12 km. Current rating is 4.6.,,2025-03-16
3752,3752,Experienced packers with 2 years of experience. Speaks Kannada. Available to travel up to 35 km. Current rating is 4.69.,,2025-10-13
3753,3753,Experienced gardener with 9 years of experience. Speaks Malayalam. Available to travel up to 8 km. Current rating is 3.52.,,2025-09-11
3754,3754,Experienced carpenter with 17 years of experience. Speaks Hindi. Available to travel up to 50 km. Current rating is 3.71.,,2025-08-19
3755,3755,Experienced bathroom cleaning with 13 years of experience. Speaks Tamil. Available to travel up to 28 km. Current rating is 4.02.,,2025-02-28
3756,3756,Experienced deep cleaning with 12 years of experience. Speaks English. Available to travel up to 35 km. Current rating is 3.72.,,2025-12-05
3757,3757,Experienced wall painting with 19 years of experience. Speaks Telugu. Available to travel up to 45 km. Current rating is 4.37.,,2025-05-21
3758,3758,Experienced ac technician with 3 years of experience. Speaks Kannada. Available to travel up to 48 km. Current rating is 3.55.,,2025-08-18
3759,3759,Experienced wall painting with 4 years of experience. Speaks English. Available to travel up to 13 km. Current rating is 5.0.,,2025-05-16
3760,3760,Experienced house wiring with 20 years of experience. Speaks Malayalam. Available to travel up to 23 km. Current rating is 4.63.,,2025-10-24
3761,3761,Experienced plumber with 4 years of experience. Speaks English. Available to travel up to 9 km. Current rating is 3.5.,,2025-07-19
3762,3762,Experienced beautician with 17 years of experience. Speaks Tamil. Available to travel up to 27 km. Current rating is 4.98.,,2025-12-30
3763,3763,Experienced ac installation with 9 years of experience. Speaks Kannada. Available to travel up to 50 km. Current rating is 3.68.,,2025-08-23
3764,3764,Experienced beautician with 2 years of experience. Speaks English. Available to travel up to 10 km. Current rating is 3.87.,,2025-05-02
3765,3765,Experienced ac repair with 18 years of experience. Speaks English. Available to travel up to 22 km. Current rating is 3.9.,,2025-11-04
3766,3766,Experienced painter with 4 years of experience. Speaks Hindi. Available to travel up to 18 km. Current rating is 4.93.,,2025-09-15
3767,3767,Experienced hair stylist with 2 years of experience. Speaks Hindi. Available to travel up to 44 km. Current rating is 4.32.,,2025-11-22
3768,3768,Experienced movers with 11 years of experience. Speaks Hindi. Available to travel up to 9 km. Current rating is 3.79.,,2025-05-22
3769,3769,Experienced ac installation with 10 years of experience. Speaks Malayalam. Available to travel up to 16 km. Current rating is 4.45.,,2025-03-07
3770,3770,Experienced lawn maintenance with 17 years of experience. Speaks Tamil. Available to travel up to 47 km. Current rating is 4.77.,,2025-10-31
3771,3771,Experienced house cleaning with 17 years of experience. Speaks Tamil. Available to travel up to 34 km. Current rating is 4.09.,,2025-07-23
3772,3772,Experienced painter with 19 years of experience. Speaks Kannada. Available to travel up to 40 km. Current rating is 4.05.,,2025-01-20
3773,3773,Experienced driver with 17 years of experience. Speaks English. Available to travel up to 6 km. Current rating is 4.25.,,2025-09-02
3774,3774,Experienced electrician with 0 years of experience. Speaks Hindi. Available to travel up to 35 km. Current rating is 3.54.,,2025-03-09
3775,3775,Experienced painter with 4 years of experience. Speaks Hindi. Available to travel up to 26 km. Current rating is 3.51.,,2025-01-03
3776,3776,Experienced carpenter with 2 years of experience. Speaks Malayalam. Available to travel up to 13 km. Current rating is 4.72.,,2025-05-25
3777,3777,Experienced electrician with 4 years of experience. Speaks Malayalam. Available to travel up to 20 km. Current rating is 4.41.,,2025-12-22
3778,3778,Experienced makeup artist with 17 years of experience. Speaks Hindi. Available to travel up to 11 km. Current rating is 4.92.,,2025-05-15
3779,3779,Experienced fan installation with 8 years of experience. Speaks Tamil. Available to travel up to 32 km. Current rating is 4.28.,,2025-08-09
3780,3780,Experienced tile installation with 13 years of experience. Speaks Kannada. Available to travel up to 7 km. Current rating is 3.76.,,2025-09-17
3781,3781,Experienced switch repair with 11 years of experience. Speaks Tamil. Available to travel up to 39 km. Current rating is 4.43.,,2025-07-15
3782,3782,Experienced packers with 5 years of experience. Speaks Malayalam. Available to travel up to 18 km. Current rating is 3.5.,,2025-05-26
3783,3783,Experienced electrician with 5 years of experience. Speaks Malayalam. Available to travel up to 35 km. Current rating is 4.46.,,2025-05-04
3784,3784,Experienced concrete work with 19 years of experience. Speaks Kannada. Available to travel up to 7 km. Current rating is 4.1.,,2025-12-06
3785,3785,Experienced bathroom fitting with 11 years of experience. Speaks Malayalam. Available to travel up to 40 km. Current rating is 4.11.,,2025-12-01
3786,3786,Experienced interior painting with 16 years of experience. Speaks Malayalam. Available to travel up to 47 km. Current rating is 4.89.,,2025-03-05
3787,3787,Experienced tailor with 4 years of experience. Speaks English. Available to travel up to 27 km. Current rating is 4.46.,,2025-04-02
3788,3788,Experienced water tank installation with 18 years of experience. Speaks Telugu. Available to travel up to 28 km. Current rating is 4.04.,,2025-05-08
3789,3789,Experienced gardener with 19 years of experience. Speaks English. Available to travel up to 27 km. Current rating is 4.03.,,2025-11-07
3790,3790,Experienced painter with 10 years of experience. Speaks Telugu. Available to travel up to 31 km. Current rating is 4.0.,,2025-03-02
3791,3791,Experienced plumber with 19 years of experience. Speaks Telugu. Available to travel up to 9 km. Current rating is 4.4.,,2025-11-15
3792,3792,Experienced security guard with 1 years of experience. Speaks Tamil. Available to travel up to 13 km. Current rating is 3.97.,,2025-12-06
3793,3793,Experienced kitchen cleaning with 12 years of experience. Speaks Tamil. Available to travel up to 10 km. Current rating is 4.61.,,2025-11-11
3794,3794,Experienced washing machine repair with 4 years of experience. Speaks English. Available to travel up to 9 km. Current rating is 3.83.,,2025-05-28
3795,3795,Experienced plumber with 11 years of experience. Speaks English. Available to travel up to 47 km. Current rating is 4.3.,,2025-12-30
3796,3796,Experienced movers with 9 years of experience. Speaks Kannada. Available to travel up to 36 km. Current rating is 4.17.,,2025-09-28
3797,3797,Experienced house cleaning with 13 years of experience. Speaks Tamil. Available to travel up to 6 km. Current rating is 3.97.,,2025-06-24
3798,3798,Experienced tailor with 20 years of experience. Speaks Telugu. Available to travel up to 13 km. Current rating is 4.5.,,2025-12-02
3799,3799,Experienced hair stylist with 9 years of experience. Speaks Telugu. Available to travel up to 20 km. Current rating is 3.97.,,2025-03-23
3800,3800,Experienced door repair with 16 years of experience. Speaks Kannada. Available to travel up to 26 km. Current rating is 3.71.,,2025-06-29
3801,3801,Experienced light installation with 10 years of experience. Speaks English. Available to travel up to 24 km. Current rating is 4.28.,,2025-04-06
3802,3802,Experienced concrete work with 15 years of experience. Speaks Kannada. Available to travel up to 44 km. Current rating is 3.71.,,2025-11-03
3803,3803,Experienced alteration with 14 years of experience. Speaks Telugu. Available to travel up to 19 km. Current rating is 4.42.,,2025-05-08
3804,3804,Experienced gardener with 7 years of experience. Speaks Tamil. Available to travel up to 50 km. Current rating is 4.38.,,2025-03-10
3805,3805,Experienced bathroom cleaning with 10 years of experience. Speaks Hindi. Available to travel up to 44 km. Current rating is 3.89.,,2025-05-04
3806,3806,Experienced hair stylist with 13 years of experience. Speaks Telugu. Available to travel up to 27 km. Current rating is 4.14.,,2025-01-28
3807,3807,Experienced ac installation with 3 years of experience. Speaks Tamil. Available to travel up to 20 km. Current rating is 3.97.,,2025-04-11
3808,3808,Experienced pipe repair with 12 years of experience. Speaks English. Available to travel up to 23 km. Current rating is 3.96.,,2025-09-29
3809,3809,Experienced carpenter with 17 years of experience. Speaks Kannada. Available to travel up to 34 km. Current rating is 3.97.,,2025-10-27
3810,3810,Experienced lawn maintenance with 11 years of experience. Speaks Tamil. Available to travel up to 12 km. Current rating is 3.56.,,2025-06-14
3811,3811,Experienced makeup artist with 15 years of experience. Speaks Kannada. Available to travel up to 16 km. Current rating is 4.76.,,2025-12-27
3812,3812,Experienced fan installation with 13 years of experience. Speaks Malayalam. Available to travel up to 44 km. Current rating is 3.9.,,2025-02-21
3813,3813,Experienced tile installation with 6 years of experience. Speaks Hindi. Available to travel up to 12 km. Current rating is 3.65.,,2025-03-06
3814,3814,Experienced concrete work with 3 years of experience. Speaks English. Available to travel up to 22 km. Current rating is 3.58.,,2025-04-10
3815,3815,Experienced fan installation with 18 years of experience. Speaks English. Available to travel up to 22 km. Current rating is 4.77.,,2025-05-24
3816,3816,Experienced house wiring with 20 years of experience. Speaks Hindi. Available to travel up to 38 km. Current rating is 4.03.,,2025-01-30
3817,3817,Experienced plumber with 3 years of experience. Speaks Hindi. Available to travel up to 29 km. Current rating is 4.57.,,2025-02-25
3818,3818,Experienced refrigerator repair with 14 years of experience. Speaks Malayalam. Available to travel up to 48 km. Current rating is 3.97.,,2025-09-29
3819,3819,Experienced security guard with 13 years of experience. Speaks Hindi. Available to travel up to 12 km. Current rating is 4.01.,,2025-09-02
3820,3820,Experienced refrigerator repair with 11 years of experience. Speaks Hindi. Available to travel up to 33 km. Current rating is 4.01.,,2025-09-19
3821,3821,Experienced lawn maintenance with 13 years of experience. Speaks Malayalam. Available to travel up to 14 km. Current rating is 3.67.,,2025-06-21
3822,3822,Experienced painter with 6 years of experience. Speaks Hindi. Available to travel up to 32 km. Current rating is 3.78.,,2025-12-28
3823,3823,Experienced catering with 9 years of experience. Speaks Hindi. Available to travel up to 33 km. Current rating is 4.61.,,2025-05-12
3824,3824,Experienced ac repair with 16 years of experience. Speaks Telugu. Available to travel up to 40 km. Current rating is 4.34.,,2025-09-02
3825,3825,Experienced furniture assembly with 5 years of experience. Speaks Malayalam. Available to travel up to 15 km. Current rating is 4.63.,,2025-04-23
3826,3826,Experienced alteration with 4 years of experience. Speaks Telugu. Available to travel up to 42 km. Current rating is 4.64.,,2025-08-17
3827,3827,Experienced refrigerator repair with 19 years of experience. Speaks Kannada. Available to travel up to 23 km. Current rating is 3.75.,,2025-03-26
3828,3828,Experienced packers with 13 years of experience. Speaks English. Available to travel up to 8 km. Current rating is 4.46.,,2025-12-07
3829,3829,Experienced wood polishing with 11 years of experience. Speaks Malayalam. Available to travel up to 18 km. Current rating is 3.56.,,2025-08-23
3830,3830,Experienced brick work with 14 years of experience. Speaks Hindi. Available to travel up to 39 km. Current rating is 3.74.,,2025-11-07
3831,3831,Experienced deep cleaning with 10 years of experience. Speaks Tamil. Available to travel up to 16 km. Current rating is 4.49.,,2025-12-07
3832,3832,Experienced pipe repair with 8 years of experience. Speaks Kannada. Available to travel up to 23 km. Current rating is 4.64.,,2025-05-13
3833,3833,Experienced concrete work with 12 years of experience. Speaks Telugu. Available to travel up to 24 km. Current rating is 3.51.,,2025-05-09
3834,3834,Experienced security guard with 15 years of experience. Speaks English. Available to travel up to 5 km. Current rating is 3.71.,,2025-07-20
3835,3835,Experienced house cleaning with 12 years of experience. Speaks Hindi. Available to travel up to 14 km. Current rating is 4.09.,,2025-07-16
3836,3836,Experienced packers with 9 years of experience. Speaks Malayalam. Available to travel up to 9 km. Current rating is 4.46.,,2025-07-01
3837,3837,Experienced wood polishing with 2 years of experience. Speaks Tamil. Available to travel up to 43 km. Current rating is 4.89.,,2025-09-18
3838,3838,Experienced tailor with 2 years of experience. Speaks Tamil. Available to travel up to 38 km. Current rating is 4.1.,,2025-12-29
3839,3839,Experienced tile installation with 2 years of experience. Speaks Tamil. Available to travel up to 6 km. Current rating is 3.71.,,2025-03-08
3840,3840,Experienced alteration with 8 years of experience. Speaks Tamil. Available to travel up to 37 km. Current rating is 4.39.,,2025-08-04
3841,3841,Experienced furniture assembly with 7 years of experience. Speaks Hindi. Available to travel up to 31 km. Current rating is 4.7.,,2025-04-15
3842,3842,Experienced painter with 18 years of experience. Speaks Malayalam. Available to travel up to 36 km. Current rating is 3.94.,,2025-12-11
3843,3843,Experienced security guard with 8 years of experience. Speaks Tamil. Available to travel up to 8 km. Current rating is 4.83.,,2025-10-05
3844,3844,Experienced beautician with 9 years of experience. Speaks Kannada. Available to travel up to 8 km. Current rating is 4.5.,,2025-03-09
3845,3845,Experienced packers with 20 years of experience. Speaks Tamil. Available to travel up to 10 km. Current rating is 4.59.,,2025-02-27
3846,3846,Experienced alteration with 7 years of experience. Speaks English. Available to travel up to 27 km. Current rating is 4.6.,,2025-07-06
3847,3847,Experienced water tank installation with 14 years of experience. Speaks Tamil. Available to travel up to 23 km. Current rating is 3.75.,,2025-12-23
3848,3848,Experienced makeup artist with 1 years of experience. Speaks Malayalam. Available to travel up to 34 km. Current rating is 4.45.,,2025-04-10
3849,3849,Experienced hair stylist with 1 years of experience. Speaks English. Available to travel up to 21 km. Current rating is 3.77.,,2025-01-17
3850,3850,Experienced tile installation with 18 years of experience. Speaks Hindi. Available to travel up to 21 km. Current rating is 4.66.,,2025-10-24
3851,3851,Experienced security guard with 4 years of experience. Speaks Hindi. Available to travel up to 41 km. Current rating is 3.56.,,2025-07-07
3852,3852,Experienced light installation with 14 years of experience. Speaks Telugu. Available to travel up to 46 km. Current rating is 3.67.,,2025-08-24
3853,3853,Experienced ac installation with 16 years of experience. Speaks Kannada. Available to travel up to 10 km. Current rating is 4.18.,,2025-04-09
3854,3854,Experienced leak detection with 2 years of experience. Speaks Hindi. Available to travel up to 11 km. Current rating is 3.83.,,2025-04-20
3855,3855,Experienced lawn maintenance with 19 years of experience. Speaks Malayalam. Available to travel up to 20 km. Current rating is 3.59.,,2025-12-01
3856,3856,Experienced interior painting with 15 years of experience. Speaks Telugu. Available to travel up to 19 km. Current rating is 4.45.,,2025-09-02
3857,3857,Experienced kitchen cleaning with 18 years of experience. Speaks Telugu. Available to travel up to 46 km. Current rating is 3.53.,,2025-08-26
3858,3858,Experienced makeup artist with 14 years of experience. Speaks Malayalam. Available to travel up to 24 km. Current rating is 3.75.,,2025-07-22
3859,3859,Experienced house cleaning with 6 years of experience. Speaks Telugu. Available to travel up to 30 km. Current rating is 4.46.,,2025-04-13
3860,3860,Experienced lawn maintenance with 2 years of experience. Speaks Tamil. Available to travel up to 34 km. Current rating is 4.65.,,2025-04-04
3861,3861,Experienced water tank installation with 12 years of experience. Speaks Hindi. Available to travel up to 18 km. Current rating is 4.13.,,2025-02-08
3862,3862,Experienced leak detection with 20 years of experience. Speaks Tamil. Available to travel up to 41 km. Current rating is 4.3.,,2025-01-12
3863,3863,Experienced door repair with 2 years of experience. Speaks Malayalam. Available to travel up to 9 km. Current rating is 4.87.,,2025-05-22
3864,3864,Experienced driver with 4 years of experience. Speaks Tamil. Available to travel up to 9 km. Current rating is 4.94.,,2025-10-18
3865,3865,Experienced movers with 12 years of experience. Speaks Hindi. Available to travel up to 22 km. Current rating is 4.41.,,2025-04-04
3866,3866,Experienced gardener with 19 years of experience. Speaks English. Available to travel up to 26 km. Current rating is 4.72.,,2025-03-31
3867,3867,Experienced tree trimming with 9 years of experience. Speaks Tamil. Available to travel up to 12 km. Current rating is 4.32.,,2025-04-12
3868,3868,Experienced washing machine repair with 6 years of experience. Speaks Hindi. Available to travel up to 27 km. Current rating is 4.5.,,2025-06-06
3869,3869,Experienced tv repair with 11 years of experience. Speaks Kannada. Available to travel up to 44 km. Current rating is 3.7.,,2025-12-26
3870,3870,Experienced bathroom fitting with 6 years of experience. Speaks Hindi. Available to travel up to 35 km. Current rating is 3.53.,,2025-05-16
3871,3871,Experienced exterior painting with 12 years of experience. Speaks English. Available to travel up to 21 km. Current rating is 4.54.,,2025-12-12
3872,3872,Experienced furniture assembly with 18 years of experience. Speaks Hindi. Available to travel up to 19 km. Current rating is 4.31.,,2025-12-03
3873,3873,Experienced ac repair with 12 years of experience. Speaks English. Available to travel up to 13 km. Current rating is 4.66.,,2025-02-25
3874,3874,Experienced switch repair with 13 years of experience. Speaks English. Available to travel up to 33 km. Current rating is 4.6.,,2025-03-16
3875,3875,Experienced hair stylist with 7 years of experience. Speaks Hindi. Available to travel up to 27 km. Current rating is 4.09.,,2025-12-01
3876,3876,Experienced cook with 13 years of experience. Speaks Telugu. Available to travel up to 28 km. Current rating is 4.31.,,2025-09-29
3877,3877,Experienced packers with 20 years of experience. Speaks Hindi. Available to travel up to 11 km. Current rating is 3.59.,,2025-03-20
3878,3878,Experienced tailor with 1 years of experience. Speaks English. Available to travel up to 25 km. Current rating is 3.76.,,2025-09-23
3879,3879,Experienced microwave repair with 3 years of experience. Speaks Hindi. Available to travel up to 30 km. Current rating is 4.62.,,2025-07-29
3880,3880,Experienced wood polishing with 6 years of experience. Speaks Hindi. Available to travel up to 10 km. Current rating is 3.73.,,2025-10-27
3881,3881,Experienced driver with 7 years of experience. Speaks Kannada. Available to travel up to 24 km. Current rating is 3.66.,,2025-02-15
3882,3882,Experienced cloth stitching with 0 years of experience. Speaks Hindi. Available to travel up to 28 km. Current rating is 3.72.,,2025-02-22
3883,3883,Experienced door repair with 12 years of experience. Speaks Hindi. Available to travel up to 24 km. Current rating is 4.72.,,2025-09-24
3884,3884,Experienced exterior painting with 18 years of experience. Speaks Telugu. Available to travel up to 40 km. Current rating is 4.01.,,2025-05-12
3885,3885,Experienced ac repair with 4 years of experience. Speaks Kannada. Available to travel up to 13 km. Current rating is 4.48.,,2025-10-25
3886,3886,Experienced wall painting with 12 years of experience. Speaks Tamil. Available to travel up to 33 km. Current rating is 4.0.,,2025-06-04
3887,3887,Experienced house wiring with 8 years of experience. Speaks Hindi. Available to travel up to 35 km. Current rating is 4.92.,,2025-07-27
3888,3888,Experienced ac installation with 0 years of experience. Speaks Kannada. Available to travel up to 48 km. Current rating is 4.08.,,2025-08-20
3889,3889,Experienced mason with 2 years of experience. Speaks English. Available to travel up to 34 km. Current rating is 3.64.,,2025-01-06
3890,3890,Experienced ac technician with 1 years of experience. Speaks English. Available to travel up to 21 km. Current rating is 3.88.,,2025-02-21
3891,3891,Experienced ac installation with 0 years of experience. Speaks Tamil. Available to travel up to 43 km. Current rating is 3.76.,,2025-04-01
3892,3892,Experienced ac installation with 8 years of experience. Speaks Tamil. Available to travel up to 15 km. Current rating is 4.96.,,2025-01-28
3893,3893,Experienced door repair with 20 years of experience. Speaks Kannada. Available to travel up to 25 km. Current rating is 4.11.,,2025-06-15
3894,3894,Experienced painter with 11 years of experience. Speaks Kannada. Available to travel up to 43 km. Current rating is 4.35.,,2025-07-15
3895,3895,Experienced alteration with 7 years of experience. Speaks Malayalam. Available to travel up to 5 km. Current rating is 4.74.,,2025-11-27
3896,3896,Experienced pipe repair with 12 years of experience. Speaks English. Available to travel up to 37 km. Current rating is 4.79.,,2025-08-22
3897,3897,Experienced fan installation with 10 years of experience. Speaks Hindi. Available to travel up to 42 km. Current rating is 5.0.,,2025-04-15
3898,3898,Experienced switch repair with 1 years of experience. Speaks Telugu. Available to travel up to 25 km. Current rating is 4.98.,,2025-09-19
3899,3899,Experienced hair stylist with 13 years of experience. Speaks Hindi. Available to travel up to 14 km. Current rating is 3.75.,,2025-08-21
3900,3900,Experienced wood polishing with 4 years of experience. Speaks Malayalam. Available to travel up to 32 km. Current rating is 4.39.,,2025-10-20
3901,3901,Experienced door repair with 18 years of experience. Speaks English. Available to travel up to 9 km. Current rating is 4.21.,,2025-08-26
3902,3902,Experienced wood polishing with 8 years of experience. Speaks Telugu. Available to travel up to 26 km. Current rating is 4.86.,,2025-01-04
3903,3903,Experienced tv repair with 2 years of experience. Speaks Telugu. Available to travel up to 10 km. Current rating is 3.79.,,2025-04-03
3904,3904,Experienced tile installation with 6 years of experience. Speaks Telugu. Available to travel up to 19 km. Current rating is 3.8.,,2025-11-15
3905,3905,Experienced furniture assembly with 16 years of experience. Speaks Telugu. Available to travel up to 33 km. Current rating is 3.67.,,2025-12-23
3906,3906,Experienced ac installation with 13 years of experience. Speaks Tamil. Available to travel up to 49 km. Current rating is 3.89.,,2025-11-24
3907,3907,Experienced house wiring with 15 years of experience. Speaks Telugu. Available to travel up to 11 km. Current rating is 4.59.,,2025-09-23
3908,3908,Experienced driver with 1 years of experience. Speaks Hindi. Available to travel up to 5 km. Current rating is 3.91.,,2025-04-12
3909,3909,Experienced concrete work with 17 years of experience. Speaks Telugu. Available to travel up to 23 km. Current rating is 4.65.,,2025-12-27
3910,3910,Experienced concrete work with 14 years of experience. Speaks Malayalam. Available to travel up to 50 km. Current rating is 3.67.,,2025-04-07
3911,3911,Experienced painter with 1 years of experience. Speaks Kannada. Available to travel up to 29 km. Current rating is 3.58.,,2025-06-15
3912,3912,Experienced movers with 18 years of experience. Speaks English. Available to travel up to 10 km. Current rating is 4.4.,,2025-10-26
3913,3913,Experienced driver with 5 years of experience. Speaks Kannada. Available to travel up to 15 km. Current rating is 4.13.,,2025-06-08
3914,3914,Experienced cloth stitching with 9 years of experience. Speaks Hindi. Available to travel up to 24 km. Current rating is 3.63.,,2025-11-03
3915,3915,Experienced door repair with 10 years of experience. Speaks Telugu. Available to travel up to 30 km. Current rating is 3.81.,,2025-06-26
3916,3916,Experienced cloth stitching with 3 years of experience. Speaks Malayalam. Available to travel up to 46 km. Current rating is 4.61.,,2025-05-22
3917,3917,Experienced beautician with 15 years of experience. Speaks Kannada. Available to travel up to 23 km. Current rating is 4.93.,,2025-11-09
3918,3918,Experienced exterior painting with 3 years of experience. Speaks Malayalam. Available to travel up to 20 km. Current rating is 3.8.,,2025-09-24
3919,3919,Experienced brick work with 6 years of experience. Speaks English. Available to travel up to 50 km. Current rating is 4.35.,,2025-06-02
3920,3920,Experienced water tank installation with 0 years of experience. Speaks English. Available to travel up to 33 km. Current rating is 4.61.,,2025-02-09
3921,3921,Experienced tree trimming with 11 years of experience. Speaks Telugu. Available to travel up to 31 km. Current rating is 4.84.,,2025-09-09
3922,3922,Experienced bathroom fitting with 4 years of experience. Speaks English. Available to travel up to 48 km. Current rating is 3.91.,,2025-05-29
3923,3923,Experienced carpenter with 3 years of experience. Speaks Hindi. Available to travel up to 15 km. Current rating is 4.42.,,2025-12-13
3924,3924,Experienced movers with 17 years of experience. Speaks Hindi. Available to travel up to 36 km. Current rating is 4.47.,,2025-09-02
3925,3925,Experienced movers with 20 years of experience. Speaks Kannada. Available to travel up to 40 km. Current rating is 4.23.,,2025-09-22
3926,3926,Experienced refrigerator repair with 17 years of experience. Speaks Kannada. Available to travel up to 24 km. Current rating is 4.08.,,2025-12-15
3927,3927,Experienced makeup artist with 18 years of experience. Speaks Telugu. Available to travel up to 45 km. Current rating is 3.77.,,2025-08-30
3928,3928,Experienced driver with 11 years of experience. Speaks Kannada. Available to travel up to 34 km. Current rating is 3.77.,,2025-02-08
3929,3929,Experienced fan installation with 17 years of experience. Speaks Hindi. Available to travel up to 48 km. Current rating is 4.33.,,2025-12-29
3930,3930,Experienced carpenter with 11 years of experience. Speaks Kannada. Available to travel up to 37 km. Current rating is 3.74.,,2025-08-14
3931,3931,Experienced movers with 13 years of experience. Speaks Kannada. Available to travel up to 21 km. Current rating is 4.11.,,2025-04-11
3932,3932,Experienced movers with 10 years of experience. Speaks Kannada. Available to travel up to 14 km. Current rating is 4.87.,,2025-02-01
3933,3933,Experienced tree trimming with 7 years of experience. Speaks Kannada. Available to travel up to 29 km. Current rating is 4.91.,,2025-12-05
3934,3934,Experienced furniture assembly with 13 years of experience. Speaks Telugu. Available to travel up to 18 km. Current rating is 3.5.,,2025-05-20
3935,3935,Experienced tailor with 2 years of experience. Speaks Telugu. Available to travel up to 38 km. Current rating is 4.58.,,2025-02-22
3936,3936,Experienced switch repair with 16 years of experience. Speaks Malayalam. Available to travel up to 31 km. Current rating is 4.75.,,2025-11-02
3937,3937,Experienced movers with 17 years of experience. Speaks Kannada. Available to travel up to 11 km. Current rating is 4.59.,,2025-09-11
3938,3938,Experienced cook with 6 years of experience. Speaks Malayalam. Available to travel up to 26 km. Current rating is 4.34.,,2025-01-20
3939,3939,Experienced plumber with 14 years of experience. Speaks Telugu. Available to travel up to 44 km. Current rating is 4.02.,,2025-07-22
3940,3940,Experienced interior painting with 7 years of experience. Speaks Kannada. Available to travel up to 14 km. Current rating is 3.62.,,2025-12-23
3941,3941,Experienced interior painting with 7 years of experience. Speaks Hindi. Available to travel up to 43 km. Current rating is 3.85.,,2025-06-10
3942,3942,Experienced leak detection with 17 years of experience. Speaks Malayalam. Available to travel up to 20 km. Current rating is 4.57.,,2025-10-03
3943,3943,Experienced tv repair with 4 years of experience. Speaks English. Available to travel up to 27 km. Current rating is 4.8.,,2025-05-15
3944,3944,Experienced gardener with 16 years of experience. Speaks Tamil. Available to travel up to 46 km. Current rating is 4.39.,,2025-06-18
3945,3945,Experienced concrete work with 5 years of experience. Speaks Kannada. Available to travel up to 27 km. Current rating is 4.76.,,2025-02-20
3946,3946,Experienced makeup artist with 2 years of experience. Speaks Hindi. Available to travel up to 13 km. Current rating is 4.07.,,2025-11-23
3947,3947,Experienced tailor with 17 years of experience. Speaks Hindi. Available to travel up to 38 km. Current rating is 3.69.,,2025-11-28
3948,3948,Experienced painter with 10 years of experience. Speaks Telugu. Available to travel up to 45 km. Current rating is 4.66.,,2025-12-29
3949,3949,Experienced painter with 4 years of experience. Speaks Hindi. Available to travel up to 9 km. Current rating is 4.03.,,2025-10-25
3950,3950,Experienced makeup artist with 14 years of experience. Speaks English. Available to travel up to 8 km. Current rating is 3.75.,,2025-11-07
3951,3951,Experienced electrician with 10 years of experience. Speaks Kannada. Available to travel up to 14 km. Current rating is 4.31.,,2025-05-22
3952,3952,Experienced beautician with 0 years of experience. Speaks Telugu. Available to travel up to 32 km. Current rating is 3.96.,,2025-10-27
3953,3953,Experienced cloth stitching with 5 years of experience. Speaks Telugu. Available to travel up to 30 km. Current rating is 4.9.,,2025-09-10
3954,3954,Experienced packers with 15 years of experience. Speaks Malayalam. Available to travel up to 41 km. Current rating is 3.69.,,2025-06-05
3955,3955,Experienced painter with 8 years of experience. Speaks Kannada. Available to travel up to 48 km. Current rating is 3.59.,,2025-10-07
3956,3956,Experienced beautician with 0 years of experience. Speaks Telugu. Available to travel up to 49 km. Current rating is 3.82.,,2025-10-02
3957,3957,Experienced deep cleaning with 4 years of experience. Speaks Telugu. Available to travel up to 49 km. Current rating is 4.06.,,2025-03-28
3958,3958,Experienced driver with 10 years of experience. Speaks English. Available to travel up to 46 km. Current rating is 4.36.,,2025-02-06
3959,3959,Experienced fan installation with 15 years of experience. Speaks English. Available to travel up to 48 km. Current rating is 4.4.,,2025-08-01
3960,3960,Experienced refrigerator repair with 20 years of experience. Speaks Malayalam. Available to travel up to 28 km. Current rating is 3.53.,,2025-06-18
3961,3961,Experienced beautician with 20 years of experience. Speaks English. Available to travel up to 44 km. Current rating is 4.15.,,2025-07-29
3962,3962,Experienced leak detection with 12 years of experience. Speaks Kannada. Available to travel up to 49 km. Current rating is 4.73.,,2025-06-11
3963,3963,Experienced light installation with 4 years of experience. Speaks Hindi. Available to travel up to 31 km. Current rating is 3.68.,,2025-05-24
3964,3964,Experienced house cleaning with 14 years of experience. Speaks Malayalam. Available to travel up to 21 km. Current rating is 4.46.,,2025-09-15
3965,3965,Experienced cloth stitching with 16 years of experience. Speaks Kannada. Available to travel up to 5 km. Current rating is 4.04.,,2025-02-13
3966,3966,Experienced kitchen cleaning with 4 years of experience. Speaks English. Available to travel up to 34 km. Current rating is 4.75.,,2025-02-03
3967,3967,Experienced concrete work with 1 years of experience. Speaks Malayalam. Available to travel up to 24 km. Current rating is 4.39.,,2025-01-19
3968,3968,Experienced wall painting with 0 years of experience. Speaks Tamil. Available to travel up to 47 km. Current rating is 4.14.,,2025-06-25
3969,3969,Experienced house wiring with 11 years of experience. Speaks English. Available to travel up to 7 km. Current rating is 4.92.,,2025-09-11
3970,3970,Experienced painter with 9 years of experience. Speaks Tamil. Available to travel up to 29 km. Current rating is 4.11.,,2025-11-17
3971,3971,Experienced kitchen cleaning with 17 years of experience. Speaks Kannada. Available to travel up to 44 km. Current rating is 4.02.,,2025-12-02
3972,3972,Experienced carpenter with 4 years of experience. Speaks Kannada. Available to travel up to 44 km. Current rating is 4.18.,,2025-11-16
3973,3973,Experienced kitchen cleaning with 1 years of experience. Speaks English. Available to travel up to 38 km. Current rating is 4.05.,,2025-06-16
3974,3974,Experienced alteration with 6 years of experience. Speaks Hindi. Available to travel up to 46 km. Current rating is 4.92.,,2025-05-28
3975,3975,Experienced tile installation with 14 years of experience. Speaks Hindi. Available to travel up to 20 km. Current rating is 3.85.,,2025-01-16
3976,3976,Experienced interior painting with 18 years of experience. Speaks Telugu. Available to travel up to 7 km. Current rating is 4.45.,,2025-10-11
3977,3977,Experienced leak detection with 13 years of experience. Speaks Malayalam. Available to travel up to 11 km. Current rating is 4.22.,,2025-08-09
3978,3978,Experienced water tank installation with 2 years of experience. Speaks Malayalam. Available to travel up to 14 km. Current rating is 4.65.,,2025-12-20
3979,3979,Experienced beautician with 14 years of experience. Speaks Tamil. Available to travel up to 7 km. Current rating is 3.94.,,2025-01-31
3980,3980,Experienced alteration with 12 years of experience. Speaks Kannada. Available to travel up to 41 km. Current rating is 4.35.,,2025-03-28
3981,3981,Experienced concrete work with 0 years of experience. Speaks English. Available to travel up to 44 km. Current rating is 4.74.,,2025-01-28
3982,3982,Experienced switch repair with 9 years of experience. Speaks Kannada. Available to travel up to 40 km. Current rating is 4.7.,,2025-03-27
3983,3983,Experienced brick work with 0 years of experience. Speaks Malayalam. Available to travel up to 50 km. Current rating is 4.93.,,2025-10-28
3984,3984,Experienced bathroom cleaning with 1 years of experience. Speaks Kannada. Available to travel up to 23 km. Current rating is 3.85.,,2025-01-11
3985,3985,Experienced bathroom cleaning with 7 years of experience. Speaks Telugu. Available to travel up to 50 km. Current rating is 3.51.,,2025-08-14
3986,3986,Experienced ac technician with 9 years of experience. Speaks Hindi. Available to travel up to 5 km. Current rating is 3.71.,,2025-06-16
3987,3987,Experienced gardener with 12 years of experience. Speaks Tamil. Available to travel up to 25 km. Current rating is 4.81.,,2025-09-21
3988,3988,Experienced light installation with 16 years of experience. Speaks Telugu. Available to travel up to 28 km. Current rating is 5.0.,,2025-07-30
3989,3989,Experienced exterior painting with 14 years of experience. Speaks Kannada. Available to travel up to 11 km. Current rating is 3.88.,,2025-03-28
3990,3990,Experienced tv repair with 12 years of experience. Speaks Malayalam. Available to travel up to 31 km. Current rating is 3.67.,,2025-06-13
3991,3991,Experienced carpenter with 0 years of experience. Speaks Kannada. Available to travel up to 10 km. Current rating is 4.98.,,2025-12-19
3992,3992,Experienced kitchen cleaning with 0 years of experience. Speaks English. Available to travel up to 20 km. Current rating is 4.98.,,2025-07-01
3993,3993,Experienced driver with 14 years of experience. Speaks Hindi. Available to travel up to 42 km. Current rating is 4.0.,,2025-09-15
3994,3994,Experienced refrigerator repair with 9 years of experience. Speaks English. Available to travel up to 18 km. Current rating is 4.33.,,2025-03-03
3995,3995,Experienced brick work with 9 years of experience. Speaks Hindi. Available to travel up to 6 km. Current rating is 4.85.,,2025-05-20
3996,3996,Experienced hair stylist with 14 years of experience. Speaks Malayalam. Available to travel up to 30 km. Current rating is 4.45.,,2025-10-17
3997,3997,Experienced kitchen cleaning with 16 years of experience. Speaks Telugu. Available to travel up to 23 km. Current rating is 4.44.,,2025-02-22
3998,3998,Experienced alteration with 17 years of experience. Speaks Hindi. Available to travel up to 25 km. Current rating is 4.65.,,2025-12-23
3999,3999,Experienced bathroom fitting with 13 years of experience. Speaks Tamil. Available to travel up to 25 km. Current rating is 3.51.,,2025-12-14
4000,4000,Experienced brick work with 5 years of experience. Speaks Hindi. Available to travel up to 24 km. Current rating is 4.97.,,2025-09-04
4001,4001,Experienced wall painting with 11 years of experience. Speaks Tamil. Available to travel up to 46 km. Current rating is 4.34.,,2025-05-16
4002,4002,Experienced concrete work with 5 years of experience. Speaks Kannada. Available to travel up to 39 km. Current rating is 3.5.,,2025-07-22
4003,4003,Experienced tree trimming with 7 years of experience. Speaks Tamil. Available to travel up to 33 km. Current rating is 3.77.,,2025-04-12
4004,4004,Experienced wood polishing with 14 years of experience. Speaks Hindi. Available to travel up to 31 km. Current rating is 4.85.,,2025-09-14
4005,4005,Experienced gardener with 13 years of experience. Speaks Malayalam. Available to travel up to 11 km. Current rating is 4.27.,,2025-12-14
4006,4006,Experienced water tank installation with 15 years of experience. Speaks Tamil. Available to travel up to 36 km. Current rating is 3.67.,,2025-05-25
4007,4007,Experienced door repair with 1 years of experience. Speaks English. Available to travel up to 34 km. Current rating is 3.73.,,2025-12-14
4008,4008,Experienced refrigerator repair with 10 years of experience. Speaks Tamil. Available to travel up to 31 km. Current rating is 3.59.,,2025-06-09
4009,4009,Experienced bathroom cleaning with 11 years of experience. Speaks Kannada. Available to travel up to 50 km. Current rating is 4.62.,,2025-01-03
4010,4010,Experienced interior painting with 13 years of experience. Speaks Hindi. Available to travel up to 16 km. Current rating is 3.82.,,2025-08-16
4011,4011,Experienced kitchen cleaning with 12 years of experience. Speaks Telugu. Available to travel up to 12 km. Current rating is 3.88.,,2025-08-03
4012,4012,Experienced alteration with 6 years of experience. Speaks Malayalam. Available to travel up to 33 km. Current rating is 3.93.,,2025-07-26
4013,4013,Experienced catering with 20 years of experience. Speaks Tamil. Available to travel up to 45 km. Current rating is 4.67.,,2025-02-04
4014,4014,Experienced exterior painting with 6 years of experience. Speaks Telugu. Available to travel up to 10 km. Current rating is 4.69.,,2025-08-08
4015,4015,Experienced lawn maintenance with 8 years of experience. Speaks Telugu. Available to travel up to 45 km. Current rating is 4.81.,,2025-08-01
4016,4016,Experienced packers with 6 years of experience. Speaks Tamil. Available to travel up to 20 km. Current rating is 4.0.,,2025-06-14
4017,4017,Experienced door repair with 16 years of experience. Speaks Telugu. Available to travel up to 17 km. Current rating is 3.66.,,2025-01-31
4018,4018,Experienced exterior painting with 6 years of experience. Speaks Tamil. Available to travel up to 23 km. Current rating is 3.59.,,2025-10-21
4019,4019,Experienced driver with 8 years of experience. Speaks Malayalam. Available to travel up to 33 km. Current rating is 4.4.,,2025-12-12
4020,4020,Experienced light installation with 17 years of experience. Speaks Tamil. Available to travel up to 36 km. Current rating is 3.8.,,2025-04-11
4021,4021,Experienced interior painting with 8 years of experience. Speaks Malayalam. Available to travel up to 10 km. Current rating is 3.82.,,2025-11-09
4022,4022,Experienced water tank installation with 18 years of experience. Speaks Malayalam. Available to travel up to 38 km. Current rating is 3.95.,,2025-10-11
4023,4023,Experienced water tank installation with 7 years of experience. Speaks English. Available to travel up to 33 km. Current rating is 4.42.,,2025-07-18
4024,4024,Experienced electrician with 2 years of experience. Speaks Hindi. Available to travel up to 21 km. Current rating is 4.58.,,2025-08-21
4025,4025,Experienced wood polishing with 20 years of experience. Speaks Hindi. Available to travel up to 17 km. Current rating is 4.37.,,2025-10-30
4026,4026,Experienced cloth stitching with 8 years of experience. Speaks Kannada. Available to travel up to 5 km. Current rating is 4.52.,,2025-11-27
4027,4027,Experienced tailor with 0 years of experience. Speaks Tamil. Available to travel up to 39 km. Current rating is 3.62.,,2025-03-17
4028,4028,Experienced deep cleaning with 2 years of experience. Speaks Tamil. Available to travel up to 21 km. Current rating is 3.54.,,2025-12-03
4029,4029,Experienced packers with 20 years of experience. Speaks Tamil. Available to travel up to 37 km. Current rating is 4.85.,,2025-08-04
4030,4030,Experienced ac repair with 8 years of experience. Speaks Kannada. Available to travel up to 45 km. Current rating is 4.62.,,2025-07-17
4031,4031,Experienced deep cleaning with 5 years of experience. Speaks English. Available to travel up to 35 km. Current rating is 4.94.,,2025-09-27
4032,4032,Experienced ac technician with 14 years of experience. Speaks Kannada. Available to travel up to 16 km. Current rating is 4.63.,,2025-02-03
4033,4033,Experienced exterior painting with 2 years of experience. Speaks English. Available to travel up to 10 km. Current rating is 4.51.,,2025-05-09
4034,4034,Experienced painter with 8 years of experience. Speaks Malayalam. Available to travel up to 27 km. Current rating is 4.59.,,2025-07-13
4035,4035,Experienced electrician with 7 years of experience. Speaks Telugu. Available to travel up to 34 km. Current rating is 4.11.,,2025-10-15
4036,4036,Experienced lawn maintenance with 1 years of experience. Speaks Hindi. Available to travel up to 7 km. Current rating is 3.89.,,2025-04-05
4037,4037,Experienced electrician with 17 years of experience. Speaks Hindi. Available to travel up to 46 km. Current rating is 4.23.,,2025-12-09
4038,4038,Experienced plumber with 5 years of experience. Speaks Hindi. Available to travel up to 20 km. Current rating is 3.8.,,2025-06-02
4039,4039,Experienced tree trimming with 3 years of experience. Speaks English. Available to travel up to 16 km. Current rating is 3.78.,,2025-11-17
4040,4040,Experienced water tank installation with 3 years of experience. Speaks Telugu. Available to travel up to 30 km. Current rating is 3.97.,,2025-08-19
4041,4041,Experienced washing machine repair with 12 years of experience. Speaks Malayalam. Available to travel up to 30 km. Current rating is 4.62.,,2025-09-16
4042,4042,Experienced pipe repair with 11 years of experience. Speaks Tamil. Available to travel up to 41 km. Current rating is 3.7.,,2025-03-19
4043,4043,Experienced kitchen cleaning with 9 years of experience. Speaks Malayalam. Available to travel up to 24 km. Current rating is 4.91.,,2025-03-11
4044,4044,Experienced hair stylist with 20 years of experience. Speaks Tamil. Available to travel up to 8 km. Current rating is 3.93.,,2025-11-04
4045,4045,Experienced house cleaning with 20 years of experience. Speaks Hindi. Available to travel up to 22 km. Current rating is 4.12.,,2025-01-18
4046,4046,Experienced lawn maintenance with 13 years of experience. Speaks Hindi. Available to travel up to 14 km. Current rating is 3.66.,,2025-05-07
4047,4047,Experienced catering with 19 years of experience. Speaks Hindi. Available to travel up to 27 km. Current rating is 4.48.,,2025-08-09
4048,4048,Experienced catering with 7 years of experience. Speaks Kannada. Available to travel up to 9 km. Current rating is 5.0.,,2025-05-18
4049,4049,Experienced tree trimming with 7 years of experience. Speaks Kannada. Available to travel up to 39 km. Current rating is 4.07.,,2025-06-11
4050,4050,Experienced house cleaning with 0 years of experience. Speaks Hindi. Available to travel up to 39 km. Current rating is 3.85.,,2025-05-31
4051,4051,Experienced lawn maintenance with 18 years of experience. Speaks Kannada. Available to travel up to 39 km. Current rating is 3.96.,,2025-08-14
4052,4052,Experienced electrician with 8 years of experience. Speaks Kannada. Available to travel up to 35 km. Current rating is 4.65.,,2025-12-08
4053,4053,Experienced exterior painting with 8 years of experience. Speaks Malayalam. Available to travel up to 27 km. Current rating is 3.63.,,2025-12-17
4054,4054,Experienced ac technician with 8 years of experience. Speaks Kannada. Available to travel up to 48 km. Current rating is 4.56.,,2025-06-12
4055,4055,Experienced furniture assembly with 19 years of experience. Speaks Malayalam. Available to travel up to 41 km. Current rating is 4.15.,,2025-03-31
4056,4056,Experienced plumber with 16 years of experience. Speaks English. Available to travel up to 13 km. Current rating is 4.04.,,2025-07-05
4057,4057,Experienced house wiring with 15 years of experience. Speaks Malayalam. Available to travel up to 10 km. Current rating is 4.0.,,2025-11-18
4058,4058,Experienced house wiring with 14 years of experience. Speaks English. Available to travel up to 13 km. Current rating is 3.75.,,2025-01-13
4059,4059,Experienced tv repair with 8 years of experience. Speaks Malayalam. Available to travel up to 37 km. Current rating is 4.73.,,2025-03-26
4060,4060,Experienced mason with 4 years of experience. Speaks Malayalam. Available to travel up to 8 km. Current rating is 4.36.,,2025-01-15
4061,4061,Experienced packers with 9 years of experience. Speaks Kannada. Available to travel up to 10 km. Current rating is 3.67.,,2025-12-30
4062,4062,Experienced pipe repair with 10 years of experience. Speaks Kannada. Available to travel up to 46 km. Current rating is 4.58.,,2025-10-20
4063,4063,Experienced house cleaning with 6 years of experience. Speaks English. Available to travel up to 48 km. Current rating is 3.76.,,2025-02-01
4064,4064,Experienced cloth stitching with 7 years of experience. Speaks Tamil. Available to travel up to 37 km. Current rating is 4.27.,,2025-09-22
4065,4065,Experienced cook with 10 years of experience. Speaks Tamil. Available to travel up to 7 km. Current rating is 5.0.,,2025-11-02
4066,4066,Experienced pipe repair with 7 years of experience. Speaks Kannada. Available to travel up to 34 km. Current rating is 4.37.,,2025-06-13
4067,4067,Experienced tv repair with 18 years of experience. Speaks Malayalam. Available to travel up to 21 km. Current rating is 3.59.,,2025-02-10
4068,4068,Experienced furniture assembly with 5 years of experience. Speaks English. Available to travel up to 16 km. Current rating is 4.49.,,2025-09-23
4069,4069,Experienced exterior painting with 9 years of experience. Speaks Malayalam. Available to travel up to 41 km. Current rating is 4.58.,,2025-06-06
4070,4070,Experienced water tank installation with 7 years of experience. Speaks Kannada. Available to travel up to 38 km. Current rating is 3.87.,,2025-01-22
4071,4071,Experienced plumber with 2 years of experience. Speaks Kannada. Available to travel up to 38 km. Current rating is 4.63.,,2025-01-07
4072,4072,Experienced light installation with 9 years of experience. Speaks Malayalam. Available to travel up to 17 km. Current rating is 4.62.,,2025-06-24
4073,4073,Experienced driver with 1 years of experience. Speaks Tamil. Available to travel up to 23 km. Current rating is 4.52.,,2025-05-30
4074,4074,Experienced door repair with 2 years of experience. Speaks Hindi. Available to travel up to 8 km. Current rating is 4.91.,,2025-11-22
4075,4075,Experienced interior painting with 5 years of experience. Speaks Kannada. Available to travel up to 34 km. Current rating is 4.12.,,2025-09-20
4076,4076,Experienced pipe repair with 15 years of experience. Speaks English. Available to travel up to 17 km. Current rating is 3.77.,,2025-03-28
4077,4077,Experienced bathroom fitting with 1 years of experience. Speaks Telugu. Available to travel up to 39 km. Current rating is 3.89.,,2025-06-18
4078,4078,Experienced door repair with 15 years of experience. Speaks Telugu. Available to travel up to 23 km. Current rating is 3.95.,,2025-07-22
4079,4079,Experienced movers with 6 years of experience. Speaks Malayalam. Available to travel up to 43 km. Current rating is 4.8.,,2025-07-01
4080,4080,Experienced hair stylist with 20 years of experience. Speaks Telugu. Available to travel up to 28 km. Current rating is 4.52.,,2025-06-29
4081,4081,Experienced house wiring with 13 years of experience. Speaks Tamil. Available to travel up to 35 km. Current rating is 4.02.,,2025-09-11
4082,4082,Experienced ac installation with 4 years of experience. Speaks Hindi. Available to travel up to 46 km. Current rating is 4.25.,,2025-02-04
4083,4083,Experienced water tank installation with 8 years of experience. Speaks English. Available to travel up to 12 km. Current rating is 4.72.,,2025-06-15
4084,4084,Experienced painter with 16 years of experience. Speaks English. Available to travel up to 40 km. Current rating is 3.68.,,2025-02-15
4085,4085,Experienced wood polishing with 18 years of experience. Speaks Kannada. Available to travel up to 9 km. Current rating is 4.89.,,2025-08-29
4086,4086,Experienced house wiring with 11 years of experience. Speaks English. Available to travel up to 11 km. Current rating is 4.15.,,2025-12-10
4087,4087,Experienced ac technician with 6 years of experience. Speaks Malayalam. Available to travel up to 11 km. Current rating is 3.65.,,2025-10-08
4088,4088,Experienced washing machine repair with 16 years of experience. Speaks Malayalam. Available to travel up to 26 km. Current rating is 3.82.,,2025-01-06
4089,4089,Experienced ac installation with 18 years of experience. Speaks Tamil. Available to travel up to 49 km. Current rating is 4.64.,,2025-07-19
4090,4090,Experienced washing machine repair with 19 years of experience. Speaks Malayalam. Available to travel up to 22 km. Current rating is 4.09.,,2025-05-14
4091,4091,Experienced tile installation with 9 years of experience. Speaks English. Available to travel up to 40 km. Current rating is 4.39.,,2025-04-23
4092,4092,Experienced refrigerator repair with 11 years of experience. Speaks Malayalam. Available to travel up to 49 km. Current rating is 4.44.,,2025-02-27
4093,4093,Experienced makeup artist with 17 years of experience. Speaks English. Available to travel up to 45 km. Current rating is 3.92.,,2025-06-17
4094,4094,Experienced bathroom fitting with 11 years of experience. Speaks English. Available to travel up to 33 km. Current rating is 4.97.,,2025-10-23
4095,4095,Experienced bathroom cleaning with 20 years of experience. Speaks Hindi. Available to travel up to 21 km. Current rating is 3.8.,,2025-01-03
4096,4096,Experienced tree trimming with 9 years of experience. Speaks English. Available to travel up to 8 km. Current rating is 3.97.,,2025-10-14
4097,4097,Experienced beautician with 10 years of experience. Speaks Tamil. Available to travel up to 42 km. Current rating is 4.7.,,2025-10-19
4098,4098,Experienced cook with 1 years of experience. Speaks Tamil. Available to travel up to 48 km. Current rating is 4.34.,,2025-03-14
4099,4099,Experienced switch repair with 18 years of experience. Speaks Malayalam. Available to travel up to 20 km. Current rating is 3.68.,,2025-11-02
4100,4100,Experienced washing machine repair with 20 years of experience. Speaks Telugu. Available to travel up to 42 km. Current rating is 4.92.,,2025-08-28
4101,4101,Experienced alteration with 18 years of experience. Speaks Telugu. Available to travel up to 29 km. Current rating is 4.74.,,2025-09-08
4102,4102,Experienced mason with 14 years of experience. Speaks English. Available to travel up to 25 km. Current rating is 4.96.,,2025-02-01
4103,4103,Experienced bathroom fitting with 20 years of experience. Speaks Hindi. Available to travel up to 35 km. Current rating is 3.54.,,2025-11-19
4104,4104,Experienced gardener with 4 years of experience. Speaks Malayalam. Available to travel up to 28 km. Current rating is 4.83.,,2025-07-17
4105,4105,Experienced bathroom fitting with 3 years of experience. Speaks Tamil. Available to travel up to 47 km. Current rating is 3.96.,,2025-08-06
4106,4106,Experienced tile installation with 2 years of experience. Speaks English. Available to travel up to 14 km. Current rating is 3.51.,,2025-03-04
4107,4107,Experienced gardener with 11 years of experience. Speaks Kannada. Available to travel up to 23 km. Current rating is 4.78.,,2025-12-30
4108,4108,Experienced mason with 2 years of experience. Speaks Telugu. Available to travel up to 32 km. Current rating is 4.22.,,2025-12-18
4109,4109,Experienced washing machine repair with 5 years of experience. Speaks Telugu. Available to travel up to 15 km. Current rating is 4.07.,,2025-01-06
4110,4110,Experienced alteration with 7 years of experience. Speaks Tamil. Available to travel up to 32 km. Current rating is 4.95.,,2025-01-09
4111,4111,Experienced movers with 13 years of experience. Speaks Tamil. Available to travel up to 15 km. Current rating is 3.97.,,2025-04-08
4112,4112,Experienced makeup artist with 13 years of experience. Speaks English. Available to travel up to 41 km. Current rating is 4.66.,,2025-12-23
4113,4113,Experienced exterior painting with 11 years of experience. Speaks Hindi. Available to travel up to 6 km. Current rating is 4.34.,,2025-08-30
4114,4114,Experienced interior painting with 17 years of experience. Speaks Tamil. Available to travel up to 50 km. Current rating is 4.44.,,2025-01-10
4115,4115,Experienced kitchen cleaning with 5 years of experience. Speaks Kannada. Available to travel up to 48 km. Current rating is 4.96.,,2025-03-07
4116,4116,Experienced water tank installation with 4 years of experience. Speaks Malayalam. Available to travel up to 11 km. Current rating is 4.66.,,2025-04-14
4117,4117,Experienced concrete work with 4 years of experience. Speaks Tamil. Available to travel up to 7 km. Current rating is 4.64.,,2025-03-19
4118,4118,Experienced deep cleaning with 2 years of experience. Speaks Telugu. Available to travel up to 21 km. Current rating is 3.86.,,2025-10-24
4119,4119,Experienced makeup artist with 20 years of experience. Speaks Malayalam. Available to travel up to 35 km. Current rating is 4.61.,,2025-12-14
4120,4120,Experienced refrigerator repair with 10 years of experience. Speaks Malayalam. Available to travel up to 7 km. Current rating is 4.72.,,2025-11-25
4121,4121,Experienced house cleaning with 4 years of experience. Speaks Tamil. Available to travel up to 46 km. Current rating is 4.26.,,2025-07-27
4122,4122,Experienced wood polishing with 4 years of experience. Speaks Kannada. Available to travel up to 28 km. Current rating is 4.86.,,2025-08-21
4123,4123,Experienced wall painting with 16 years of experience. Speaks English. Available to travel up to 39 km. Current rating is 4.19.,,2025-01-10
4124,4124,Experienced catering with 4 years of experience. Speaks Malayalam. Available to travel up to 48 km. Current rating is 4.72.,,2025-05-10
4125,4125,Experienced cook with 14 years of experience. Speaks Kannada. Available to travel up to 48 km. Current rating is 3.78.,,2025-09-26
4126,4126,Experienced house wiring with 18 years of experience. Speaks Telugu. Available to travel up to 49 km. Current rating is 4.92.,,2025-05-11
4127,4127,Experienced brick work with 0 years of experience. Speaks English. Available to travel up to 12 km. Current rating is 4.4.,,2025-09-26
4128,4128,Experienced leak detection with 14 years of experience. Speaks Kannada. Available to travel up to 33 km. Current rating is 4.92.,,2025-09-20
4129,4129,Experienced switch repair with 10 years of experience. Speaks Kannada. Available to travel up to 22 km. Current rating is 4.19.,,2025-09-01
4130,4130,Experienced concrete work with 8 years of experience. Speaks Hindi. Available to travel up to 46 km. Current rating is 3.74.,,2025-08-21
4131,4131,Experienced bathroom fitting with 17 years of experience. Speaks Malayalam. Available to travel up to 35 km. Current rating is 3.51.,,2025-06-03
4132,4132,Experienced tailor with 0 years of experience. Speaks Kannada. Available to travel up to 6 km. Current rating is 4.31.,,2025-04-07
4133,4133,Experienced bathroom cleaning with 10 years of experience. Speaks Telugu. Available to travel up to 20 km. Current rating is 4.82.,,2025-07-05
4134,4134,Experienced pipe repair with 10 years of experience. Speaks Telugu. Available to travel up to 45 km. Current rating is 3.91.,,2025-08-28
4135,4135,Experienced concrete work with 7 years of experience. Speaks Hindi. Available to travel up to 42 km. Current rating is 4.36.,,2025-06-06
4136,4136,Experienced kitchen cleaning with 3 years of experience. Speaks Telugu. Available to travel up to 35 km. Current rating is 3.89.,,2025-10-06
4137,4137,Experienced cloth stitching with 3 years of experience. Speaks Malayalam. Available to travel up to 18 km. Current rating is 4.84.,,2025-10-10
4138,4138,Experienced tree trimming with 0 years of experience. Speaks Kannada. Available to travel up to 22 km. Current rating is 4.48.,,2025-07-05
4139,4139,Experienced packers with 12 years of experience. Speaks Malayalam. Available to travel up to 40 km. Current rating is 4.85.,,2025-03-25
4140,4140,Experienced tile installation with 5 years of experience. Speaks English. Available to travel up to 10 km. Current rating is 3.72.,,2025-12-14
4141,4141,Experienced water tank installation with 8 years of experience. Speaks Kannada. Available to travel up to 32 km. Current rating is 4.84.,,2025-09-26
4142,4142,Experienced house wiring with 4 years of experience. Speaks Kannada. Available to travel up to 23 km. Current rating is 4.7.,,2025-05-31
4143,4143,Experienced mason with 15 years of experience. Speaks English. Available to travel up to 20 km. Current rating is 4.93.,,2025-06-23
4144,4144,Experienced security guard with 14 years of experience. Speaks English. Available to travel up to 46 km. Current rating is 4.6.,,2025-03-20
4145,4145,Experienced ac technician with 14 years of experience. Speaks Tamil. Available to travel up to 17 km. Current rating is 4.85.,,2025-02-06
4146,4146,Experienced beautician with 2 years of experience. Speaks Telugu. Available to travel up to 41 km. Current rating is 4.36.,,2025-05-03
4147,4147,Experienced catering with 1 years of experience. Speaks Telugu. Available to travel up to 26 km. Current rating is 4.76.,,2025-08-18
4148,4148,Experienced switch repair with 0 years of experience. Speaks Tamil. Available to travel up to 10 km. Current rating is 3.73.,,2025-03-30
4149,4149,Experienced cloth stitching with 1 years of experience. Speaks Malayalam. Available to travel up to 23 km. Current rating is 4.41.,,2025-10-07
4150,4150,Experienced house cleaning with 10 years of experience. Speaks Telugu. Available to travel up to 43 km. Current rating is 3.53.,,2025-07-18
4151,4151,Experienced tree trimming with 12 years of experience. Speaks Kannada. Available to travel up to 7 km. Current rating is 4.68.,,2025-05-16
4152,4152,Experienced washing machine repair with 17 years of experience. Speaks Telugu. Available to travel up to 10 km. Current rating is 4.23.,,2025-12-06
4153,4153,Experienced door repair with 15 years of experience. Speaks Kannada. Available to travel up to 50 km. Current rating is 4.4.,,2025-03-26
4154,4154,Experienced wood polishing with 14 years of experience. Speaks Malayalam. Available to travel up to 24 km. Current rating is 4.65.,,2025-05-02
4155,4155,Experienced driver with 5 years of experience. Speaks Telugu. Available to travel up to 14 km. Current rating is 3.52.,,2025-04-17
4156,4156,Experienced kitchen cleaning with 2 years of experience. Speaks Telugu. Available to travel up to 27 km. Current rating is 4.97.,,2025-04-23
4157,4157,Experienced exterior painting with 11 years of experience. Speaks Kannada. Available to travel up to 25 km. Current rating is 3.62.,,2025-11-14
4158,4158,Experienced kitchen cleaning with 14 years of experience. Speaks Kannada. Available to travel up to 32 km. Current rating is 3.76.,,2025-05-05
4159,4159,Experienced tailor with 19 years of experience. Speaks English. Available to travel up to 32 km. Current rating is 4.08.,,2025-10-15
4160,4160,Experienced ac technician with 11 years of experience. Speaks Kannada. Available to travel up to 15 km. Current rating is 3.97.,,2025-09-21
4161,4161,Experienced furniture assembly with 9 years of experience. Speaks Tamil. Available to travel up to 49 km. Current rating is 4.6.,,2025-02-27
4162,4162,Experienced painter with 2 years of experience. Speaks English. Available to travel up to 23 km. Current rating is 4.04.,,2025-05-25
4163,4163,Experienced ac technician with 3 years of experience. Speaks Tamil. Available to travel up to 16 km. Current rating is 3.99.,,2025-03-21
4164,4164,Experienced exterior painting with 9 years of experience. Speaks Telugu. Available to travel up to 6 km. Current rating is 4.65.,,2025-11-19
4165,4165,Experienced catering with 12 years of experience. Speaks Hindi. Available to travel up to 36 km. Current rating is 4.66.,,2025-09-24
4166,4166,Experienced security guard with 10 years of experience. Speaks English. Available to travel up to 15 km. Current rating is 3.82.,,2025-07-25
4167,4167,Experienced refrigerator repair with 3 years of experience. Speaks Tamil. Available to travel up to 41 km. Current rating is 3.66.,,2025-01-04
4168,4168,Experienced pipe repair with 17 years of experience. Speaks Hindi. Available to travel up to 5 km. Current rating is 4.05.,,2025-07-29
4169,4169,Experienced bathroom cleaning with 17 years of experience. Speaks English. Available to travel up to 41 km. Current rating is 4.24.,,2025-08-21
4170,4170,Experienced tree trimming with 1 years of experience. Speaks Malayalam. Available to travel up to 28 km. Current rating is 4.82.,,2025-09-23
4171,4171,Experienced brick work with 12 years of experience. Speaks Malayalam. Available to travel up to 47 km. Current rating is 4.92.,,2025-02-09
4172,4172,Experienced cloth stitching with 1 years of experience. Speaks Kannada. Available to travel up to 22 km. Current rating is 4.41.,,2025-01-09
4173,4173,Experienced furniture assembly with 20 years of experience. Speaks Telugu. Available to travel up to 26 km. Current rating is 4.65.,,2025-05-29
4174,4174,Experienced ac installation with 6 years of experience. Speaks Hindi. Available to travel up to 37 km. Current rating is 3.71.,,2025-01-12
4175,4175,Experienced gardener with 14 years of experience. Speaks English. Available to travel up to 35 km. Current rating is 4.83.,,2025-02-21
4176,4176,Experienced carpenter with 4 years of experience. Speaks English. Available to travel up to 22 km. Current rating is 3.91.,,2025-09-06
4177,4177,Experienced switch repair with 4 years of experience. Speaks Kannada. Available to travel up to 41 km. Current rating is 3.62.,,2025-08-31
4178,4178,Experienced security guard with 0 years of experience. Speaks Tamil. Available to travel up to 33 km. Current rating is 3.54.,,2025-12-30
4179,4179,Experienced furniture assembly with 11 years of experience. Speaks Hindi. Available to travel up to 29 km. Current rating is 3.84.,,2025-10-27
4180,4180,Experienced leak detection with 8 years of experience. Speaks Kannada. Available to travel up to 40 km. Current rating is 4.85.,,2025-12-15
4181,4181,Experienced bathroom cleaning with 12 years of experience. Speaks English. Available to travel up to 45 km. Current rating is 4.94.,,2025-09-21
4182,4182,Experienced ac installation with 20 years of experience. Speaks Telugu. Available to travel up to 8 km. Current rating is 3.96.,,2025-11-22
4183,4183,Experienced beautician with 12 years of experience. Speaks Telugu. Available to travel up to 15 km. Current rating is 4.4.,,2025-05-02
4184,4184,Experienced tailor with 13 years of experience. Speaks English. Available to travel up to 44 km. Current rating is 4.27.,,2025-05-25
4185,4185,Experienced bathroom fitting with 10 years of experience. Speaks Hindi. Available to travel up to 12 km. Current rating is 4.85.,,2025-06-26
4186,4186,Experienced deep cleaning with 14 years of experience. Speaks English. Available to travel up to 23 km. Current rating is 4.87.,,2025-05-04
4187,4187,Experienced ac technician with 11 years of experience. Speaks Tamil. Available to travel up to 11 km. Current rating is 4.24.,,2025-07-03
4188,4188,Experienced tv repair with 17 years of experience. Speaks Tamil. Available to travel up to 7 km. Current rating is 4.24.,,2025-07-21
4189,4189,Experienced ac technician with 1 years of experience. Speaks Malayalam. Available to travel up to 22 km. Current rating is 4.62.,,2025-11-30
4190,4190,Experienced beautician with 4 years of experience. Speaks Malayalam. Available to travel up to 6 km. Current rating is 3.72.,,2025-07-31
4191,4191,Experienced leak detection with 11 years of experience. Speaks Hindi. Available to travel up to 16 km. Current rating is 3.53.,,2025-08-31
4192,4192,Experienced carpenter with 9 years of experience. Speaks Malayalam. Available to travel up to 6 km. Current rating is 3.69.,,2025-09-23
4193,4193,Experienced fan installation with 14 years of experience. Speaks Kannada. Available to travel up to 15 km. Current rating is 4.27.,,2025-05-08
4194,4194,Experienced security guard with 9 years of experience. Speaks Telugu. Available to travel up to 27 km. Current rating is 4.34.,,2025-03-06
4195,4195,Experienced concrete work with 14 years of experience. Speaks English. Available to travel up to 23 km. Current rating is 3.74.,,2025-02-24
4196,4196,Experienced concrete work with 10 years of experience. Speaks Hindi. Available to travel up to 5 km. Current rating is 3.79.,,2025-08-04
4197,4197,Experienced wall painting with 8 years of experience. Speaks Hindi. Available to travel up to 17 km. Current rating is 4.19.,,2025-01-04
4198,4198,Experienced tv repair with 0 years of experience. Speaks Kannada. Available to travel up to 17 km. Current rating is 3.91.,,2025-05-10
4199,4199,Experienced ac technician with 5 years of experience. Speaks English. Available to travel up to 16 km. Current rating is 3.98.,,2025-07-22
4200,4200,Experienced ac repair with 19 years of experience. Speaks Hindi. Available to travel up to 48 km. Current rating is 4.63.,,2025-03-04
4201,4201,Experienced ac installation with 16 years of experience. Speaks Tamil. Available to travel up to 22 km. Current rating is 4.74.,,2025-02-07
4202,4202,Experienced ac technician with 0 years of experience. Speaks Hindi. Available to travel up to 11 km. Current rating is 3.92.,,2025-07-08
4203,4203,Experienced gardener with 20 years of experience. Speaks Hindi. Available to travel up to 47 km. Current rating is 4.76.,,2025-09-28
4204,4204,Experienced security guard with 18 years of experience. Speaks Malayalam. Available to travel up to 41 km. Current rating is 4.63.,,2025-08-05
4205,4205,Experienced plumber with 4 years of experience. Speaks Tamil. Available to travel up to 23 km. Current rating is 3.66.,,2025-10-21
4206,4206,Experienced driver with 5 years of experience. Speaks Kannada. Available to travel up to 6 km. Current rating is 4.35.,,2025-01-06
4207,4207,Experienced mason with 0 years of experience. Speaks Hindi. Available to travel up to 47 km. Current rating is 4.2.,,2025-01-24
4208,4208,Experienced packers with 4 years of experience. Speaks English. Available to travel up to 35 km. Current rating is 4.33.,,2025-05-12
4209,4209,Experienced cloth stitching with 10 years of experience. Speaks Tamil. Available to travel up to 42 km. Current rating is 3.53.,,2025-03-27
4210,4210,Experienced gardener with 10 years of experience. Speaks Kannada. Available to travel up to 14 km. Current rating is 4.16.,,2025-07-15
4211,4211,Experienced house wiring with 0 years of experience. Speaks Hindi. Available to travel up to 11 km. Current rating is 4.59.,,2025-08-10
4212,4212,Experienced cloth stitching with 13 years of experience. Speaks Kannada. Available to travel up to 48 km. Current rating is 4.79.,,2025-07-19
4213,4213,Experienced brick work with 3 years of experience. Speaks Malayalam. Available to travel up to 38 km. Current rating is 4.82.,,2025-11-28
4214,4214,Experienced catering with 18 years of experience. Speaks Hindi. Available to travel up to 23 km. Current rating is 4.47.,,2025-03-28
4215,4215,Experienced tree trimming with 20 years of experience. Speaks English. Available to travel up to 11 km. Current rating is 4.23.,,2025-10-14
4216,4216,Experienced carpenter with 12 years of experience. Speaks Hindi. Available to travel up to 30 km. Current rating is 4.9.,,2025-10-23
4217,4217,Experienced microwave repair with 1 years of experience. Speaks Kannada. Available to travel up to 24 km. Current rating is 4.48.,,2025-04-18
4218,4218,Experienced furniture assembly with 13 years of experience. Speaks Telugu. Available to travel up to 14 km. Current rating is 3.75.,,2025-01-22
4219,4219,Experienced exterior painting with 8 years of experience. Speaks English. Available to travel up to 30 km. Current rating is 3.87.,,2025-01-10
4220,4220,Experienced alteration with 0 years of experience. Speaks Telugu. Available to travel up to 36 km. Current rating is 4.13.,,2025-12-28
4221,4221,Experienced mason with 8 years of experience. Speaks Malayalam. Available to travel up to 13 km. Current rating is 3.84.,,2025-05-30
4222,4222,Experienced tree trimming with 14 years of experience. Speaks Kannada. Available to travel up to 41 km. Current rating is 4.57.,,2025-03-23
4223,4223,Experienced beautician with 3 years of experience. Speaks Telugu. Available to travel up to 48 km. Current rating is 4.83.,,2025-07-17
4224,4224,Experienced brick work with 6 years of experience. Speaks English. Available to travel up to 45 km. Current rating is 4.32.,,2025-11-20
4225,4225,Experienced gardener with 6 years of experience. Speaks Telugu. Available to travel up to 15 km. Current rating is 3.93.,,2025-01-17
4226,4226,Experienced ac repair with 2 years of experience. Speaks English. Available to travel up to 41 km. Current rating is 4.52.,,2025-07-29
4227,4227,Experienced beautician with 2 years of experience. Speaks Malayalam. Available to travel up to 24 km. Current rating is 3.9.,,2025-10-14
4228,4228,Experienced driver with 12 years of experience. Speaks Tamil. Available to travel up to 12 km. Current rating is 4.91.,,2025-11-30
4229,4229,Experienced makeup artist with 16 years of experience. Speaks Kannada. Available to travel up to 15 km. Current rating is 4.12.,,2025-03-07
4230,4230,Experienced ac technician with 18 years of experience. Speaks Tamil. Available to travel up to 10 km. Current rating is 4.2.,,2025-09-06
4231,4231,Experienced gardener with 0 years of experience. Speaks Malayalam. Available to travel up to 24 km. Current rating is 4.89.,,2025-08-17
4232,4232,Experienced lawn maintenance with 15 years of experience. Speaks Tamil. Available to travel up to 49 km. Current rating is 4.5.,,2025-01-18
4233,4233,Experienced painter with 12 years of experience. Speaks Malayalam. Available to travel up to 38 km. Current rating is 3.94.,,2025-12-22
4234,4234,Experienced gardener with 17 years of experience. Speaks Kannada. Available to travel up to 46 km. Current rating is 4.72.,,2025-06-14
4235,4235,Experienced painter with 5 years of experience. Speaks Telugu. Available to travel up to 13 km. Current rating is 4.3.,,2025-06-15
4236,4236,Experienced furniture assembly with 14 years of experience. Speaks Hindi. Available to travel up to 36 km. Current rating is 4.88.,,2025-01-17
4237,4237,Experienced mason with 6 years of experience. Speaks English. Available to travel up to 14 km. Current rating is 4.49.,,2025-03-27
4238,4238,Experienced bathroom fitting with 5 years of experience. Speaks Kannada. Available to travel up to 12 km. Current rating is 4.27.,,2025-03-07
4239,4239,Experienced wall painting with 18 years of experience. Speaks Telugu. Available to travel up to 28 km. Current rating is 4.66.,,2025-07-25
4240,4240,Experienced packers with 14 years of experience. Speaks Kannada. Available to travel up to 47 km. Current rating is 4.97.,,2025-04-19
4241,4241,Experienced tailor with 14 years of experience. Speaks Malayalam. Available to travel up to 30 km. Current rating is 4.27.,,2025-01-10
4242,4242,Experienced leak detection with 1 years of experience. Speaks Hindi. Available to travel up to 47 km. Current rating is 4.03.,,2025-06-28
4243,4243,Experienced switch repair with 10 years of experience. Speaks Hindi. Available to travel up to 36 km. Current rating is 4.32.,,2025-04-11
4244,4244,Experienced leak detection with 16 years of experience. Speaks Kannada. Available to travel up to 49 km. Current rating is 4.12.,,2025-06-08
4245,4245,Experienced fan installation with 19 years of experience. Speaks Kannada. Available to travel up to 23 km. Current rating is 3.79.,,2025-09-12
4246,4246,Experienced house wiring with 3 years of experience. Speaks English. Available to travel up to 41 km. Current rating is 4.71.,,2025-03-15
4247,4247,Experienced electrician with 5 years of experience. Speaks Tamil. Available to travel up to 14 km. Current rating is 4.23.,,2025-02-04
4248,4248,Experienced light installation with 15 years of experience. Speaks Tamil. Available to travel up to 13 km. Current rating is 3.52.,,2025-02-20
4249,4249,Experienced door repair with 20 years of experience. Speaks Telugu. Available to travel up to 42 km. Current rating is 3.69.,,2025-06-27
4250,4250,Experienced painter with 11 years of experience. Speaks English. Available to travel up to 18 km. Current rating is 3.88.,,2025-03-10
4251,4251,Experienced light installation with 16 years of experience. Speaks Tamil. Available to travel up to 10 km. Current rating is 3.9.,,2025-09-10
4252,4252,Experienced kitchen cleaning with 11 years of experience. Speaks Malayalam. Available to travel up to 28 km. Current rating is 3.63.,,2025-12-21
4253,4253,Experienced bathroom fitting with 7 years of experience. Speaks Hindi. Available to travel up to 25 km. Current rating is 3.57.,,2025-06-19
4254,4254,Experienced house cleaning with 4 years of experience. Speaks Malayalam. Available to travel up to 23 km. Current rating is 4.18.,,2025-11-25
4255,4255,Experienced driver with 9 years of experience. Speaks Tamil. Available to travel up to 45 km. Current rating is 4.18.,,2025-11-01
4256,4256,Experienced driver with 2 years of experience. Speaks Telugu. Available to travel up to 46 km. Current rating is 3.64.,,2025-11-29
4257,4257,Experienced washing machine repair with 0 years of experience. Speaks English. Available to travel up to 44 km. Current rating is 4.93.,,2025-09-26
4258,4258,Experienced tailor with 5 years of experience. Speaks Tamil. Available to travel up to 16 km. Current rating is 4.22.,,2025-04-03
4259,4259,Experienced electrician with 7 years of experience. Speaks Tamil. Available to travel up to 7 km. Current rating is 4.93.,,2025-05-30
4260,4260,Experienced mason with 6 years of experience. Speaks English. Available to travel up to 48 km. Current rating is 4.4.,,2025-08-01
4261,4261,Experienced ac technician with 0 years of experience. Speaks Tamil. Available to travel up to 21 km. Current rating is 4.31.,,2025-07-28
4262,4262,Experienced cloth stitching with 5 years of experience. Speaks Hindi. Available to travel up to 30 km. Current rating is 4.56.,,2025-05-14
4263,4263,Experienced hair stylist with 7 years of experience. Speaks Telugu. Available to travel up to 5 km. Current rating is 4.64.,,2025-09-28
4264,4264,Experienced beautician with 14 years of experience. Speaks Hindi. Available to travel up to 14 km. Current rating is 4.78.,,2025-12-17
4265,4265,Experienced cloth stitching with 8 years of experience. Speaks English. Available to travel up to 27 km. Current rating is 4.92.,,2025-08-07
4266,4266,Experienced beautician with 12 years of experience. Speaks Tamil. Available to travel up to 40 km. Current rating is 3.85.,,2025-07-22
4267,4267,Experienced wood polishing with 19 years of experience. Speaks Kannada. Available to travel up to 45 km. Current rating is 4.38.,,2025-12-25
4268,4268,Experienced alteration with 19 years of experience. Speaks Tamil. Available to travel up to 23 km. Current rating is 4.79.,,2025-04-02
4269,4269,Experienced alteration with 14 years of experience. Speaks Malayalam. Available to travel up to 46 km. Current rating is 4.28.,,2025-10-02
4270,4270,Experienced ac installation with 8 years of experience. Speaks Kannada. Available to travel up to 40 km. Current rating is 4.71.,,2025-12-07
4271,4271,Experienced mason with 5 years of experience. Speaks Telugu. Available to travel up to 40 km. Current rating is 3.82.,,2025-10-21
4272,4272,Experienced wall painting with 10 years of experience. Speaks Hindi. Available to travel up to 7 km. Current rating is 4.28.,,2025-07-22
4273,4273,Experienced plumber with 14 years of experience. Speaks Tamil. Available to travel up to 31 km. Current rating is 4.42.,,2025-12-11
4274,4274,Experienced gardener with 9 years of experience. Speaks Hindi. Available to travel up to 24 km. Current rating is 4.27.,,2025-09-23
4275,4275,Experienced cloth stitching with 15 years of experience. Speaks Tamil. Available to travel up to 28 km. Current rating is 3.75.,,2025-10-15
4276,4276,Experienced deep cleaning with 17 years of experience. Speaks Malayalam. Available to travel up to 18 km. Current rating is 4.74.,,2025-04-13
4277,4277,Experienced bathroom fitting with 9 years of experience. Speaks English. Available to travel up to 46 km. Current rating is 3.99.,,2025-11-03
4278,4278,Experienced leak detection with 18 years of experience. Speaks English. Available to travel up to 28 km. Current rating is 3.82.,,2025-12-14
4279,4279,Experienced microwave repair with 17 years of experience. Speaks English. Available to travel up to 35 km. Current rating is 4.1.,,2025-02-20
4280,4280,Experienced hair stylist with 2 years of experience. Speaks English. Available to travel up to 10 km. Current rating is 4.12.,,2025-06-12
4281,4281,Experienced bathroom fitting with 1 years of experience. Speaks Telugu. Available to travel up to 19 km. Current rating is 3.67.,,2025-06-18
4282,4282,Experienced bathroom cleaning with 3 years of experience. Speaks Malayalam. Available to travel up to 10 km. Current rating is 4.98.,,2025-07-21
4283,4283,Experienced concrete work with 6 years of experience. Speaks Telugu. Available to travel up to 44 km. Current rating is 3.78.,,2025-11-22
4284,4284,Experienced carpenter with 19 years of experience. Speaks Hindi. Available to travel up to 38 km. Current rating is 4.29.,,2025-11-16
4285,4285,Experienced tailor with 17 years of experience. Speaks Kannada. Available to travel up to 25 km. Current rating is 3.64.,,2025-07-07
4286,4286,Experienced wood polishing with 13 years of experience. Speaks Kannada. Available to travel up to 44 km. Current rating is 3.88.,,2025-08-08
4287,4287,Experienced concrete work with 15 years of experience. Speaks English. Available to travel up to 29 km. Current rating is 4.21.,,2025-09-11
4288,4288,Experienced brick work with 2 years of experience. Speaks English. Available to travel up to 30 km. Current rating is 4.48.,,2025-02-14
4289,4289,Experienced kitchen cleaning with 1 years of experience. Speaks Tamil. Available to travel up to 37 km. Current rating is 4.05.,,2025-10-05
4290,4290,Experienced door repair with 11 years of experience. Speaks Hindi. Available to travel up to 13 km. Current rating is 4.21.,,2025-04-18
4291,4291,Experienced mason with 12 years of experience. Speaks Tamil. Available to travel up to 37 km. Current rating is 3.76.,,2025-12-30
4292,4292,Experienced ac technician with 18 years of experience. Speaks Tamil. Available to travel up to 24 km. Current rating is 4.32.,,2025-04-09
4293,4293,Experienced brick work with 12 years of experience. Speaks Kannada. Available to travel up to 25 km. Current rating is 4.53.,,2025-09-17
4294,4294,Experienced pipe repair with 3 years of experience. Speaks Tamil. Available to travel up to 23 km. Current rating is 4.32.,,2025-12-05
4295,4295,Experienced security guard with 16 years of experience. Speaks Telugu. Available to travel up to 9 km. Current rating is 4.19.,,2025-11-02
4296,4296,Experienced painter with 13 years of experience. Speaks Hindi. Available to travel up to 7 km. Current rating is 4.26.,,2025-03-30
4297,4297,Experienced gardener with 1 years of experience. Speaks Malayalam. Available to travel up to 46 km. Current rating is 3.99.,,2025-10-04
4298,4298,Experienced bathroom fitting with 2 years of experience. Speaks Kannada. Available to travel up to 14 km. Current rating is 4.58.,,2025-02-14
4299,4299,Experienced tailor with 5 years of experience. Speaks Malayalam. Available to travel up to 16 km. Current rating is 3.52.,,2025-01-23
4300,4300,Experienced fan installation with 2 years of experience. Speaks Hindi. Available to travel up to 13 km. Current rating is 4.69.,,2025-06-26
4301,4301,Experienced door repair with 11 years of experience. Speaks Kannada. Available to travel up to 49 km. Current rating is 4.99.,,2025-03-06
4302,4302,Experienced alteration with 11 years of experience. Speaks Tamil. Available to travel up to 24 km. Current rating is 4.62.,,2025-04-28
4303,4303,Experienced ac technician with 4 years of experience. Speaks Telugu. Available to travel up to 33 km. Current rating is 4.58.,,2025-04-29
4304,4304,Experienced hair stylist with 1 years of experience. Speaks Telugu. Available to travel up to 50 km. Current rating is 4.46.,,2025-10-16
4305,4305,Experienced tree trimming with 10 years of experience. Speaks English. Available to travel up to 21 km. Current rating is 3.91.,,2025-05-13
4306,4306,Experienced beautician with 12 years of experience. Speaks English. Available to travel up to 6 km. Current rating is 3.81.,,2025-06-05
4307,4307,Experienced pipe repair with 0 years of experience. Speaks Malayalam. Available to travel up to 13 km. Current rating is 3.71.,,2025-10-19
4308,4308,Experienced gardener with 14 years of experience. Speaks Telugu. Available to travel up to 10 km. Current rating is 4.89.,,2025-04-29
4309,4309,Experienced concrete work with 4 years of experience. Speaks Kannada. Available to travel up to 50 km. Current rating is 3.67.,,2025-09-18
4310,4310,Experienced wood polishing with 2 years of experience. Speaks Hindi. Available to travel up to 41 km. Current rating is 3.98.,,2025-11-29
4311,4311,Experienced refrigerator repair with 12 years of experience. Speaks English. Available to travel up to 5 km. Current rating is 4.14.,,2025-11-28
4312,4312,Experienced door repair with 18 years of experience. Speaks English. Available to travel up to 5 km. Current rating is 3.76.,,2025-02-18
4313,4313,Experienced water tank installation with 8 years of experience. Speaks Telugu. Available to travel up to 32 km. Current rating is 4.02.,,2025-02-22
4314,4314,Experienced light installation with 0 years of experience. Speaks Kannada. Available to travel up to 14 km. Current rating is 4.68.,,2025-03-12
4315,4315,Experienced water tank installation with 10 years of experience. Speaks Malayalam. Available to travel up to 32 km. Current rating is 4.89.,,2025-05-28
4316,4316,Experienced fan installation with 14 years of experience. Speaks Hindi. Available to travel up to 26 km. Current rating is 4.02.,,2025-08-30
4317,4317,Experienced tree trimming with 8 years of experience. Speaks Hindi. Available to travel up to 23 km. Current rating is 4.35.,,2025-10-29
4318,4318,Experienced beautician with 11 years of experience. Speaks English. Available to travel up to 16 km. Current rating is 4.49.,,2025-04-04
4319,4319,Experienced lawn maintenance with 3 years of experience. Speaks Hindi. Available to travel up to 25 km. Current rating is 3.64.,,2025-07-28
4320,4320,Experienced alteration with 10 years of experience. Speaks Kannada. Available to travel up to 40 km. Current rating is 3.81.,,2025-01-21
4321,4321,Experienced beautician with 15 years of experience. Speaks Telugu. Available to travel up to 43 km. Current rating is 3.6.,,2025-03-07
4322,4322,Experienced tile installation with 19 years of experience. Speaks Malayalam. Available to travel up to 48 km. Current rating is 4.99.,,2025-09-13
4323,4323,Experienced tile installation with 6 years of experience. Speaks English. Available to travel up to 9 km. Current rating is 4.92.,,2025-07-08
4324,4324,Experienced wood polishing with 12 years of experience. Speaks Hindi. Available to travel up to 50 km. Current rating is 4.57.,,2025-05-12
4325,4325,Experienced cook with 13 years of experience. Speaks English. Available to travel up to 13 km. Current rating is 4.49.,,2025-10-26
4326,4326,Experienced ac installation with 12 years of experience. Speaks Telugu. Available to travel up to 42 km. Current rating is 4.66.,,2025-03-12
4327,4327,Experienced furniture assembly with 6 years of experience. Speaks Hindi. Available to travel up to 29 km. Current rating is 4.76.,,2025-07-23
4328,4328,Experienced switch repair with 16 years of experience. Speaks Kannada. Available to travel up to 45 km. Current rating is 3.51.,,2025-01-05
4329,4329,Experienced gardener with 9 years of experience. Speaks Kannada. Available to travel up to 26 km. Current rating is 3.56.,,2025-07-26
4330,4330,Experienced washing machine repair with 6 years of experience. Speaks English. Available to travel up to 15 km. Current rating is 4.75.,,2025-07-09
4331,4331,Experienced door repair with 2 years of experience. Speaks Kannada. Available to travel up to 7 km. Current rating is 4.38.,,2025-03-08
4332,4332,Experienced refrigerator repair with 4 years of experience. Speaks Hindi. Available to travel up to 10 km. Current rating is 4.97.,,2025-03-11
4333,4333,Experienced mason with 14 years of experience. Speaks Hindi. Available to travel up to 38 km. Current rating is 4.86.,,2025-09-04
4334,4334,Experienced plumber with 5 years of experience. Speaks Kannada. Available to travel up to 13 km. Current rating is 3.75.,,2025-06-02
4335,4335,Experienced switch repair with 11 years of experience. Speaks English. Available to travel up to 45 km. Current rating is 4.0.,,2025-12-04
4336,4336,Experienced refrigerator repair with 5 years of experience. Speaks Kannada. Available to travel up to 46 km. Current rating is 4.66.,,2025-09-27
4337,4337,Experienced electrician with 12 years of experience. Speaks Kannada. Available to travel up to 36 km. Current rating is 4.22.,,2025-10-18
4338,4338,Experienced leak detection with 7 years of experience. Speaks Tamil. Available to travel up to 19 km. Current rating is 4.0.,,2025-11-01
4339,4339,Experienced house cleaning with 9 years of experience. Speaks Hindi. Available to travel up to 14 km. Current rating is 4.92.,,2025-12-02
4340,4340,Experienced exterior painting with 3 years of experience. Speaks Hindi. Available to travel up to 43 km. Current rating is 4.55.,,2025-09-14
4341,4341,Experienced exterior painting with 17 years of experience. Speaks Malayalam. Available to travel up to 10 km. Current rating is 4.12.,,2025-02-08
4342,4342,Experienced security guard with 19 years of experience. Speaks Tamil. Available to travel up to 44 km. Current rating is 3.69.,,2025-12-26
4343,4343,Experienced house cleaning with 8 years of experience. Speaks English. Available to travel up to 17 km. Current rating is 4.66.,,2025-11-26
4344,4344,Experienced deep cleaning with 6 years of experience. Speaks Malayalam. Available to travel up to 40 km. Current rating is 3.74.,,2025-12-03
4345,4345,Experienced interior painting with 13 years of experience. Speaks Tamil. Available to travel up to 44 km. Current rating is 3.82.,,2025-08-10
4346,4346,Experienced carpenter with 10 years of experience. Speaks Tamil. Available to travel up to 26 km. Current rating is 4.01.,,2025-04-29
4347,4347,Experienced bathroom fitting with 14 years of experience. Speaks English. Available to travel up to 20 km. Current rating is 4.73.,,2025-02-12
4348,4348,Experienced cloth stitching with 19 years of experience. Speaks Malayalam. Available to travel up to 15 km. Current rating is 4.26.,,2025-06-01
4349,4349,Experienced painter with 16 years of experience. Speaks English. Available to travel up to 24 km. Current rating is 4.49.,,2025-05-07
4350,4350,Experienced painter with 4 years of experience. Speaks Malayalam. Available to travel up to 19 km. Current rating is 3.68.,,2025-11-10
4351,4351,Experienced cook with 7 years of experience. Speaks Tamil. Available to travel up to 24 km. Current rating is 3.53.,,2025-02-27
4352,4352,Experienced lawn maintenance with 10 years of experience. Speaks Kannada. Available to travel up to 14 km. Current rating is 4.55.,,2025-06-25
4353,4353,Experienced painter with 11 years of experience. Speaks Kannada. Available to travel up to 17 km. Current rating is 4.53.,,2025-07-24
4354,4354,Experienced movers with 11 years of experience. Speaks Malayalam. Available to travel up to 5 km. Current rating is 4.48.,,2025-01-06
4355,4355,Experienced furniture assembly with 15 years of experience. Speaks Telugu. Available to travel up to 11 km. Current rating is 3.93.,,2025-08-26
4356,4356,Experienced leak detection with 8 years of experience. Speaks Kannada. Available to travel up to 31 km. Current rating is 4.76.,,2025-10-31
4357,4357,Experienced security guard with 20 years of experience. Speaks Telugu. Available to travel up to 44 km. Current rating is 4.6.,,2025-08-25
4358,4358,Experienced bathroom fitting with 8 years of experience. Speaks Tamil. Available to travel up to 24 km. Current rating is 4.9.,,2025-10-08
4359,4359,Experienced brick work with 19 years of experience. Speaks Kannada. Available to travel up to 17 km. Current rating is 4.88.,,2025-10-23
4360,4360,Experienced switch repair with 11 years of experience. Speaks Tamil. Available to travel up to 17 km. Current rating is 4.83.,,2025-08-18
4361,4361,Experienced alteration with 15 years of experience. Speaks Hindi. Available to travel up to 43 km. Current rating is 3.56.,,2025-12-02
4362,4362,Experienced beautician with 7 years of experience. Speaks Telugu. Available to travel up to 33 km. Current rating is 4.38.,,2025-11-17
4363,4363,Experienced door repair with 17 years of experience. Speaks Telugu. Available to travel up to 38 km. Current rating is 4.28.,,2025-06-25
4364,4364,Experienced electrician with 11 years of experience. Speaks Malayalam. Available to travel up to 26 km. Current rating is 4.31.,,2025-02-04
4365,4365,Experienced electrician with 7 years of experience. Speaks Hindi. Available to travel up to 11 km. Current rating is 4.17.,,2025-12-10
4366,4366,Experienced tailor with 11 years of experience. Speaks Telugu. Available to travel up to 48 km. Current rating is 4.72.,,2025-04-12
4367,4367,Experienced furniture assembly with 1 years of experience. Speaks Malayalam. Available to travel up to 20 km. Current rating is 4.46.,,2025-12-21
4368,4368,Experienced light installation with 19 years of experience. Speaks Telugu. Available to travel up to 34 km. Current rating is 4.84.,,2025-12-05
4369,4369,Experienced mason with 20 years of experience. Speaks English. Available to travel up to 6 km. Current rating is 3.6.,,2025-01-08
4370,4370,Experienced mason with 17 years of experience. Speaks English. Available to travel up to 15 km. Current rating is 3.89.,,2025-06-15
4371,4371,Experienced kitchen cleaning with 8 years of experience. Speaks Telugu. Available to travel up to 42 km. Current rating is 4.96.,,2025-01-01
4372,4372,Experienced refrigerator repair with 14 years of experience. Speaks Hindi. Available to travel up to 49 km. Current rating is 4.08.,,2025-04-23
4373,4373,Experienced pipe repair with 11 years of experience. Speaks Malayalam. Available to travel up to 33 km. Current rating is 4.55.,,2025-06-27
4374,4374,Experienced hair stylist with 20 years of experience. Speaks Kannada. Available to travel up to 5 km. Current rating is 4.92.,,2025-12-24
4375,4375,Experienced tile installation with 11 years of experience. Speaks English. Available to travel up to 28 km. Current rating is 4.48.,,2025-11-22
4376,4376,Experienced fan installation with 18 years of experience. Speaks English. Available to travel up to 30 km. Current rating is 4.25.,,2025-05-04
4377,4377,Experienced fan installation with 1 years of experience. Speaks English. Available to travel up to 16 km. Current rating is 3.51.,,2025-04-09
4378,4378,Experienced lawn maintenance with 10 years of experience. Speaks Tamil. Available to travel up to 35 km. Current rating is 4.06.,,2025-10-15
4379,4379,Experienced ac technician with 4 years of experience. Speaks English. Available to travel up to 41 km. Current rating is 4.19.,,2025-01-11
4380,4380,Experienced movers with 7 years of experience. Speaks Telugu. Available to travel up to 8 km. Current rating is 4.6.,,2025-05-07
4381,4381,Experienced light installation with 4 years of experience. Speaks Kannada. Available to travel up to 49 km. Current rating is 4.56.,,2025-11-19
4382,4382,Experienced tree trimming with 3 years of experience. Speaks Malayalam. Available to travel up to 29 km. Current rating is 3.81.,,2025-04-07
4383,4383,Experienced bathroom cleaning with 11 years of experience. Speaks Hindi. Available to travel up to 18 km. Current rating is 4.86.,,2025-08-05
4384,4384,Experienced electrician with 11 years of experience. Speaks Malayalam. Available to travel up to 15 km. Current rating is 4.72.,,2025-02-07
4385,4385,Experienced brick work with 18 years of experience. Speaks Telugu. Available to travel up to 15 km. Current rating is 3.74.,,2025-08-01
4386,4386,Experienced tailor with 2 years of experience. Speaks Kannada. Available to travel up to 32 km. Current rating is 3.94.,,2025-12-24
4387,4387,Experienced cook with 11 years of experience. Speaks Telugu. Available to travel up to 27 km. Current rating is 3.74.,,2025-02-21
4388,4388,Experienced brick work with 14 years of experience. Speaks Hindi. Available to travel up to 22 km. Current rating is 4.51.,,2025-12-18
4389,4389,Experienced tailor with 3 years of experience. Speaks Hindi. Available to travel up to 29 km. Current rating is 3.58.,,2025-03-12
4390,4390,Experienced driver with 17 years of experience. Speaks Telugu. Available to travel up to 40 km. Current rating is 4.14.,,2025-10-08
4391,4391,Experienced catering with 5 years of experience. Speaks Malayalam. Available to travel up to 16 km. Current rating is 4.94.,,2025-09-11
4392,4392,Experienced wood polishing with 9 years of experience. Speaks Kannada. Available to travel up to 42 km. Current rating is 4.31.,,2025-06-05
4393,4393,Experienced exterior painting with 17 years of experience. Speaks English. Available to travel up to 18 km. Current rating is 3.88.,,2025-09-19
4394,4394,Experienced ac technician with 19 years of experience. Speaks Tamil. Available to travel up to 50 km. Current rating is 3.64.,,2025-04-24
4395,4395,Experienced kitchen cleaning with 17 years of experience. Speaks Kannada. Available to travel up to 8 km. Current rating is 3.75.,,2025-10-17
4396,4396,Experienced switch repair with 15 years of experience. Speaks Malayalam. Available to travel up to 34 km. Current rating is 4.44.,,2025-05-10
4397,4397,Experienced kitchen cleaning with 10 years of experience. Speaks Malayalam. Available to travel up to 50 km. Current rating is 3.5.,,2025-01-27
4398,4398,Experienced brick work with 10 years of experience. Speaks English. Available to travel up to 48 km. Current rating is 4.75.,,2025-02-26
4399,4399,Experienced security guard with 11 years of experience. Speaks Tamil. Available to travel up to 34 km. Current rating is 3.68.,,2025-07-23
4400,4400,Experienced leak detection with 10 years of experience. Speaks English. Available to travel up to 31 km. Current rating is 4.03.,,2025-08-17
4401,4401,Experienced ac installation with 4 years of experience. Speaks Telugu. Available to travel up to 13 km. Current rating is 4.05.,,2025-09-20
4402,4402,Experienced bathroom cleaning with 2 years of experience. Speaks Hindi. Available to travel up to 41 km. Current rating is 4.86.,,2025-04-23
4403,4403,Experienced light installation with 15 years of experience. Speaks Tamil. Available to travel up to 14 km. Current rating is 4.81.,,2025-01-19
4404,4404,Experienced tile installation with 2 years of experience. Speaks Kannada. Available to travel up to 11 km. Current rating is 4.25.,,2025-11-30
4405,4405,Experienced hair stylist with 14 years of experience. Speaks Hindi. Available to travel up to 6 km. Current rating is 3.77.,,2025-08-29
4406,4406,Experienced furniture assembly with 17 years of experience. Speaks English. Available to travel up to 10 km. Current rating is 3.91.,,2025-11-28
4407,4407,Experienced movers with 8 years of experience. Speaks English. Available to travel up to 40 km. Current rating is 3.88.,,2025-07-03
4408,4408,Experienced deep cleaning with 3 years of experience. Speaks Kannada. Available to travel up to 30 km. Current rating is 3.56.,,2025-03-31
4409,4409,Experienced tv repair with 0 years of experience. Speaks English. Available to travel up to 10 km. Current rating is 3.55.,,2025-07-02
4410,4410,Experienced fan installation with 8 years of experience. Speaks Tamil. Available to travel up to 49 km. Current rating is 3.63.,,2025-01-14
4411,4411,Experienced movers with 1 years of experience. Speaks Telugu. Available to travel up to 21 km. Current rating is 4.39.,,2025-01-31
4412,4412,Experienced house wiring with 5 years of experience. Speaks English. Available to travel up to 40 km. Current rating is 3.7.,,2025-09-01
4413,4413,Experienced gardener with 7 years of experience. Speaks Hindi. Available to travel up to 12 km. Current rating is 4.5.,,2025-09-28
4414,4414,Experienced ac repair with 6 years of experience. Speaks English. Available to travel up to 12 km. Current rating is 4.17.,,2025-12-18
4415,4415,Experienced cloth stitching with 2 years of experience. Speaks Hindi. Available to travel up to 36 km. Current rating is 3.75.,,2025-05-01
4416,4416,Experienced cook with 13 years of experience. Speaks Tamil. Available to travel up to 5 km. Current rating is 4.08.,,2025-10-21
4417,4417,Experienced electrician with 18 years of experience. Speaks Telugu. Available to travel up to 24 km. Current rating is 4.71.,,2025-05-06
4418,4418,Experienced security guard with 16 years of experience. Speaks Tamil. Available to travel up to 23 km. Current rating is 4.71.,,2025-02-20
4419,4419,Experienced ac installation with 7 years of experience. Speaks Tamil. Available to travel up to 43 km. Current rating is 3.94.,,2025-04-22
4420,4420,Experienced painter with 1 years of experience. Speaks Kannada. Available to travel up to 43 km. Current rating is 4.83.,,2025-08-22
4421,4421,Experienced alteration with 16 years of experience. Speaks Telugu. Available to travel up to 15 km. Current rating is 4.01.,,2025-08-20
4422,4422,Experienced tailor with 16 years of experience. Speaks Tamil. Available to travel up to 34 km. Current rating is 4.69.,,2025-11-23
4423,4423,Experienced mason with 9 years of experience. Speaks Hindi. Available to travel up to 24 km. Current rating is 4.47.,,2025-12-27
4424,4424,Experienced cloth stitching with 6 years of experience. Speaks Kannada. Available to travel up to 40 km. Current rating is 3.9.,,2025-11-29
4425,4425,Experienced gardener with 9 years of experience. Speaks English. Available to travel up to 40 km. Current rating is 4.14.,,2025-09-18
4426,4426,Experienced driver with 7 years of experience. Speaks English. Available to travel up to 13 km. Current rating is 4.58.,,2025-07-27
4427,4427,Experienced packers with 13 years of experience. Speaks English. Available to travel up to 32 km. Current rating is 3.68.,,2025-01-01
4428,4428,Experienced house cleaning with 0 years of experience. Speaks English. Available to travel up to 42 km. Current rating is 4.79.,,2025-04-07
4429,4429,Experienced driver with 19 years of experience. Speaks Tamil. Available to travel up to 45 km. Current rating is 4.16.,,2025-08-02
4430,4430,Experienced tile installation with 1 years of experience. Speaks Tamil. Available to travel up to 39 km. Current rating is 4.83.,,2025-11-29
4431,4431,Experienced concrete work with 9 years of experience. Speaks Telugu. Available to travel up to 44 km. Current rating is 3.89.,,2025-07-16
4432,4432,Experienced security guard with 1 years of experience. Speaks Telugu. Available to travel up to 48 km. Current rating is 4.77.,,2025-07-25
4433,4433,Experienced ac repair with 11 years of experience. Speaks Hindi. Available to travel up to 12 km. Current rating is 3.9.,,2025-12-19
4434,4434,Experienced water tank installation with 2 years of experience. Speaks Hindi. Available to travel up to 33 km. Current rating is 4.35.,,2025-06-07
4435,4435,Experienced wall painting with 13 years of experience. Speaks Tamil. Available to travel up to 48 km. Current rating is 4.21.,,2025-11-29
4436,4436,Experienced wood polishing with 2 years of experience. Speaks Kannada. Available to travel up to 9 km. Current rating is 4.74.,,2025-03-10
4437,4437,Experienced water tank installation with 9 years of experience. Speaks Malayalam. Available to travel up to 42 km. Current rating is 4.22.,,2025-08-07
4438,4438,Experienced electrician with 13 years of experience. Speaks Tamil. Available to travel up to 5 km. Current rating is 4.14.,,2025-07-26
4439,4439,Experienced house cleaning with 5 years of experience. Speaks Tamil. Available to travel up to 34 km. Current rating is 4.35.,,2025-12-27
4440,4440,Experienced tree trimming with 7 years of experience. Speaks Tamil. Available to travel up to 22 km. Current rating is 3.74.,,2025-10-21
4441,4441,Experienced makeup artist with 5 years of experience. Speaks Hindi. Available to travel up to 40 km. Current rating is 4.19.,,2025-10-23
4442,4442,Experienced microwave repair with 1 years of experience. Speaks Telugu. Available to travel up to 5 km. Current rating is 4.89.,,2025-10-26
4443,4443,Experienced microwave repair with 8 years of experience. Speaks Kannada. Available to travel up to 45 km. Current rating is 4.77.,,2025-06-15
4444,4444,Experienced bathroom cleaning with 18 years of experience. Speaks Tamil. Available to travel up to 7 km. Current rating is 3.97.,,2025-08-18
4445,4445,Experienced tile installation with 6 years of experience. Speaks Hindi. Available to travel up to 32 km. Current rating is 4.79.,,2025-01-01
4446,4446,Experienced alteration with 8 years of experience. Speaks English. Available to travel up to 22 km. Current rating is 4.89.,,2025-03-18
4447,4447,Experienced leak detection with 12 years of experience. Speaks Tamil. Available to travel up to 38 km. Current rating is 3.64.,,2025-04-25
4448,4448,Experienced electrician with 8 years of experience. Speaks Telugu. Available to travel up to 50 km. Current rating is 4.43.,,2025-11-02
4449,4449,Experienced leak detection with 3 years of experience. Speaks Tamil. Available to travel up to 18 km. Current rating is 4.69.,,2025-11-21
4450,4450,Experienced mason with 0 years of experience. Speaks Tamil. Available to travel up to 11 km. Current rating is 3.69.,,2025-10-28
4451,4451,Experienced microwave repair with 11 years of experience. Speaks Kannada. Available to travel up to 16 km. Current rating is 4.2.,,2025-10-17
4452,4452,Experienced plumber with 13 years of experience. Speaks Tamil. Available to travel up to 43 km. Current rating is 3.7.,,2025-08-08
4453,4453,Experienced hair stylist with 20 years of experience. Speaks English. Available to travel up to 18 km. Current rating is 4.63.,,2025-06-11
4454,4454,Experienced furniture assembly with 13 years of experience. Speaks Telugu. Available to travel up to 22 km. Current rating is 4.31.,,2025-06-09
4455,4455,Experienced exterior painting with 3 years of experience. Speaks Malayalam. Available to travel up to 16 km. Current rating is 3.76.,,2025-08-26
4456,4456,Experienced light installation with 6 years of experience. Speaks Telugu. Available to travel up to 49 km. Current rating is 4.26.,,2025-09-03
4457,4457,Experienced brick work with 6 years of experience. Speaks Telugu. Available to travel up to 48 km. Current rating is 4.37.,,2025-08-18
4458,4458,Experienced wall painting with 5 years of experience. Speaks Hindi. Available to travel up to 10 km. Current rating is 4.16.,,2025-06-06
4459,4459,Experienced brick work with 4 years of experience. Speaks Tamil. Available to travel up to 20 km. Current rating is 3.8.,,2025-01-09
4460,4460,Experienced tv repair with 18 years of experience. Speaks English. Available to travel up to 9 km. Current rating is 4.23.,,2025-02-28
4461,4461,Experienced electrician with 19 years of experience. Speaks Kannada. Available to travel up to 21 km. Current rating is 4.99.,,2025-10-31
4462,4462,Experienced security guard with 9 years of experience. Speaks English. Available to travel up to 41 km. Current rating is 3.6.,,2025-12-22
4463,4463,Experienced electrician with 12 years of experience. Speaks Hindi. Available to travel up to 35 km. Current rating is 4.56.,,2025-11-10
4464,4464,Experienced mason with 8 years of experience. Speaks Telugu. Available to travel up to 28 km. Current rating is 4.77.,,2025-06-17
4465,4465,Experienced tv repair with 6 years of experience. Speaks Hindi. Available to travel up to 8 km. Current rating is 3.63.,,2025-11-24
4466,4466,Experienced house cleaning with 1 years of experience. Speaks Hindi. Available to travel up to 15 km. Current rating is 3.61.,,2025-03-06
4467,4467,Experienced house cleaning with 8 years of experience. Speaks Telugu. Available to travel up to 9 km. Current rating is 4.03.,,2025-10-30
4468,4468,Experienced ac installation with 5 years of experience. Speaks Kannada. Available to travel up to 9 km. Current rating is 4.79.,,2025-04-17
4469,4469,Experienced ac installation with 17 years of experience. Speaks Hindi. Available to travel up to 26 km. Current rating is 4.08.,,2025-11-29
4470,4470,Experienced ac installation with 16 years of experience. Speaks Malayalam. Available to travel up to 41 km. Current rating is 3.78.,,2025-10-14
4471,4471,Experienced pipe repair with 15 years of experience. Speaks Tamil. Available to travel up to 8 km. Current rating is 3.6.,,2025-05-13
4472,4472,Experienced concrete work with 16 years of experience. Speaks Kannada. Available to travel up to 19 km. Current rating is 4.14.,,2025-06-27
4473,4473,Experienced ac repair with 5 years of experience. Speaks Malayalam. Available to travel up to 45 km. Current rating is 4.39.,,2025-12-05
4474,4474,Experienced tile installation with 15 years of experience. Speaks Telugu. Available to travel up to 17 km. Current rating is 4.57.,,2025-07-14
4475,4475,Experienced washing machine repair with 13 years of experience. Speaks English. Available to travel up to 28 km. Current rating is 4.99.,,2025-07-12
4476,4476,Experienced makeup artist with 6 years of experience. Speaks Telugu. Available to travel up to 8 km. Current rating is 4.25.,,2025-09-19
4477,4477,Experienced switch repair with 16 years of experience. Speaks Malayalam. Available to travel up to 25 km. Current rating is 4.49.,,2025-06-19
4478,4478,Experienced beautician with 16 years of experience. Speaks Tamil. Available to travel up to 15 km. Current rating is 4.57.,,2025-07-07
4479,4479,Experienced gardener with 20 years of experience. Speaks Telugu. Available to travel up to 6 km. Current rating is 3.64.,,2025-10-09
4480,4480,Experienced wood polishing with 0 years of experience. Speaks Hindi. Available to travel up to 28 km. Current rating is 4.67.,,2025-09-04
4481,4481,Experienced mason with 19 years of experience. Speaks Tamil. Available to travel up to 14 km. Current rating is 3.56.,,2025-04-08
4482,4482,Experienced fan installation with 10 years of experience. Speaks Hindi. Available to travel up to 24 km. Current rating is 4.06.,,2025-09-27
4483,4483,Experienced concrete work with 20 years of experience. Speaks Tamil. Available to travel up to 41 km. Current rating is 4.68.,,2025-04-23
4484,4484,Experienced bathroom cleaning with 1 years of experience. Speaks Kannada. Available to travel up to 41 km. Current rating is 4.66.,,2025-12-01
4485,4485,Experienced plumber with 19 years of experience. Speaks Hindi. Available to travel up to 28 km. Current rating is 4.5.,,2025-01-13
4486,4486,Experienced door repair with 16 years of experience. Speaks Hindi. Available to travel up to 32 km. Current rating is 4.01.,,2025-02-22
4487,4487,Experienced door repair with 17 years of experience. Speaks Telugu. Available to travel up to 41 km. Current rating is 4.26.,,2025-04-09
4488,4488,Experienced leak detection with 6 years of experience. Speaks Malayalam. Available to travel up to 21 km. Current rating is 4.15.,,2025-02-25
4489,4489,Experienced bathroom cleaning with 10 years of experience. Speaks Telugu. Available to travel up to 42 km. Current rating is 3.76.,,2025-08-30
4490,4490,Experienced hair stylist with 18 years of experience. Speaks English. Available to travel up to 7 km. Current rating is 3.88.,,2025-10-06
4491,4491,Experienced bathroom fitting with 7 years of experience. Speaks English. Available to travel up to 32 km. Current rating is 3.98.,,2025-09-14
4492,4492,Experienced mason with 1 years of experience. Speaks Telugu. Available to travel up to 39 km. Current rating is 3.6.,,2025-11-17
4493,4493,Experienced door repair with 3 years of experience. Speaks Telugu. Available to travel up to 24 km. Current rating is 4.54.,,2025-07-02
4494,4494,Experienced house cleaning with 15 years of experience. Speaks Malayalam. Available to travel up to 12 km. Current rating is 4.66.,,2025-05-29
4495,4495,Experienced door repair with 17 years of experience. Speaks Hindi. Available to travel up to 13 km. Current rating is 3.78.,,2025-09-24
4496,4496,Experienced security guard with 20 years of experience. Speaks Telugu. Available to travel up to 40 km. Current rating is 3.72.,,2025-10-22
4497,4497,Experienced wood polishing with 15 years of experience. Speaks Kannada. Available to travel up to 23 km. Current rating is 4.64.,,2025-11-09
4498,4498,Experienced interior painting with 18 years of experience. Speaks Hindi. Available to travel up to 20 km. Current rating is 3.61.,,2025-01-06
4499,4499,Experienced concrete work with 20 years of experience. Speaks Hindi. Available to travel up to 40 km. Current rating is 4.59.,,2025-07-07
4500,4500,Experienced refrigerator repair with 16 years of experience. Speaks Malayalam. Available to travel up to 21 km. Current rating is 4.36.,,2025-07-25
4501,4501,Experienced switch repair with 1 years of experience. Speaks English. Available to travel up to 27 km. Current rating is 4.56.,,2025-06-11
4502,4502,Experienced tile installation with 7 years of experience. Speaks Kannada. Available to travel up to 9 km. Current rating is 4.31.,,2025-11-13
4503,4503,Experienced gardener with 9 years of experience. Speaks Malayalam. Available to travel up to 28 km. Current rating is 3.83.,,2025-08-18
4504,4504,Experienced carpenter with 11 years of experience. Speaks Kannada. Available to travel up to 28 km. Current rating is 4.84.,,2025-07-27
4505,4505,Experienced packers with 8 years of experience. Speaks Hindi. Available to travel up to 17 km. Current rating is 4.5.,,2025-11-08
4506,4506,Experienced ac technician with 6 years of experience. Speaks Telugu. Available to travel up to 47 km. Current rating is 3.65.,,2025-06-27
4507,4507,Experienced leak detection with 3 years of experience. Speaks Malayalam. Available to travel up to 5 km. Current rating is 3.52.,,2025-03-20
4508,4508,Experienced security guard with 7 years of experience. Speaks English. Available to travel up to 37 km. Current rating is 4.21.,,2025-08-27
4509,4509,Experienced furniture assembly with 17 years of experience. Speaks Kannada. Available to travel up to 16 km. Current rating is 3.75.,,2025-10-21
4510,4510,Experienced alteration with 13 years of experience. Speaks Telugu. Available to travel up to 7 km. Current rating is 4.47.,,2025-07-06
4511,4511,Experienced light installation with 9 years of experience. Speaks English. Available to travel up to 44 km. Current rating is 3.84.,,2025-02-26
4512,4512,Experienced ac installation with 13 years of experience. Speaks Kannada. Available to travel up to 13 km. Current rating is 3.67.,,2025-12-24
4513,4513,Experienced gardener with 20 years of experience. Speaks Tamil. Available to travel up to 12 km. Current rating is 4.27.,,2025-07-25
4514,4514,Experienced mason with 14 years of experience. Speaks English. Available to travel up to 32 km. Current rating is 3.72.,,2025-01-25
4515,4515,Experienced ac repair with 15 years of experience. Speaks Telugu. Available to travel up to 17 km. Current rating is 3.7.,,2025-11-01
4516,4516,Experienced exterior painting with 4 years of experience. Speaks Telugu. Available to travel up to 28 km. Current rating is 4.18.,,2025-11-30
4517,4517,Experienced switch repair with 16 years of experience. Speaks Kannada. Available to travel up to 16 km. Current rating is 3.67.,,2025-09-06
4518,4518,Experienced lawn maintenance with 9 years of experience. Speaks Hindi. Available to travel up to 24 km. Current rating is 3.95.,,2025-06-15
4519,4519,Experienced electrician with 12 years of experience. Speaks Hindi. Available to travel up to 27 km. Current rating is 3.81.,,2025-10-14
4520,4520,Experienced interior painting with 12 years of experience. Speaks Telugu. Available to travel up to 30 km. Current rating is 3.76.,,2025-05-25
4521,4521,Experienced door repair with 11 years of experience. Speaks Hindi. Available to travel up to 9 km. Current rating is 4.0.,,2025-06-21
4522,4522,Experienced driver with 20 years of experience. Speaks English. Available to travel up to 41 km. Current rating is 3.52.,,2025-12-22
4523,4523,Experienced concrete work with 15 years of experience. Speaks Malayalam. Available to travel up to 14 km. Current rating is 4.63.,,2025-05-16
4524,4524,Experienced wood polishing with 10 years of experience. Speaks Tamil. Available to travel up to 26 km. Current rating is 3.51.,,2025-04-15
4525,4525,Experienced pipe repair with 11 years of experience. Speaks Kannada. Available to travel up to 31 km. Current rating is 4.01.,,2025-09-19
4526,4526,Experienced cloth stitching with 16 years of experience. Speaks Tamil. Available to travel up to 26 km. Current rating is 4.34.,,2025-09-02
4527,4527,Experienced alteration with 6 years of experience. Speaks Tamil. Available to travel up to 27 km. Current rating is 4.37.,,2025-03-24
4528,4528,Experienced driver with 8 years of experience. Speaks Kannada. Available to travel up to 17 km. Current rating is 4.16.,,2025-11-07
4529,4529,Experienced electrician with 7 years of experience. Speaks Telugu. Available to travel up to 30 km. Current rating is 3.96.,,2025-11-16
4530,4530,Experienced makeup artist with 11 years of experience. Speaks English. Available to travel up to 47 km. Current rating is 3.65.,,2025-12-05
4531,4531,Experienced tile installation with 5 years of experience. Speaks Telugu. Available to travel up to 39 km. Current rating is 4.74.,,2025-06-02
4532,4532,Experienced interior painting with 2 years of experience. Speaks English. Available to travel up to 19 km. Current rating is 4.53.,,2025-04-30
4533,4533,Experienced bathroom cleaning with 14 years of experience. Speaks Malayalam. Available to travel up to 18 km. Current rating is 3.75.,,2025-09-30
4534,4534,Experienced beautician with 19 years of experience. Speaks Telugu. Available to travel up to 41 km. Current rating is 4.13.,,2025-08-18
4535,4535,Experienced tailor with 2 years of experience. Speaks Tamil. Available to travel up to 41 km. Current rating is 4.1.,,2025-12-30
4536,4536,Experienced security guard with 11 years of experience. Speaks English. Available to travel up to 8 km. Current rating is 3.65.,,2025-01-06
4537,4537,Experienced concrete work with 0 years of experience. Speaks Tamil. Available to travel up to 49 km. Current rating is 4.11.,,2025-01-08
4538,4538,Experienced tree trimming with 20 years of experience. Speaks Tamil. Available to travel up to 8 km. Current rating is 4.77.,,2025-02-05
4539,4539,Experienced beautician with 2 years of experience. Speaks Tamil. Available to travel up to 36 km. Current rating is 4.37.,,2025-04-11
4540,4540,Experienced refrigerator repair with 5 years of experience. Speaks Tamil. Available to travel up to 30 km. Current rating is 4.4.,,2025-01-24
4541,4541,Experienced exterior painting with 9 years of experience. Speaks Malayalam. Available to travel up to 14 km. Current rating is 3.87.,,2025-05-04
4542,4542,Experienced ac repair with 9 years of experience. Speaks Malayalam. Available to travel up to 29 km. Current rating is 4.73.,,2025-02-19
4543,4543,Experienced ac repair with 14 years of experience. Speaks Kannada. Available to travel up to 16 km. Current rating is 3.57.,,2025-05-09
4544,4544,Experienced tile installation with 1 years of experience. Speaks Kannada. Available to travel up to 48 km. Current rating is 4.74.,,2025-09-01
4545,4545,Experienced cloth stitching with 4 years of experience. Speaks Kannada. Available to travel up to 45 km. Current rating is 4.94.,,2025-05-25
4546,4546,Experienced leak detection with 15 years of experience. Speaks Kannada. Available to travel up to 47 km. Current rating is 4.7.,,2025-04-29
4547,4547,Experienced tree trimming with 14 years of experience. Speaks Malayalam. Available to travel up to 10 km. Current rating is 3.89.,,2025-03-25
4548,4548,Experienced bathroom fitting with 13 years of experience. Speaks Hindi. Available to travel up to 35 km. Current rating is 4.48.,,2025-05-18
4549,4549,Experienced cloth stitching with 10 years of experience. Speaks Telugu. Available to travel up to 46 km. Current rating is 3.9.,,2025-01-16
4550,4550,Experienced driver with 4 years of experience. Speaks Kannada. Available to travel up to 29 km. Current rating is 3.92.,,2025-10-25
4551,4551,Experienced catering with 19 years of experience. Speaks Hindi. Available to travel up to 50 km. Current rating is 4.73.,,2025-01-01
4552,4552,Experienced exterior painting with 13 years of experience. Speaks Hindi. Available to travel up to 25 km. Current rating is 4.23.,,2025-06-24
4553,4553,Experienced switch repair with 17 years of experience. Speaks Telugu. Available to travel up to 47 km. Current rating is 3.94.,,2025-06-05
4554,4554,Experienced brick work with 11 years of experience. Speaks Kannada. Available to travel up to 25 km. Current rating is 4.11.,,2025-07-30
4555,4555,Experienced tailor with 17 years of experience. Speaks Hindi. Available to travel up to 32 km. Current rating is 4.18.,,2025-03-14
4556,4556,Experienced cook with 17 years of experience. Speaks Telugu. Available to travel up to 11 km. Current rating is 3.75.,,2025-11-26
4557,4557,Experienced carpenter with 5 years of experience. Speaks Tamil. Available to travel up to 40 km. Current rating is 4.03.,,2025-01-06
4558,4558,Experienced leak detection with 4 years of experience. Speaks Telugu. Available to travel up to 10 km. Current rating is 4.94.,,2025-04-14
4559,4559,Experienced switch repair with 8 years of experience. Speaks Kannada. Available to travel up to 36 km. Current rating is 4.42.,,2025-05-12
4560,4560,Experienced hair stylist with 4 years of experience. Speaks English. Available to travel up to 27 km. Current rating is 4.97.,,2025-02-20
4561,4561,Experienced catering with 16 years of experience. Speaks English. Available to travel up to 15 km. Current rating is 3.57.,,2025-04-17
4562,4562,Experienced house wiring with 18 years of experience. Speaks Malayalam. Available to travel up to 20 km. Current rating is 3.75.,,2025-05-11
4563,4563,Experienced cloth stitching with 6 years of experience. Speaks Hindi. Available to travel up to 25 km. Current rating is 4.04.,,2025-04-25
4564,4564,Experienced tile installation with 13 years of experience. Speaks English. Available to travel up to 11 km. Current rating is 3.69.,,2025-06-22
4565,4565,Experienced ac technician with 3 years of experience. Speaks Hindi. Available to travel up to 12 km. Current rating is 4.79.,,2025-01-07
4566,4566,Experienced pipe repair with 7 years of experience. Speaks Telugu. Available to travel up to 9 km. Current rating is 3.77.,,2025-07-26
4567,4567,Experienced tree trimming with 16 years of experience. Speaks Malayalam. Available to travel up to 11 km. Current rating is 4.01.,,2025-09-28
4568,4568,Experienced tile installation with 13 years of experience. Speaks Kannada. Available to travel up to 11 km. Current rating is 4.95.,,2025-05-31
4569,4569,Experienced hair stylist with 1 years of experience. Speaks Malayalam. Available to travel up to 28 km. Current rating is 4.66.,,2025-12-07
4570,4570,Experienced fan installation with 13 years of experience. Speaks Kannada. Available to travel up to 14 km. Current rating is 4.03.,,2025-10-07
4571,4571,Experienced painter with 1 years of experience. Speaks Malayalam. Available to travel up to 45 km. Current rating is 4.34.,,2025-08-23
4572,4572,Experienced wall painting with 9 years of experience. Speaks Kannada. Available to travel up to 31 km. Current rating is 4.19.,,2025-03-19
4573,4573,Experienced concrete work with 8 years of experience. Speaks Tamil. Available to travel up to 31 km. Current rating is 4.47.,,2025-10-11
4574,4574,Experienced deep cleaning with 13 years of experience. Speaks Kannada. Available to travel up to 12 km. Current rating is 4.85.,,2025-06-03
4575,4575,Experienced cook with 15 years of experience. Speaks Kannada. Available to travel up to 12 km. Current rating is 4.49.,,2025-11-29
4576,4576,Experienced door repair with 18 years of experience. Speaks Hindi. Available to travel up to 6 km. Current rating is 3.95.,,2025-01-30
4577,4577,Experienced exterior painting with 8 years of experience. Speaks Telugu. Available to travel up to 50 km. Current rating is 3.62.,,2025-06-08
4578,4578,Experienced interior painting with 15 years of experience. Speaks Malayalam. Available to travel up to 24 km. Current rating is 4.9.,,2025-01-21
4579,4579,Experienced fan installation with 2 years of experience. Speaks Hindi. Available to travel up to 8 km. Current rating is 4.94.,,2025-02-08
4580,4580,Experienced brick work with 8 years of experience. Speaks Malayalam. Available to travel up to 44 km. Current rating is 3.79.,,2025-05-26
4581,4581,Experienced exterior painting with 5 years of experience. Speaks Telugu. Available to travel up to 44 km. Current rating is 4.31.,,2025-11-10
4582,4582,Experienced gardener with 8 years of experience. Speaks Tamil. Available to travel up to 6 km. Current rating is 4.16.,,2025-06-02
4583,4583,Experienced beautician with 6 years of experience. Speaks Hindi. Available to travel up to 19 km. Current rating is 4.1.,,2025-06-29
4584,4584,Experienced tree trimming with 7 years of experience. Speaks English. Available to travel up to 23 km. Current rating is 4.08.,,2025-11-04
4585,4585,Experienced movers with 12 years of experience. Speaks English. Available to travel up to 42 km. Current rating is 4.47.,,2025-11-09
4586,4586,Experienced kitchen cleaning with 12 years of experience. Speaks English. Available to travel up to 13 km. Current rating is 4.34.,,2025-01-20
4587,4587,Experienced exterior painting with 1 years of experience. Speaks Telugu. Available to travel up to 44 km. Current rating is 3.5.,,2025-05-13
4588,4588,Experienced water tank installation with 20 years of experience. Speaks English. Available to travel up to 28 km. Current rating is 3.84.,,2025-07-29
4589,4589,Experienced gardener with 9 years of experience. Speaks Telugu. Available to travel up to 16 km. Current rating is 3.91.,,2025-09-02
4590,4590,Experienced lawn maintenance with 6 years of experience. Speaks Tamil. Available to travel up to 31 km. Current rating is 4.72.,,2025-04-01
4591,4591,Experienced painter with 8 years of experience. Speaks Kannada. Available to travel up to 17 km. Current rating is 4.84.,,2025-06-22
4592,4592,Experienced kitchen cleaning with 4 years of experience. Speaks Telugu. Available to travel up to 26 km. Current rating is 4.17.,,2025-10-11
4593,4593,Experienced makeup artist with 12 years of experience. Speaks English. Available to travel up to 23 km. Current rating is 4.48.,,2025-10-02
4594,4594,Experienced light installation with 13 years of experience. Speaks Hindi. Available to travel up to 28 km. Current rating is 4.39.,,2025-08-26
4595,4595,Experienced carpenter with 20 years of experience. Speaks English. Available to travel up to 50 km. Current rating is 4.88.,,2025-01-19
4596,4596,Experienced driver with 8 years of experience. Speaks English. Available to travel up to 32 km. Current rating is 4.38.,,2025-03-12
4597,4597,Experienced movers with 20 years of experience. Speaks Malayalam. Available to travel up to 44 km. Current rating is 4.93.,,2025-05-16
4598,4598,Experienced painter with 7 years of experience. Speaks Tamil. Available to travel up to 44 km. Current rating is 4.99.,,2025-02-14
4599,4599,Experienced interior painting with 7 years of experience. Speaks Hindi. Available to travel up to 43 km. Current rating is 4.54.,,2025-01-02
4600,4600,Experienced painter with 0 years of experience. Speaks Hindi. Available to travel up to 22 km. Current rating is 4.15.,,2025-05-22
4601,4601,Experienced leak detection with 11 years of experience. Speaks English. Available to travel up to 14 km. Current rating is 3.66.,,2025-04-04
4602,4602,Experienced electrician with 7 years of experience. Speaks Telugu. Available to travel up to 7 km. Current rating is 3.79.,,2025-02-16
4603,4603,Experienced washing machine repair with 4 years of experience. Speaks Telugu. Available to travel up to 19 km. Current rating is 4.11.,,2025-05-22
4604,4604,Experienced mason with 11 years of experience. Speaks Tamil. Available to travel up to 29 km. Current rating is 4.84.,,2025-06-07
4605,4605,Experienced electrician with 11 years of experience. Speaks Tamil. Available to travel up to 13 km. Current rating is 4.66.,,2025-09-03
4606,4606,Experienced cloth stitching with 20 years of experience. Speaks English. Available to travel up to 47 km. Current rating is 4.14.,,2025-12-20
4607,4607,Experienced kitchen cleaning with 16 years of experience. Speaks Tamil. Available to travel up to 37 km. Current rating is 3.57.,,2025-04-06
4608,4608,Experienced tv repair with 2 years of experience. Speaks Hindi. Available to travel up to 14 km. Current rating is 4.84.,,2025-12-22
4609,4609,Experienced pipe repair with 1 years of experience. Speaks Malayalam. Available to travel up to 34 km. Current rating is 4.32.,,2025-06-03
4610,4610,Experienced packers with 17 years of experience. Speaks Malayalam. Available to travel up to 48 km. Current rating is 4.98.,,2025-03-12
4611,4611,Experienced carpenter with 13 years of experience. Speaks Hindi. Available to travel up to 38 km. Current rating is 3.83.,,2025-12-12
4612,4612,Experienced house wiring with 1 years of experience. Speaks Kannada. Available to travel up to 9 km. Current rating is 4.2.,,2025-10-13
4613,4613,Experienced brick work with 6 years of experience. Speaks Malayalam. Available to travel up to 20 km. Current rating is 3.66.,,2025-03-24
4614,4614,Experienced tree trimming with 6 years of experience. Speaks English. Available to travel up to 35 km. Current rating is 3.8.,,2025-07-25
4615,4615,Experienced bathroom cleaning with 15 years of experience. Speaks Malayalam. Available to travel up to 12 km. Current rating is 3.9.,,2025-11-19
4616,4616,Experienced water tank installation with 14 years of experience. Speaks Malayalam. Available to travel up to 14 km. Current rating is 4.14.,,2025-12-13
4617,4617,Experienced leak detection with 7 years of experience. Speaks Malayalam. Available to travel up to 42 km. Current rating is 3.5.,,2026-01-01
4618,4618,Experienced painter with 3 years of experience. Speaks Hindi. Available to travel up to 33 km. Current rating is 4.37.,,2025-01-22
4619,4619,Experienced concrete work with 11 years of experience. Speaks Malayalam. Available to travel up to 5 km. Current rating is 3.95.,,2025-05-21
4620,4620,Experienced refrigerator repair with 2 years of experience. Speaks Hindi. Available to travel up to 11 km. Current rating is 3.96.,,2025-03-02
4621,4621,Experienced ac technician with 10 years of experience. Speaks English. Available to travel up to 19 km. Current rating is 4.74.,,2025-12-03
4622,4622,Experienced catering with 20 years of experience. Speaks Telugu. Available to travel up to 24 km. Current rating is 4.61.,,2025-11-18
4623,4623,Experienced cloth stitching with 4 years of experience. Speaks Kannada. Available to travel up to 5 km. Current rating is 3.8.,,2025-12-16
4624,4624,Experienced catering with 4 years of experience. Speaks Telugu. Available to travel up to 42 km. Current rating is 3.65.,,2025-11-28
4625,4625,Experienced ac installation with 5 years of experience. Speaks Hindi. Available to travel up to 13 km. Current rating is 4.51.,,2025-07-04
4626,4626,Experienced microwave repair with 6 years of experience. Speaks English. Available to travel up to 24 km. Current rating is 3.52.,,2025-05-22
4627,4627,Experienced lawn maintenance with 20 years of experience. Speaks Kannada. Available to travel up to 7 km. Current rating is 4.42.,,2025-07-08
4628,4628,Experienced driver with 14 years of experience. Speaks Telugu. Available to travel up to 26 km. Current rating is 4.49.,,2025-08-28
4629,4629,Experienced switch repair with 9 years of experience. Speaks Hindi. Available to travel up to 44 km. Current rating is 3.73.,,2025-11-07
4630,4630,Experienced house cleaning with 0 years of experience. Speaks Malayalam. Available to travel up to 40 km. Current rating is 3.66.,,2025-11-28
4631,4631,Experienced washing machine repair with 4 years of experience. Speaks Tamil. Available to travel up to 40 km. Current rating is 3.73.,,2025-05-13
4632,4632,Experienced house wiring with 2 years of experience. Speaks Hindi. Available to travel up to 12 km. Current rating is 4.17.,,2025-09-08
4633,4633,Experienced wall painting with 20 years of experience. Speaks Tamil. Available to travel up to 29 km. Current rating is 4.67.,,2025-09-30
4634,4634,Experienced exterior painting with 14 years of experience. Speaks Hindi. Available to travel up to 34 km. Current rating is 4.39.,,2025-11-25
4635,4635,Experienced electrician with 5 years of experience. Speaks Hindi. Available to travel up to 20 km. Current rating is 4.96.,,2025-01-03
4636,4636,Experienced driver with 3 years of experience. Speaks Kannada. Available to travel up to 42 km. Current rating is 3.87.,,2025-09-18
4637,4637,Experienced ac repair with 12 years of experience. Speaks Malayalam. Available to travel up to 38 km. Current rating is 4.23.,,2025-06-05
4638,4638,Experienced mason with 20 years of experience. Speaks English. Available to travel up to 44 km. Current rating is 4.84.,,2025-02-19
4639,4639,Experienced cloth stitching with 20 years of experience. Speaks Telugu. Available to travel up to 13 km. Current rating is 4.21.,,2025-01-30
4640,4640,Experienced ac technician with 16 years of experience. Speaks English. Available to travel up to 11 km. Current rating is 4.33.,,2025-03-20
4641,4641,Experienced hair stylist with 20 years of experience. Speaks English. Available to travel up to 45 km. Current rating is 4.99.,,2025-05-22
4642,4642,Experienced house wiring with 13 years of experience. Speaks Tamil. Available to travel up to 30 km. Current rating is 4.13.,,2025-11-09
4643,4643,Experienced refrigerator repair with 8 years of experience. Speaks English. Available to travel up to 9 km. Current rating is 4.91.,,2025-12-13
4644,4644,Experienced interior painting with 14 years of experience. Speaks Hindi. Available to travel up to 25 km. Current rating is 4.78.,,2026-01-01
4645,4645,Experienced refrigerator repair with 2 years of experience. Speaks Telugu. Available to travel up to 32 km. Current rating is 4.54.,,2025-05-05
4646,4646,Experienced washing machine repair with 4 years of experience. Speaks Kannada. Available to travel up to 15 km. Current rating is 4.77.,,2025-07-11
4647,4647,Experienced hair stylist with 0 years of experience. Speaks Tamil. Available to travel up to 19 km. Current rating is 3.56.,,2025-02-26
4648,4648,Experienced washing machine repair with 4 years of experience. Speaks Malayalam. Available to travel up to 43 km. Current rating is 4.19.,,2025-01-31
4649,4649,Experienced washing machine repair with 6 years of experience. Speaks Hindi. Available to travel up to 26 km. Current rating is 4.14.,,2025-07-17
4650,4650,Experienced washing machine repair with 8 years of experience. Speaks Malayalam. Available to travel up to 37 km. Current rating is 3.71.,,2025-11-21
4651,4651,Experienced pipe repair with 7 years of experience. Speaks Hindi. Available to travel up to 10 km. Current rating is 4.78.,,2025-06-09
4652,4652,Experienced house wiring with 4 years of experience. Speaks Kannada. Available to travel up to 45 km. Current rating is 3.97.,,2025-06-12
4653,4653,Experienced wood polishing with 15 years of experience. Speaks Telugu. Available to travel up to 37 km. Current rating is 3.96.,,2025-11-11
4654,4654,Experienced ac technician with 4 years of experience. Speaks Tamil. Available to travel up to 48 km. Current rating is 4.02.,,2025-03-30
4655,4655,Experienced makeup artist with 1 years of experience. Speaks English. Available to travel up to 25 km. Current rating is 3.72.,,2025-12-08
4656,4656,Experienced light installation with 14 years of experience. Speaks Hindi. Available to travel up to 8 km. Current rating is 4.06.,,2025-04-20
4657,4657,Experienced packers with 4 years of experience. Speaks English. Available to travel up to 25 km. Current rating is 3.78.,,2025-10-09
4658,4658,Experienced tree trimming with 7 years of experience. Speaks Tamil. Available to travel up to 48 km. Current rating is 4.69.,,2025-03-30
4659,4659,Experienced refrigerator repair with 6 years of experience. Speaks Tamil. Available to travel up to 26 km. Current rating is 3.74.,,2025-06-07
4660,4660,Experienced microwave repair with 8 years of experience. Speaks Hindi. Available to travel up to 15 km. Current rating is 4.47.,,2025-11-30
4661,4661,Experienced gardener with 1 years of experience. Speaks English. Available to travel up to 35 km. Current rating is 4.34.,,2025-02-01
4662,4662,Experienced packers with 20 years of experience. Speaks Hindi. Available to travel up to 23 km. Current rating is 4.62.,,2025-10-24
4663,4663,Experienced ac repair with 9 years of experience. Speaks Kannada. Available to travel up to 40 km. Current rating is 4.97.,,2025-05-02
4664,4664,Experienced wood polishing with 3 years of experience. Speaks Malayalam. Available to travel up to 14 km. Current rating is 4.92.,,2025-11-03
4665,4665,Experienced switch repair with 11 years of experience. Speaks Kannada. Available to travel up to 31 km. Current rating is 3.53.,,2025-08-31
4666,4666,Experienced alteration with 14 years of experience. Speaks English. Available to travel up to 21 km. Current rating is 4.11.,,2025-08-03
4667,4667,Experienced tree trimming with 16 years of experience. Speaks Telugu. Available to travel up to 13 km. Current rating is 4.98.,,2025-05-24
4668,4668,Experienced carpenter with 6 years of experience. Speaks Telugu. Available to travel up to 38 km. Current rating is 4.57.,,2025-09-26
4669,4669,Experienced beautician with 5 years of experience. Speaks Hindi. Available to travel up to 36 km. Current rating is 4.36.,,2025-04-01
4670,4670,Experienced switch repair with 5 years of experience. Speaks Malayalam. Available to travel up to 8 km. Current rating is 4.38.,,2025-05-10
4671,4671,Experienced brick work with 3 years of experience. Speaks Tamil. Available to travel up to 32 km. Current rating is 4.06.,,2025-04-07
4672,4672,Experienced bathroom cleaning with 14 years of experience. Speaks English. Available to travel up to 26 km. Current rating is 3.57.,,2025-01-28
4673,4673,Experienced furniture assembly with 7 years of experience. Speaks Telugu. Available to travel up to 21 km. Current rating is 3.58.,,2025-08-26
4674,4674,Experienced packers with 8 years of experience. Speaks Tamil. Available to travel up to 6 km. Current rating is 4.83.,,2025-05-03
4675,4675,Experienced carpenter with 19 years of experience. Speaks Malayalam. Available to travel up to 11 km. Current rating is 4.18.,,2025-04-04
4676,4676,Experienced tile installation with 14 years of experience. Speaks Hindi. Available to travel up to 30 km. Current rating is 4.89.,,2025-09-04
4677,4677,Experienced cook with 8 years of experience. Speaks Malayalam. Available to travel up to 15 km. Current rating is 4.56.,,2025-06-24
4678,4678,Experienced cook with 20 years of experience. Speaks Tamil. Available to travel up to 29 km. Current rating is 3.63.,,2025-05-03
4679,4679,Experienced refrigerator repair with 1 years of experience. Speaks Hindi. Available to travel up to 38 km. Current rating is 4.12.,,2025-12-16
4680,4680,Experienced light installation with 4 years of experience. Speaks English. Available to travel up to 25 km. Current rating is 4.42.,,2025-05-04
4681,4681,Experienced furniture assembly with 5 years of experience. Speaks Hindi. Available to travel up to 20 km. Current rating is 4.94.,,2025-12-16
4682,4682,Experienced water tank installation with 5 years of experience. Speaks Malayalam. Available to travel up to 19 km. Current rating is 4.61.,,2025-10-12
4683,4683,Experienced house wiring with 10 years of experience. Speaks Telugu. Available to travel up to 7 km. Current rating is 4.95.,,2025-03-22
4684,4684,Experienced water tank installation with 18 years of experience. Speaks Hindi. Available to travel up to 32 km. Current rating is 3.55.,,2025-05-29
4685,4685,Experienced refrigerator repair with 8 years of experience. Speaks Tamil. Available to travel up to 32 km. Current rating is 3.84.,,2025-11-18
4686,4686,Experienced leak detection with 0 years of experience. Speaks Malayalam. Available to travel up to 25 km. Current rating is 4.19.,,2025-11-10
4687,4687,Experienced movers with 4 years of experience. Speaks Tamil. Available to travel up to 48 km. Current rating is 4.46.,,2025-09-12
4688,4688,Experienced wood polishing with 2 years of experience. Speaks Telugu. Available to travel up to 29 km. Current rating is 4.4.,,2025-03-10
4689,4689,Experienced leak detection with 20 years of experience. Speaks Malayalam. Available to travel up to 13 km. Current rating is 3.86.,,2025-12-20
4690,4690,Experienced house cleaning with 3 years of experience. Speaks Hindi. Available to travel up to 36 km. Current rating is 4.2.,,2025-12-16
4691,4691,Experienced switch repair with 5 years of experience. Speaks Telugu. Available to travel up to 8 km. Current rating is 3.65.,,2025-10-12
4692,4692,Experienced gardener with 9 years of experience. Speaks Telugu. Available to travel up to 35 km. Current rating is 4.98.,,2025-03-19
4693,4693,Experienced electrician with 5 years of experience. Speaks Hindi. Available to travel up to 22 km. Current rating is 4.78.,,2025-10-11
4694,4694,Experienced gardener with 14 years of experience. Speaks Kannada. Available to travel up to 13 km. Current rating is 4.39.,,2025-07-02
4695,4695,Experienced pipe repair with 6 years of experience. Speaks English. Available to travel up to 43 km. Current rating is 4.07.,,2025-06-24
4696,4696,Experienced alteration with 7 years of experience. Speaks Kannada. Available to travel up to 39 km. Current rating is 4.94.,,2025-11-28
4697,4697,Experienced cloth stitching with 20 years of experience. Speaks Kannada. Available to travel up to 43 km. Current rating is 3.6.,,2025-10-15
4698,4698,Experienced packers with 3 years of experience. Speaks Hindi. Available to travel up to 20 km. Current rating is 3.73.,,2025-04-10
4699,4699,Experienced beautician with 10 years of experience. Speaks Telugu. Available to travel up to 15 km. Current rating is 3.9.,,2025-11-24
4700,4700,Experienced cook with 15 years of experience. Speaks Hindi. Available to travel up to 14 km. Current rating is 4.32.,,2025-11-25
4701,4701,Experienced exterior painting with 3 years of experience. Speaks Telugu. Available to travel up to 47 km. Current rating is 4.95.,,2025-06-24
4702,4702,Experienced washing machine repair with 10 years of experience. Speaks Malayalam. Available to travel up to 45 km. Current rating is 4.24.,,2025-07-05
4703,4703,Experienced ac technician with 17 years of experience. Speaks Malayalam. Available to travel up to 26 km. Current rating is 4.25.,,2025-03-18
4704,4704,Experienced painter with 19 years of experience. Speaks Tamil. Available to travel up to 29 km. Current rating is 4.52.,,2025-11-10
4705,4705,Experienced wall painting with 18 years of experience. Speaks Tamil. Available to travel up to 11 km. Current rating is 4.84.,,2025-03-19
4706,4706,Experienced leak detection with 6 years of experience. Speaks Hindi. Available to travel up to 24 km. Current rating is 4.23.,,2025-08-27
4707,4707,Experienced painter with 2 years of experience. Speaks Malayalam. Available to travel up to 44 km. Current rating is 4.16.,,2025-10-28
4708,4708,Experienced cook with 9 years of experience. Speaks Hindi. Available to travel up to 10 km. Current rating is 4.25.,,2026-01-01
4709,4709,Experienced bathroom fitting with 12 years of experience. Speaks Tamil. Available to travel up to 48 km. Current rating is 3.66.,,2025-11-20
4710,4710,Experienced movers with 6 years of experience. Speaks English. Available to travel up to 11 km. Current rating is 4.61.,,2025-05-01
4711,4711,Experienced house wiring with 11 years of experience. Speaks Malayalam. Available to travel up to 47 km. Current rating is 4.12.,,2025-12-28
4712,4712,Experienced bathroom fitting with 8 years of experience. Speaks English. Available to travel up to 14 km. Current rating is 4.46.,,2025-02-16
4713,4713,Experienced mason with 4 years of experience. Speaks Tamil. Available to travel up to 11 km. Current rating is 4.26.,,2025-06-25
4714,4714,Experienced movers with 11 years of experience. Speaks Tamil. Available to travel up to 40 km. Current rating is 4.53.,,2025-10-21
4715,4715,Experienced painter with 6 years of experience. Speaks Hindi. Available to travel up to 18 km. Current rating is 4.21.,,2025-07-03
4716,4716,Experienced furniture assembly with 10 years of experience. Speaks Telugu. Available to travel up to 38 km. Current rating is 4.58.,,2025-03-30
4717,4717,Experienced pipe repair with 12 years of experience. Speaks Telugu. Available to travel up to 27 km. Current rating is 3.66.,,2025-06-21
4718,4718,Experienced ac installation with 15 years of experience. Speaks Telugu. Available to travel up to 6 km. Current rating is 4.51.,,2025-10-14
4719,4719,Experienced tree trimming with 2 years of experience. Speaks Kannada. Available to travel up to 48 km. Current rating is 4.38.,,2025-04-09
4720,4720,Experienced cloth stitching with 0 years of experience. Speaks Tamil. Available to travel up to 14 km. Current rating is 4.31.,,2025-03-02
4721,4721,Experienced hair stylist with 6 years of experience. Speaks Hindi. Available to travel up to 18 km. Current rating is 4.47.,,2025-12-29
4722,4722,Experienced leak detection with 12 years of experience. Speaks English. Available to travel up to 28 km. Current rating is 4.1.,,2025-08-23
4723,4723,Experienced leak detection with 12 years of experience. Speaks Tamil. Available to travel up to 30 km. Current rating is 3.94.,,2025-05-25
4724,4724,Experienced packers with 2 years of experience. Speaks English. Available to travel up to 11 km. Current rating is 4.75.,,2025-11-06
4725,4725,Experienced leak detection with 4 years of experience. Speaks Malayalam. Available to travel up to 26 km. Current rating is 4.22.,,2025-04-16
4726,4726,Experienced furniture assembly with 3 years of experience. Speaks Tamil. Available to travel up to 32 km. Current rating is 4.29.,,2025-06-03
4727,4727,Experienced painter with 9 years of experience. Speaks Kannada. Available to travel up to 39 km. Current rating is 4.24.,,2025-03-29
4728,4728,Experienced painter with 13 years of experience. Speaks Kannada. Available to travel up to 32 km. Current rating is 4.72.,,2025-06-23
4729,4729,Experienced bathroom fitting with 14 years of experience. Speaks Telugu. Available to travel up to 12 km. Current rating is 4.26.,,2025-05-20
4730,4730,Experienced leak detection with 0 years of experience. Speaks Kannada. Available to travel up to 36 km. Current rating is 4.41.,,2025-03-26
4731,4731,Experienced ac installation with 9 years of experience. Speaks Kannada. Available to travel up to 36 km. Current rating is 4.56.,,2025-06-01
4732,4732,Experienced furniture assembly with 20 years of experience. Speaks Hindi. Available to travel up to 44 km. Current rating is 4.22.,,2025-03-05
4733,4733,Experienced switch repair with 17 years of experience. Speaks English. Available to travel up to 44 km. Current rating is 4.95.,,2025-12-01
4734,4734,Experienced security guard with 16 years of experience. Speaks Kannada. Available to travel up to 43 km. Current rating is 4.41.,,2025-02-02
4735,4735,Experienced refrigerator repair with 1 years of experience. Speaks Malayalam. Available to travel up to 25 km. Current rating is 4.54.,,2025-09-08
4736,4736,Experienced concrete work with 20 years of experience. Speaks Tamil. Available to travel up to 34 km. Current rating is 3.94.,,2025-09-04
4737,4737,Experienced leak detection with 13 years of experience. Speaks Kannada. Available to travel up to 43 km. Current rating is 4.09.,,2025-06-12
4738,4738,Experienced lawn maintenance with 20 years of experience. Speaks Malayalam. Available to travel up to 28 km. Current rating is 4.14.,,2025-10-20
4739,4739,Experienced ac technician with 15 years of experience. Speaks Malayalam. Available to travel up to 10 km. Current rating is 3.59.,,2025-10-28
4740,4740,Experienced pipe repair with 3 years of experience. Speaks Telugu. Available to travel up to 30 km. Current rating is 4.49.,,2025-02-15
4741,4741,Experienced wood polishing with 0 years of experience. Speaks English. Available to travel up to 25 km. Current rating is 4.08.,,2025-08-05
4742,4742,Experienced ac installation with 14 years of experience. Speaks English. Available to travel up to 10 km. Current rating is 3.73.,,2025-12-29
4743,4743,Experienced washing machine repair with 20 years of experience. Speaks English. Available to travel up to 25 km. Current rating is 4.62.,,2025-04-08
4744,4744,Experienced security guard with 0 years of experience. Speaks Hindi. Available to travel up to 17 km. Current rating is 3.93.,,2025-11-14
4745,4745,Experienced ac technician with 17 years of experience. Speaks Tamil. Available to travel up to 38 km. Current rating is 4.01.,,2025-01-04
4746,4746,Experienced microwave repair with 11 years of experience. Speaks Telugu. Available to travel up to 31 km. Current rating is 4.24.,,2025-12-07
4747,4747,Experienced ac installation with 1 years of experience. Speaks English. Available to travel up to 34 km. Current rating is 4.56.,,2025-01-05
4748,4748,Experienced tailor with 16 years of experience. Speaks Hindi. Available to travel up to 16 km. Current rating is 4.17.,,2025-02-21
4749,4749,Experienced electrician with 3 years of experience. Speaks English. Available to travel up to 8 km. Current rating is 4.98.,,2025-02-22
4750,4750,Experienced movers with 10 years of experience. Speaks Telugu. Available to travel up to 14 km. Current rating is 4.57.,,2025-11-22
4751,4751,Experienced tv repair with 18 years of experience. Speaks Tamil. Available to travel up to 45 km. Current rating is 3.53.,,2025-09-02
4752,4752,Experienced bathroom cleaning with 15 years of experience. Speaks Kannada. Available to travel up to 7 km. Current rating is 4.28.,,2025-06-17
4753,4753,Experienced packers with 13 years of experience. Speaks Telugu. Available to travel up to 10 km. Current rating is 4.44.,,2025-08-06
4754,4754,Experienced exterior painting with 6 years of experience. Speaks Kannada. Available to travel up to 28 km. Current rating is 4.6.,,2025-02-20
4755,4755,Experienced concrete work with 14 years of experience. Speaks Hindi. Available to travel up to 9 km. Current rating is 4.93.,,2025-05-05
4756,4756,Experienced deep cleaning with 0 years of experience. Speaks Kannada. Available to travel up to 32 km. Current rating is 4.52.,,2025-02-28
4757,4757,Experienced furniture assembly with 8 years of experience. Speaks Telugu. Available to travel up to 31 km. Current rating is 3.59.,,2025-08-29
4758,4758,Experienced brick work with 19 years of experience. Speaks English. Available to travel up to 23 km. Current rating is 4.81.,,2025-04-17
4759,4759,Experienced tree trimming with 1 years of experience. Speaks English. Available to travel up to 41 km. Current rating is 4.68.,,2025-12-18
4760,4760,Experienced cloth stitching with 14 years of experience. Speaks Telugu. Available to travel up to 46 km. Current rating is 4.49.,,2025-05-02
4761,4761,Experienced microwave repair with 14 years of experience. Speaks Tamil. Available to travel up to 38 km. Current rating is 3.54.,,2025-03-15
4762,4762,Experienced makeup artist with 4 years of experience. Speaks Malayalam. Available to travel up to 23 km. Current rating is 3.57.,,2025-12-10
4763,4763,Experienced cook with 2 years of experience. Speaks Kannada. Available to travel up to 26 km. Current rating is 4.65.,,2025-06-08
4764,4764,Experienced ac technician with 19 years of experience. Speaks Hindi. Available to travel up to 40 km. Current rating is 4.04.,,2025-12-16
4765,4765,Experienced ac installation with 7 years of experience. Speaks Malayalam. Available to travel up to 43 km. Current rating is 4.51.,,2025-06-11
4766,4766,Experienced bathroom fitting with 16 years of experience. Speaks Malayalam. Available to travel up to 22 km. Current rating is 4.78.,,2025-07-08
4767,4767,Experienced deep cleaning with 20 years of experience. Speaks Hindi. Available to travel up to 26 km. Current rating is 4.58.,,2025-04-03
4768,4768,Experienced microwave repair with 4 years of experience. Speaks Tamil. Available to travel up to 15 km. Current rating is 3.58.,,2025-04-07
4769,4769,Experienced gardener with 11 years of experience. Speaks Malayalam. Available to travel up to 18 km. Current rating is 3.63.,,2025-04-21
4770,4770,Experienced refrigerator repair with 9 years of experience. Speaks Telugu. Available to travel up to 23 km. Current rating is 4.29.,,2025-09-29
4771,4771,Experienced security guard with 4 years of experience. Speaks Hindi. Available to travel up to 7 km. Current rating is 4.94.,,2025-02-17
4772,4772,Experienced door repair with 5 years of experience. Speaks English. Available to travel up to 42 km. Current rating is 3.81.,,2025-09-19
4773,4773,Experienced catering with 14 years of experience. Speaks Hindi. Available to travel up to 29 km. Current rating is 4.35.,,2025-10-12
4774,4774,Experienced house cleaning with 0 years of experience. Speaks English. Available to travel up to 37 km. Current rating is 5.0.,,2025-12-15
4775,4775,Experienced pipe repair with 20 years of experience. Speaks Kannada. Available to travel up to 44 km. Current rating is 3.72.,,2025-02-12
4776,4776,Experienced house wiring with 3 years of experience. Speaks Kannada. Available to travel up to 11 km. Current rating is 4.77.,,2025-03-12
4777,4777,Experienced lawn maintenance with 5 years of experience. Speaks Malayalam. Available to travel up to 32 km. Current rating is 4.03.,,2025-02-15
4778,4778,Experienced wall painting with 1 years of experience. Speaks Telugu. Available to travel up to 45 km. Current rating is 4.82.,,2025-11-21
4779,4779,Experienced wood polishing with 9 years of experience. Speaks Hindi. Available to travel up to 38 km. Current rating is 4.25.,,2025-05-09
4780,4780,Experienced deep cleaning with 14 years of experience. Speaks Tamil. Available to travel up to 25 km. Current rating is 3.9.,,2025-08-18
4781,4781,Experienced deep cleaning with 19 years of experience. Speaks Telugu. Available to travel up to 24 km. Current rating is 4.72.,,2025-06-29
4782,4782,Experienced brick work with 18 years of experience. Speaks Hindi. Available to travel up to 49 km. Current rating is 4.08.,,2025-09-10
4783,4783,Experienced switch repair with 15 years of experience. Speaks English. Available to travel up to 24 km. Current rating is 4.39.,,2025-07-21
4784,4784,Experienced bathroom fitting with 20 years of experience. Speaks Kannada. Available to travel up to 50 km. Current rating is 4.21.,,2025-03-09
4785,4785,Experienced light installation with 1 years of experience. Speaks Tamil. Available to travel up to 28 km. Current rating is 3.55.,,2025-10-15
4786,4786,Experienced washing machine repair with 12 years of experience. Speaks Hindi. Available to travel up to 15 km. Current rating is 4.56.,,2025-10-05
4787,4787,Experienced bathroom cleaning with 5 years of experience. Speaks English. Available to travel up to 11 km. Current rating is 4.41.,,2025-07-23
4788,4788,Experienced leak detection with 11 years of experience. Speaks Telugu. Available to travel up to 38 km. Current rating is 3.96.,,2025-11-30
4789,4789,Experienced catering with 17 years of experience. Speaks Tamil. Available to travel up to 26 km. Current rating is 4.95.,,2025-04-28
4790,4790,Experienced tile installation with 6 years of experience. Speaks Kannada. Available to travel up to 15 km. Current rating is 3.88.,,2025-05-30
4791,4791,Experienced security guard with 15 years of experience. Speaks Tamil. Available to travel up to 8 km. Current rating is 4.06.,,2025-04-07
4792,4792,Experienced mason with 5 years of experience. Speaks Kannada. Available to travel up to 50 km. Current rating is 4.83.,,2025-08-18
4793,4793,Experienced ac installation with 19 years of experience. Speaks Hindi. Available to travel up to 7 km. Current rating is 4.81.,,2025-08-01
4794,4794,Experienced house cleaning with 12 years of experience. Speaks Tamil. Available to travel up to 39 km. Current rating is 3.59.,,2025-05-25
4795,4795,Experienced concrete work with 8 years of experience. Speaks Hindi. Available to travel up to 28 km. Current rating is 4.8.,,2025-04-27
4796,4796,Experienced furniture assembly with 12 years of experience. Speaks Kannada. Available to travel up to 5 km. Current rating is 4.98.,,2025-01-26
4797,4797,Experienced microwave repair with 6 years of experience. Speaks Malayalam. Available to travel up to 38 km. Current rating is 4.57.,,2025-12-22
4798,4798,Experienced cook with 3 years of experience. Speaks Hindi. Available to travel up to 12 km. Current rating is 4.97.,,2025-04-25
4799,4799,Experienced tile installation with 2 years of experience. Speaks Hindi. Available to travel up to 30 km. Current rating is 3.94.,,2025-01-18
4800,4800,Experienced leak detection with 3 years of experience. Speaks Tamil. Available to travel up to 20 km. Current rating is 3.53.,,2025-01-02
4801,4801,Experienced movers with 8 years of experience. Speaks Malayalam. Available to travel up to 14 km. Current rating is 4.47.,,2025-04-05
4802,4802,Experienced concrete work with 15 years of experience. Speaks Telugu. Available to travel up to 38 km. Current rating is 3.79.,,2025-10-01
4803,4803,Experienced water tank installation with 12 years of experience. Speaks Malayalam. Available to travel up to 29 km. Current rating is 4.1.,,2025-01-17
4804,4804,Experienced makeup artist with 16 years of experience. Speaks Tamil. Available to travel up to 32 km. Current rating is 4.64.,,2025-11-12
4805,4805,Experienced ac installation with 9 years of experience. Speaks Hindi. Available to travel up to 7 km. Current rating is 4.04.,,2025-02-08
4806,4806,Experienced electrician with 5 years of experience. Speaks Telugu. Available to travel up to 25 km. Current rating is 3.98.,,2025-03-29
4807,4807,Experienced interior painting with 18 years of experience. Speaks Kannada. Available to travel up to 21 km. Current rating is 4.89.,,2025-07-29
4808,4808,Experienced electrician with 19 years of experience. Speaks Tamil. Available to travel up to 19 km. Current rating is 4.97.,,2025-05-31
4809,4809,Experienced water tank installation with 6 years of experience. Speaks Kannada. Available to travel up to 7 km. Current rating is 3.69.,,2025-08-14
4810,4810,Experienced tile installation with 12 years of experience. Speaks Telugu. Available to travel up to 22 km. Current rating is 4.44.,,2025-11-18
4811,4811,Experienced ac technician with 5 years of experience. Speaks Malayalam. Available to travel up to 50 km. Current rating is 4.09.,,2025-07-30
4812,4812,Experienced concrete work with 18 years of experience. Speaks Hindi. Available to travel up to 50 km. Current rating is 4.48.,,2025-06-30
4813,4813,Experienced washing machine repair with 18 years of experience. Speaks Telugu. Available to travel up to 35 km. Current rating is 4.26.,,2025-09-05
4814,4814,Experienced carpenter with 2 years of experience. Speaks Malayalam. Available to travel up to 47 km. Current rating is 3.58.,,2025-05-10
4815,4815,Experienced door repair with 4 years of experience. Speaks Kannada. Available to travel up to 34 km. Current rating is 4.37.,,2025-11-14
4816,4816,Experienced catering with 10 years of experience. Speaks Tamil. Available to travel up to 44 km. Current rating is 4.74.,,2025-08-13
4817,4817,Experienced driver with 9 years of experience. Speaks Telugu. Available to travel up to 43 km. Current rating is 4.73.,,2025-09-19
4818,4818,Experienced ac technician with 9 years of experience. Speaks Malayalam. Available to travel up to 38 km. Current rating is 4.67.,,2025-02-12
4819,4819,Experienced kitchen cleaning with 15 years of experience. Speaks Hindi. Available to travel up to 35 km. Current rating is 4.09.,,2025-03-11
4820,4820,Experienced brick work with 0 years of experience. Speaks Kannada. Available to travel up to 15 km. Current rating is 4.52.,,2025-04-14
4821,4821,Experienced security guard with 5 years of experience. Speaks Malayalam. Available to travel up to 32 km. Current rating is 3.83.,,2025-04-27
4822,4822,Experienced tv repair with 0 years of experience. Speaks Tamil. Available to travel up to 8 km. Current rating is 3.94.,,2025-07-30
4823,4823,Experienced mason with 14 years of experience. Speaks Telugu. Available to travel up to 26 km. Current rating is 3.88.,,2025-10-25
4824,4824,Experienced electrician with 7 years of experience. Speaks Tamil. Available to travel up to 27 km. Current rating is 4.65.,,2025-09-01
4825,4825,Experienced tile installation with 16 years of experience. Speaks Hindi. Available to travel up to 26 km. Current rating is 4.15.,,2025-12-22
4826,4826,Experienced deep cleaning with 15 years of experience. Speaks Malayalam. Available to travel up to 31 km. Current rating is 3.77.,,2025-02-26
4827,4827,Experienced door repair with 7 years of experience. Speaks Tamil. Available to travel up to 11 km. Current rating is 3.65.,,2025-10-30
4828,4828,Experienced fan installation with 1 years of experience. Speaks Telugu. Available to travel up to 49 km. Current rating is 4.93.,,2025-12-15
4829,4829,Experienced electrician with 13 years of experience. Speaks Kannada. Available to travel up to 33 km. Current rating is 4.82.,,2025-12-15
4830,4830,Experienced lawn maintenance with 17 years of experience. Speaks Telugu. Available to travel up to 28 km. Current rating is 4.12.,,2025-11-24
4831,4831,Experienced security guard with 1 years of experience. Speaks Kannada. Available to travel up to 41 km. Current rating is 3.57.,,2025-09-13
4832,4832,Experienced furniture assembly with 12 years of experience. Speaks Kannada. Available to travel up to 48 km. Current rating is 4.7.,,2025-02-16
4833,4833,Experienced bathroom cleaning with 8 years of experience. Speaks Telugu. Available to travel up to 11 km. Current rating is 3.77.,,2025-01-28
4834,4834,Experienced plumber with 15 years of experience. Speaks Malayalam. Available to travel up to 6 km. Current rating is 3.75.,,2025-04-29
4835,4835,Experienced cloth stitching with 13 years of experience. Speaks Kannada. Available to travel up to 29 km. Current rating is 4.48.,,2025-03-31
4836,4836,Experienced interior painting with 16 years of experience. Speaks Kannada. Available to travel up to 18 km. Current rating is 4.57.,,2025-11-16
4837,4837,Experienced cloth stitching with 13 years of experience. Speaks Malayalam. Available to travel up to 45 km. Current rating is 3.75.,,2025-11-11
4838,4838,Experienced refrigerator repair with 4 years of experience. Speaks Tamil. Available to travel up to 21 km. Current rating is 4.04.,,2025-03-07
4839,4839,Experienced wood polishing with 12 years of experience. Speaks Kannada. Available to travel up to 26 km. Current rating is 4.8.,,2025-03-05
4840,4840,Experienced movers with 11 years of experience. Speaks Tamil. Available to travel up to 31 km. Current rating is 4.59.,,2025-11-29
4841,4841,Experienced light installation with 0 years of experience. Speaks English. Available to travel up to 50 km. Current rating is 4.34.,,2025-12-24
4842,4842,Experienced lawn maintenance with 6 years of experience. Speaks Tamil. Available to travel up to 39 km. Current rating is 3.7.,,2025-06-13
4843,4843,Experienced exterior painting with 14 years of experience. Speaks Hindi. Available to travel up to 34 km. Current rating is 4.77.,,2025-12-17
4844,4844,Experienced tree trimming with 5 years of experience. Speaks Telugu. Available to travel up to 43 km. Current rating is 4.74.,,2025-10-16
4845,4845,Experienced alteration with 4 years of experience. Speaks Malayalam. Available to travel up to 21 km. Current rating is 3.98.,,2025-03-08
4846,4846,Experienced cook with 2 years of experience. Speaks Malayalam. Available to travel up to 50 km. Current rating is 4.63.,,2025-01-18
4847,4847,Experienced packers with 14 years of experience. Speaks Hindi. Available to travel up to 24 km. Current rating is 4.86.,,2025-02-06
4848,4848,Experienced beautician with 10 years of experience. Speaks Tamil. Available to travel up to 35 km. Current rating is 4.82.,,2025-11-21
4849,4849,Experienced cook with 10 years of experience. Speaks Hindi. Available to travel up to 19 km. Current rating is 4.13.,,2025-08-19
4850,4850,Experienced brick work with 10 years of experience. Speaks Hindi. Available to travel up to 35 km. Current rating is 4.67.,,2025-01-17
4851,4851,Experienced furniture assembly with 13 years of experience. Speaks Kannada. Available to travel up to 28 km. Current rating is 4.51.,,2025-04-30
4852,4852,Experienced tree trimming with 8 years of experience. Speaks Malayalam. Available to travel up to 43 km. Current rating is 4.8.,,2025-07-31
4853,4853,Experienced house wiring with 12 years of experience. Speaks Malayalam. Available to travel up to 18 km. Current rating is 4.63.,,2025-11-25
4854,4854,Experienced pipe repair with 10 years of experience. Speaks Tamil. Available to travel up to 18 km. Current rating is 4.08.,,2025-08-11
4855,4855,Experienced security guard with 6 years of experience. Speaks Kannada. Available to travel up to 5 km. Current rating is 4.16.,,2025-01-23
4856,4856,Experienced refrigerator repair with 11 years of experience. Speaks Kannada. Available to travel up to 47 km. Current rating is 3.68.,,2025-06-03
4857,4857,Experienced lawn maintenance with 2 years of experience. Speaks English. Available to travel up to 50 km. Current rating is 4.7.,,2025-08-05
4858,4858,Experienced plumber with 1 years of experience. Speaks Hindi. Available to travel up to 39 km. Current rating is 4.93.,,2025-09-18
4859,4859,Experienced refrigerator repair with 6 years of experience. Speaks Telugu. Available to travel up to 45 km. Current rating is 3.81.,,2025-10-16
4860,4860,Experienced ac installation with 10 years of experience. Speaks Telugu. Available to travel up to 49 km. Current rating is 3.61.,,2025-09-22
4861,4861,Experienced beautician with 16 years of experience. Speaks Telugu. Available to travel up to 38 km. Current rating is 3.99.,,2025-05-24
4862,4862,Experienced tile installation with 14 years of experience. Speaks Malayalam. Available to travel up to 37 km. Current rating is 4.01.,,2025-11-26
4863,4863,Experienced brick work with 0 years of experience. Speaks Telugu. Available to travel up to 21 km. Current rating is 4.8.,,2025-03-07
4864,4864,Experienced door repair with 17 years of experience. Speaks English. Available to travel up to 46 km. Current rating is 4.15.,,2025-05-11
4865,4865,Experienced microwave repair with 16 years of experience. Speaks English. Available to travel up to 50 km. Current rating is 3.94.,,2025-03-13
4866,4866,Experienced packers with 16 years of experience. Speaks English. Available to travel up to 36 km. Current rating is 4.13.,,2025-03-12
4867,4867,Experienced house wiring with 19 years of experience. Speaks Kannada. Available to travel up to 21 km. Current rating is 3.95.,,2025-09-27
4868,4868,Experienced plumber with 11 years of experience. Speaks Kannada. Available to travel up to 12 km. Current rating is 4.81.,,2025-07-11
4869,4869,Experienced cook with 5 years of experience. Speaks Telugu. Available to travel up to 29 km. Current rating is 4.34.,,2025-12-21
4870,4870,Experienced microwave repair with 2 years of experience. Speaks English. Available to travel up to 41 km. Current rating is 4.44.,,2025-10-29
4871,4871,Experienced brick work with 16 years of experience. Speaks Tamil. Available to travel up to 41 km. Current rating is 4.81.,,2025-03-06
4872,4872,Experienced deep cleaning with 9 years of experience. Speaks Kannada. Available to travel up to 26 km. Current rating is 4.53.,,2025-05-03
4873,4873,Experienced exterior painting with 14 years of experience. Speaks Kannada. Available to travel up to 13 km. Current rating is 3.97.,,2025-12-23
4874,4874,Experienced driver with 15 years of experience. Speaks Telugu. Available to travel up to 41 km. Current rating is 3.55.,,2025-02-20
4875,4875,Experienced hair stylist with 17 years of experience. Speaks Hindi. Available to travel up to 40 km. Current rating is 4.71.,,2025-12-03
4876,4876,Experienced lawn maintenance with 1 years of experience. Speaks Tamil. Available to travel up to 23 km. Current rating is 3.81.,,2025-12-21
4877,4877,Experienced cloth stitching with 11 years of experience. Speaks Malayalam. Available to travel up to 21 km. Current rating is 3.8.,,2025-01-03
4878,4878,Experienced kitchen cleaning with 14 years of experience. Speaks English. Available to travel up to 28 km. Current rating is 3.66.,,2025-03-21
4879,4879,Experienced brick work with 19 years of experience. Speaks Tamil. Available to travel up to 36 km. Current rating is 4.04.,,2025-11-16
4880,4880,Experienced beautician with 17 years of experience. Speaks Hindi. Available to travel up to 43 km. Current rating is 3.98.,,2025-12-13
4881,4881,Experienced plumber with 1 years of experience. Speaks Hindi. Available to travel up to 32 km. Current rating is 3.7.,,2025-06-10
4882,4882,Experienced catering with 17 years of experience. Speaks Telugu. Available to travel up to 38 km. Current rating is 4.25.,,2025-03-23
4883,4883,Experienced ac technician with 20 years of experience. Speaks English. Available to travel up to 42 km. Current rating is 4.97.,,2025-09-23
4884,4884,Experienced switch repair with 3 years of experience. Speaks Malayalam. Available to travel up to 29 km. Current rating is 4.15.,,2025-09-17
4885,4885,Experienced washing machine repair with 18 years of experience. Speaks Kannada. Available to travel up to 20 km. Current rating is 4.88.,,2025-08-20
4886,4886,Experienced concrete work with 6 years of experience. Speaks Malayalam. Available to travel up to 39 km. Current rating is 3.97.,,2025-10-26
4887,4887,Experienced interior painting with 20 years of experience. Speaks Malayalam. Available to travel up to 28 km. Current rating is 4.2.,,2025-06-12
4888,4888,Experienced mason with 3 years of experience. Speaks Kannada. Available to travel up to 41 km. Current rating is 3.85.,,2025-10-28
4889,4889,Experienced security guard with 15 years of experience. Speaks Hindi. Available to travel up to 25 km. Current rating is 4.91.,,2025-07-25
4890,4890,Experienced microwave repair with 4 years of experience. Speaks Tamil. Available to travel up to 5 km. Current rating is 3.86.,,2025-01-11
4891,4891,Experienced mason with 9 years of experience. Speaks Kannada. Available to travel up to 27 km. Current rating is 4.88.,,2025-06-10
4892,4892,Experienced water tank installation with 11 years of experience. Speaks Malayalam. Available to travel up to 34 km. Current rating is 3.94.,,2025-10-25
4893,4893,Experienced door repair with 11 years of experience. Speaks Hindi. Available to travel up to 16 km. Current rating is 4.28.,,2025-01-18
4894,4894,Experienced refrigerator repair with 18 years of experience. Speaks Telugu. Available to travel up to 47 km. Current rating is 3.5.,,2025-09-21
4895,4895,Experienced washing machine repair with 11 years of experience. Speaks Telugu. Available to travel up to 16 km. Current rating is 4.81.,,2025-06-12
4896,4896,Experienced kitchen cleaning with 15 years of experience. Speaks Hindi. Available to travel up to 46 km. Current rating is 4.29.,,2025-08-10
4897,4897,Experienced fan installation with 16 years of experience. Speaks Malayalam. Available to travel up to 46 km. Current rating is 3.94.,,2025-05-28
4898,4898,Experienced exterior painting with 6 years of experience. Speaks Kannada. Available to travel up to 34 km. Current rating is 4.53.,,2025-12-05
4899,4899,Experienced gardener with 4 years of experience. Speaks Kannada. Available to travel up to 16 km. Current rating is 4.69.,,2025-11-30
4900,4900,Experienced catering with 10 years of experience. Speaks Malayalam. Available to travel up to 42 km. Current rating is 4.55.,,2025-11-11
4901,4901,Experienced plumber with 5 years of experience. Speaks Kannada. Available to travel up to 21 km. Current rating is 3.62.,,2025-08-17
4902,4902,Experienced interior painting with 6 years of experience. Speaks Telugu. Available to travel up to 26 km. Current rating is 4.44.,,2025-02-02
4903,4903,Experienced ac installation with 10 years of experience. Speaks Tamil. Available to travel up to 45 km. Current rating is 4.93.,,2025-08-26
4904,4904,Experienced beautician with 7 years of experience. Speaks English. Available to travel up to 22 km. Current rating is 3.87.,,2025-04-01
4905,4905,Experienced wall painting with 3 years of experience. Speaks Tamil. Available to travel up to 25 km. Current rating is 3.77.,,2025-07-27
4906,4906,Experienced bathroom cleaning with 7 years of experience. Speaks English. Available to travel up to 47 km. Current rating is 4.19.,,2025-08-18
4907,4907,Experienced exterior painting with 4 years of experience. Speaks Kannada. Available to travel up to 37 km. Current rating is 4.35.,,2025-07-03
4908,4908,Experienced carpenter with 18 years of experience. Speaks Hindi. Available to travel up to 32 km. Current rating is 4.06.,,2025-01-07
4909,4909,Experienced brick work with 15 years of experience. Speaks Kannada. Available to travel up to 9 km. Current rating is 3.53.,,2025-03-29
4910,4910,Experienced cloth stitching with 6 years of experience. Speaks Tamil. Available to travel up to 16 km. Current rating is 4.74.,,2025-10-05
4911,4911,Experienced concrete work with 11 years of experience. Speaks Telugu. Available to travel up to 19 km. Current rating is 4.57.,,2025-01-01
4912,4912,Experienced water tank installation with 20 years of experience. Speaks Telugu. Available to travel up to 17 km. Current rating is 4.34.,,2025-05-26
4913,4913,Experienced plumber with 4 years of experience. Speaks Kannada. Available to travel up to 48 km. Current rating is 4.76.,,2025-12-29
4914,4914,Experienced cloth stitching with 17 years of experience. Speaks English. Available to travel up to 10 km. Current rating is 4.79.,,2025-11-25
4915,4915,Experienced painter with 0 years of experience. Speaks Hindi. Available to travel up to 28 km. Current rating is 3.96.,,2025-06-09
4916,4916,Experienced driver with 4 years of experience. Speaks Hindi. Available to travel up to 24 km. Current rating is 3.83.,,2025-01-23
4917,4917,Experienced gardener with 2 years of experience. Speaks Malayalam. Available to travel up to 6 km. Current rating is 4.97.,,2025-06-19
4918,4918,Experienced catering with 17 years of experience. Speaks Kannada. Available to travel up to 25 km. Current rating is 4.24.,,2025-05-29
4919,4919,Experienced wood polishing with 0 years of experience. Speaks Malayalam. Available to travel up to 15 km. Current rating is 4.94.,,2025-06-15
4920,4920,Experienced hair stylist with 13 years of experience. Speaks Kannada. Available to travel up to 36 km. Current rating is 4.21.,,2025-07-21
4921,4921,Experienced ac technician with 6 years of experience. Speaks Telugu. Available to travel up to 17 km. Current rating is 4.15.,,2025-12-14
4922,4922,Experienced tv repair with 6 years of experience. Speaks English. Available to travel up to 31 km. Current rating is 3.57.,,2025-12-24
4923,4923,Experienced tv repair with 7 years of experience. Speaks Tamil. Available to travel up to 31 km. Current rating is 4.3.,,2025-01-23
4924,4924,Experienced leak detection with 0 years of experience. Speaks Hindi. Available to travel up to 50 km. Current rating is 4.55.,,2025-10-28
4925,4925,Experienced furniture assembly with 7 years of experience. Speaks Malayalam. Available to travel up to 26 km. Current rating is 4.48.,,2025-06-25
4926,4926,Experienced wall painting with 16 years of experience. Speaks Telugu. Available to travel up to 44 km. Current rating is 4.24.,,2025-01-25
4927,4927,Experienced tv repair with 1 years of experience. Speaks Hindi. Available to travel up to 25 km. Current rating is 3.52.,,2025-11-10
4928,4928,Experienced switch repair with 17 years of experience. Speaks Kannada. Available to travel up to 41 km. Current rating is 4.16.,,2025-11-02
4929,4929,Experienced packers with 18 years of experience. Speaks Kannada. Available to travel up to 23 km. Current rating is 4.43.,,2025-11-21
4930,4930,Experienced alteration with 4 years of experience. Speaks Tamil. Available to travel up to 15 km. Current rating is 4.75.,,2025-04-01
4931,4931,Experienced switch repair with 8 years of experience. Speaks Hindi. Available to travel up to 28 km. Current rating is 4.71.,,2025-04-01
4932,4932,Experienced tree trimming with 6 years of experience. Speaks Telugu. Available to travel up to 13 km. Current rating is 3.57.,,2025-07-04
4933,4933,Experienced carpenter with 15 years of experience. Speaks Telugu. Available to travel up to 22 km. Current rating is 3.7.,,2025-07-10
4934,4934,Experienced switch repair with 0 years of experience. Speaks Malayalam. Available to travel up to 44 km. Current rating is 3.56.,,2025-02-02
4935,4935,Experienced makeup artist with 10 years of experience. Speaks Telugu. Available to travel up to 12 km. Current rating is 4.73.,,2025-11-05
4936,4936,Experienced driver with 6 years of experience. Speaks English. Available to travel up to 16 km. Current rating is 4.52.,,2025-11-23
4937,4937,Experienced wood polishing with 6 years of experience. Speaks Telugu. Available to travel up to 19 km. Current rating is 3.94.,,2025-09-20
4938,4938,Experienced makeup artist with 18 years of experience. Speaks Malayalam. Available to travel up to 25 km. Current rating is 4.76.,,2025-05-06
4939,4939,Experienced carpenter with 7 years of experience. Speaks Hindi. Available to travel up to 13 km. Current rating is 4.19.,,2025-03-05
4940,4940,Experienced tile installation with 20 years of experience. Speaks Kannada. Available to travel up to 43 km. Current rating is 3.91.,,2025-03-01
4941,4941,Experienced kitchen cleaning with 9 years of experience. Speaks Kannada. Available to travel up to 35 km. Current rating is 4.92.,,2025-05-29
4942,4942,Experienced light installation with 12 years of experience. Speaks English. Available to travel up to 28 km. Current rating is 3.97.,,2025-06-09
4943,4943,Experienced furniture assembly with 3 years of experience. Speaks English. Available to travel up to 43 km. Current rating is 4.49.,,2025-09-20
4944,4944,Experienced house cleaning with 18 years of experience. Speaks English. Available to travel up to 20 km. Current rating is 3.99.,,2025-01-17
4945,4945,Experienced water tank installation with 13 years of experience. Speaks Malayalam. Available to travel up to 9 km. Current rating is 4.19.,,2025-05-13
4946,4946,Experienced packers with 18 years of experience. Speaks Telugu. Available to travel up to 11 km. Current rating is 4.34.,,2025-04-14
4947,4947,Experienced catering with 19 years of experience. Speaks English. Available to travel up to 43 km. Current rating is 4.87.,,2025-12-11
4948,4948,Experienced painter with 3 years of experience. Speaks Malayalam. Available to travel up to 36 km. Current rating is 4.6.,,2025-04-15
4949,4949,Experienced cook with 4 years of experience. Speaks Hindi. Available to travel up to 41 km. Current rating is 4.01.,,2025-06-20
4950,4950,Experienced mason with 13 years of experience. Speaks Malayalam. Available to travel up to 16 km. Current rating is 4.43.,,2025-02-07
4951,4951,Experienced house wiring with 2 years of experience. Speaks English. Available to travel up to 25 km. Current rating is 4.85.,,2025-05-27
4952,4952,Experienced exterior painting with 10 years of experience. Speaks Hindi. Available to travel up to 23 km. Current rating is 4.66.,,2025-10-18
4953,4953,Experienced wall painting with 3 years of experience. Speaks Malayalam. Available to travel up to 42 km. Current rating is 3.83.,,2025-02-12
4954,4954,Experienced concrete work with 2 years of experience. Speaks Kannada. Available to travel up to 35 km. Current rating is 4.5.,,2025-09-23
4955,4955,Experienced exterior painting with 18 years of experience. Speaks English. Available to travel up to 26 km. Current rating is 4.39.,,2025-09-03
4956,4956,Experienced mason with 12 years of experience. Speaks Tamil. Available to travel up to 21 km. Current rating is 3.84.,,2025-01-25
4957,4957,Experienced concrete work with 18 years of experience. Speaks Telugu. Available to travel up to 26 km. Current rating is 4.01.,,2025-02-14
4958,4958,Experienced gardener with 5 years of experience. Speaks Hindi. Available to travel up to 34 km. Current rating is 3.59.,,2025-01-15
4959,4959,Experienced house wiring with 6 years of experience. Speaks Hindi. Available to travel up to 25 km. Current rating is 4.63.,,2025-09-10
4960,4960,Experienced washing machine repair with 9 years of experience. Speaks Malayalam. Available to travel up to 29 km. Current rating is 3.84.,,2025-01-22
4961,4961,Experienced house wiring with 17 years of experience. Speaks Kannada. Available to travel up to 12 km. Current rating is 3.86.,,2025-04-17
4962,4962,Experienced washing machine repair with 12 years of experience. Speaks English. Available to travel up to 44 km. Current rating is 4.11.,,2025-09-28
4963,4963,Experienced makeup artist with 18 years of experience. Speaks English. Available to travel up to 26 km. Current rating is 3.99.,,2025-05-26
4964,4964,Experienced leak detection with 3 years of experience. Speaks Telugu. Available to travel up to 18 km. Current rating is 4.24.,,2025-09-30
4965,4965,Experienced hair stylist with 7 years of experience. Speaks Tamil. Available to travel up to 25 km. Current rating is 4.95.,,2025-01-08
4966,4966,Experienced washing machine repair with 1 years of experience. Speaks Hindi. Available to travel up to 41 km. Current rating is 4.33.,,2025-10-05
4967,4967,Experienced bathroom fitting with 0 years of experience. Speaks Hindi. Available to travel up to 29 km. Current rating is 4.58.,,2025-01-05
4968,4968,Experienced beautician with 12 years of experience. Speaks Malayalam. Available to travel up to 46 km. Current rating is 4.19.,,2025-01-15
4969,4969,Experienced packers with 10 years of experience. Speaks Kannada. Available to travel up to 16 km. Current rating is 4.46.,,2025-03-21
4970,4970,Experienced pipe repair with 6 years of experience. Speaks Hindi. Available to travel up to 21 km. Current rating is 3.89.,,2025-02-02
4971,4971,Experienced tailor with 1 years of experience. Speaks Kannada. Available to travel up to 13 km. Current rating is 4.08.,,2025-06-15
4972,4972,Experienced door repair with 6 years of experience. Speaks Hindi. Available to travel up to 35 km. Current rating is 4.28.,,2025-05-07
4973,4973,Experienced tile installation with 6 years of experience. Speaks Telugu. Available to travel up to 36 km. Current rating is 3.87.,,2025-12-23
4974,4974,Experienced painter with 18 years of experience. Speaks Tamil. Available to travel up to 27 km. Current rating is 4.18.,,2025-11-01
4975,4975,Experienced tile installation with 16 years of experience. Speaks Tamil. Available to travel up to 46 km. Current rating is 4.04.,,2025-02-22
4976,4976,Experienced tile installation with 0 years of experience. Speaks English. Available to travel up to 6 km. Current rating is 4.89.,,2025-11-03
4977,4977,Experienced cloth stitching with 20 years of experience. Speaks English. Available to travel up to 37 km. Current rating is 4.94.,,2025-04-24
4978,4978,Experienced gardener with 4 years of experience. Speaks English. Available to travel up to 8 km. Current rating is 4.84.,,2025-09-11
4979,4979,Experienced leak detection with 10 years of experience. Speaks Tamil. Available to travel up to 9 km. Current rating is 3.78.,,2025-08-02
4980,4980,Experienced tv repair with 5 years of experience. Speaks Hindi. Available to travel up to 45 km. Current rating is 4.01.,,2025-04-28
4981,4981,Experienced electrician with 11 years of experience. Speaks Tamil. Available to travel up to 6 km. Current rating is 3.77.,,2025-06-09
4982,4982,Experienced interior painting with 10 years of experience. Speaks Telugu. Available to travel up to 23 km. Current rating is 4.76.,,2025-10-07
4983,4983,Experienced deep cleaning with 12 years of experience. Speaks Tamil. Available to travel up to 9 km. Current rating is 4.24.,,2025-11-26
4984,4984,Experienced brick work with 10 years of experience. Speaks Kannada. Available to travel up to 43 km. Current rating is 4.02.,,2025-09-08
4985,4985,Experienced packers with 12 years of experience. Speaks Kannada. Available to travel up to 27 km. Current rating is 4.82.,,2025-04-12
4986,4986,Experienced house cleaning with 18 years of experience. Speaks Telugu. Available to travel up to 35 km. Current rating is 4.45.,,2025-06-26
4987,4987,Experienced cook with 3 years of experience. Speaks Telugu. Available to travel up to 15 km. Current rating is 3.7.,,2025-11-03
4988,4988,Experienced cook with 12 years of experience. Speaks Hindi. Available to travel up to 24 km. Current rating is 4.85.,,2025-05-23
4989,4989,Experienced beautician with 13 years of experience. Speaks Malayalam. Available to travel up to 50 km. Current rating is 3.88.,,2025-05-27
4990,4990,Experienced alteration with 7 years of experience. Speaks Malayalam. Available to travel up to 48 km. Current rating is 4.39.,,2025-09-24
4991,4991,Experienced cloth stitching with 16 years of experience. Speaks Tamil. Available to travel up to 6 km. Current rating is 3.77.,,2025-01-01
4992,4992,Experienced leak detection with 20 years of experience. Speaks English. Available to travel up to 24 km. Current rating is 4.32.,,2025-10-16
4993,4993,Experienced water tank installation with 9 years of experience. Speaks English. Available to travel up to 6 km. Current rating is 3.56.,,2025-10-06
4994,4994,Experienced tailor with 14 years of experience. Speaks Telugu. Available to travel up to 27 km. Current rating is 4.4.,,2025-02-23
4995,4995,Experienced hair stylist with 5 years of experience. Speaks Malayalam. Available to travel up to 23 km. Current rating is 4.52.,,2025-01-20
4996,4996,Experienced bathroom cleaning with 7 years of experience. Speaks Kannada. Available to travel up to 43 km. Current rating is 4.59.,,2025-07-02
4997,4997,Experienced interior painting with 3 years of experience. Speaks Tamil. Available to travel up to 8 km. Current rating is 4.53.,,2025-09-05
4998,4998,Experienced tailor with 16 years of experience. Speaks Kannada. Available to travel up to 20 km. Current rating is 4.43.,,2025-03-25
4999,4999,Experienced alteration with 1 years of experience. Speaks Kannada. Available to travel up to 41 km. Current rating is 4.02.,,2025-06-18
5000,5000,Experienced switch repair with 2 years of experience. Speaks Malayalam. Available to travel up to 24 km. Current rating is 3.77.,,2025-07-06
5001,5001,Experienced painter with 2 years of experience. Speaks English. Available to travel up to 14 km. Current rating is 4.47.,,2025-01-09
5002,5002,Experienced water tank installation with 5 years of experience. Speaks Hindi. Available to travel up to 26 km. Current rating is 3.64.,,2025-12-29
5003,5003,Experienced brick work with 20 years of experience. Speaks Kannada. Available to travel up to 30 km. Current rating is 3.51.,,2025-09-02
5004,5004,Experienced furniture assembly with 16 years of experience. Speaks Kannada. Available to travel up to 9 km. Current rating is 4.14.,,2025-02-02
5005,5005,Experienced water tank installation with 7 years of experience. Speaks Telugu. Available to travel up to 11 km. Current rating is 4.35.,,2025-06-01
5006,5006,Experienced bathroom fitting with 9 years of experience. Speaks Tamil. Available to travel up to 16 km. Current rating is 3.63.,,2025-07-01
5007,5007,Experienced tile installation with 7 years of experience. Speaks Tamil. Available to travel up to 35 km. Current rating is 4.86.,,2025-11-12
5008,5008,Experienced kitchen cleaning with 18 years of experience. Speaks Tamil. Available to travel up to 15 km. Current rating is 4.86.,,2025-10-17
5009,5009,Experienced switch repair with 8 years of experience. Speaks Telugu. Available to travel up to 25 km. Current rating is 4.48.,,2025-08-06
5010,5010,Experienced microwave repair with 19 years of experience. Speaks Kannada. Available to travel up to 12 km. Current rating is 3.83.,,2025-07-21
5011,5011,Experienced switch repair with 7 years of experience. Speaks Tamil. Available to travel up to 33 km. Current rating is 4.54.,,2025-04-21
5012,5012,Experienced deep cleaning with 0 years of experience. Speaks Tamil. Available to travel up to 20 km. Current rating is 3.77.,,2025-08-20
5013,5013,Experienced packers with 11 years of experience. Speaks Telugu. Available to travel up to 6 km. Current rating is 4.38.,,2025-06-25
5014,5014,Experienced beautician with 19 years of experience. Speaks Malayalam. Available to travel up to 36 km. Current rating is 3.55.,,2025-10-21
5015,5015,Experienced ac installation with 8 years of experience. Speaks English. Available to travel up to 48 km. Current rating is 4.01.,,2025-08-07
5016,5016,Experienced tree trimming with 6 years of experience. Speaks English. Available to travel up to 49 km. Current rating is 4.27.,,2025-11-24
5017,5017,Experienced packers with 15 years of experience. Speaks Telugu. Available to travel up to 11 km. Current rating is 3.98.,,2025-07-31
5018,5018,Experienced washing machine repair with 11 years of experience. Speaks Hindi. Available to travel up to 44 km. Current rating is 3.59.,,2025-08-03
5019,5019,Experienced painter with 12 years of experience. Speaks Kannada. Available to travel up to 13 km. Current rating is 3.62.,,2025-04-09
5020,5020,Experienced house cleaning with 12 years of experience. Speaks Telugu. Available to travel up to 33 km. Current rating is 3.58.,,2025-03-19
5021,5021,Experienced mason with 7 years of experience. Speaks Tamil. Available to travel up to 29 km. Current rating is 4.66.,,2025-07-05
5022,5022,Experienced house wiring with 19 years of experience. Speaks Hindi. Available to travel up to 33 km. Current rating is 4.71.,,2025-05-11
5023,5023,Experienced bathroom fitting with 10 years of experience. Speaks Hindi. Available to travel up to 44 km. Current rating is 4.86.,,2025-07-15
5024,5024,Experienced carpenter with 5 years of experience. Speaks Hindi. Available to travel up to 14 km. Current rating is 3.78.,,2025-05-11
5025,5025,Experienced furniture assembly with 13 years of experience. Speaks Kannada. Available to travel up to 43 km. Current rating is 4.76.,,2025-03-09
5026,5026,Experienced ac installation with 9 years of experience. Speaks Telugu. Available to travel up to 12 km. Current rating is 3.65.,,2025-11-24
5027,5027,Experienced ac technician with 12 years of experience. Speaks Telugu. Available to travel up to 16 km. Current rating is 3.87.,,2025-05-25
5028,5028,Experienced hair stylist with 9 years of experience. Speaks Tamil. Available to travel up to 25 km. Current rating is 4.01.,,2025-10-05
5029,5029,Experienced alteration with 3 years of experience. Speaks Malayalam. Available to travel up to 46 km. Current rating is 4.39.,,2025-01-07
5030,5030,Experienced mason with 4 years of experience. Speaks Malayalam. Available to travel up to 21 km. Current rating is 4.12.,,2025-08-20
5031,5031,Experienced carpenter with 9 years of experience. Speaks Hindi. Available to travel up to 30 km. Current rating is 4.84.,,2025-02-11
5032,5032,Experienced lawn maintenance with 2 years of experience. Speaks Tamil. Available to travel up to 50 km. Current rating is 4.12.,,2025-09-26
5033,5033,Experienced water tank installation with 10 years of experience. Speaks Tamil. Available to travel up to 21 km. Current rating is 3.82.,,2025-04-06
5034,5034,Experienced carpenter with 4 years of experience. Speaks Hindi. Available to travel up to 24 km. Current rating is 3.71.,,2025-01-05
5035,5035,Experienced wood polishing with 15 years of experience. Speaks Kannada. Available to travel up to 30 km. Current rating is 3.76.,,2025-12-04
5036,5036,Experienced alteration with 10 years of experience. Speaks Malayalam. Available to travel up to 30 km. Current rating is 4.53.,,2025-12-02
5037,5037,Experienced house cleaning with 14 years of experience. Speaks Tamil. Available to travel up to 12 km. Current rating is 3.69.,,2025-07-27
5038,5038,Experienced alteration with 14 years of experience. Speaks Telugu. Available to travel up to 43 km. Current rating is 4.62.,,2025-09-09
5039,5039,Experienced ac installation with 8 years of experience. Speaks Kannada. Available to travel up to 19 km. Current rating is 4.9.,,2025-07-19
5040,5040,Experienced mason with 3 years of experience. Speaks Tamil. Available to travel up to 22 km. Current rating is 4.12.,,2025-09-14
5041,5041,Experienced leak detection with 1 years of experience. Speaks Kannada. Available to travel up to 28 km. Current rating is 3.8.,,2025-10-16
5042,5042,Experienced movers with 0 years of experience. Speaks Hindi. Available to travel up to 16 km. Current rating is 4.27.,,2025-09-27
5043,5043,Experienced security guard with 14 years of experience. Speaks Hindi. Available to travel up to 37 km. Current rating is 3.99.,,2025-10-17
5044,5044,Experienced microwave repair with 18 years of experience. Speaks Telugu. Available to travel up to 34 km. Current rating is 4.59.,,2025-12-01
5045,5045,Experienced ac installation with 3 years of experience. Speaks Malayalam. Available to travel up to 18 km. Current rating is 3.74.,,2025-01-08
5046,5046,Experienced ac technician with 5 years of experience. Speaks Hindi. Available to travel up to 34 km. Current rating is 4.05.,,2025-02-15
5047,5047,Experienced cook with 17 years of experience. Speaks Kannada. Available to travel up to 46 km. Current rating is 3.53.,,2025-10-17
5048,5048,Experienced pipe repair with 17 years of experience. Speaks Malayalam. Available to travel up to 39 km. Current rating is 4.51.,,2025-12-13
5049,5049,Experienced tile installation with 15 years of experience. Speaks Tamil. Available to travel up to 21 km. Current rating is 4.19.,,2025-02-04
5050,5050,Experienced furniture assembly with 18 years of experience. Speaks Hindi. Available to travel up to 21 km. Current rating is 3.56.,,2025-05-25
5051,5051,Experienced plumber with 13 years of experience. Speaks Tamil. Available to travel up to 27 km. Current rating is 4.07.,,2025-02-02
5052,5052,Experienced cloth stitching with 19 years of experience. Speaks Kannada. Available to travel up to 45 km. Current rating is 4.31.,,2025-01-14
5053,5053,Experienced concrete work with 18 years of experience. Speaks Tamil. Available to travel up to 50 km. Current rating is 3.67.,,2025-12-12
5054,5054,Experienced fan installation with 16 years of experience. Speaks Kannada. Available to travel up to 25 km. Current rating is 4.1.,,2025-12-22
5055,5055,Experienced packers with 7 years of experience. Speaks Malayalam. Available to travel up to 32 km. Current rating is 3.8.,,2025-06-04
5056,5056,Experienced alteration with 15 years of experience. Speaks Kannada. Available to travel up to 27 km. Current rating is 3.71.,,2025-10-10
5057,5057,Experienced bathroom fitting with 5 years of experience. Speaks Tamil. Available to travel up to 25 km. Current rating is 4.14.,,2025-07-17
5058,5058,Experienced tile installation with 12 years of experience. Speaks English. Available to travel up to 14 km. Current rating is 3.54.,,2025-02-17
5059,5059,Experienced movers with 17 years of experience. Speaks Hindi. Available to travel up to 8 km. Current rating is 4.44.,,2025-03-05
5060,5060,Experienced pipe repair with 10 years of experience. Speaks Telugu. Available to travel up to 41 km. Current rating is 3.83.,,2025-12-16
5061,5061,Experienced microwave repair with 18 years of experience. Speaks Malayalam. Available to travel up to 37 km. Current rating is 4.96.,,2025-09-19
5062,5062,Experienced wall painting with 18 years of experience. Speaks Telugu. Available to travel up to 38 km. Current rating is 4.89.,,2025-11-27
5063,5063,Experienced brick work with 11 years of experience. Speaks Malayalam. Available to travel up to 45 km. Current rating is 4.59.,,2025-08-16
5064,5064,Experienced door repair with 18 years of experience. Speaks English. Available to travel up to 29 km. Current rating is 4.32.,,2025-02-26
5065,5065,Experienced mason with 13 years of experience. Speaks English. Available to travel up to 31 km. Current rating is 4.52.,,2025-07-30
5066,5066,Experienced movers with 15 years of experience. Speaks Telugu. Available to travel up to 19 km. Current rating is 4.85.,,2025-04-14
5067,5067,Experienced bathroom cleaning with 3 years of experience. Speaks Kannada. Available to travel up to 20 km. Current rating is 3.59.,,2025-03-06
5068,5068,Experienced deep cleaning with 5 years of experience. Speaks Tamil. Available to travel up to 48 km. Current rating is 3.98.,,2025-03-31
5069,5069,Experienced tv repair with 7 years of experience. Speaks Tamil. Available to travel up to 15 km. Current rating is 4.11.,,2025-10-18
5070,5070,Experienced house cleaning with 15 years of experience. Speaks Kannada. Available to travel up to 48 km. Current rating is 4.94.,,2025-06-01
5071,5071,Experienced cook with 16 years of experience. Speaks Kannada. Available to travel up to 12 km. Current rating is 4.05.,,2025-06-06
5072,5072,Experienced cook with 8 years of experience. Speaks Kannada. Available to travel up to 33 km. Current rating is 4.93.,,2025-02-22
5073,5073,Experienced packers with 20 years of experience. Speaks Kannada. Available to travel up to 24 km. Current rating is 4.1.,,2025-10-26
5074,5074,Experienced tv repair with 20 years of experience. Speaks Tamil. Available to travel up to 5 km. Current rating is 4.52.,,2025-03-04
5075,5075,Experienced plumber with 19 years of experience. Speaks Tamil. Available to travel up to 7 km. Current rating is 3.8.,,2025-05-06
5076,5076,Experienced cloth stitching with 3 years of experience. Speaks Malayalam. Available to travel up to 43 km. Current rating is 3.75.,,2025-07-11
5077,5077,Experienced ac technician with 5 years of experience. Speaks Telugu. Available to travel up to 28 km. Current rating is 3.67.,,2025-09-06
5078,5078,Experienced light installation with 11 years of experience. Speaks English. Available to travel up to 32 km. Current rating is 4.91.,,2025-06-12
5079,5079,Experienced alteration with 10 years of experience. Speaks Tamil. Available to travel up to 36 km. Current rating is 3.98.,,2025-04-02
5080,5080,Experienced tree trimming with 5 years of experience. Speaks Malayalam. Available to travel up to 22 km. Current rating is 4.97.,,2025-04-23
5081,5081,Experienced ac installation with 17 years of experience. Speaks Kannada. Available to travel up to 48 km. Current rating is 3.76.,,2025-09-21
5082,5082,Experienced carpenter with 13 years of experience. Speaks Malayalam. Available to travel up to 22 km. Current rating is 3.96.,,2025-06-04
5083,5083,Experienced security guard with 5 years of experience. Speaks Telugu. Available to travel up to 20 km. Current rating is 4.82.,,2025-08-13
5084,5084,Experienced lawn maintenance with 10 years of experience. Speaks Telugu. Available to travel up to 11 km. Current rating is 4.8.,,2025-08-15
5085,5085,Experienced packers with 14 years of experience. Speaks English. Available to travel up to 8 km. Current rating is 3.57.,,2025-12-10
5086,5086,Experienced ac installation with 8 years of experience. Speaks Tamil. Available to travel up to 38 km. Current rating is 3.97.,,2025-08-26
5087,5087,Experienced interior painting with 7 years of experience. Speaks English. Available to travel up to 29 km. Current rating is 4.77.,,2025-12-03
5088,5088,Experienced tree trimming with 13 years of experience. Speaks Kannada. Available to travel up to 6 km. Current rating is 4.31.,,2025-09-16
5089,5089,Experienced ac repair with 16 years of experience. Speaks Malayalam. Available to travel up to 23 km. Current rating is 4.07.,,2025-07-30
5090,5090,Experienced interior painting with 6 years of experience. Speaks Malayalam. Available to travel up to 37 km. Current rating is 4.74.,,2025-01-28
5091,5091,Experienced washing machine repair with 6 years of experience. Speaks Tamil. Available to travel up to 33 km. Current rating is 4.48.,,2025-07-16
5092,5092,Experienced movers with 6 years of experience. Speaks English. Available to travel up to 19 km. Current rating is 3.56.,,2025-02-04
5093,5093,Experienced interior painting with 16 years of experience. Speaks Telugu. Available to travel up to 8 km. Current rating is 3.99.,,2025-01-02
5094,5094,Experienced concrete work with 16 years of experience. Speaks English. Available to travel up to 35 km. Current rating is 3.86.,,2025-03-20
5095,5095,Experienced refrigerator repair with 19 years of experience. Speaks Tamil. Available to travel up to 39 km. Current rating is 3.73.,,2025-07-02
5096,5096,Experienced mason with 2 years of experience. Speaks Malayalam. Available to travel up to 45 km. Current rating is 4.85.,,2025-09-28
5097,5097,Experienced plumber with 0 years of experience. Speaks Hindi. Available to travel up to 23 km. Current rating is 3.74.,,2025-07-03
5098,5098,Experienced carpenter with 3 years of experience. Speaks English. Available to travel up to 35 km. Current rating is 4.11.,,2025-09-11
5099,5099,Experienced house wiring with 8 years of experience. Speaks Malayalam. Available to travel up to 8 km. Current rating is 3.57.,,2025-11-04
5100,5100,Experienced lawn maintenance with 16 years of experience. Speaks Tamil. Available to travel up to 25 km. Current rating is 4.19.,,2025-10-06
5101,5101,Experienced microwave repair with 20 years of experience. Speaks Kannada. Available to travel up to 5 km. Current rating is 4.92.,,2025-06-17
5102,5102,Experienced furniture assembly with 7 years of experience. Speaks Tamil. Available to travel up to 28 km. Current rating is 4.67.,,2025-05-10
5103,5103,Experienced deep cleaning with 12 years of experience. Speaks Tamil. Available to travel up to 26 km. Current rating is 4.34.,,2025-04-01
5104,5104,Experienced door repair with 18 years of experience. Speaks English. Available to travel up to 39 km. Current rating is 4.88.,,2025-01-14
5105,5105,Experienced light installation with 19 years of experience. Speaks Hindi. Available to travel up to 38 km. Current rating is 3.69.,,2025-11-15
5106,5106,Experienced wall painting with 11 years of experience. Speaks Telugu. Available to travel up to 37 km. Current rating is 4.53.,,2025-01-21
5107,5107,Experienced ac technician with 5 years of experience. Speaks Tamil. Available to travel up to 22 km. Current rating is 4.06.,,2025-04-09
5108,5108,Experienced bathroom cleaning with 5 years of experience. Speaks Hindi. Available to travel up to 20 km. Current rating is 4.47.,,2025-01-20
5109,5109,Experienced beautician with 15 years of experience. Speaks Telugu. Available to travel up to 43 km. Current rating is 4.78.,,2025-02-02
5110,5110,Experienced gardener with 17 years of experience. Speaks English. Available to travel up to 24 km. Current rating is 4.46.,,2025-05-12
5111,5111,Experienced wall painting with 0 years of experience. Speaks Malayalam. Available to travel up to 46 km. Current rating is 4.82.,,2025-05-25
5112,5112,Experienced driver with 14 years of experience. Speaks Hindi. Available to travel up to 9 km. Current rating is 3.53.,,2025-07-17
5113,5113,Experienced ac technician with 6 years of experience. Speaks English. Available to travel up to 21 km. Current rating is 4.45.,,2025-05-25
5114,5114,Experienced washing machine repair with 15 years of experience. Speaks English. Available to travel up to 45 km. Current rating is 4.82.,,2025-09-14
5115,5115,Experienced water tank installation with 9 years of experience. Speaks English. Available to travel up to 41 km. Current rating is 4.54.,,2025-08-01
5116,5116,Experienced bathroom cleaning with 0 years of experience. Speaks English. Available to travel up to 39 km. Current rating is 4.32.,,2025-08-12
5117,5117,Experienced fan installation with 14 years of experience. Speaks English. Available to travel up to 29 km. Current rating is 4.36.,,2025-01-08
5118,5118,Experienced exterior painting with 18 years of experience. Speaks Hindi. Available to travel up to 43 km. Current rating is 4.08.,,2025-04-15
5119,5119,Experienced lawn maintenance with 5 years of experience. Speaks English. Available to travel up to 17 km. Current rating is 3.59.,,2025-09-06
5120,5120,Experienced painter with 17 years of experience. Speaks Hindi. Available to travel up to 48 km. Current rating is 3.58.,,2025-10-30
5121,5121,Experienced packers with 9 years of experience. Speaks English. Available to travel up to 50 km. Current rating is 3.76.,,2025-07-05
5122,5122,Experienced refrigerator repair with 14 years of experience. Speaks Malayalam. Available to travel up to 45 km. Current rating is 4.85.,,2025-08-26
5123,5123,Experienced catering with 11 years of experience. Speaks Tamil. Available to travel up to 36 km. Current rating is 4.65.,,2025-04-20
5124,5124,Experienced ac repair with 5 years of experience. Speaks English. Available to travel up to 12 km. Current rating is 4.16.,,2025-08-09
5125,5125,Experienced lawn maintenance with 8 years of experience. Speaks Kannada. Available to travel up to 22 km. Current rating is 3.95.,,2025-10-12
5126,5126,Experienced tree trimming with 17 years of experience. Speaks English. Available to travel up to 7 km. Current rating is 4.1.,,2025-07-26
5127,5127,Experienced light installation with 5 years of experience. Speaks English. Available to travel up to 37 km. Current rating is 4.33.,,2025-02-06
5128,5128,Experienced cloth stitching with 2 years of experience. Speaks Kannada. Available to travel up to 28 km. Current rating is 4.93.,,2025-07-13
5129,5129,Experienced packers with 4 years of experience. Speaks Kannada. Available to travel up to 37 km. Current rating is 3.78.,,2025-12-05
5130,5130,Experienced makeup artist with 3 years of experience. Speaks Kannada. Available to travel up to 30 km. Current rating is 4.66.,,2025-01-12
5131,5131,Experienced mason with 14 years of experience. Speaks Hindi. Available to travel up to 11 km. Current rating is 3.53.,,2025-02-20
5132,5132,Experienced tv repair with 10 years of experience. Speaks Tamil. Available to travel up to 6 km. Current rating is 4.79.,,2025-04-24
5133,5133,Experienced washing machine repair with 7 years of experience. Speaks Tamil. Available to travel up to 22 km. Current rating is 4.63.,,2025-02-09
5134,5134,Experienced painter with 17 years of experience. Speaks Malayalam. Available to travel up to 42 km. Current rating is 4.09.,,2025-12-10
5135,5135,Experienced mason with 7 years of experience. Speaks Kannada. Available to travel up to 34 km. Current rating is 4.68.,,2025-06-14
5136,5136,Experienced switch repair with 18 years of experience. Speaks Kannada. Available to travel up to 7 km. Current rating is 4.1.,,2025-11-21
5137,5137,Experienced beautician with 12 years of experience. Speaks English. Available to travel up to 21 km. Current rating is 4.89.,,2025-03-29
5138,5138,Experienced plumber with 4 years of experience. Speaks Hindi. Available to travel up to 10 km. Current rating is 3.83.,,2025-01-09
5139,5139,Experienced refrigerator repair with 15 years of experience. Speaks Kannada. Available to travel up to 38 km. Current rating is 4.36.,,2025-05-31
5140,5140,Experienced packers with 16 years of experience. Speaks English. Available to travel up to 14 km. Current rating is 4.59.,,2025-07-09
5141,5141,Experienced wood polishing with 19 years of experience. Speaks Hindi. Available to travel up to 46 km. Current rating is 4.34.,,2025-11-10
5142,5142,Experienced movers with 12 years of experience. Speaks Tamil. Available to travel up to 5 km. Current rating is 3.66.,,2025-08-01
5143,5143,Experienced pipe repair with 10 years of experience. Speaks Tamil. Available to travel up to 26 km. Current rating is 4.01.,,2025-12-18
5144,5144,Experienced cook with 8 years of experience. Speaks Telugu. Available to travel up to 34 km. Current rating is 4.69.,,2025-12-08
5145,5145,Experienced kitchen cleaning with 6 years of experience. Speaks Kannada. Available to travel up to 26 km. Current rating is 4.81.,,2025-09-24
5146,5146,Experienced bathroom fitting with 15 years of experience. Speaks Malayalam. Available to travel up to 47 km. Current rating is 4.7.,,2025-08-08
5147,5147,Experienced security guard with 14 years of experience. Speaks Telugu. Available to travel up to 23 km. Current rating is 3.8.,,2025-12-20
5148,5148,Experienced pipe repair with 12 years of experience. Speaks Telugu. Available to travel up to 23 km. Current rating is 3.93.,,2025-03-10
5149,5149,Experienced tile installation with 12 years of experience. Speaks Kannada. Available to travel up to 22 km. Current rating is 4.42.,,2025-01-10
5150,5150,Experienced ac technician with 10 years of experience. Speaks Kannada. Available to travel up to 21 km. Current rating is 3.95.,,2025-12-27
5151,5151,Experienced refrigerator repair with 5 years of experience. Speaks Hindi. Available to travel up to 25 km. Current rating is 4.91.,,2025-06-17
5152,5152,Experienced tv repair with 20 years of experience. Speaks Hindi. Available to travel up to 12 km. Current rating is 4.47.,,2025-07-29
5153,5153,Experienced deep cleaning with 0 years of experience. Speaks Malayalam. Available to travel up to 15 km. Current rating is 4.23.,,2025-06-12
5154,5154,Experienced security guard with 7 years of experience. Speaks Malayalam. Available to travel up to 14 km. Current rating is 4.48.,,2025-07-29
5155,5155,Experienced kitchen cleaning with 9 years of experience. Speaks Kannada. Available to travel up to 28 km. Current rating is 4.69.,,2025-12-18
5156,5156,Experienced makeup artist with 0 years of experience. Speaks Malayalam. Available to travel up to 9 km. Current rating is 4.52.,,2025-11-29
5157,5157,Experienced ac technician with 17 years of experience. Speaks English. Available to travel up to 8 km. Current rating is 4.96.,,2025-03-03
5158,5158,Experienced tv repair with 15 years of experience. Speaks Malayalam. Available to travel up to 11 km. Current rating is 3.7.,,2025-09-16
5159,5159,Experienced exterior painting with 5 years of experience. Speaks Malayalam. Available to travel up to 17 km. Current rating is 4.42.,,2025-05-13
5160,5160,Experienced mason with 12 years of experience. Speaks Tamil. Available to travel up to 9 km. Current rating is 4.07.,,2025-12-27
5161,5161,Experienced gardener with 8 years of experience. Speaks Telugu. Available to travel up to 20 km. Current rating is 5.0.,,2025-05-21
5162,5162,Experienced bathroom cleaning with 12 years of experience. Speaks Telugu. Available to travel up to 9 km. Current rating is 4.29.,,2025-04-19
5163,5163,Experienced wall painting with 13 years of experience. Speaks Malayalam. Available to travel up to 20 km. Current rating is 4.1.,,2025-08-04
5164,5164,Experienced bathroom fitting with 9 years of experience. Speaks Telugu. Available to travel up to 46 km. Current rating is 4.75.,,2025-09-05
5165,5165,Experienced pipe repair with 16 years of experience. Speaks Malayalam. Available to travel up to 7 km. Current rating is 3.98.,,2026-01-01
5166,5166,Experienced tile installation with 18 years of experience. Speaks Tamil. Available to travel up to 10 km. Current rating is 4.31.,,2025-11-22
5167,5167,Experienced water tank installation with 6 years of experience. Speaks Telugu. Available to travel up to 35 km. Current rating is 4.74.,,2025-01-02
5168,5168,Experienced cloth stitching with 15 years of experience. Speaks Hindi. Available to travel up to 6 km. Current rating is 4.86.,,2025-04-15
5169,5169,Experienced beautician with 17 years of experience. Speaks Telugu. Available to travel up to 28 km. Current rating is 3.53.,,2025-10-03
5170,5170,Experienced door repair with 6 years of experience. Speaks Hindi. Available to travel up to 5 km. Current rating is 4.62.,,2025-03-05
5171,5171,Experienced fan installation with 2 years of experience. Speaks Hindi. Available to travel up to 41 km. Current rating is 3.63.,,2025-11-14
5172,5172,Experienced painter with 11 years of experience. Speaks English. Available to travel up to 13 km. Current rating is 3.87.,,2025-08-12
5173,5173,Experienced tree trimming with 3 years of experience. Speaks English. Available to travel up to 23 km. Current rating is 4.24.,,2025-03-10
5174,5174,Experienced house wiring with 2 years of experience. Speaks Hindi. Available to travel up to 42 km. Current rating is 3.63.,,2025-02-09
5175,5175,Experienced bathroom fitting with 13 years of experience. Speaks Malayalam. Available to travel up to 15 km. Current rating is 4.84.,,2025-03-22
5176,5176,Experienced brick work with 13 years of experience. Speaks Kannada. Available to travel up to 12 km. Current rating is 3.52.,,2025-10-31
5177,5177,Experienced driver with 14 years of experience. Speaks Malayalam. Available to travel up to 50 km. Current rating is 4.51.,,2025-11-22
5178,5178,Experienced hair stylist with 5 years of experience. Speaks Malayalam. Available to travel up to 17 km. Current rating is 4.66.,,2025-01-12
5179,5179,Experienced wood polishing with 20 years of experience. Speaks Tamil. Available to travel up to 5 km. Current rating is 3.65.,,2025-01-14
5180,5180,Experienced lawn maintenance with 20 years of experience. Speaks Hindi. Available to travel up to 34 km. Current rating is 3.78.,,2025-02-11
5181,5181,Experienced electrician with 3 years of experience. Speaks English. Available to travel up to 44 km. Current rating is 4.6.,,2025-03-27
5182,5182,Experienced water tank installation with 2 years of experience. Speaks English. Available to travel up to 18 km. Current rating is 3.69.,,2025-10-06
5183,5183,Experienced switch repair with 10 years of experience. Speaks English. Available to travel up to 39 km. Current rating is 3.69.,,2025-07-12
5184,5184,Experienced exterior painting with 5 years of experience. Speaks Kannada. Available to travel up to 11 km. Current rating is 4.44.,,2025-11-01
5185,5185,Experienced cook with 13 years of experience. Speaks Tamil. Available to travel up to 47 km. Current rating is 4.76.,,2025-07-14
5186,5186,Experienced movers with 15 years of experience. Speaks English. Available to travel up to 6 km. Current rating is 3.72.,,2025-09-13
5187,5187,Experienced carpenter with 4 years of experience. Speaks Telugu. Available to travel up to 27 km. Current rating is 3.99.,,2025-01-28
5188,5188,Experienced catering with 8 years of experience. Speaks Kannada. Available to travel up to 21 km. Current rating is 4.8.,,2025-08-30
5189,5189,Experienced lawn maintenance with 20 years of experience. Speaks Telugu. Available to travel up to 9 km. Current rating is 3.62.,,2025-02-12
5190,5190,Experienced tree trimming with 11 years of experience. Speaks Malayalam. Available to travel up to 32 km. Current rating is 4.07.,,2025-07-20
5191,5191,Experienced alteration with 11 years of experience. Speaks Kannada. Available to travel up to 5 km. Current rating is 4.14.,,2025-10-22
5192,5192,Experienced bathroom cleaning with 3 years of experience. Speaks Malayalam. Available to travel up to 27 km. Current rating is 3.67.,,2025-09-17
5193,5193,Experienced microwave repair with 6 years of experience. Speaks Malayalam. Available to travel up to 41 km. Current rating is 3.98.,,2025-01-07
5194,5194,Experienced lawn maintenance with 9 years of experience. Speaks Hindi. Available to travel up to 50 km. Current rating is 4.9.,,2025-10-26
5195,5195,Experienced door repair with 16 years of experience. Speaks Malayalam. Available to travel up to 16 km. Current rating is 4.41.,,2025-07-03
5196,5196,Experienced fan installation with 13 years of experience. Speaks Malayalam. Available to travel up to 46 km. Current rating is 4.47.,,2025-06-15
5197,5197,Experienced plumber with 3 years of experience. Speaks Telugu. Available to travel up to 33 km. Current rating is 4.16.,,2025-03-01
5198,5198,Experienced house cleaning with 17 years of experience. Speaks Tamil. Available to travel up to 20 km. Current rating is 3.98.,,2025-04-05
5199,5199,Experienced house cleaning with 17 years of experience. Speaks Tamil. Available to travel up to 10 km. Current rating is 4.27.,,2025-11-28
5200,5200,Experienced painter with 15 years of experience. Speaks Malayalam. Available to travel up to 6 km. Current rating is 4.05.,,2025-11-26
5201,5201,Experienced alteration with 0 years of experience. Speaks Hindi. Available to travel up to 27 km. Current rating is 3.86.,,2025-01-07
5202,5202,Experienced electrician with 16 years of experience. Speaks Tamil. Available to travel up to 15 km. Current rating is 3.7.,,2025-09-20
5203,5203,Experienced microwave repair with 3 years of experience. Speaks Tamil. Available to travel up to 28 km. Current rating is 3.67.,,2025-02-16
5204,5204,Experienced light installation with 1 years of experience. Speaks Telugu. Available to travel up to 33 km. Current rating is 4.72.,,2025-01-09
5205,5205,Experienced brick work with 7 years of experience. Speaks Tamil. Available to travel up to 43 km. Current rating is 4.76.,,2025-04-02
5206,5206,Experienced door repair with 10 years of experience. Speaks Kannada. Available to travel up to 45 km. Current rating is 3.7.,,2025-11-24
5207,5207,Experienced concrete work with 4 years of experience. Speaks Hindi. Available to travel up to 28 km. Current rating is 4.58.,,2025-04-24
5208,5208,Experienced catering with 14 years of experience. Speaks English. Available to travel up to 17 km. Current rating is 4.75.,,2025-09-03
5209,5209,Experienced brick work with 14 years of experience. Speaks Malayalam. Available to travel up to 35 km. Current rating is 4.44.,,2025-11-29
5210,5210,Experienced exterior painting with 19 years of experience. Speaks English. Available to travel up to 21 km. Current rating is 4.96.,,2025-09-13
5211,5211,Experienced beautician with 12 years of experience. Speaks Telugu. Available to travel up to 16 km. Current rating is 4.25.,,2025-07-23
5212,5212,Experienced electrician with 10 years of experience. Speaks Hindi. Available to travel up to 37 km. Current rating is 4.9.,,2025-05-16
5213,5213,Experienced exterior painting with 4 years of experience. Speaks Telugu. Available to travel up to 20 km. Current rating is 4.75.,,2025-05-26
5214,5214,Experienced door repair with 15 years of experience. Speaks Telugu. Available to travel up to 11 km. Current rating is 4.08.,,2025-03-29
5215,5215,Experienced gardener with 18 years of experience. Speaks English. Available to travel up to 45 km. Current rating is 4.12.,,2025-04-26
5216,5216,Experienced water tank installation with 4 years of experience. Speaks Telugu. Available to travel up to 16 km. Current rating is 3.9.,,2025-06-04
5217,5217,Experienced house cleaning with 5 years of experience. Speaks Kannada. Available to travel up to 27 km. Current rating is 4.75.,,2025-03-13
5218,5218,Experienced concrete work with 20 years of experience. Speaks Tamil. Available to travel up to 11 km. Current rating is 4.27.,,2025-01-13
5219,5219,Experienced water tank installation with 18 years of experience. Speaks Tamil. Available to travel up to 49 km. Current rating is 4.57.,,2025-01-08
5220,5220,Experienced gardener with 3 years of experience. Speaks Tamil. Available to travel up to 6 km. Current rating is 3.88.,,2025-12-09
5221,5221,Experienced wall painting with 13 years of experience. Speaks Kannada. Available to travel up to 41 km. Current rating is 3.89.,,2025-07-03
5222,5222,Experienced ac installation with 15 years of experience. Speaks English. Available to travel up to 31 km. Current rating is 4.18.,,2025-01-26
5223,5223,Experienced deep cleaning with 20 years of experience. Speaks English. Available to travel up to 15 km. Current rating is 4.36.,,2025-08-03
5224,5224,Experienced bathroom cleaning with 9 years of experience. Speaks Hindi. Available to travel up to 30 km. Current rating is 3.79.,,2025-04-28
5225,5225,Experienced tailor with 7 years of experience. Speaks Telugu. Available to travel up to 6 km. Current rating is 3.89.,,2025-07-07
5226,5226,Experienced tree trimming with 8 years of experience. Speaks Tamil. Available to travel up to 50 km. Current rating is 3.85.,,2025-02-06
5227,5227,Experienced ac repair with 14 years of experience. Speaks Telugu. Available to travel up to 41 km. Current rating is 4.67.,,2025-12-08
5228,5228,Experienced alteration with 10 years of experience. Speaks Tamil. Available to travel up to 5 km. Current rating is 3.82.,,2025-11-19
5229,5229,Experienced painter with 11 years of experience. Speaks Hindi. Available to travel up to 35 km. Current rating is 4.51.,,2025-03-07
5230,5230,Experienced wall painting with 13 years of experience. Speaks Hindi. Available to travel up to 26 km. Current rating is 3.67.,,2025-08-31
5231,5231,Experienced bathroom cleaning with 14 years of experience. Speaks English. Available to travel up to 18 km. Current rating is 4.29.,,2025-02-11
5232,5232,Experienced light installation with 15 years of experience. Speaks Kannada. Available to travel up to 9 km. Current rating is 4.02.,,2025-09-01
5233,5233,Experienced electrician with 2 years of experience. Speaks Tamil. Available to travel up to 45 km. Current rating is 4.8.,,2025-04-07
5234,5234,Experienced switch repair with 14 years of experience. Speaks English. Available to travel up to 31 km. Current rating is 4.26.,,2025-04-30
5235,5235,Experienced house wiring with 19 years of experience. Speaks English. Available to travel up to 24 km. Current rating is 4.04.,,2025-01-14
5236,5236,Experienced ac technician with 5 years of experience. Speaks Malayalam. Available to travel up to 35 km. Current rating is 4.76.,,2025-06-30
5237,5237,Experienced light installation with 19 years of experience. Speaks Telugu. Available to travel up to 37 km. Current rating is 4.56.,,2025-02-14
5238,5238,Experienced concrete work with 9 years of experience. Speaks Tamil. Available to travel up to 10 km. Current rating is 3.75.,,2025-06-21
5239,5239,Experienced plumber with 14 years of experience. Speaks Kannada. Available to travel up to 26 km. Current rating is 3.95.,,2025-04-09
5240,5240,Experienced house wiring with 15 years of experience. Speaks Malayalam. Available to travel up to 34 km. Current rating is 4.24.,,2025-06-26
5241,5241,Experienced tv repair with 1 years of experience. Speaks English. Available to travel up to 9 km. Current rating is 3.55.,,2025-04-27
5242,5242,Experienced microwave repair with 14 years of experience. Speaks Malayalam. Available to travel up to 39 km. Current rating is 4.14.,,2025-04-25
5243,5243,Experienced wood polishing with 6 years of experience. Speaks English. Available to travel up to 49 km. Current rating is 4.26.,,2025-11-01
5244,5244,Experienced wood polishing with 8 years of experience. Speaks Kannada. Available to travel up to 27 km. Current rating is 4.52.,,2025-02-27
5245,5245,Experienced gardener with 11 years of experience. Speaks English. Available to travel up to 48 km. Current rating is 3.64.,,2025-02-07
5246,5246,Experienced brick work with 20 years of experience. Speaks Tamil. Available to travel up to 26 km. Current rating is 4.05.,,2025-09-15
5247,5247,Experienced tailor with 3 years of experience. Speaks English. Available to travel up to 5 km. Current rating is 4.21.,,2025-08-04
5248,5248,Experienced plumber with 10 years of experience. Speaks Malayalam. Available to travel up to 41 km. Current rating is 4.46.,,2025-01-01
5249,5249,Experienced kitchen cleaning with 17 years of experience. Speaks Telugu. Available to travel up to 6 km. Current rating is 3.7.,,2025-01-18
5250,5250,Experienced tailor with 12 years of experience. Speaks Hindi. Available to travel up to 15 km. Current rating is 3.56.,,2025-01-08
5251,5251,Experienced water tank installation with 19 years of experience. Speaks Telugu. Available to travel up to 33 km. Current rating is 4.02.,,2025-02-26
5252,5252,Experienced refrigerator repair with 9 years of experience. Speaks Hindi. Available to travel up to 40 km. Current rating is 4.05.,,2025-12-27
5253,5253,Experienced carpenter with 15 years of experience. Speaks Kannada. Available to travel up to 28 km. Current rating is 4.01.,,2025-07-27
5254,5254,Experienced kitchen cleaning with 1 years of experience. Speaks Malayalam. Available to travel up to 45 km. Current rating is 4.67.,,2025-02-16
5255,5255,Experienced movers with 20 years of experience. Speaks Telugu. Available to travel up to 31 km. Current rating is 4.01.,,2025-06-27
5256,5256,Experienced refrigerator repair with 1 years of experience. Speaks Kannada. Available to travel up to 10 km. Current rating is 4.81.,,2025-08-19
5257,5257,Experienced mason with 14 years of experience. Speaks Tamil. Available to travel up to 48 km. Current rating is 4.32.,,2025-11-02
5258,5258,Experienced hair stylist with 3 years of experience. Speaks Tamil. Available to travel up to 42 km. Current rating is 4.76.,,2025-10-05
5259,5259,Experienced tree trimming with 20 years of experience. Speaks Malayalam. Available to travel up to 12 km. Current rating is 4.36.,,2025-04-04
5260,5260,Experienced makeup artist with 19 years of experience. Speaks Kannada. Available to travel up to 30 km. Current rating is 4.43.,,2025-04-07
5261,5261,Experienced alteration with 1 years of experience. Speaks Hindi. Available to travel up to 15 km. Current rating is 3.96.,,2025-02-12
5262,5262,Experienced light installation with 20 years of experience. Speaks Hindi. Available to travel up to 26 km. Current rating is 4.89.,,2025-07-28
5263,5263,Experienced beautician with 2 years of experience. Speaks Telugu. Available to travel up to 24 km. Current rating is 3.83.,,2025-03-17
5264,5264,Experienced washing machine repair with 0 years of experience. Speaks Hindi. Available to travel up to 35 km. Current rating is 4.55.,,2025-06-17
5265,5265,Experienced refrigerator repair with 1 years of experience. Speaks Tamil. Available to travel up to 26 km. Current rating is 3.96.,,2025-10-14
5266,5266,Experienced bathroom fitting with 17 years of experience. Speaks English. Available to travel up to 11 km. Current rating is 4.99.,,2025-03-28
5267,5267,Experienced refrigerator repair with 1 years of experience. Speaks Kannada. Available to travel up to 33 km. Current rating is 4.4.,,2025-10-24
5268,5268,Experienced furniture assembly with 6 years of experience. Speaks Hindi. Available to travel up to 44 km. Current rating is 3.94.,,2025-03-04
5269,5269,Experienced deep cleaning with 19 years of experience. Speaks Tamil. Available to travel up to 9 km. Current rating is 4.86.,,2025-08-10
5270,5270,Experienced bathroom cleaning with 7 years of experience. Speaks Tamil. Available to travel up to 17 km. Current rating is 4.03.,,2025-01-28
5271,5271,Experienced kitchen cleaning with 9 years of experience. Speaks Kannada. Available to travel up to 13 km. Current rating is 4.55.,,2025-06-08
5272,5272,Experienced bathroom fitting with 11 years of experience. Speaks Telugu. Available to travel up to 8 km. Current rating is 4.47.,,2025-04-20
5273,5273,Experienced concrete work with 12 years of experience. Speaks Telugu. Available to travel up to 48 km. Current rating is 3.64.,,2025-06-26
5274,5274,Experienced carpenter with 11 years of experience. Speaks English. Available to travel up to 36 km. Current rating is 4.69.,,2025-07-26
5275,5275,Experienced brick work with 12 years of experience. Speaks Malayalam. Available to travel up to 42 km. Current rating is 4.2.,,2025-01-29
5276,5276,Experienced washing machine repair with 10 years of experience. Speaks Hindi. Available to travel up to 33 km. Current rating is 4.98.,,2025-04-10
5277,5277,Experienced ac technician with 5 years of experience. Speaks Hindi. Available to travel up to 20 km. Current rating is 3.56.,,2025-05-28
5278,5278,Experienced mason with 9 years of experience. Speaks Tamil. Available to travel up to 47 km. Current rating is 4.68.,,2025-09-29
5279,5279,Experienced cook with 16 years of experience. Speaks Hindi. Available to travel up to 16 km. Current rating is 3.65.,,2025-04-13
5280,5280,Experienced makeup artist with 19 years of experience. Speaks Hindi. Available to travel up to 18 km. Current rating is 3.63.,,2025-11-29
5281,5281,Experienced leak detection with 5 years of experience. Speaks Malayalam. Available to travel up to 19 km. Current rating is 4.64.,,2025-04-24
5282,5282,Experienced gardener with 3 years of experience. Speaks Tamil. Available to travel up to 8 km. Current rating is 3.62.,,2025-12-24
5283,5283,Experienced washing machine repair with 19 years of experience. Speaks Telugu. Available to travel up to 14 km. Current rating is 4.74.,,2025-03-12
5284,5284,Experienced ac repair with 3 years of experience. Speaks English. Available to travel up to 25 km. Current rating is 4.51.,,2025-05-07
5285,5285,Experienced carpenter with 8 years of experience. Speaks Kannada. Available to travel up to 7 km. Current rating is 3.64.,,2025-04-06
5286,5286,Experienced fan installation with 12 years of experience. Speaks Tamil. Available to travel up to 23 km. Current rating is 4.75.,,2025-04-29
5287,5287,Experienced kitchen cleaning with 13 years of experience. Speaks Tamil. Available to travel up to 47 km. Current rating is 4.45.,,2025-04-13
5288,5288,Experienced fan installation with 5 years of experience. Speaks English. Available to travel up to 17 km. Current rating is 4.81.,,2025-11-01
5289,5289,Experienced cook with 7 years of experience. Speaks Malayalam. Available to travel up to 14 km. Current rating is 3.87.,,2025-06-23
5290,5290,Experienced cloth stitching with 1 years of experience. Speaks Tamil. Available to travel up to 44 km. Current rating is 3.64.,,2025-12-26
5291,5291,Experienced kitchen cleaning with 19 years of experience. Speaks Malayalam. Available to travel up to 35 km. Current rating is 3.55.,,2025-03-22
5292,5292,Experienced hair stylist with 5 years of experience. Speaks Hindi. Available to travel up to 29 km. Current rating is 3.99.,,2025-08-09
5293,5293,Experienced hair stylist with 5 years of experience. Speaks Hindi. Available to travel up to 49 km. Current rating is 3.68.,,2025-04-30
5294,5294,Experienced painter with 0 years of experience. Speaks Telugu. Available to travel up to 20 km. Current rating is 4.26.,,2025-08-24
5295,5295,Experienced washing machine repair with 4 years of experience. Speaks English. Available to travel up to 23 km. Current rating is 4.97.,,2025-01-24
5296,5296,Experienced ac repair with 9 years of experience. Speaks Kannada. Available to travel up to 21 km. Current rating is 4.07.,,2025-07-28
5297,5297,Experienced bathroom cleaning with 11 years of experience. Speaks English. Available to travel up to 44 km. Current rating is 3.73.,,2025-10-21
5298,5298,Experienced alteration with 5 years of experience. Speaks English. Available to travel up to 16 km. Current rating is 4.24.,,2025-07-23
5299,5299,Experienced driver with 2 years of experience. Speaks Telugu. Available to travel up to 40 km. Current rating is 3.7.,,2025-10-19
5300,5300,Experienced beautician with 15 years of experience. Speaks Malayalam. Available to travel up to 19 km. Current rating is 4.76.,,2025-04-29
5301,5301,Experienced hair stylist with 13 years of experience. Speaks Telugu. Available to travel up to 28 km. Current rating is 4.45.,,2025-03-16
5302,5302,Experienced cloth stitching with 2 years of experience. Speaks English. Available to travel up to 25 km. Current rating is 3.55.,,2025-01-24
5303,5303,Experienced washing machine repair with 16 years of experience. Speaks Kannada. Available to travel up to 46 km. Current rating is 4.36.,,2025-06-19
5304,5304,Experienced plumber with 13 years of experience. Speaks English. Available to travel up to 47 km. Current rating is 4.13.,,2025-09-23
5305,5305,Experienced tile installation with 9 years of experience. Speaks English. Available to travel up to 48 km. Current rating is 4.81.,,2025-09-20
5306,5306,Experienced tile installation with 0 years of experience. Speaks Kannada. Available to travel up to 44 km. Current rating is 4.16.,,2025-01-07
5307,5307,Experienced microwave repair with 3 years of experience. Speaks Malayalam. Available to travel up to 16 km. Current rating is 3.93.,,2025-01-24
5308,5308,Experienced makeup artist with 2 years of experience. Speaks Kannada. Available to travel up to 37 km. Current rating is 4.75.,,2025-05-12
5309,5309,Experienced beautician with 0 years of experience. Speaks Hindi. Available to travel up to 45 km. Current rating is 4.53.,,2025-09-11
5310,5310,Experienced bathroom cleaning with 15 years of experience. Speaks Tamil. Available to travel up to 8 km. Current rating is 4.37.,,2025-06-10
5311,5311,Experienced bathroom cleaning with 3 years of experience. Speaks English. Available to travel up to 44 km. Current rating is 3.58.,,2025-06-17
5312,5312,Experienced hair stylist with 18 years of experience. Speaks English. Available to travel up to 18 km. Current rating is 4.31.,,2025-07-05
5313,5313,Experienced interior painting with 11 years of experience. Speaks English. Available to travel up to 18 km. Current rating is 3.64.,,2025-12-16
5314,5314,Experienced fan installation with 19 years of experience. Speaks Hindi. Available to travel up to 12 km. Current rating is 3.77.,,2025-08-02
5315,5315,Experienced house wiring with 14 years of experience. Speaks Hindi. Available to travel up to 37 km. Current rating is 3.87.,,2025-09-21
5316,5316,Experienced water tank installation with 13 years of experience. Speaks Kannada. Available to travel up to 32 km. Current rating is 4.93.,,2025-06-28
5317,5317,Experienced lawn maintenance with 15 years of experience. Speaks Kannada. Available to travel up to 24 km. Current rating is 4.14.,,2025-01-02
5318,5318,Experienced alteration with 9 years of experience. Speaks Tamil. Available to travel up to 23 km. Current rating is 3.85.,,2025-12-16
5319,5319,Experienced kitchen cleaning with 19 years of experience. Speaks Telugu. Available to travel up to 13 km. Current rating is 4.49.,,2025-05-10
5320,5320,Experienced washing machine repair with 6 years of experience. Speaks Kannada. Available to travel up to 22 km. Current rating is 4.51.,,2025-10-20
5321,5321,Experienced bathroom cleaning with 1 years of experience. Speaks Telugu. Available to travel up to 23 km. Current rating is 4.04.,,2025-01-02
5322,5322,Experienced driver with 3 years of experience. Speaks Tamil. Available to travel up to 41 km. Current rating is 3.79.,,2025-09-28
5323,5323,Experienced washing machine repair with 12 years of experience. Speaks Tamil. Available to travel up to 41 km. Current rating is 4.98.,,2025-07-10
5324,5324,Experienced catering with 14 years of experience. Speaks Tamil. Available to travel up to 38 km. Current rating is 4.02.,,2025-03-09
5325,5325,Experienced catering with 19 years of experience. Speaks Tamil. Available to travel up to 37 km. Current rating is 4.66.,,2025-10-05
5326,5326,Experienced concrete work with 3 years of experience. Speaks Kannada. Available to travel up to 12 km. Current rating is 4.61.,,2025-01-17
5327,5327,Experienced painter with 3 years of experience. Speaks Telugu. Available to travel up to 10 km. Current rating is 4.8.,,2025-12-04
5328,5328,Experienced deep cleaning with 12 years of experience. Speaks Tamil. Available to travel up to 32 km. Current rating is 4.9.,,2025-08-14
5329,5329,Experienced lawn maintenance with 14 years of experience. Speaks Malayalam. Available to travel up to 26 km. Current rating is 4.77.,,2025-12-30
5330,5330,Experienced alteration with 8 years of experience. Speaks Kannada. Available to travel up to 21 km. Current rating is 4.58.,,2025-11-27
5331,5331,Experienced carpenter with 2 years of experience. Speaks Kannada. Available to travel up to 43 km. Current rating is 3.96.,,2025-08-05
5332,5332,Experienced wood polishing with 18 years of experience. Speaks Kannada. Available to travel up to 30 km. Current rating is 4.96.,,2025-10-31
5333,5333,Experienced movers with 10 years of experience. Speaks Tamil. Available to travel up to 37 km. Current rating is 4.93.,,2025-08-07
5334,5334,Experienced microwave repair with 3 years of experience. Speaks English. Available to travel up to 18 km. Current rating is 4.7.,,2025-10-20
5335,5335,Experienced microwave repair with 11 years of experience. Speaks Telugu. Available to travel up to 34 km. Current rating is 3.69.,,2025-08-21
5336,5336,Experienced exterior painting with 5 years of experience. Speaks Malayalam. Available to travel up to 21 km. Current rating is 4.92.,,2025-12-11
5337,5337,Experienced tree trimming with 14 years of experience. Speaks Kannada. Available to travel up to 13 km. Current rating is 4.65.,,2025-09-01
5338,5338,Experienced packers with 9 years of experience. Speaks Tamil. Available to travel up to 48 km. Current rating is 3.55.,,2025-04-02
5339,5339,Experienced pipe repair with 4 years of experience. Speaks Malayalam. Available to travel up to 43 km. Current rating is 4.23.,,2025-10-06
5340,5340,Experienced concrete work with 17 years of experience. Speaks Kannada. Available to travel up to 49 km. Current rating is 3.8.,,2025-01-12
5341,5341,Experienced leak detection with 2 years of experience. Speaks Hindi. Available to travel up to 21 km. Current rating is 4.23.,,2025-01-11
5342,5342,Experienced switch repair with 1 years of experience. Speaks Tamil. Available to travel up to 43 km. Current rating is 3.8.,,2025-10-14
5343,5343,Experienced light installation with 9 years of experience. Speaks Tamil. Available to travel up to 45 km. Current rating is 4.69.,,2025-05-05
5344,5344,Experienced brick work with 13 years of experience. Speaks Kannada. Available to travel up to 34 km. Current rating is 4.87.,,2025-10-31
5345,5345,Experienced bathroom cleaning with 2 years of experience. Speaks Kannada. Available to travel up to 47 km. Current rating is 4.24.,,2025-09-02
5346,5346,Experienced ac repair with 5 years of experience. Speaks Hindi. Available to travel up to 39 km. Current rating is 4.55.,,2025-12-02
5347,5347,Experienced bathroom cleaning with 20 years of experience. Speaks Malayalam. Available to travel up to 10 km. Current rating is 4.63.,,2025-07-20
5348,5348,Experienced gardener with 7 years of experience. Speaks Hindi. Available to travel up to 48 km. Current rating is 4.16.,,2025-12-30
5349,5349,Experienced wall painting with 12 years of experience. Speaks Kannada. Available to travel up to 14 km. Current rating is 3.75.,,2025-12-17
5350,5350,Experienced exterior painting with 10 years of experience. Speaks English. Available to travel up to 39 km. Current rating is 4.64.,,2025-01-12
5351,5351,Experienced door repair with 9 years of experience. Speaks Hindi. Available to travel up to 49 km. Current rating is 3.98.,,2025-03-22
5352,5352,Experienced tailor with 5 years of experience. Speaks Malayalam. Available to travel up to 32 km. Current rating is 4.34.,,2025-06-18
5353,5353,Experienced furniture assembly with 12 years of experience. Speaks Tamil. Available to travel up to 36 km. Current rating is 4.1.,,2025-07-10
5354,5354,Experienced switch repair with 18 years of experience. Speaks Kannada. Available to travel up to 35 km. Current rating is 3.8.,,2025-07-09
5355,5355,Experienced movers with 7 years of experience. Speaks English. Available to travel up to 47 km. Current rating is 4.62.,,2025-05-07
5356,5356,Experienced leak detection with 12 years of experience. Speaks English. Available to travel up to 25 km. Current rating is 4.04.,,2025-07-02
5357,5357,Experienced gardener with 8 years of experience. Speaks Telugu. Available to travel up to 8 km. Current rating is 4.17.,,2025-04-01
5358,5358,Experienced alteration with 12 years of experience. Speaks Tamil. Available to travel up to 15 km. Current rating is 4.14.,,2025-09-27
5359,5359,Experienced washing machine repair with 6 years of experience. Speaks Hindi. Available to travel up to 9 km. Current rating is 4.04.,,2025-08-29
5360,5360,Experienced alteration with 6 years of experience. Speaks Tamil. Available to travel up to 47 km. Current rating is 3.7.,,2025-01-29
5361,5361,Experienced electrician with 14 years of experience. Speaks Telugu. Available to travel up to 5 km. Current rating is 4.4.,,2025-10-05
5362,5362,Experienced microwave repair with 6 years of experience. Speaks Telugu. Available to travel up to 33 km. Current rating is 4.87.,,2025-10-30
5363,5363,Experienced house wiring with 3 years of experience. Speaks Kannada. Available to travel up to 7 km. Current rating is 4.45.,,2025-01-25
5364,5364,Experienced deep cleaning with 2 years of experience. Speaks Tamil. Available to travel up to 43 km. Current rating is 4.44.,,2025-08-09
5365,5365,Experienced brick work with 16 years of experience. Speaks Telugu. Available to travel up to 28 km. Current rating is 4.43.,,2025-01-03
5366,5366,Experienced pipe repair with 1 years of experience. Speaks Hindi. Available to travel up to 47 km. Current rating is 4.17.,,2025-11-02
5367,5367,Experienced brick work with 9 years of experience. Speaks English. Available to travel up to 28 km. Current rating is 3.64.,,2025-08-31
5368,5368,Experienced house cleaning with 17 years of experience. Speaks Tamil. Available to travel up to 14 km. Current rating is 3.73.,,2025-03-04
5369,5369,Experienced house wiring with 19 years of experience. Speaks Tamil. Available to travel up to 44 km. Current rating is 4.36.,,2025-02-15
5370,5370,Experienced packers with 13 years of experience. Speaks Malayalam. Available to travel up to 43 km. Current rating is 3.84.,,2025-05-20
5371,5371,Experienced microwave repair with 20 years of experience. Speaks Malayalam. Available to travel up to 23 km. Current rating is 4.46.,,2025-10-29
5372,5372,Experienced painter with 8 years of experience. Speaks Hindi. Available to travel up to 16 km. Current rating is 3.54.,,2025-11-11
5373,5373,Experienced alteration with 19 years of experience. Speaks Telugu. Available to travel up to 10 km. Current rating is 4.72.,,2025-08-24
5374,5374,Experienced tailor with 10 years of experience. Speaks Telugu. Available to travel up to 34 km. Current rating is 4.87.,,2025-04-24
5375,5375,Experienced light installation with 14 years of experience. Speaks Kannada. Available to travel up to 8 km. Current rating is 4.73.,,2025-12-28
5376,5376,Experienced alteration with 6 years of experience. Speaks English. Available to travel up to 22 km. Current rating is 3.8.,,2025-09-02
5377,5377,Experienced hair stylist with 12 years of experience. Speaks Tamil. Available to travel up to 48 km. Current rating is 4.55.,,2025-12-04
5378,5378,Experienced tile installation with 20 years of experience. Speaks Telugu. Available to travel up to 28 km. Current rating is 4.27.,,2025-09-01
5379,5379,Experienced deep cleaning with 20 years of experience. Speaks Tamil. Available to travel up to 37 km. Current rating is 3.63.,,2025-10-18
5380,5380,Experienced cloth stitching with 6 years of experience. Speaks Telugu. Available to travel up to 5 km. Current rating is 4.26.,,2025-12-10
5381,5381,Experienced bathroom fitting with 3 years of experience. Speaks English. Available to travel up to 18 km. Current rating is 4.76.,,2025-09-06
5382,5382,Experienced deep cleaning with 13 years of experience. Speaks Hindi. Available to travel up to 27 km. Current rating is 4.46.,,2025-09-09
5383,5383,Experienced alteration with 0 years of experience. Speaks English. Available to travel up to 38 km. Current rating is 3.59.,,2025-06-18
5384,5384,Experienced driver with 16 years of experience. Speaks Malayalam. Available to travel up to 36 km. Current rating is 4.35.,,2025-10-13
5385,5385,Experienced kitchen cleaning with 7 years of experience. Speaks Kannada. Available to travel up to 36 km. Current rating is 4.52.,,2025-06-18
5386,5386,Experienced door repair with 6 years of experience. Speaks English. Available to travel up to 33 km. Current rating is 4.22.,,2025-10-15
5387,5387,Experienced kitchen cleaning with 5 years of experience. Speaks Tamil. Available to travel up to 38 km. Current rating is 3.83.,,2025-12-06
5388,5388,Experienced brick work with 20 years of experience. Speaks Malayalam. Available to travel up to 19 km. Current rating is 4.46.,,2025-12-25
5389,5389,Experienced door repair with 15 years of experience. Speaks Tamil. Available to travel up to 44 km. Current rating is 4.84.,,2025-08-25
5390,5390,Experienced exterior painting with 15 years of experience. Speaks English. Available to travel up to 38 km. Current rating is 4.18.,,2025-01-22
5391,5391,Experienced electrician with 5 years of experience. Speaks Tamil. Available to travel up to 25 km. Current rating is 3.92.,,2025-08-14
5392,5392,Experienced washing machine repair with 5 years of experience. Speaks Hindi. Available to travel up to 15 km. Current rating is 4.11.,,2025-10-04
5393,5393,Experienced carpenter with 15 years of experience. Speaks Tamil. Available to travel up to 45 km. Current rating is 4.04.,,2025-09-20
5394,5394,Experienced pipe repair with 5 years of experience. Speaks Kannada. Available to travel up to 8 km. Current rating is 4.54.,,2025-12-12
5395,5395,Experienced hair stylist with 20 years of experience. Speaks Malayalam. Available to travel up to 49 km. Current rating is 4.17.,,2025-08-16
5396,5396,Experienced leak detection with 12 years of experience. Speaks Hindi. Available to travel up to 25 km. Current rating is 4.98.,,2025-03-20
5397,5397,Experienced lawn maintenance with 18 years of experience. Speaks Malayalam. Available to travel up to 35 km. Current rating is 4.6.,,2025-08-23
5398,5398,Experienced makeup artist with 13 years of experience. Speaks Hindi. Available to travel up to 25 km. Current rating is 4.57.,,2025-09-23
5399,5399,Experienced water tank installation with 19 years of experience. Speaks Telugu. Available to travel up to 29 km. Current rating is 3.75.,,2025-08-07
5400,5400,Experienced makeup artist with 0 years of experience. Speaks Tamil. Available to travel up to 16 km. Current rating is 4.9.,,2025-10-07
5401,5401,Experienced hair stylist with 13 years of experience. Speaks English. Available to travel up to 31 km. Current rating is 3.84.,,2025-03-18
5402,5402,Experienced leak detection with 15 years of experience. Speaks Telugu. Available to travel up to 36 km. Current rating is 4.82.,,2025-05-06
5403,5403,Experienced bathroom cleaning with 0 years of experience. Speaks Tamil. Available to travel up to 5 km. Current rating is 3.87.,,2025-07-25
5404,5404,Experienced electrician with 7 years of experience. Speaks Telugu. Available to travel up to 31 km. Current rating is 4.59.,,2025-10-15
5405,5405,Experienced fan installation with 18 years of experience. Speaks Kannada. Available to travel up to 27 km. Current rating is 4.15.,,2025-06-18
5406,5406,Experienced plumber with 8 years of experience. Speaks Telugu. Available to travel up to 15 km. Current rating is 3.68.,,2025-01-11
5407,5407,Experienced furniture assembly with 12 years of experience. Speaks Tamil. Available to travel up to 5 km. Current rating is 4.23.,,2025-10-04
5408,5408,Experienced house cleaning with 7 years of experience. Speaks Telugu. Available to travel up to 22 km. Current rating is 4.33.,,2025-08-10
5409,5409,Experienced lawn maintenance with 19 years of experience. Speaks Hindi. Available to travel up to 33 km. Current rating is 4.64.,,2025-12-26
5410,5410,Experienced fan installation with 1 years of experience. Speaks Kannada. Available to travel up to 37 km. Current rating is 4.91.,,2025-01-18
5411,5411,Experienced beautician with 15 years of experience. Speaks Hindi. Available to travel up to 18 km. Current rating is 4.85.,,2025-10-20
5412,5412,Experienced house cleaning with 6 years of experience. Speaks Hindi. Available to travel up to 31 km. Current rating is 3.88.,,2025-06-26
5413,5413,Experienced electrician with 1 years of experience. Speaks Kannada. Available to travel up to 25 km. Current rating is 4.07.,,2025-02-14
5414,5414,Experienced wood polishing with 5 years of experience. Speaks Tamil. Available to travel up to 20 km. Current rating is 3.52.,,2025-06-22
5415,5415,Experienced ac installation with 1 years of experience. Speaks Telugu. Available to travel up to 40 km. Current rating is 3.87.,,2025-01-29
5416,5416,Experienced beautician with 12 years of experience. Speaks Hindi. Available to travel up to 8 km. Current rating is 3.69.,,2025-01-30
5417,5417,Experienced ac installation with 10 years of experience. Speaks Kannada. Available to travel up to 27 km. Current rating is 4.13.,,2025-06-24
5418,5418,Experienced driver with 6 years of experience. Speaks Tamil. Available to travel up to 43 km. Current rating is 4.28.,,2025-06-03
5419,5419,Experienced interior painting with 7 years of experience. Speaks Hindi. Available to travel up to 11 km. Current rating is 4.23.,,2025-02-25
5420,5420,Experienced furniture assembly with 12 years of experience. Speaks English. Available to travel up to 34 km. Current rating is 4.9.,,2025-12-13
5421,5421,Experienced cloth stitching with 1 years of experience. Speaks Hindi. Available to travel up to 32 km. Current rating is 3.51.,,2025-02-04
5422,5422,Experienced washing machine repair with 17 years of experience. Speaks Tamil. Available to travel up to 43 km. Current rating is 3.87.,,2025-09-27
5423,5423,Experienced driver with 15 years of experience. Speaks English. Available to travel up to 33 km. Current rating is 4.45.,,2025-01-27
5424,5424,Experienced interior painting with 8 years of experience. Speaks Tamil. Available to travel up to 40 km. Current rating is 4.15.,,2025-08-17
5425,5425,Experienced cloth stitching with 11 years of experience. Speaks Malayalam. Available to travel up to 24 km. Current rating is 4.42.,,2025-01-07
5426,5426,Experienced wall painting with 0 years of experience. Speaks Kannada. Available to travel up to 41 km. Current rating is 4.72.,,2025-05-07
5427,5427,Experienced ac repair with 2 years of experience. Speaks Hindi. Available to travel up to 9 km. Current rating is 3.5.,,2025-07-09
5428,5428,Experienced cloth stitching with 11 years of experience. Speaks Hindi. Available to travel up to 11 km. Current rating is 4.29.,,2025-06-07
5429,5429,Experienced lawn maintenance with 2 years of experience. Speaks Malayalam. Available to travel up to 30 km. Current rating is 4.6.,,2025-11-03
5430,5430,Experienced refrigerator repair with 0 years of experience. Speaks Hindi. Available to travel up to 24 km. Current rating is 4.16.,,2025-06-27
5431,5431,Experienced wood polishing with 5 years of experience. Speaks Telugu. Available to travel up to 17 km. Current rating is 4.77.,,2025-03-27
5432,5432,Experienced water tank installation with 1 years of experience. Speaks Malayalam. Available to travel up to 42 km. Current rating is 4.13.,,2025-07-02
5433,5433,Experienced makeup artist with 3 years of experience. Speaks Malayalam. Available to travel up to 34 km. Current rating is 4.9.,,2025-09-18
5434,5434,Experienced furniture assembly with 6 years of experience. Speaks Malayalam. Available to travel up to 11 km. Current rating is 3.93.,,2025-07-11
5435,5435,Experienced cloth stitching with 11 years of experience. Speaks Hindi. Available to travel up to 6 km. Current rating is 3.9.,,2025-05-02
5436,5436,Experienced house cleaning with 18 years of experience. Speaks Telugu. Available to travel up to 9 km. Current rating is 3.83.,,2025-07-15
5437,5437,Experienced light installation with 20 years of experience. Speaks Telugu. Available to travel up to 40 km. Current rating is 4.04.,,2025-09-25
5438,5438,Experienced interior painting with 19 years of experience. Speaks Tamil. Available to travel up to 41 km. Current rating is 4.76.,,2025-03-09
5439,5439,Experienced wall painting with 17 years of experience. Speaks Malayalam. Available to travel up to 27 km. Current rating is 3.9.,,2025-01-09
5440,5440,Experienced switch repair with 11 years of experience. Speaks English. Available to travel up to 19 km. Current rating is 4.7.,,2025-02-05
5441,5441,Experienced security guard with 15 years of experience. Speaks Telugu. Available to travel up to 5 km. Current rating is 4.47.,,2025-03-17
5442,5442,Experienced pipe repair with 2 years of experience. Speaks Tamil. Available to travel up to 26 km. Current rating is 4.32.,,2025-05-17
5443,5443,Experienced brick work with 1 years of experience. Speaks English. Available to travel up to 20 km. Current rating is 4.09.,,2025-10-20
5444,5444,Experienced house wiring with 9 years of experience. Speaks Tamil. Available to travel up to 9 km. Current rating is 4.39.,,2025-05-01
5445,5445,Experienced driver with 19 years of experience. Speaks Kannada. Available to travel up to 15 km. Current rating is 4.12.,,2025-06-16
5446,5446,Experienced security guard with 14 years of experience. Speaks Malayalam. Available to travel up to 43 km. Current rating is 4.47.,,2025-04-17
5447,5447,Experienced switch repair with 0 years of experience. Speaks Telugu. Available to travel up to 39 km. Current rating is 4.99.,,2025-09-03
5448,5448,Experienced driver with 12 years of experience. Speaks Hindi. Available to travel up to 41 km. Current rating is 4.34.,,2025-05-03
5449,5449,Experienced kitchen cleaning with 12 years of experience. Speaks English. Available to travel up to 8 km. Current rating is 4.98.,,2025-04-05
5450,5450,Experienced pipe repair with 2 years of experience. Speaks Hindi. Available to travel up to 28 km. Current rating is 4.05.,,2025-06-14
5451,5451,Experienced painter with 5 years of experience. Speaks Malayalam. Available to travel up to 16 km. Current rating is 3.66.,,2025-05-29
5452,5452,Experienced driver with 8 years of experience. Speaks Malayalam. Available to travel up to 16 km. Current rating is 4.86.,,2025-05-03
5453,5453,Experienced gardener with 1 years of experience. Speaks Kannada. Available to travel up to 43 km. Current rating is 4.74.,,2025-03-02
5454,5454,Experienced light installation with 18 years of experience. Speaks Kannada. Available to travel up to 38 km. Current rating is 4.63.,,2025-12-24
5455,5455,Experienced tile installation with 12 years of experience. Speaks Tamil. Available to travel up to 13 km. Current rating is 3.6.,,2025-04-20
5456,5456,Experienced catering with 15 years of experience. Speaks Hindi. Available to travel up to 42 km. Current rating is 4.18.,,2025-10-25
5457,5457,Experienced makeup artist with 6 years of experience. Speaks Kannada. Available to travel up to 10 km. Current rating is 4.08.,,2025-03-19
5458,5458,Experienced tailor with 1 years of experience. Speaks Kannada. Available to travel up to 42 km. Current rating is 4.36.,,2025-01-05
5459,5459,Experienced ac repair with 15 years of experience. Speaks Tamil. Available to travel up to 27 km. Current rating is 3.51.,,2025-04-25
5460,5460,Experienced light installation with 12 years of experience. Speaks Malayalam. Available to travel up to 16 km. Current rating is 4.59.,,2025-04-16
5461,5461,Experienced bathroom fitting with 12 years of experience. Speaks Kannada. Available to travel up to 49 km. Current rating is 4.36.,,2025-11-03
5462,5462,Experienced house cleaning with 13 years of experience. Speaks English. Available to travel up to 39 km. Current rating is 4.16.,,2025-03-10
5463,5463,Experienced fan installation with 6 years of experience. Speaks English. Available to travel up to 22 km. Current rating is 4.15.,,2025-09-03
5464,5464,Experienced door repair with 5 years of experience. Speaks English. Available to travel up to 25 km. Current rating is 4.42.,,2025-09-15
5465,5465,Experienced electrician with 13 years of experience. Speaks Tamil. Available to travel up to 39 km. Current rating is 4.28.,,2025-11-13
5466,5466,Experienced tailor with 16 years of experience. Speaks Telugu. Available to travel up to 11 km. Current rating is 3.9.,,2025-01-08
5467,5467,Experienced pipe repair with 7 years of experience. Speaks Malayalam. Available to travel up to 5 km. Current rating is 4.23.,,2025-11-25
5468,5468,Experienced furniture assembly with 2 years of experience. Speaks Malayalam. Available to travel up to 32 km. Current rating is 4.62.,,2025-11-21
5469,5469,Experienced door repair with 5 years of experience. Speaks Malayalam. Available to travel up to 23 km. Current rating is 4.05.,,2025-09-24
5470,5470,Experienced electrician with 2 years of experience. Speaks English. Available to travel up to 5 km. Current rating is 4.5.,,2025-06-02
5471,5471,Experienced water tank installation with 12 years of experience. Speaks Hindi. Available to travel up to 46 km. Current rating is 4.05.,,2025-05-18
5472,5472,Experienced exterior painting with 0 years of experience. Speaks Malayalam. Available to travel up to 48 km. Current rating is 4.28.,,2025-08-30
5473,5473,Experienced alteration with 18 years of experience. Speaks English. Available to travel up to 16 km. Current rating is 3.76.,,2025-10-27
5474,5474,Experienced bathroom fitting with 10 years of experience. Speaks Hindi. Available to travel up to 28 km. Current rating is 3.83.,,2025-08-05
5475,5475,Experienced interior painting with 4 years of experience. Speaks Kannada. Available to travel up to 36 km. Current rating is 4.46.,,2025-07-06
5476,5476,Experienced movers with 1 years of experience. Speaks Telugu. Available to travel up to 13 km. Current rating is 4.66.,,2025-10-04
5477,5477,Experienced kitchen cleaning with 20 years of experience. Speaks Tamil. Available to travel up to 19 km. Current rating is 3.65.,,2025-06-07
5478,5478,Experienced pipe repair with 12 years of experience. Speaks Kannada. Available to travel up to 36 km. Current rating is 3.64.,,2025-03-24
5479,5479,Experienced exterior painting with 20 years of experience. Speaks Kannada. Available to travel up to 32 km. Current rating is 3.57.,,2025-06-13
5480,5480,Experienced water tank installation with 14 years of experience. Speaks English. Available to travel up to 8 km. Current rating is 4.21.,,2025-06-08
5481,5481,Experienced pipe repair with 12 years of experience. Speaks Telugu. Available to travel up to 5 km. Current rating is 4.52.,,2025-06-30
5482,5482,Experienced beautician with 1 years of experience. Speaks English. Available to travel up to 17 km. Current rating is 3.88.,,2025-12-07
5483,5483,Experienced house wiring with 12 years of experience. Speaks Kannada. Available to travel up to 46 km. Current rating is 4.73.,,2025-04-12
5484,5484,Experienced movers with 13 years of experience. Speaks Malayalam. Available to travel up to 31 km. Current rating is 4.99.,,2025-08-14
5485,5485,Experienced tailor with 1 years of experience. Speaks Malayalam. Available to travel up to 11 km. Current rating is 4.74.,,2025-07-18
5486,5486,Experienced house cleaning with 4 years of experience. Speaks Tamil. Available to travel up to 19 km. Current rating is 4.46.,,2025-06-08
5487,5487,Experienced alteration with 7 years of experience. Speaks Tamil. Available to travel up to 11 km. Current rating is 4.31.,,2025-01-24
5488,5488,Experienced packers with 0 years of experience. Speaks Malayalam. Available to travel up to 36 km. Current rating is 3.68.,,2025-10-04
5489,5489,Experienced gardener with 5 years of experience. Speaks English. Available to travel up to 14 km. Current rating is 4.62.,,2025-04-06
5490,5490,Experienced house wiring with 11 years of experience. Speaks Malayalam. Available to travel up to 7 km. Current rating is 4.32.,,2025-04-07
5491,5491,Experienced deep cleaning with 0 years of experience. Speaks Kannada. Available to travel up to 10 km. Current rating is 3.95.,,2025-02-02
5492,5492,Experienced washing machine repair with 16 years of experience. Speaks English. Available to travel up to 48 km. Current rating is 3.85.,,2025-03-25
5493,5493,Experienced electrician with 10 years of experience. Speaks Kannada. Available to travel up to 6 km. Current rating is 4.95.,,2025-09-05
5494,5494,Experienced plumber with 20 years of experience. Speaks Tamil. Available to travel up to 18 km. Current rating is 3.77.,,2025-11-06
5495,5495,Experienced movers with 1 years of experience. Speaks Hindi. Available to travel up to 24 km. Current rating is 3.74.,,2025-02-15
5496,5496,Experienced microwave repair with 0 years of experience. Speaks Kannada. Available to travel up to 26 km. Current rating is 4.1.,,2026-01-01
5497,5497,Experienced cloth stitching with 4 years of experience. Speaks Telugu. Available to travel up to 47 km. Current rating is 4.64.,,2025-01-01
5498,5498,Experienced fan installation with 7 years of experience. Speaks English. Available to travel up to 45 km. Current rating is 4.52.,,2025-10-14
5499,5499,Experienced movers with 1 years of experience. Speaks Malayalam. Available to travel up to 21 km. Current rating is 4.68.,,2025-01-17
5500,5500,Experienced leak detection with 9 years of experience. Speaks Malayalam. Available to travel up to 43 km. Current rating is 4.63.,,2025-04-10
5501,5501,Experienced catering with 8 years of experience. Speaks Hindi. Available to travel up to 34 km. Current rating is 3.71.,,2025-08-22
5502,5502,Experienced ac repair with 5 years of experience. Speaks Kannada. Available to travel up to 9 km. Current rating is 3.97.,,2025-07-17
5503,5503,Experienced kitchen cleaning with 6 years of experience. Speaks Malayalam. Available to travel up to 50 km. Current rating is 4.12.,,2025-12-28
5504,5504,Experienced kitchen cleaning with 0 years of experience. Speaks Telugu. Available to travel up to 20 km. Current rating is 4.67.,,2025-02-11
5505,5505,Experienced tailor with 20 years of experience. Speaks English. Available to travel up to 5 km. Current rating is 4.5.,,2025-08-01
5506,5506,Experienced cook with 18 years of experience. Speaks English. Available to travel up to 22 km. Current rating is 4.61.,,2025-03-31
5507,5507,Experienced mason with 4 years of experience. Speaks Kannada. Available to travel up to 17 km. Current rating is 3.78.,,2025-05-03
5508,5508,Experienced ac repair with 0 years of experience. Speaks English. Available to travel up to 23 km. Current rating is 4.46.,,2025-09-11
5509,5509,Experienced interior painting with 14 years of experience. Speaks Malayalam. Available to travel up to 40 km. Current rating is 3.95.,,2025-07-27
5510,5510,Experienced deep cleaning with 9 years of experience. Speaks Telugu. Available to travel up to 39 km. Current rating is 4.12.,,2025-07-21
5511,5511,Experienced tree trimming with 19 years of experience. Speaks Hindi. Available to travel up to 13 km. Current rating is 3.96.,,2025-08-19
5512,5512,Experienced electrician with 7 years of experience. Speaks Malayalam. Available to travel up to 30 km. Current rating is 4.24.,,2025-04-28
5513,5513,Experienced house wiring with 3 years of experience. Speaks Tamil. Available to travel up to 7 km. Current rating is 4.25.,,2025-04-12
5514,5514,Experienced furniture assembly with 12 years of experience. Speaks Kannada. Available to travel up to 18 km. Current rating is 4.88.,,2025-05-21
5515,5515,Experienced plumber with 7 years of experience. Speaks English. Available to travel up to 28 km. Current rating is 4.76.,,2025-04-11
5516,5516,Experienced wood polishing with 19 years of experience. Speaks Tamil. Available to travel up to 42 km. Current rating is 5.0.,,2025-03-09
5517,5517,Experienced gardener with 2 years of experience. Speaks Tamil. Available to travel up to 28 km. Current rating is 4.67.,,2025-08-18
5518,5518,Experienced cloth stitching with 16 years of experience. Speaks Malayalam. Available to travel up to 13 km. Current rating is 4.53.,,2025-12-22
5519,5519,Experienced switch repair with 16 years of experience. Speaks Tamil. Available to travel up to 46 km. Current rating is 4.45.,,2025-10-31
5520,5520,Experienced wall painting with 2 years of experience. Speaks Malayalam. Available to travel up to 27 km. Current rating is 4.65.,,2025-01-20
5521,5521,Experienced tree trimming with 16 years of experience. Speaks Malayalam. Available to travel up to 13 km. Current rating is 4.97.,,2025-10-25
5522,5522,Experienced alteration with 8 years of experience. Speaks English. Available to travel up to 38 km. Current rating is 4.5.,,2025-06-13
5523,5523,Experienced tile installation with 9 years of experience. Speaks Telugu. Available to travel up to 7 km. Current rating is 4.87.,,2025-07-17
5524,5524,Experienced leak detection with 20 years of experience. Speaks Tamil. Available to travel up to 8 km. Current rating is 4.29.,,2025-10-21
5525,5525,Experienced switch repair with 13 years of experience. Speaks Telugu. Available to travel up to 43 km. Current rating is 4.38.,,2025-03-11
5526,5526,Experienced bathroom fitting with 18 years of experience. Speaks English. Available to travel up to 35 km. Current rating is 4.16.,,2025-07-26
5527,5527,Experienced pipe repair with 18 years of experience. Speaks Malayalam. Available to travel up to 26 km. Current rating is 3.52.,,2025-11-23
5528,5528,Experienced lawn maintenance with 8 years of experience. Speaks Tamil. Available to travel up to 13 km. Current rating is 3.71.,,2025-03-06
5529,5529,Experienced bathroom fitting with 4 years of experience. Speaks Tamil. Available to travel up to 34 km. Current rating is 3.75.,,2025-01-06
5530,5530,Experienced packers with 11 years of experience. Speaks Tamil. Available to travel up to 36 km. Current rating is 4.33.,,2025-09-19
5531,5531,Experienced movers with 6 years of experience. Speaks Hindi. Available to travel up to 8 km. Current rating is 3.87.,,2025-03-24
5532,5532,Experienced switch repair with 14 years of experience. Speaks Telugu. Available to travel up to 45 km. Current rating is 4.59.,,2025-04-19
5533,5533,Experienced alteration with 11 years of experience. Speaks Tamil. Available to travel up to 41 km. Current rating is 4.58.,,2025-08-20
5534,5534,Experienced alteration with 2 years of experience. Speaks Malayalam. Available to travel up to 6 km. Current rating is 3.81.,,2025-06-10
5535,5535,Experienced mason with 9 years of experience. Speaks Kannada. Available to travel up to 15 km. Current rating is 4.51.,,2025-05-17
5536,5536,Experienced cloth stitching with 6 years of experience. Speaks Kannada. Available to travel up to 21 km. Current rating is 4.67.,,2025-10-14
5537,5537,Experienced cloth stitching with 12 years of experience. Speaks Kannada. Available to travel up to 18 km. Current rating is 3.66.,,2025-11-17
5538,5538,Experienced exterior painting with 12 years of experience. Speaks Telugu. Available to travel up to 44 km. Current rating is 4.15.,,2025-01-14
5539,5539,Experienced ac repair with 7 years of experience. Speaks English. Available to travel up to 39 km. Current rating is 4.63.,,2025-09-06
5540,5540,Experienced alteration with 5 years of experience. Speaks English. Available to travel up to 7 km. Current rating is 3.56.,,2025-04-23
5541,5541,Experienced house cleaning with 1 years of experience. Speaks Malayalam. Available to travel up to 30 km. Current rating is 4.36.,,2025-08-18
5542,5542,Experienced house wiring with 18 years of experience. Speaks Telugu. Available to travel up to 33 km. Current rating is 4.27.,,2025-05-17
5543,5543,Experienced cloth stitching with 0 years of experience. Speaks Tamil. Available to travel up to 45 km. Current rating is 4.31.,,2025-01-09
5544,5544,Experienced beautician with 5 years of experience. Speaks Telugu. Available to travel up to 19 km. Current rating is 3.71.,,2025-07-09
5545,5545,Experienced ac technician with 6 years of experience. Speaks English. Available to travel up to 41 km. Current rating is 4.73.,,2025-12-05
5546,5546,Experienced interior painting with 16 years of experience. Speaks Telugu. Available to travel up to 14 km. Current rating is 3.88.,,2025-11-22
5547,5547,Experienced ac repair with 3 years of experience. Speaks Tamil. Available to travel up to 44 km. Current rating is 3.99.,,2026-01-01
5548,5548,Experienced movers with 3 years of experience. Speaks Telugu. Available to travel up to 24 km. Current rating is 4.85.,,2025-04-20
5549,5549,Experienced light installation with 20 years of experience. Speaks Hindi. Available to travel up to 32 km. Current rating is 4.41.,,2025-12-16
5550,5550,Experienced interior painting with 16 years of experience. Speaks English. Available to travel up to 13 km. Current rating is 4.78.,,2025-09-25
5551,5551,Experienced wall painting with 16 years of experience. Speaks Telugu. Available to travel up to 25 km. Current rating is 3.97.,,2025-02-19
5552,5552,Experienced bathroom cleaning with 4 years of experience. Speaks Tamil. Available to travel up to 10 km. Current rating is 4.74.,,2025-02-17
5553,5553,Experienced house wiring with 20 years of experience. Speaks Kannada. Available to travel up to 33 km. Current rating is 3.63.,,2025-06-23
5554,5554,Experienced ac technician with 2 years of experience. Speaks Tamil. Available to travel up to 34 km. Current rating is 3.61.,,2025-11-21
5555,5555,Experienced security guard with 19 years of experience. Speaks Hindi. Available to travel up to 27 km. Current rating is 4.42.,,2025-07-16
5556,5556,Experienced beautician with 3 years of experience. Speaks Kannada. Available to travel up to 14 km. Current rating is 4.65.,,2025-01-23
5557,5557,Experienced beautician with 8 years of experience. Speaks Hindi. Available to travel up to 41 km. Current rating is 4.29.,,2025-10-01
5558,5558,Experienced refrigerator repair with 15 years of experience. Speaks Telugu. Available to travel up to 16 km. Current rating is 4.39.,,2025-12-27
5559,5559,Experienced cook with 14 years of experience. Speaks Tamil. Available to travel up to 24 km. Current rating is 4.91.,,2025-05-14
5560,5560,Experienced water tank installation with 2 years of experience. Speaks Tamil. Available to travel up to 47 km. Current rating is 4.16.,,2025-10-06
5561,5561,Experienced plumber with 7 years of experience. Speaks Hindi. Available to travel up to 39 km. Current rating is 4.46.,,2025-05-22
5562,5562,Experienced cook with 10 years of experience. Speaks Kannada. Available to travel up to 48 km. Current rating is 4.81.,,2025-12-28
5563,5563,Experienced brick work with 20 years of experience. Speaks Hindi. Available to travel up to 15 km. Current rating is 4.5.,,2025-06-07
5564,5564,Experienced ac installation with 18 years of experience. Speaks Kannada. Available to travel up to 19 km. Current rating is 4.98.,,2025-03-12
5565,5565,Experienced microwave repair with 19 years of experience. Speaks Tamil. Available to travel up to 40 km. Current rating is 3.79.,,2025-03-20
5566,5566,Experienced catering with 5 years of experience. Speaks Telugu. Available to travel up to 26 km. Current rating is 3.63.,,2025-12-06
5567,5567,Experienced brick work with 1 years of experience. Speaks English. Available to travel up to 35 km. Current rating is 4.39.,,2025-05-30
5568,5568,Experienced microwave repair with 6 years of experience. Speaks Telugu. Available to travel up to 41 km. Current rating is 3.52.,,2025-03-11
5569,5569,Experienced interior painting with 6 years of experience. Speaks Telugu. Available to travel up to 43 km. Current rating is 4.61.,,2025-04-22
5570,5570,Experienced tree trimming with 6 years of experience. Speaks Malayalam. Available to travel up to 24 km. Current rating is 4.66.,,2025-08-06
5571,5571,Experienced packers with 13 years of experience. Speaks Hindi. Available to travel up to 26 km. Current rating is 3.85.,,2025-12-25
5572,5572,Experienced wood polishing with 10 years of experience. Speaks Hindi. Available to travel up to 49 km. Current rating is 4.63.,,2025-07-03
5573,5573,Experienced microwave repair with 12 years of experience. Speaks Malayalam. Available to travel up to 14 km. Current rating is 3.99.,,2025-08-27
5574,5574,Experienced hair stylist with 18 years of experience. Speaks Malayalam. Available to travel up to 23 km. Current rating is 3.68.,,2025-09-30
5575,5575,Experienced wood polishing with 5 years of experience. Speaks Hindi. Available to travel up to 49 km. Current rating is 4.77.,,2025-12-13
5576,5576,Experienced tree trimming with 6 years of experience. Speaks English. Available to travel up to 50 km. Current rating is 3.78.,,2025-01-27
5577,5577,Experienced gardener with 11 years of experience. Speaks Tamil. Available to travel up to 30 km. Current rating is 4.39.,,2025-03-04
5578,5578,Experienced refrigerator repair with 18 years of experience. Speaks Hindi. Available to travel up to 50 km. Current rating is 3.83.,,2025-01-08
5579,5579,Experienced driver with 11 years of experience. Speaks Hindi. Available to travel up to 32 km. Current rating is 3.52.,,2025-12-08
5580,5580,Experienced refrigerator repair with 9 years of experience. Speaks Telugu. Available to travel up to 43 km. Current rating is 4.55.,,2025-01-29
5581,5581,Experienced tile installation with 18 years of experience. Speaks Hindi. Available to travel up to 40 km. Current rating is 4.49.,,2025-06-27
5582,5582,Experienced exterior painting with 0 years of experience. Speaks Malayalam. Available to travel up to 20 km. Current rating is 3.85.,,2025-05-09
5583,5583,Experienced bathroom fitting with 7 years of experience. Speaks Malayalam. Available to travel up to 47 km. Current rating is 4.42.,,2025-01-18
5584,5584,Experienced tree trimming with 19 years of experience. Speaks Telugu. Available to travel up to 17 km. Current rating is 3.56.,,2025-09-05
5585,5585,Experienced plumber with 12 years of experience. Speaks Kannada. Available to travel up to 39 km. Current rating is 3.96.,,2025-05-31
5586,5586,Experienced ac repair with 12 years of experience. Speaks Hindi. Available to travel up to 28 km. Current rating is 4.44.,,2025-01-06
5587,5587,Experienced ac installation with 12 years of experience. Speaks English. Available to travel up to 22 km. Current rating is 4.41.,,2025-01-18
5588,5588,Experienced tailor with 5 years of experience. Speaks Malayalam. Available to travel up to 12 km. Current rating is 4.32.,,2025-10-13
5589,5589,Experienced wood polishing with 1 years of experience. Speaks English. Available to travel up to 26 km. Current rating is 4.77.,,2025-10-03
5590,5590,Experienced hair stylist with 14 years of experience. Speaks Malayalam. Available to travel up to 15 km. Current rating is 3.82.,,2025-04-02
5591,5591,Experienced packers with 17 years of experience. Speaks Kannada. Available to travel up to 37 km. Current rating is 4.99.,,2025-04-28
5592,5592,Experienced bathroom fitting with 13 years of experience. Speaks Malayalam. Available to travel up to 7 km. Current rating is 4.55.,,2025-01-11
5593,5593,Experienced ac installation with 4 years of experience. Speaks Tamil. Available to travel up to 6 km. Current rating is 3.77.,,2025-05-15
5594,5594,Experienced beautician with 18 years of experience. Speaks English. Available to travel up to 44 km. Current rating is 4.41.,,2025-02-08
5595,5595,Experienced movers with 20 years of experience. Speaks English. Available to travel up to 10 km. Current rating is 4.55.,,2025-02-09
5596,5596,Experienced alteration with 11 years of experience. Speaks English. Available to travel up to 22 km. Current rating is 3.62.,,2025-07-04
5597,5597,Experienced pipe repair with 6 years of experience. Speaks Telugu. Available to travel up to 31 km. Current rating is 4.5.,,2025-03-24
5598,5598,Experienced microwave repair with 9 years of experience. Speaks Kannada. Available to travel up to 49 km. Current rating is 4.87.,,2025-07-20
5599,5599,Experienced washing machine repair with 2 years of experience. Speaks Malayalam. Available to travel up to 20 km. Current rating is 4.83.,,2025-07-01
5600,5600,Experienced hair stylist with 15 years of experience. Speaks Tamil. Available to travel up to 39 km. Current rating is 3.79.,,2025-11-25
5601,5601,Experienced ac installation with 10 years of experience. Speaks English. Available to travel up to 34 km. Current rating is 4.7.,,2025-10-19
5602,5602,Experienced movers with 13 years of experience. Speaks Telugu. Available to travel up to 9 km. Current rating is 4.99.,,2025-11-01
5603,5603,Experienced brick work with 2 years of experience. Speaks Hindi. Available to travel up to 17 km. Current rating is 4.97.,,2025-11-23
5604,5604,Experienced beautician with 18 years of experience. Speaks Kannada. Available to travel up to 20 km. Current rating is 3.51.,,2025-08-22
5605,5605,Experienced cloth stitching with 17 years of experience. Speaks Malayalam. Available to travel up to 14 km. Current rating is 3.74.,,2025-10-19
5606,5606,Experienced alteration with 9 years of experience. Speaks English. Available to travel up to 15 km. Current rating is 4.77.,,2025-06-22
5607,5607,Experienced furniture assembly with 9 years of experience. Speaks Tamil. Available to travel up to 46 km. Current rating is 4.97.,,2025-03-18
5608,5608,Experienced tv repair with 10 years of experience. Speaks Tamil. Available to travel up to 10 km. Current rating is 4.71.,,2025-10-08
5609,5609,Experienced water tank installation with 15 years of experience. Speaks Kannada. Available to travel up to 40 km. Current rating is 4.01.,,2025-02-05
5610,5610,Experienced tailor with 10 years of experience. Speaks Malayalam. Available to travel up to 45 km. Current rating is 4.41.,,2025-11-13
5611,5611,Experienced packers with 14 years of experience. Speaks Telugu. Available to travel up to 13 km. Current rating is 3.55.,,2025-02-28
5612,5612,Experienced makeup artist with 2 years of experience. Speaks English. Available to travel up to 34 km. Current rating is 4.11.,,2025-12-17
5613,5613,Experienced driver with 11 years of experience. Speaks Hindi. Available to travel up to 21 km. Current rating is 4.15.,,2025-11-23
5614,5614,Experienced refrigerator repair with 12 years of experience. Speaks Tamil. Available to travel up to 25 km. Current rating is 3.77.,,2025-03-31
5615,5615,Experienced plumber with 9 years of experience. Speaks Kannada. Available to travel up to 49 km. Current rating is 3.69.,,2025-06-13
5616,5616,Experienced tailor with 3 years of experience. Speaks Kannada. Available to travel up to 8 km. Current rating is 3.65.,,2025-05-01
5617,5617,Experienced security guard with 11 years of experience. Speaks Malayalam. Available to travel up to 37 km. Current rating is 4.9.,,2025-12-29
5618,5618,Experienced ac repair with 12 years of experience. Speaks English. Available to travel up to 29 km. Current rating is 4.98.,,2025-04-18
5619,5619,Experienced furniture assembly with 14 years of experience. Speaks Malayalam. Available to travel up to 37 km. Current rating is 4.23.,,2025-04-18
5620,5620,Experienced water tank installation with 3 years of experience. Speaks Hindi. Available to travel up to 50 km. Current rating is 3.72.,,2025-07-29
5621,5621,Experienced switch repair with 16 years of experience. Speaks Malayalam. Available to travel up to 43 km. Current rating is 4.94.,,2025-01-12
5622,5622,Experienced kitchen cleaning with 16 years of experience. Speaks Malayalam. Available to travel up to 36 km. Current rating is 4.34.,,2025-10-16
5623,5623,Experienced ac technician with 0 years of experience. Speaks English. Available to travel up to 21 km. Current rating is 3.55.,,2025-01-07
5624,5624,Experienced washing machine repair with 2 years of experience. Speaks Malayalam. Available to travel up to 27 km. Current rating is 4.01.,,2025-06-26
5625,5625,Experienced fan installation with 13 years of experience. Speaks Malayalam. Available to travel up to 18 km. Current rating is 3.66.,,2025-12-08
5626,5626,Experienced washing machine repair with 19 years of experience. Speaks Tamil. Available to travel up to 45 km. Current rating is 4.93.,,2025-04-14
5627,5627,Experienced security guard with 15 years of experience. Speaks Tamil. Available to travel up to 47 km. Current rating is 3.64.,,2025-08-28
5628,5628,Experienced light installation with 11 years of experience. Speaks Hindi. Available to travel up to 42 km. Current rating is 3.54.,,2025-03-26
5629,5629,Experienced door repair with 18 years of experience. Speaks Telugu. Available to travel up to 49 km. Current rating is 3.97.,,2025-07-29
5630,5630,Experienced kitchen cleaning with 5 years of experience. Speaks Kannada. Available to travel up to 16 km. Current rating is 4.46.,,2025-02-25
5631,5631,Experienced mason with 17 years of experience. Speaks Hindi. Available to travel up to 24 km. Current rating is 4.59.,,2025-12-01
5632,5632,Experienced alteration with 3 years of experience. Speaks Hindi. Available to travel up to 36 km. Current rating is 3.65.,,2025-07-16
5633,5633,Experienced carpenter with 20 years of experience. Speaks Telugu. Available to travel up to 6 km. Current rating is 4.16.,,2025-10-23
5634,5634,Experienced ac repair with 16 years of experience. Speaks Tamil. Available to travel up to 23 km. Current rating is 3.75.,,2025-11-20
5635,5635,Experienced security guard with 6 years of experience. Speaks Kannada. Available to travel up to 32 km. Current rating is 3.53.,,2025-11-13
5636,5636,Experienced kitchen cleaning with 17 years of experience. Speaks Hindi. Available to travel up to 30 km. Current rating is 3.73.,,2025-12-30
5637,5637,Experienced tv repair with 4 years of experience. Speaks Kannada. Available to travel up to 43 km. Current rating is 4.02.,,2025-09-13
5638,5638,Experienced pipe repair with 3 years of experience. Speaks English. Available to travel up to 17 km. Current rating is 3.82.,,2025-08-26
5639,5639,Experienced carpenter with 11 years of experience. Speaks Kannada. Available to travel up to 16 km. Current rating is 4.05.,,2025-01-05
5640,5640,Experienced mason with 7 years of experience. Speaks Telugu. Available to travel up to 50 km. Current rating is 3.59.,,2025-10-28
5641,5641,Experienced wall painting with 2 years of experience. Speaks Telugu. Available to travel up to 13 km. Current rating is 3.65.,,2025-09-12
5642,5642,Experienced ac installation with 2 years of experience. Speaks Malayalam. Available to travel up to 18 km. Current rating is 4.55.,,2025-06-10
5643,5643,Experienced ac installation with 20 years of experience. Speaks Tamil. Available to travel up to 15 km. Current rating is 3.68.,,2025-04-04
5644,5644,Experienced deep cleaning with 12 years of experience. Speaks English. Available to travel up to 14 km. Current rating is 4.93.,,2025-03-21
5645,5645,Experienced tile installation with 16 years of experience. Speaks English. Available to travel up to 18 km. Current rating is 4.01.,,2025-09-02
5646,5646,Experienced cook with 19 years of experience. Speaks Tamil. Available to travel up to 9 km. Current rating is 3.55.,,2025-11-28
5647,5647,Experienced ac repair with 12 years of experience. Speaks Telugu. Available to travel up to 13 km. Current rating is 4.51.,,2025-11-13
5648,5648,Experienced gardener with 4 years of experience. Speaks Telugu. Available to travel up to 11 km. Current rating is 3.88.,,2025-12-13
5649,5649,Experienced interior painting with 16 years of experience. Speaks Hindi. Available to travel up to 22 km. Current rating is 4.69.,,2025-07-17
5650,5650,Experienced deep cleaning with 7 years of experience. Speaks English. Available to travel up to 14 km. Current rating is 3.51.,,2025-07-06
5651,5651,Experienced ac installation with 16 years of experience. Speaks Telugu. Available to travel up to 28 km. Current rating is 3.62.,,2025-03-12
5652,5652,Experienced refrigerator repair with 9 years of experience. Speaks Telugu. Available to travel up to 11 km. Current rating is 4.32.,,2025-04-12
5653,5653,Experienced makeup artist with 9 years of experience. Speaks English. Available to travel up to 22 km. Current rating is 4.05.,,2025-11-09
5654,5654,Experienced fan installation with 13 years of experience. Speaks Kannada. Available to travel up to 11 km. Current rating is 4.97.,,2025-04-14
5655,5655,Experienced pipe repair with 13 years of experience. Speaks Malayalam. Available to travel up to 7 km. Current rating is 4.57.,,2025-07-02
5656,5656,Experienced plumber with 16 years of experience. Speaks English. Available to travel up to 36 km. Current rating is 4.93.,,2025-05-28
5657,5657,Experienced lawn maintenance with 14 years of experience. Speaks Telugu. Available to travel up to 35 km. Current rating is 4.81.,,2025-08-15
5658,5658,Experienced makeup artist with 12 years of experience. Speaks Hindi. Available to travel up to 40 km. Current rating is 3.62.,,2025-12-27
5659,5659,Experienced bathroom cleaning with 6 years of experience. Speaks Telugu. Available to travel up to 20 km. Current rating is 3.69.,,2025-08-08
5660,5660,Experienced switch repair with 5 years of experience. Speaks Kannada. Available to travel up to 18 km. Current rating is 3.69.,,2025-06-12
5661,5661,Experienced hair stylist with 18 years of experience. Speaks Hindi. Available to travel up to 24 km. Current rating is 4.35.,,2025-02-06
5662,5662,Experienced bathroom fitting with 0 years of experience. Speaks Telugu. Available to travel up to 7 km. Current rating is 4.22.,,2025-02-24
5663,5663,Experienced microwave repair with 2 years of experience. Speaks Kannada. Available to travel up to 26 km. Current rating is 3.75.,,2025-02-05
5664,5664,Experienced furniture assembly with 0 years of experience. Speaks Kannada. Available to travel up to 34 km. Current rating is 4.01.,,2025-02-27
5665,5665,Experienced door repair with 12 years of experience. Speaks Tamil. Available to travel up to 38 km. Current rating is 3.54.,,2025-05-03
5666,5666,Experienced house cleaning with 17 years of experience. Speaks English. Available to travel up to 40 km. Current rating is 3.62.,,2025-01-24
5667,5667,Experienced refrigerator repair with 6 years of experience. Speaks Hindi. Available to travel up to 24 km. Current rating is 4.22.,,2025-08-10
5668,5668,Experienced wall painting with 16 years of experience. Speaks Hindi. Available to travel up to 5 km. Current rating is 4.71.,,2025-08-04
5669,5669,Experienced painter with 10 years of experience. Speaks Kannada. Available to travel up to 49 km. Current rating is 3.67.,,2025-12-26
5670,5670,Experienced light installation with 12 years of experience. Speaks English. Available to travel up to 17 km. Current rating is 3.6.,,2025-11-17
5671,5671,Experienced washing machine repair with 20 years of experience. Speaks Hindi. Available to travel up to 16 km. Current rating is 4.27.,,2025-09-30
5672,5672,Experienced packers with 19 years of experience. Speaks Hindi. Available to travel up to 21 km. Current rating is 3.77.,,2025-08-30
5673,5673,Experienced cloth stitching with 1 years of experience. Speaks Malayalam. Available to travel up to 17 km. Current rating is 4.84.,,2025-07-05
5674,5674,Experienced fan installation with 1 years of experience. Speaks Malayalam. Available to travel up to 41 km. Current rating is 3.65.,,2025-11-25
5675,5675,Experienced brick work with 15 years of experience. Speaks Tamil. Available to travel up to 19 km. Current rating is 3.89.,,2025-09-05
5676,5676,Experienced beautician with 7 years of experience. Speaks Tamil. Available to travel up to 26 km. Current rating is 4.63.,,2025-03-13
5677,5677,Experienced carpenter with 13 years of experience. Speaks Malayalam. Available to travel up to 43 km. Current rating is 3.74.,,2025-08-24
5678,5678,Experienced bathroom cleaning with 11 years of experience. Speaks Malayalam. Available to travel up to 35 km. Current rating is 4.21.,,2025-12-14
5679,5679,Experienced exterior painting with 18 years of experience. Speaks Telugu. Available to travel up to 17 km. Current rating is 4.61.,,2025-01-03
5680,5680,Experienced wall painting with 19 years of experience. Speaks Hindi. Available to travel up to 22 km. Current rating is 4.27.,,2025-07-18
5681,5681,Experienced electrician with 16 years of experience. Speaks Hindi. Available to travel up to 43 km. Current rating is 4.12.,,2025-11-03
5682,5682,Experienced wall painting with 2 years of experience. Speaks Tamil. Available to travel up to 25 km. Current rating is 4.41.,,2025-01-10
5683,5683,Experienced cook with 5 years of experience. Speaks Kannada. Available to travel up to 44 km. Current rating is 4.32.,,2025-12-31
5684,5684,Experienced washing machine repair with 13 years of experience. Speaks Malayalam. Available to travel up to 17 km. Current rating is 3.68.,,2025-01-12
5685,5685,Experienced packers with 14 years of experience. Speaks Hindi. Available to travel up to 43 km. Current rating is 3.77.,,2025-01-26
5686,5686,Experienced tree trimming with 5 years of experience. Speaks Tamil. Available to travel up to 20 km. Current rating is 4.76.,,2025-03-06
5687,5687,Experienced movers with 20 years of experience. Speaks Malayalam. Available to travel up to 47 km. Current rating is 3.75.,,2025-11-02
5688,5688,Experienced switch repair with 18 years of experience. Speaks Tamil. Available to travel up to 28 km. Current rating is 4.38.,,2025-08-26
5689,5689,Experienced security guard with 5 years of experience. Speaks Hindi. Available to travel up to 36 km. Current rating is 4.47.,,2025-06-30
5690,5690,Experienced makeup artist with 19 years of experience. Speaks Kannada. Available to travel up to 33 km. Current rating is 3.66.,,2025-04-22
5691,5691,Experienced painter with 16 years of experience. Speaks Tamil. Available to travel up to 10 km. Current rating is 4.65.,,2025-05-02
5692,5692,Experienced makeup artist with 12 years of experience. Speaks Hindi. Available to travel up to 30 km. Current rating is 3.56.,,2025-12-06
5693,5693,Experienced furniture assembly with 13 years of experience. Speaks Tamil. Available to travel up to 37 km. Current rating is 4.62.,,2025-03-04
5694,5694,Experienced ac repair with 7 years of experience. Speaks English. Available to travel up to 11 km. Current rating is 4.89.,,2025-10-19
5695,5695,Experienced plumber with 17 years of experience. Speaks Tamil. Available to travel up to 32 km. Current rating is 4.53.,,2025-12-11
5696,5696,Experienced hair stylist with 4 years of experience. Speaks Malayalam. Available to travel up to 28 km. Current rating is 4.13.,,2025-10-11
5697,5697,Experienced lawn maintenance with 10 years of experience. Speaks Kannada. Available to travel up to 8 km. Current rating is 4.8.,,2025-05-28
5698,5698,Experienced fan installation with 20 years of experience. Speaks Kannada. Available to travel up to 32 km. Current rating is 4.55.,,2025-01-25
5699,5699,Experienced light installation with 12 years of experience. Speaks Malayalam. Available to travel up to 8 km. Current rating is 4.24.,,2025-08-11
5700,5700,Experienced washing machine repair with 9 years of experience. Speaks English. Available to travel up to 15 km. Current rating is 4.23.,,2025-04-26
5701,5701,Experienced beautician with 8 years of experience. Speaks Tamil. Available to travel up to 18 km. Current rating is 4.57.,,2025-06-03
5702,5702,Experienced makeup artist with 16 years of experience. Speaks Kannada. Available to travel up to 44 km. Current rating is 3.92.,,2025-09-29
5703,5703,Experienced concrete work with 11 years of experience. Speaks Kannada. Available to travel up to 29 km. Current rating is 4.47.,,2025-09-27
5704,5704,Experienced tree trimming with 6 years of experience. Speaks Hindi. Available to travel up to 20 km. Current rating is 3.7.,,2025-01-26
5705,5705,Experienced light installation with 12 years of experience. Speaks Kannada. Available to travel up to 13 km. Current rating is 4.98.,,2025-12-16
5706,5706,Experienced brick work with 8 years of experience. Speaks Tamil. Available to travel up to 49 km. Current rating is 4.27.,,2025-02-25
5707,5707,Experienced carpenter with 6 years of experience. Speaks Tamil. Available to travel up to 19 km. Current rating is 4.46.,,2025-05-08
5708,5708,Experienced microwave repair with 20 years of experience. Speaks Telugu. Available to travel up to 19 km. Current rating is 4.49.,,2025-11-11
5709,5709,Experienced house cleaning with 12 years of experience. Speaks English. Available to travel up to 7 km. Current rating is 4.06.,,2025-04-05
5710,5710,Experienced cloth stitching with 3 years of experience. Speaks Kannada. Available to travel up to 11 km. Current rating is 4.67.,,2025-10-23
5711,5711,Experienced plumber with 8 years of experience. Speaks Hindi. Available to travel up to 25 km. Current rating is 3.51.,,2025-11-05
5712,5712,Experienced tree trimming with 15 years of experience. Speaks English. Available to travel up to 40 km. Current rating is 4.13.,,2025-05-09
5713,5713,Experienced painter with 5 years of experience. Speaks Tamil. Available to travel up to 11 km. Current rating is 4.05.,,2025-01-24
5714,5714,Experienced house wiring with 4 years of experience. Speaks Telugu. Available to travel up to 25 km. Current rating is 3.72.,,2025-07-20
5715,5715,Experienced house cleaning with 0 years of experience. Speaks Telugu. Available to travel up to 32 km. Current rating is 3.7.,,2025-05-14
5716,5716,Experienced refrigerator repair with 6 years of experience. Speaks Malayalam. Available to travel up to 21 km. Current rating is 3.71.,,2025-11-05
5717,5717,Experienced concrete work with 8 years of experience. Speaks Kannada. Available to travel up to 37 km. Current rating is 4.74.,,2025-11-10
5718,5718,Experienced light installation with 11 years of experience. Speaks English. Available to travel up to 30 km. Current rating is 3.58.,,2025-05-20
5719,5719,Experienced brick work with 9 years of experience. Speaks English. Available to travel up to 6 km. Current rating is 3.84.,,2025-03-24
5720,5720,Experienced microwave repair with 9 years of experience. Speaks Malayalam. Available to travel up to 12 km. Current rating is 3.75.,,2025-08-20
5721,5721,Experienced lawn maintenance with 18 years of experience. Speaks Malayalam. Available to travel up to 7 km. Current rating is 4.95.,,2025-01-09
5722,5722,Experienced electrician with 15 years of experience. Speaks English. Available to travel up to 14 km. Current rating is 3.96.,,2025-12-10
5723,5723,Experienced wood polishing with 14 years of experience. Speaks Tamil. Available to travel up to 41 km. Current rating is 4.25.,,2025-06-10
5724,5724,Experienced fan installation with 18 years of experience. Speaks Hindi. Available to travel up to 12 km. Current rating is 4.35.,,2025-02-09
5725,5725,Experienced catering with 18 years of experience. Speaks English. Available to travel up to 37 km. Current rating is 4.49.,,2025-07-30
5726,5726,Experienced concrete work with 12 years of experience. Speaks Telugu. Available to travel up to 41 km. Current rating is 4.17.,,2025-03-26
5727,5727,Experienced movers with 10 years of experience. Speaks Hindi. Available to travel up to 12 km. Current rating is 4.47.,,2025-05-27
5728,5728,Experienced refrigerator repair with 18 years of experience. Speaks English. Available to travel up to 35 km. Current rating is 4.88.,,2025-06-07
5729,5729,Experienced bathroom cleaning with 14 years of experience. Speaks Hindi. Available to travel up to 37 km. Current rating is 3.62.,,2025-11-05
5730,5730,Experienced mason with 15 years of experience. Speaks Tamil. Available to travel up to 34 km. Current rating is 4.81.,,2025-10-27
5731,5731,Experienced ac technician with 20 years of experience. Speaks Tamil. Available to travel up to 29 km. Current rating is 3.87.,,2025-04-19
5732,5732,Experienced tree trimming with 4 years of experience. Speaks Telugu. Available to travel up to 37 km. Current rating is 4.72.,,2025-12-18
5733,5733,Experienced leak detection with 17 years of experience. Speaks Malayalam. Available to travel up to 21 km. Current rating is 4.23.,,2025-10-29
5734,5734,Experienced furniture assembly with 8 years of experience. Speaks Tamil. Available to travel up to 32 km. Current rating is 4.74.,,2025-02-26
5735,5735,Experienced beautician with 0 years of experience. Speaks Telugu. Available to travel up to 23 km. Current rating is 4.24.,,2025-08-10
5736,5736,Experienced makeup artist with 15 years of experience. Speaks Telugu. Available to travel up to 6 km. Current rating is 4.04.,,2025-12-06
5737,5737,Experienced house wiring with 19 years of experience. Speaks Hindi. Available to travel up to 50 km. Current rating is 4.83.,,2025-01-01
5738,5738,Experienced refrigerator repair with 9 years of experience. Speaks Kannada. Available to travel up to 29 km. Current rating is 3.52.,,2025-07-13
5739,5739,Experienced wood polishing with 14 years of experience. Speaks Malayalam. Available to travel up to 36 km. Current rating is 4.63.,,2025-01-06
5740,5740,Experienced carpenter with 13 years of experience. Speaks Malayalam. Available to travel up to 48 km. Current rating is 3.73.,,2025-08-16
5741,5741,Experienced door repair with 17 years of experience. Speaks English. Available to travel up to 42 km. Current rating is 4.79.,,2025-10-02
5742,5742,Experienced cook with 14 years of experience. Speaks Tamil. Available to travel up to 5 km. Current rating is 3.91.,,2025-11-02
5743,5743,Experienced tailor with 5 years of experience. Speaks Malayalam. Available to travel up to 10 km. Current rating is 3.56.,,2025-01-12
5744,5744,Experienced gardener with 4 years of experience. Speaks Malayalam. Available to travel up to 40 km. Current rating is 4.83.,,2025-02-24
5745,5745,Experienced tv repair with 17 years of experience. Speaks Malayalam. Available to travel up to 15 km. Current rating is 4.19.,,2025-08-16
5746,5746,Experienced painter with 15 years of experience. Speaks English. Available to travel up to 49 km. Current rating is 3.83.,,2025-10-16
5747,5747,Experienced driver with 1 years of experience. Speaks Hindi. Available to travel up to 8 km. Current rating is 4.06.,,2025-04-07
5748,5748,Experienced wood polishing with 20 years of experience. Speaks Malayalam. Available to travel up to 42 km. Current rating is 3.76.,,2025-07-08
5749,5749,Experienced ac installation with 1 years of experience. Speaks Telugu. Available to travel up to 35 km. Current rating is 3.89.,,2025-11-08
5750,5750,Experienced brick work with 19 years of experience. Speaks Telugu. Available to travel up to 10 km. Current rating is 4.8.,,2025-09-22
5751,5751,Experienced tailor with 20 years of experience. Speaks Malayalam. Available to travel up to 39 km. Current rating is 4.79.,,2025-10-23
5752,5752,Experienced lawn maintenance with 3 years of experience. Speaks Malayalam. Available to travel up to 13 km. Current rating is 4.45.,,2025-09-07
5753,5753,Experienced gardener with 4 years of experience. Speaks English. Available to travel up to 45 km. Current rating is 4.64.,,2025-03-25
5754,5754,Experienced tv repair with 4 years of experience. Speaks Telugu. Available to travel up to 35 km. Current rating is 4.6.,,2025-11-06
5755,5755,Experienced pipe repair with 5 years of experience. Speaks Tamil. Available to travel up to 38 km. Current rating is 4.09.,,2025-12-09
5756,5756,Experienced hair stylist with 0 years of experience. Speaks Hindi. Available to travel up to 11 km. Current rating is 4.76.,,2025-11-17
5757,5757,Experienced ac installation with 20 years of experience. Speaks Kannada. Available to travel up to 25 km. Current rating is 4.45.,,2025-01-31
5758,5758,Experienced bathroom cleaning with 10 years of experience. Speaks Kannada. Available to travel up to 6 km. Current rating is 4.13.,,2025-12-09
5759,5759,Experienced lawn maintenance with 7 years of experience. Speaks Tamil. Available to travel up to 47 km. Current rating is 4.39.,,2025-07-09
5760,5760,Experienced driver with 9 years of experience. Speaks Kannada. Available to travel up to 5 km. Current rating is 4.09.,,2025-09-20
5761,5761,Experienced electrician with 4 years of experience. Speaks Telugu. Available to travel up to 20 km. Current rating is 4.94.,,2025-03-28
5762,5762,Experienced furniture assembly with 9 years of experience. Speaks Hindi. Available to travel up to 28 km. Current rating is 3.88.,,2025-03-21
5763,5763,Experienced painter with 15 years of experience. Speaks Tamil. Available to travel up to 12 km. Current rating is 4.38.,,2025-10-23
5764,5764,Experienced kitchen cleaning with 10 years of experience. Speaks Tamil. Available to travel up to 34 km. Current rating is 4.82.,,2025-11-20
5765,5765,Experienced kitchen cleaning with 11 years of experience. Speaks English. Available to travel up to 14 km. Current rating is 4.52.,,2025-08-11
5766,5766,Experienced cloth stitching with 12 years of experience. Speaks Kannada. Available to travel up to 15 km. Current rating is 4.4.,,2025-11-10
5767,5767,Experienced security guard with 4 years of experience. Speaks Kannada. Available to travel up to 15 km. Current rating is 4.67.,,2025-10-25
5768,5768,Experienced lawn maintenance with 13 years of experience. Speaks English. Available to travel up to 10 km. Current rating is 4.26.,,2025-11-05
5769,5769,Experienced light installation with 0 years of experience. Speaks English. Available to travel up to 32 km. Current rating is 4.91.,,2025-06-29
5770,5770,Experienced door repair with 19 years of experience. Speaks Hindi. Available to travel up to 15 km. Current rating is 3.63.,,2025-06-17
5771,5771,Experienced exterior painting with 5 years of experience. Speaks Hindi. Available to travel up to 24 km. Current rating is 4.31.,,2025-05-02
5772,5772,Experienced catering with 0 years of experience. Speaks Malayalam. Available to travel up to 12 km. Current rating is 3.57.,,2025-10-05
5773,5773,Experienced wall painting with 0 years of experience. Speaks English. Available to travel up to 46 km. Current rating is 4.49.,,2025-10-17
5774,5774,Experienced kitchen cleaning with 14 years of experience. Speaks Tamil. Available to travel up to 31 km. Current rating is 3.7.,,2025-04-14
5775,5775,Experienced kitchen cleaning with 8 years of experience. Speaks Hindi. Available to travel up to 34 km. Current rating is 3.89.,,2025-05-10
5776,5776,Experienced washing machine repair with 16 years of experience. Speaks Hindi. Available to travel up to 30 km. Current rating is 4.37.,,2025-05-04
5777,5777,Experienced light installation with 8 years of experience. Speaks Kannada. Available to travel up to 20 km. Current rating is 3.64.,,2025-02-16
5778,5778,Experienced gardener with 20 years of experience. Speaks Kannada. Available to travel up to 32 km. Current rating is 3.95.,,2025-03-07
5779,5779,Experienced wall painting with 12 years of experience. Speaks Hindi. Available to travel up to 26 km. Current rating is 4.56.,,2025-03-04
5780,5780,Experienced gardener with 16 years of experience. Speaks Kannada. Available to travel up to 32 km. Current rating is 4.48.,,2025-03-25
5781,5781,Experienced door repair with 2 years of experience. Speaks Malayalam. Available to travel up to 21 km. Current rating is 4.38.,,2025-09-06
5782,5782,Experienced ac technician with 9 years of experience. Speaks English. Available to travel up to 7 km. Current rating is 3.94.,,2025-09-03
5783,5783,Experienced plumber with 11 years of experience. Speaks Kannada. Available to travel up to 39 km. Current rating is 4.92.,,2025-05-29
5784,5784,Experienced fan installation with 18 years of experience. Speaks Hindi. Available to travel up to 26 km. Current rating is 4.25.,,2025-04-14
5785,5785,Experienced ac technician with 7 years of experience. Speaks Hindi. Available to travel up to 39 km. Current rating is 4.7.,,2025-04-16
5786,5786,Experienced cook with 13 years of experience. Speaks English. Available to travel up to 46 km. Current rating is 4.17.,,2025-07-08
5787,5787,Experienced tv repair with 1 years of experience. Speaks Tamil. Available to travel up to 47 km. Current rating is 3.6.,,2025-07-12
5788,5788,Experienced water tank installation with 0 years of experience. Speaks Malayalam. Available to travel up to 11 km. Current rating is 4.73.,,2025-02-18
5789,5789,Experienced switch repair with 5 years of experience. Speaks Hindi. Available to travel up to 8 km. Current rating is 4.41.,,2025-01-08
5790,5790,Experienced tv repair with 14 years of experience. Speaks English. Available to travel up to 20 km. Current rating is 3.6.,,2025-07-11
5791,5791,Experienced plumber with 1 years of experience. Speaks Hindi. Available to travel up to 49 km. Current rating is 4.51.,,2025-12-17
5792,5792,Experienced bathroom cleaning with 17 years of experience. Speaks Telugu. Available to travel up to 15 km. Current rating is 3.84.,,2025-04-04
5793,5793,Experienced leak detection with 18 years of experience. Speaks Kannada. Available to travel up to 14 km. Current rating is 4.4.,,2025-05-01
5794,5794,Experienced makeup artist with 8 years of experience. Speaks Malayalam. Available to travel up to 20 km. Current rating is 3.79.,,2025-08-12
5795,5795,Experienced leak detection with 17 years of experience. Speaks Tamil. Available to travel up to 19 km. Current rating is 4.08.,,2025-11-07
5796,5796,Experienced switch repair with 5 years of experience. Speaks Malayalam. Available to travel up to 25 km. Current rating is 4.87.,,2025-11-19
5797,5797,Experienced house wiring with 14 years of experience. Speaks Telugu. Available to travel up to 16 km. Current rating is 4.38.,,2025-05-10
5798,5798,Experienced tv repair with 3 years of experience. Speaks Hindi. Available to travel up to 25 km. Current rating is 4.23.,,2025-12-28
5799,5799,Experienced cook with 14 years of experience. Speaks Malayalam. Available to travel up to 25 km. Current rating is 4.66.,,2025-05-03
5800,5800,Experienced water tank installation with 11 years of experience. Speaks Tamil. Available to travel up to 33 km. Current rating is 4.83.,,2025-09-14
5801,5801,Experienced wall painting with 10 years of experience. Speaks English. Available to travel up to 36 km. Current rating is 4.31.,,2025-04-26
5802,5802,Experienced hair stylist with 10 years of experience. Speaks Tamil. Available to travel up to 33 km. Current rating is 4.62.,,2025-07-10
5803,5803,Experienced beautician with 2 years of experience. Speaks English. Available to travel up to 47 km. Current rating is 4.5.,,2025-06-27
5804,5804,Experienced deep cleaning with 12 years of experience. Speaks Malayalam. Available to travel up to 31 km. Current rating is 4.28.,,2025-12-29
5805,5805,Experienced wall painting with 10 years of experience. Speaks English. Available to travel up to 15 km. Current rating is 3.74.,,2025-10-10
5806,5806,Experienced electrician with 11 years of experience. Speaks Telugu. Available to travel up to 23 km. Current rating is 4.17.,,2025-12-01
5807,5807,Experienced tile installation with 16 years of experience. Speaks Malayalam. Available to travel up to 10 km. Current rating is 4.96.,,2025-06-17
5808,5808,Experienced electrician with 18 years of experience. Speaks English. Available to travel up to 45 km. Current rating is 3.69.,,2025-08-28
5809,5809,Experienced leak detection with 10 years of experience. Speaks Telugu. Available to travel up to 28 km. Current rating is 4.47.,,2025-02-11
5810,5810,Experienced tile installation with 4 years of experience. Speaks Tamil. Available to travel up to 48 km. Current rating is 4.07.,,2025-12-08
5811,5811,Experienced hair stylist with 8 years of experience. Speaks English. Available to travel up to 46 km. Current rating is 3.61.,,2025-02-23
5812,5812,Experienced light installation with 13 years of experience. Speaks Malayalam. Available to travel up to 23 km. Current rating is 3.76.,,2025-12-27
5813,5813,Experienced fan installation with 13 years of experience. Speaks Kannada. Available to travel up to 50 km. Current rating is 4.21.,,2025-10-08
5814,5814,Experienced pipe repair with 8 years of experience. Speaks Malayalam. Available to travel up to 30 km. Current rating is 4.55.,,2025-08-27
5815,5815,Experienced lawn maintenance with 6 years of experience. Speaks Kannada. Available to travel up to 21 km. Current rating is 4.1.,,2025-05-26
5816,5816,Experienced kitchen cleaning with 4 years of experience. Speaks Malayalam. Available to travel up to 41 km. Current rating is 3.81.,,2025-11-17
5817,5817,Experienced cloth stitching with 13 years of experience. Speaks English. Available to travel up to 46 km. Current rating is 4.11.,,2025-01-27
5818,5818,Experienced ac installation with 0 years of experience. Speaks Malayalam. Available to travel up to 33 km. Current rating is 3.89.,,2025-03-24
5819,5819,Experienced exterior painting with 9 years of experience. Speaks Kannada. Available to travel up to 34 km. Current rating is 3.64.,,2025-06-21
5820,5820,Experienced mason with 0 years of experience. Speaks English. Available to travel up to 28 km. Current rating is 3.73.,,2025-08-22
5821,5821,Experienced tile installation with 16 years of experience. Speaks Malayalam. Available to travel up to 11 km. Current rating is 3.68.,,2025-11-05
5822,5822,Experienced refrigerator repair with 9 years of experience. Speaks Telugu. Available to travel up to 40 km. Current rating is 4.49.,,2025-03-15
5823,5823,Experienced microwave repair with 9 years of experience. Speaks Hindi. Available to travel up to 28 km. Current rating is 3.86.,,2025-10-28
5824,5824,Experienced bathroom fitting with 15 years of experience. Speaks Telugu. Available to travel up to 15 km. Current rating is 3.94.,,2025-11-18
5825,5825,Experienced plumber with 3 years of experience. Speaks Kannada. Available to travel up to 21 km. Current rating is 4.57.,,2025-11-26
5826,5826,Experienced water tank installation with 19 years of experience. Speaks Telugu. Available to travel up to 8 km. Current rating is 4.54.,,2025-11-13
5827,5827,Experienced refrigerator repair with 2 years of experience. Speaks Tamil. Available to travel up to 36 km. Current rating is 4.14.,,2025-02-23
5828,5828,Experienced painter with 14 years of experience. Speaks Telugu. Available to travel up to 46 km. Current rating is 4.63.,,2025-06-09
5829,5829,Experienced bathroom cleaning with 3 years of experience. Speaks Malayalam. Available to travel up to 47 km. Current rating is 3.65.,,2025-08-15
5830,5830,Experienced microwave repair with 3 years of experience. Speaks Malayalam. Available to travel up to 37 km. Current rating is 4.35.,,2025-12-25
5831,5831,Experienced furniture assembly with 10 years of experience. Speaks English. Available to travel up to 17 km. Current rating is 4.93.,,2025-07-12
5832,5832,Experienced brick work with 17 years of experience. Speaks Tamil. Available to travel up to 21 km. Current rating is 4.57.,,2025-10-30
5833,5833,Experienced furniture assembly with 19 years of experience. Speaks Hindi. Available to travel up to 18 km. Current rating is 4.36.,,2025-01-12
5834,5834,Experienced interior painting with 12 years of experience. Speaks Malayalam. Available to travel up to 27 km. Current rating is 4.39.,,2025-03-11
5835,5835,Experienced door repair with 9 years of experience. Speaks Telugu. Available to travel up to 44 km. Current rating is 3.77.,,2025-04-25
5836,5836,Experienced exterior painting with 16 years of experience. Speaks Malayalam. Available to travel up to 13 km. Current rating is 3.66.,,2025-06-05
5837,5837,Experienced refrigerator repair with 10 years of experience. Speaks Malayalam. Available to travel up to 43 km. Current rating is 3.55.,,2025-08-18
5838,5838,Experienced mason with 5 years of experience. Speaks Tamil. Available to travel up to 41 km. Current rating is 4.19.,,2025-04-14
5839,5839,Experienced bathroom cleaning with 3 years of experience. Speaks Kannada. Available to travel up to 46 km. Current rating is 4.8.,,2025-02-17
5840,5840,Experienced gardener with 6 years of experience. Speaks English. Available to travel up to 20 km. Current rating is 3.95.,,2025-10-27
5841,5841,Experienced driver with 11 years of experience. Speaks Telugu. Available to travel up to 16 km. Current rating is 4.31.,,2025-05-01
5842,5842,Experienced interior painting with 14 years of experience. Speaks Telugu. Available to travel up to 22 km. Current rating is 4.58.,,2025-09-29
5843,5843,Experienced movers with 11 years of experience. Speaks Malayalam. Available to travel up to 27 km. Current rating is 4.73.,,2025-04-04
5844,5844,Experienced gardener with 18 years of experience. Speaks Telugu. Available to travel up to 17 km. Current rating is 3.88.,,2025-03-04
5845,5845,Experienced light installation with 19 years of experience. Speaks Telugu. Available to travel up to 47 km. Current rating is 4.49.,,2025-10-04
5846,5846,Experienced furniture assembly with 20 years of experience. Speaks English. Available to travel up to 30 km. Current rating is 3.67.,,2025-02-28
5847,5847,Experienced concrete work with 8 years of experience. Speaks English. Available to travel up to 25 km. Current rating is 3.79.,,2025-08-26
5848,5848,Experienced bathroom fitting with 20 years of experience. Speaks Kannada. Available to travel up to 29 km. Current rating is 4.55.,,2025-06-20
5849,5849,Experienced alteration with 15 years of experience. Speaks English. Available to travel up to 6 km. Current rating is 4.14.,,2025-04-11
5850,5850,Experienced alteration with 5 years of experience. Speaks English. Available to travel up to 7 km. Current rating is 4.61.,,2025-02-09
5851,5851,Experienced movers with 7 years of experience. Speaks Malayalam. Available to travel up to 11 km. Current rating is 4.88.,,2025-12-09
5852,5852,Experienced ac repair with 14 years of experience. Speaks Telugu. Available to travel up to 47 km. Current rating is 4.17.,,2025-04-04
5853,5853,Experienced movers with 18 years of experience. Speaks Hindi. Available to travel up to 9 km. Current rating is 4.9.,,2025-10-18
5854,5854,Experienced mason with 9 years of experience. Speaks Telugu. Available to travel up to 28 km. Current rating is 4.4.,,2025-06-03
5855,5855,Experienced fan installation with 15 years of experience. Speaks Malayalam. Available to travel up to 45 km. Current rating is 4.35.,,2025-02-03
5856,5856,Experienced painter with 16 years of experience. Speaks English. Available to travel up to 23 km. Current rating is 4.85.,,2025-11-19
5857,5857,Experienced tile installation with 14 years of experience. Speaks Hindi. Available to travel up to 11 km. Current rating is 4.53.,,2025-07-12
5858,5858,Experienced ac installation with 17 years of experience. Speaks Telugu. Available to travel up to 14 km. Current rating is 3.51.,,2025-12-15
5859,5859,Experienced beautician with 14 years of experience. Speaks Telugu. Available to travel up to 43 km. Current rating is 4.59.,,2025-09-10
5860,5860,Experienced switch repair with 9 years of experience. Speaks Malayalam. Available to travel up to 50 km. Current rating is 4.31.,,2025-07-17
5861,5861,Experienced interior painting with 16 years of experience. Speaks English. Available to travel up to 15 km. Current rating is 4.75.,,2025-08-29
5862,5862,Experienced door repair with 20 years of experience. Speaks Kannada. Available to travel up to 23 km. Current rating is 4.96.,,2025-02-16
5863,5863,Experienced driver with 7 years of experience. Speaks Tamil. Available to travel up to 17 km. Current rating is 4.43.,,2025-05-25
5864,5864,Experienced driver with 14 years of experience. Speaks Malayalam. Available to travel up to 41 km. Current rating is 4.36.,,2025-07-15
5865,5865,Experienced wall painting with 14 years of experience. Speaks Malayalam. Available to travel up to 29 km. Current rating is 4.22.,,2025-12-06
5866,5866,Experienced security guard with 17 years of experience. Speaks Hindi. Available to travel up to 25 km. Current rating is 3.53.,,2025-09-24
5867,5867,Experienced tree trimming with 9 years of experience. Speaks English. Available to travel up to 21 km. Current rating is 3.96.,,2025-09-12
5868,5868,Experienced leak detection with 13 years of experience. Speaks Telugu. Available to travel up to 43 km. Current rating is 4.12.,,2025-04-19
5869,5869,Experienced makeup artist with 20 years of experience. Speaks Kannada. Available to travel up to 42 km. Current rating is 4.26.,,2025-05-14
5870,5870,Experienced refrigerator repair with 15 years of experience. Speaks Tamil. Available to travel up to 42 km. Current rating is 3.64.,,2025-01-11
5871,5871,Experienced leak detection with 17 years of experience. Speaks Hindi. Available to travel up to 30 km. Current rating is 4.88.,,2025-11-17
5872,5872,Experienced beautician with 14 years of experience. Speaks Tamil. Available to travel up to 17 km. Current rating is 4.06.,,2025-06-26
5873,5873,Experienced gardener with 18 years of experience. Speaks Tamil. Available to travel up to 26 km. Current rating is 4.44.,,2025-11-10
5874,5874,Experienced painter with 11 years of experience. Speaks Tamil. Available to travel up to 34 km. Current rating is 4.3.,,2025-02-08
5875,5875,Experienced tree trimming with 14 years of experience. Speaks Telugu. Available to travel up to 43 km. Current rating is 3.95.,,2025-12-04
5876,5876,Experienced fan installation with 2 years of experience. Speaks Malayalam. Available to travel up to 33 km. Current rating is 4.54.,,2025-08-29
5877,5877,Experienced washing machine repair with 15 years of experience. Speaks Tamil. Available to travel up to 37 km. Current rating is 4.01.,,2025-04-17
5878,5878,Experienced water tank installation with 0 years of experience. Speaks Malayalam. Available to travel up to 49 km. Current rating is 4.82.,,2025-12-11
5879,5879,Experienced ac technician with 19 years of experience. Speaks Kannada. Available to travel up to 50 km. Current rating is 3.6.,,2025-12-02
5880,5880,Experienced ac repair with 17 years of experience. Speaks English. Available to travel up to 9 km. Current rating is 4.45.,,2025-06-07
5881,5881,Experienced exterior painting with 12 years of experience. Speaks Malayalam. Available to travel up to 43 km. Current rating is 4.61.,,2025-07-19
5882,5882,Experienced hair stylist with 6 years of experience. Speaks Hindi. Available to travel up to 9 km. Current rating is 3.71.,,2025-03-08
5883,5883,Experienced pipe repair with 11 years of experience. Speaks Tamil. Available to travel up to 19 km. Current rating is 4.67.,,2025-07-16
5884,5884,Experienced tailor with 17 years of experience. Speaks Telugu. Available to travel up to 13 km. Current rating is 4.32.,,2025-03-01
5885,5885,Experienced alteration with 1 years of experience. Speaks Telugu. Available to travel up to 27 km. Current rating is 3.68.,,2025-07-12
5886,5886,Experienced refrigerator repair with 12 years of experience. Speaks English. Available to travel up to 18 km. Current rating is 3.59.,,2025-10-21
5887,5887,Experienced movers with 4 years of experience. Speaks Hindi. Available to travel up to 9 km. Current rating is 3.94.,,2025-04-07
5888,5888,Experienced microwave repair with 3 years of experience. Speaks English. Available to travel up to 14 km. Current rating is 3.7.,,2025-01-13
5889,5889,Experienced lawn maintenance with 3 years of experience. Speaks Malayalam. Available to travel up to 5 km. Current rating is 3.61.,,2025-06-20
5890,5890,Experienced refrigerator repair with 18 years of experience. Speaks Malayalam. Available to travel up to 8 km. Current rating is 4.7.,,2025-01-06
5891,5891,Experienced tv repair with 9 years of experience. Speaks Telugu. Available to travel up to 32 km. Current rating is 3.96.,,2025-10-27
5892,5892,Experienced house wiring with 6 years of experience. Speaks English. Available to travel up to 27 km. Current rating is 4.24.,,2025-10-22
5893,5893,Experienced catering with 2 years of experience. Speaks Kannada. Available to travel up to 45 km. Current rating is 4.42.,,2025-06-05
5894,5894,Experienced packers with 0 years of experience. Speaks English. Available to travel up to 24 km. Current rating is 4.48.,,2025-10-30
5895,5895,Experienced alteration with 20 years of experience. Speaks English. Available to travel up to 31 km. Current rating is 4.11.,,2025-06-16
5896,5896,Experienced movers with 6 years of experience. Speaks Telugu. Available to travel up to 6 km. Current rating is 3.73.,,2025-06-27
5897,5897,Experienced lawn maintenance with 16 years of experience. Speaks English. Available to travel up to 24 km. Current rating is 3.62.,,2025-04-12
5898,5898,Experienced ac installation with 2 years of experience. Speaks Telugu. Available to travel up to 19 km. Current rating is 4.12.,,2025-12-07
5899,5899,Experienced wall painting with 4 years of experience. Speaks Telugu. Available to travel up to 40 km. Current rating is 4.44.,,2025-07-30
5900,5900,Experienced security guard with 2 years of experience. Speaks English. Available to travel up to 10 km. Current rating is 4.09.,,2025-11-20
5901,5901,Experienced water tank installation with 12 years of experience. Speaks Malayalam. Available to travel up to 26 km. Current rating is 3.84.,,2025-03-04
5902,5902,Experienced fan installation with 16 years of experience. Speaks Tamil. Available to travel up to 42 km. Current rating is 4.73.,,2025-08-04
5903,5903,Experienced house cleaning with 1 years of experience. Speaks English. Available to travel up to 38 km. Current rating is 4.98.,,2025-05-22
5904,5904,Experienced door repair with 10 years of experience. Speaks Telugu. Available to travel up to 31 km. Current rating is 4.72.,,2025-01-09
5905,5905,Experienced door repair with 10 years of experience. Speaks Kannada. Available to travel up to 14 km. Current rating is 4.97.,,2025-06-20
5906,5906,Experienced ac technician with 11 years of experience. Speaks Hindi. Available to travel up to 18 km. Current rating is 4.69.,,2025-06-09
5907,5907,Experienced gardener with 2 years of experience. Speaks English. Available to travel up to 7 km. Current rating is 3.95.,,2025-02-23
5908,5908,Experienced painter with 6 years of experience. Speaks Hindi. Available to travel up to 36 km. Current rating is 3.93.,,2025-02-15
5909,5909,Experienced leak detection with 9 years of experience. Speaks Hindi. Available to travel up to 40 km. Current rating is 4.73.,,2025-03-13
5910,5910,Experienced concrete work with 0 years of experience. Speaks Telugu. Available to travel up to 46 km. Current rating is 3.59.,,2025-09-08
5911,5911,Experienced ac installation with 17 years of experience. Speaks Kannada. Available to travel up to 27 km. Current rating is 3.62.,,2025-07-10
5912,5912,Experienced wall painting with 3 years of experience. Speaks Hindi. Available to travel up to 15 km. Current rating is 3.56.,,2025-06-10
5913,5913,Experienced light installation with 7 years of experience. Speaks Malayalam. Available to travel up to 44 km. Current rating is 4.84.,,2025-03-22
5914,5914,Experienced movers with 15 years of experience. Speaks Kannada. Available to travel up to 33 km. Current rating is 4.8.,,2025-05-06
5915,5915,Experienced bathroom cleaning with 12 years of experience. Speaks English. Available to travel up to 46 km. Current rating is 4.41.,,2025-09-19
5916,5916,Experienced exterior painting with 18 years of experience. Speaks Hindi. Available to travel up to 8 km. Current rating is 4.2.,,2025-02-21
5917,5917,Experienced house cleaning with 10 years of experience. Speaks English. Available to travel up to 40 km. Current rating is 3.84.,,2025-07-03
5918,5918,Experienced movers with 19 years of experience. Speaks English. Available to travel up to 41 km. Current rating is 4.12.,,2025-02-17
5919,5919,Experienced bathroom cleaning with 13 years of experience. Speaks Hindi. Available to travel up to 43 km. Current rating is 4.25.,,2025-10-26
5920,5920,Experienced beautician with 17 years of experience. Speaks Tamil. Available to travel up to 22 km. Current rating is 3.91.,,2025-09-19
5921,5921,Experienced door repair with 1 years of experience. Speaks Kannada. Available to travel up to 40 km. Current rating is 4.44.,,2025-10-17
5922,5922,Experienced lawn maintenance with 11 years of experience. Speaks Hindi. Available to travel up to 27 km. Current rating is 4.62.,,2025-03-04
5923,5923,Experienced ac technician with 5 years of experience. Speaks English. Available to travel up to 29 km. Current rating is 4.53.,,2025-07-07
5924,5924,Experienced mason with 3 years of experience. Speaks English. Available to travel up to 27 km. Current rating is 4.03.,,2025-03-14
5925,5925,Experienced ac installation with 11 years of experience. Speaks Tamil. Available to travel up to 11 km. Current rating is 4.57.,,2025-12-30
5926,5926,Experienced deep cleaning with 3 years of experience. Speaks Telugu. Available to travel up to 26 km. Current rating is 4.35.,,2025-10-25
5927,5927,Experienced wood polishing with 6 years of experience. Speaks Malayalam. Available to travel up to 32 km. Current rating is 3.89.,,2025-01-18
5928,5928,Experienced bathroom cleaning with 10 years of experience. Speaks Telugu. Available to travel up to 28 km. Current rating is 4.55.,,2025-08-08
5929,5929,Experienced carpenter with 19 years of experience. Speaks Hindi. Available to travel up to 15 km. Current rating is 4.57.,,2025-09-30
5930,5930,Experienced water tank installation with 12 years of experience. Speaks English. Available to travel up to 9 km. Current rating is 3.67.,,2025-07-08
5931,5931,Experienced cloth stitching with 3 years of experience. Speaks English. Available to travel up to 9 km. Current rating is 3.61.,,2025-02-12
5932,5932,Experienced hair stylist with 1 years of experience. Speaks Kannada. Available to travel up to 48 km. Current rating is 3.63.,,2025-10-25
5933,5933,Experienced gardener with 10 years of experience. Speaks English. Available to travel up to 27 km. Current rating is 4.13.,,2025-10-30
5934,5934,Experienced mason with 14 years of experience. Speaks Tamil. Available to travel up to 35 km. Current rating is 3.66.,,2025-03-03
5935,5935,Experienced ac repair with 16 years of experience. Speaks Kannada. Available to travel up to 37 km. Current rating is 3.55.,,2025-04-17
5936,5936,Experienced ac installation with 20 years of experience. Speaks Malayalam. Available to travel up to 46 km. Current rating is 4.07.,,2025-05-22
5937,5937,Experienced lawn maintenance with 18 years of experience. Speaks Telugu. Available to travel up to 43 km. Current rating is 4.57.,,2025-07-04
5938,5938,Experienced driver with 13 years of experience. Speaks Hindi. Available to travel up to 50 km. Current rating is 4.7.,,2025-01-16
5939,5939,Experienced wall painting with 5 years of experience. Speaks Tamil. Available to travel up to 35 km. Current rating is 4.68.,,2025-07-03
5940,5940,Experienced brick work with 12 years of experience. Speaks Kannada. Available to travel up to 32 km. Current rating is 4.25.,,2025-12-13
5941,5941,Experienced house wiring with 13 years of experience. Speaks English. Available to travel up to 9 km. Current rating is 4.77.,,2025-04-01
5942,5942,Experienced beautician with 18 years of experience. Speaks Tamil. Available to travel up to 21 km. Current rating is 4.55.,,2025-11-16
5943,5943,Experienced cook with 14 years of experience. Speaks English. Available to travel up to 28 km. Current rating is 3.68.,,2025-04-09
5944,5944,Experienced concrete work with 14 years of experience. Speaks English. Available to travel up to 50 km. Current rating is 4.75.,,2025-12-09
5945,5945,Experienced mason with 2 years of experience. Speaks English. Available to travel up to 19 km. Current rating is 3.54.,,2025-10-02
5946,5946,Experienced leak detection with 11 years of experience. Speaks Kannada. Available to travel up to 32 km. Current rating is 4.79.,,2025-08-24
5947,5947,Experienced painter with 9 years of experience. Speaks Telugu. Available to travel up to 47 km. Current rating is 4.84.,,2025-10-21
5948,5948,Experienced ac installation with 14 years of experience. Speaks Malayalam. Available to travel up to 26 km. Current rating is 4.96.,,2025-11-14
5949,5949,Experienced security guard with 3 years of experience. Speaks Kannada. Available to travel up to 30 km. Current rating is 3.77.,,2025-12-24
5950,5950,Experienced gardener with 17 years of experience. Speaks English. Available to travel up to 6 km. Current rating is 4.07.,,2025-01-17
5951,5951,Experienced house wiring with 0 years of experience. Speaks Hindi. Available to travel up to 36 km. Current rating is 4.97.,,2025-01-06
5952,5952,Experienced wood polishing with 2 years of experience. Speaks Kannada. Available to travel up to 25 km. Current rating is 4.62.,,2025-01-23
5953,5953,Experienced microwave repair with 14 years of experience. Speaks Kannada. Available to travel up to 25 km. Current rating is 3.9.,,2025-08-07
5954,5954,Experienced interior painting with 19 years of experience. Speaks Telugu. Available to travel up to 41 km. Current rating is 4.1.,,2025-11-10
5955,5955,Experienced tailor with 5 years of experience. Speaks Telugu. Available to travel up to 10 km. Current rating is 3.88.,,2025-03-13
5956,5956,Experienced beautician with 10 years of experience. Speaks Hindi. Available to travel up to 7 km. Current rating is 4.3.,,2025-03-06
5957,5957,Experienced tile installation with 20 years of experience. Speaks English. Available to travel up to 10 km. Current rating is 3.8.,,2025-06-21
5958,5958,Experienced catering with 0 years of experience. Speaks Tamil. Available to travel up to 45 km. Current rating is 3.79.,,2025-04-22
5959,5959,Experienced packers with 5 years of experience. Speaks Hindi. Available to travel up to 46 km. Current rating is 4.1.,,2025-11-05
5960,5960,Experienced ac repair with 3 years of experience. Speaks Hindi. Available to travel up to 46 km. Current rating is 3.6.,,2025-03-09
5961,5961,Experienced kitchen cleaning with 8 years of experience. Speaks Tamil. Available to travel up to 21 km. Current rating is 4.04.,,2025-12-15
5962,5962,Experienced makeup artist with 8 years of experience. Speaks Kannada. Available to travel up to 9 km. Current rating is 4.82.,,2025-08-12
5963,5963,Experienced movers with 4 years of experience. Speaks Tamil. Available to travel up to 22 km. Current rating is 4.3.,,2025-10-12
5964,5964,Experienced ac technician with 9 years of experience. Speaks Tamil. Available to travel up to 48 km. Current rating is 4.8.,,2025-08-01
5965,5965,Experienced door repair with 6 years of experience. Speaks Telugu. Available to travel up to 5 km. Current rating is 3.92.,,2025-07-14
5966,5966,Experienced cook with 17 years of experience. Speaks Tamil. Available to travel up to 26 km. Current rating is 3.65.,,2025-06-02
5967,5967,Experienced house cleaning with 1 years of experience. Speaks English. Available to travel up to 17 km. Current rating is 4.62.,,2025-05-07
5968,5968,Experienced wall painting with 10 years of experience. Speaks Kannada. Available to travel up to 8 km. Current rating is 3.98.,,2025-11-11
5969,5969,Experienced plumber with 10 years of experience. Speaks Telugu. Available to travel up to 19 km. Current rating is 3.61.,,2025-03-09
5970,5970,Experienced water tank installation with 9 years of experience. Speaks Telugu. Available to travel up to 28 km. Current rating is 4.1.,,2025-08-23
5971,5971,Experienced carpenter with 4 years of experience. Speaks Kannada. Available to travel up to 29 km. Current rating is 4.39.,,2025-01-23
5972,5972,Experienced bathroom fitting with 4 years of experience. Speaks English. Available to travel up to 38 km. Current rating is 4.58.,,2025-02-09
5973,5973,Experienced water tank installation with 5 years of experience. Speaks Malayalam. Available to travel up to 34 km. Current rating is 4.27.,,2025-10-30
5974,5974,Experienced water tank installation with 12 years of experience. Speaks Telugu. Available to travel up to 45 km. Current rating is 4.11.,,2025-05-09
5975,5975,Experienced lawn maintenance with 1 years of experience. Speaks Tamil. Available to travel up to 6 km. Current rating is 4.0.,,2025-04-07
5976,5976,Experienced exterior painting with 5 years of experience. Speaks Telugu. Available to travel up to 40 km. Current rating is 4.45.,,2025-07-31
5977,5977,Experienced security guard with 6 years of experience. Speaks Telugu. Available to travel up to 29 km. Current rating is 3.89.,,2025-10-21
5978,5978,Experienced plumber with 15 years of experience. Speaks English. Available to travel up to 45 km. Current rating is 4.84.,,2025-05-30
5979,5979,Experienced plumber with 7 years of experience. Speaks Malayalam. Available to travel up to 15 km. Current rating is 4.85.,,2025-11-08
5980,5980,Experienced ac technician with 20 years of experience. Speaks Tamil. Available to travel up to 15 km. Current rating is 4.24.,,2025-03-22
5981,5981,Experienced switch repair with 17 years of experience. Speaks Telugu. Available to travel up to 46 km. Current rating is 4.7.,,2025-12-08
5982,5982,Experienced beautician with 11 years of experience. Speaks Tamil. Available to travel up to 29 km. Current rating is 4.31.,,2025-06-18
5983,5983,Experienced plumber with 17 years of experience. Speaks English. Available to travel up to 12 km. Current rating is 4.43.,,2025-01-15
5984,5984,Experienced exterior painting with 19 years of experience. Speaks Malayalam. Available to travel up to 30 km. Current rating is 4.66.,,2025-07-13
5985,5985,Experienced beautician with 3 years of experience. Speaks Kannada. Available to travel up to 18 km. Current rating is 3.7.,,2025-05-19
5986,5986,Experienced leak detection with 13 years of experience. Speaks Malayalam. Available to travel up to 26 km. Current rating is 4.19.,,2025-06-12
5987,5987,Experienced electrician with 5 years of experience. Speaks English. Available to travel up to 18 km. Current rating is 4.86.,,2025-01-05
5988,5988,Experienced concrete work with 2 years of experience. Speaks English. Available to travel up to 7 km. Current rating is 4.58.,,2025-06-17
5989,5989,Experienced fan installation with 2 years of experience. Speaks Malayalam. Available to travel up to 41 km. Current rating is 3.88.,,2025-08-03
5990,5990,Experienced ac technician with 20 years of experience. Speaks Kannada. Available to travel up to 43 km. Current rating is 4.57.,,2025-03-27
5991,5991,Experienced driver with 10 years of experience. Speaks English. Available to travel up to 6 km. Current rating is 3.58.,,2025-04-26
5992,5992,Experienced tree trimming with 12 years of experience. Speaks Kannada. Available to travel up to 48 km. Current rating is 3.87.,,2025-10-19
5993,5993,Experienced plumber with 1 years of experience. Speaks Malayalam. Available to travel up to 50 km. Current rating is 4.96.,,2025-11-16
5994,5994,Experienced light installation with 11 years of experience. Speaks Kannada. Available to travel up to 26 km. Current rating is 3.97.,,2025-07-09
5995,5995,Experienced pipe repair with 7 years of experience. Speaks Kannada. Available to travel up to 19 km. Current rating is 3.9.,,2025-09-26
5996,5996,Experienced security guard with 7 years of experience. Speaks Hindi. Available to travel up to 49 km. Current rating is 4.29.,,2025-12-03
5997,5997,Experienced pipe repair with 5 years of experience. Speaks Malayalam. Available to travel up to 15 km. Current rating is 4.14.,,2025-05-06
5998,5998,Experienced movers with 5 years of experience. Speaks English. Available to travel up to 12 km. Current rating is 4.72.,,2025-04-06
5999,5999,Experienced pipe repair with 16 years of experience. Speaks Telugu. Available to travel up to 30 km. Current rating is 4.35.,,2025-02-02
6000,6000,Experienced house wiring with 6 years of experience. Speaks Tamil. Available to travel up to 33 km. Current rating is 4.79.,,2025-09-25
6001,6001,Experienced wood polishing with 1 years of experience. Speaks Telugu. Available to travel up to 37 km. Current rating is 4.74.,,2025-02-17
6002,6002,Experienced house cleaning with 5 years of experience. Speaks Hindi. Available to travel up to 27 km. Current rating is 4.08.,,2025-01-17
6003,6003,Experienced painter with 5 years of experience. Speaks English. Available to travel up to 50 km. Current rating is 4.2.,,2025-02-23
6004,6004,Experienced tailor with 0 years of experience. Speaks Telugu. Available to travel up to 18 km. Current rating is 4.15.,,2025-06-30
6005,6005,Experienced tile installation with 11 years of experience. Speaks Telugu. Available to travel up to 20 km. Current rating is 3.91.,,2025-06-26
6006,6006,Experienced tv repair with 11 years of experience. Speaks Tamil. Available to travel up to 15 km. Current rating is 3.94.,,2025-06-14
6007,6007,Experienced alteration with 6 years of experience. Speaks Hindi. Available to travel up to 16 km. Current rating is 3.73.,,2025-04-24
6008,6008,Experienced ac technician with 7 years of experience. Speaks Telugu. Available to travel up to 32 km. Current rating is 3.74.,,2025-05-04
6009,6009,Experienced ac repair with 16 years of experience. Speaks Tamil. Available to travel up to 6 km. Current rating is 4.84.,,2025-08-31
6010,6010,Experienced security guard with 8 years of experience. Speaks English. Available to travel up to 28 km. Current rating is 4.47.,,2025-10-11
6011,6011,Experienced brick work with 10 years of experience. Speaks Malayalam. Available to travel up to 46 km. Current rating is 3.9.,,2025-05-09
6012,6012,Experienced fan installation with 18 years of experience. Speaks Telugu. Available to travel up to 40 km. Current rating is 3.61.,,2025-01-06
6013,6013,Experienced leak detection with 8 years of experience. Speaks Hindi. Available to travel up to 38 km. Current rating is 4.21.,,2025-11-02
6014,6014,Experienced packers with 0 years of experience. Speaks Kannada. Available to travel up to 25 km. Current rating is 3.93.,,2025-07-30
6015,6015,Experienced bathroom cleaning with 9 years of experience. Speaks Telugu. Available to travel up to 38 km. Current rating is 3.7.,,2025-03-30
6016,6016,Experienced beautician with 20 years of experience. Speaks Malayalam. Available to travel up to 33 km. Current rating is 3.94.,,2025-07-29
6017,6017,Experienced mason with 2 years of experience. Speaks Hindi. Available to travel up to 33 km. Current rating is 3.92.,,2025-02-13
6018,6018,Experienced painter with 20 years of experience. Speaks English. Available to travel up to 29 km. Current rating is 3.99.,,2025-05-26
6019,6019,Experienced deep cleaning with 7 years of experience. Speaks Kannada. Available to travel up to 24 km. Current rating is 3.6.,,2025-10-13
6020,6020,Experienced water tank installation with 2 years of experience. Speaks English. Available to travel up to 9 km. Current rating is 4.57.,,2025-01-17
6021,6021,Experienced bathroom cleaning with 1 years of experience. Speaks Kannada. Available to travel up to 29 km. Current rating is 4.39.,,2025-01-19
6022,6022,Experienced hair stylist with 3 years of experience. Speaks Tamil. Available to travel up to 48 km. Current rating is 4.0.,,2025-04-07
6023,6023,Experienced bathroom cleaning with 2 years of experience. Speaks Telugu. Available to travel up to 9 km. Current rating is 3.93.,,2025-04-28
6024,6024,Experienced cloth stitching with 0 years of experience. Speaks Hindi. Available to travel up to 49 km. Current rating is 4.74.,,2025-03-23
6025,6025,Experienced kitchen cleaning with 15 years of experience. Speaks Kannada. Available to travel up to 9 km. Current rating is 3.79.,,2025-10-10
6026,6026,Experienced kitchen cleaning with 9 years of experience. Speaks Tamil. Available to travel up to 18 km. Current rating is 4.45.,,2025-08-12
6027,6027,Experienced switch repair with 13 years of experience. Speaks English. Available to travel up to 38 km. Current rating is 4.41.,,2025-05-10
6028,6028,Experienced beautician with 13 years of experience. Speaks English. Available to travel up to 40 km. Current rating is 4.13.,,2025-06-18
6029,6029,Experienced switch repair with 18 years of experience. Speaks Kannada. Available to travel up to 42 km. Current rating is 4.95.,,2025-08-24
6030,6030,Experienced lawn maintenance with 2 years of experience. Speaks Malayalam. Available to travel up to 45 km. Current rating is 4.86.,,2025-11-07
6031,6031,Experienced bathroom fitting with 13 years of experience. Speaks Kannada. Available to travel up to 7 km. Current rating is 4.01.,,2025-09-13
6032,6032,Experienced brick work with 17 years of experience. Speaks Telugu. Available to travel up to 15 km. Current rating is 4.11.,,2025-09-11
6033,6033,Experienced electrician with 11 years of experience. Speaks Telugu. Available to travel up to 46 km. Current rating is 4.93.,,2025-01-22
6034,6034,Experienced switch repair with 20 years of experience. Speaks English. Available to travel up to 15 km. Current rating is 3.91.,,2025-08-20
6035,6035,Experienced electrician with 7 years of experience. Speaks Telugu. Available to travel up to 28 km. Current rating is 4.24.,,2025-01-07
6036,6036,Experienced makeup artist with 1 years of experience. Speaks Kannada. Available to travel up to 44 km. Current rating is 4.66.,,2025-05-01
6037,6037,Experienced security guard with 12 years of experience. Speaks Hindi. Available to travel up to 11 km. Current rating is 4.75.,,2025-03-07
6038,6038,Experienced movers with 17 years of experience. Speaks Hindi. Available to travel up to 43 km. Current rating is 4.85.,,2025-11-25
6039,6039,Experienced ac technician with 2 years of experience. Speaks Tamil. Available to travel up to 49 km. Current rating is 4.17.,,2025-05-19
6040,6040,Experienced fan installation with 5 years of experience. Speaks Tamil. Available to travel up to 19 km. Current rating is 3.7.,,2025-12-06
6041,6041,Experienced cloth stitching with 5 years of experience. Speaks Hindi. Available to travel up to 26 km. Current rating is 4.11.,,2025-02-13
6042,6042,Experienced tree trimming with 9 years of experience. Speaks English. Available to travel up to 31 km. Current rating is 3.74.,,2025-06-11
6043,6043,Experienced carpenter with 12 years of experience. Speaks Telugu. Available to travel up to 12 km. Current rating is 4.36.,,2025-07-22
6044,6044,Experienced driver with 3 years of experience. Speaks Hindi. Available to travel up to 27 km. Current rating is 4.23.,,2025-03-21
6045,6045,Experienced electrician with 6 years of experience. Speaks Malayalam. Available to travel up to 35 km. Current rating is 4.81.,,2025-12-28
6046,6046,Experienced refrigerator repair with 13 years of experience. Speaks Malayalam. Available to travel up to 12 km. Current rating is 3.58.,,2025-04-15
6047,6047,Experienced lawn maintenance with 9 years of experience. Speaks Tamil. Available to travel up to 28 km. Current rating is 3.59.,,2025-10-19
6048,6048,Experienced wall painting with 10 years of experience. Speaks Kannada. Available to travel up to 46 km. Current rating is 3.85.,,2025-03-11
6049,6049,Experienced catering with 4 years of experience. Speaks Malayalam. Available to travel up to 19 km. Current rating is 4.56.,,2025-09-03
6050,6050,Experienced cook with 16 years of experience. Speaks Malayalam. Available to travel up to 19 km. Current rating is 3.61.,,2025-04-14
6051,6051,Experienced movers with 8 years of experience. Speaks Hindi. Available to travel up to 13 km. Current rating is 4.12.,,2025-03-11
6052,6052,Experienced door repair with 7 years of experience. Speaks Kannada. Available to travel up to 38 km. Current rating is 4.68.,,2025-08-30
6053,6053,Experienced bathroom cleaning with 0 years of experience. Speaks Hindi. Available to travel up to 41 km. Current rating is 3.99.,,2025-01-21
6054,6054,Experienced gardener with 20 years of experience. Speaks Telugu. Available to travel up to 39 km. Current rating is 4.95.,,2025-12-05
6055,6055,Experienced alteration with 0 years of experience. Speaks English. Available to travel up to 36 km. Current rating is 3.72.,,2025-08-02
6056,6056,Experienced tv repair with 0 years of experience. Speaks Malayalam. Available to travel up to 17 km. Current rating is 4.8.,,2025-04-04
6057,6057,Experienced painter with 8 years of experience. Speaks Tamil. Available to travel up to 5 km. Current rating is 3.81.,,2025-11-06
6058,6058,Experienced house wiring with 14 years of experience. Speaks Tamil. Available to travel up to 25 km. Current rating is 4.72.,,2025-02-15
6059,6059,Experienced light installation with 18 years of experience. Speaks Telugu. Available to travel up to 35 km. Current rating is 4.58.,,2025-01-24
6060,6060,Experienced brick work with 20 years of experience. Speaks Kannada. Available to travel up to 14 km. Current rating is 4.37.,,2025-11-04
6061,6061,Experienced hair stylist with 1 years of experience. Speaks Malayalam. Available to travel up to 32 km. Current rating is 3.67.,,2025-08-21
6062,6062,Experienced concrete work with 19 years of experience. Speaks English. Available to travel up to 10 km. Current rating is 5.0.,,2025-07-26
6063,6063,Experienced ac repair with 14 years of experience. Speaks Malayalam. Available to travel up to 21 km. Current rating is 3.7.,,2025-09-30
6064,6064,Experienced ac repair with 5 years of experience. Speaks English. Available to travel up to 36 km. Current rating is 3.82.,,2025-03-20
6065,6065,Experienced washing machine repair with 5 years of experience. Speaks Telugu. Available to travel up to 33 km. Current rating is 4.47.,,2025-11-27
6066,6066,Experienced security guard with 4 years of experience. Speaks Hindi. Available to travel up to 20 km. Current rating is 4.62.,,2025-07-04
6067,6067,Experienced ac installation with 10 years of experience. Speaks Telugu. Available to travel up to 32 km. Current rating is 3.73.,,2025-08-11
6068,6068,Experienced switch repair with 10 years of experience. Speaks Telugu. Available to travel up to 17 km. Current rating is 3.96.,,2025-03-24
6069,6069,Experienced water tank installation with 7 years of experience. Speaks Malayalam. Available to travel up to 24 km. Current rating is 4.34.,,2025-11-24
6070,6070,Experienced cook with 10 years of experience. Speaks Malayalam. Available to travel up to 17 km. Current rating is 3.63.,,2025-03-07
6071,6071,Experienced tailor with 8 years of experience. Speaks Telugu. Available to travel up to 26 km. Current rating is 4.39.,,2025-07-13
6072,6072,Experienced lawn maintenance with 20 years of experience. Speaks Malayalam. Available to travel up to 24 km. Current rating is 4.16.,,2025-11-10
6073,6073,Experienced brick work with 0 years of experience. Speaks Malayalam. Available to travel up to 38 km. Current rating is 4.13.,,2025-10-15
6074,6074,Experienced alteration with 19 years of experience. Speaks Hindi. Available to travel up to 40 km. Current rating is 3.87.,,2025-11-23
6075,6075,Experienced kitchen cleaning with 14 years of experience. Speaks Tamil. Available to travel up to 36 km. Current rating is 3.92.,,2025-10-21
6076,6076,Experienced hair stylist with 13 years of experience. Speaks English. Available to travel up to 40 km. Current rating is 4.96.,,2025-05-28
6077,6077,Experienced ac repair with 9 years of experience. Speaks Tamil. Available to travel up to 41 km. Current rating is 4.78.,,2025-08-23
6078,6078,Experienced microwave repair with 20 years of experience. Speaks Tamil. Available to travel up to 40 km. Current rating is 4.98.,,2025-05-07
6079,6079,Experienced house wiring with 10 years of experience. Speaks Telugu. Available to travel up to 39 km. Current rating is 4.02.,,2025-01-23
6080,6080,Experienced makeup artist with 15 years of experience. Speaks Telugu. Available to travel up to 44 km. Current rating is 4.15.,,2025-07-12
6081,6081,Experienced ac technician with 17 years of experience. Speaks English. Available to travel up to 24 km. Current rating is 4.76.,,2025-11-04
6082,6082,Experienced ac installation with 17 years of experience. Speaks Malayalam. Available to travel up to 5 km. Current rating is 4.83.,,2025-03-31
6083,6083,Experienced kitchen cleaning with 6 years of experience. Speaks Kannada. Available to travel up to 40 km. Current rating is 4.03.,,2025-05-22
6084,6084,Experienced bathroom cleaning with 14 years of experience. Speaks Malayalam. Available to travel up to 24 km. Current rating is 4.97.,,2025-06-26
6085,6085,Experienced cloth stitching with 1 years of experience. Speaks Telugu. Available to travel up to 12 km. Current rating is 4.62.,,2025-11-02
6086,6086,Experienced wall painting with 10 years of experience. Speaks English. Available to travel up to 13 km. Current rating is 3.81.,,2025-05-18
6087,6087,Experienced pipe repair with 4 years of experience. Speaks English. Available to travel up to 17 km. Current rating is 4.01.,,2025-10-21
6088,6088,Experienced plumber with 14 years of experience. Speaks Hindi. Available to travel up to 18 km. Current rating is 4.29.,,2025-10-28
6089,6089,Experienced movers with 0 years of experience. Speaks Tamil. Available to travel up to 23 km. Current rating is 4.64.,,2025-10-04
6090,6090,Experienced tree trimming with 8 years of experience. Speaks Kannada. Available to travel up to 13 km. Current rating is 4.79.,,2025-04-04
6091,6091,Experienced brick work with 1 years of experience. Speaks Telugu. Available to travel up to 39 km. Current rating is 4.47.,,2025-01-17
6092,6092,Experienced catering with 14 years of experience. Speaks Malayalam. Available to travel up to 28 km. Current rating is 4.24.,,2025-02-28
6093,6093,Experienced kitchen cleaning with 18 years of experience. Speaks Kannada. Available to travel up to 13 km. Current rating is 4.23.,,2025-07-11
6094,6094,Experienced house cleaning with 13 years of experience. Speaks Malayalam. Available to travel up to 21 km. Current rating is 4.9.,,2025-04-16
6095,6095,Experienced alteration with 4 years of experience. Speaks Telugu. Available to travel up to 21 km. Current rating is 4.52.,,2025-03-12
6096,6096,Experienced cook with 2 years of experience. Speaks English. Available to travel up to 18 km. Current rating is 4.96.,,2025-01-03
6097,6097,Experienced concrete work with 11 years of experience. Speaks Hindi. Available to travel up to 36 km. Current rating is 4.72.,,2025-09-17
6098,6098,Experienced alteration with 2 years of experience. Speaks Telugu. Available to travel up to 40 km. Current rating is 4.42.,,2025-06-12
6099,6099,Experienced house wiring with 14 years of experience. Speaks Kannada. Available to travel up to 39 km. Current rating is 4.81.,,2025-04-30
6100,6100,Experienced bathroom fitting with 12 years of experience. Speaks Kannada. Available to travel up to 23 km. Current rating is 3.64.,,2025-11-14
6101,6101,Experienced movers with 8 years of experience. Speaks Kannada. Available to travel up to 15 km. Current rating is 4.95.,,2025-05-24
6102,6102,Experienced catering with 18 years of experience. Speaks Tamil. Available to travel up to 41 km. Current rating is 4.47.,,2025-08-03
6103,6103,Experienced water tank installation with 3 years of experience. Speaks English. Available to travel up to 9 km. Current rating is 4.5.,,2025-10-14
6104,6104,Experienced furniture assembly with 20 years of experience. Speaks Kannada. Available to travel up to 38 km. Current rating is 4.94.,,2025-04-30
6105,6105,Experienced plumber with 17 years of experience. Speaks Telugu. Available to travel up to 33 km. Current rating is 3.69.,,2025-06-28
6106,6106,Experienced kitchen cleaning with 0 years of experience. Speaks Tamil. Available to travel up to 41 km. Current rating is 4.18.,,2025-09-12
6107,6107,Experienced washing machine repair with 5 years of experience. Speaks Hindi. Available to travel up to 50 km. Current rating is 4.21.,,2025-03-26
6108,6108,Experienced gardener with 1 years of experience. Speaks Telugu. Available to travel up to 40 km. Current rating is 3.84.,,2025-05-31
6109,6109,Experienced tailor with 10 years of experience. Speaks Malayalam. Available to travel up to 20 km. Current rating is 4.54.,,2025-07-29
6110,6110,Experienced ac technician with 6 years of experience. Speaks Malayalam. Available to travel up to 44 km. Current rating is 4.21.,,2025-02-07
6111,6111,Experienced bathroom cleaning with 8 years of experience. Speaks Malayalam. Available to travel up to 46 km. Current rating is 4.0.,,2025-05-03
6112,6112,Experienced bathroom cleaning with 13 years of experience. Speaks Telugu. Available to travel up to 37 km. Current rating is 3.88.,,2025-02-06
6113,6113,Experienced packers with 16 years of experience. Speaks Kannada. Available to travel up to 40 km. Current rating is 4.5.,,2025-02-22
6114,6114,Experienced water tank installation with 11 years of experience. Speaks Tamil. Available to travel up to 10 km. Current rating is 4.05.,,2025-04-15
6115,6115,Experienced lawn maintenance with 12 years of experience. Speaks English. Available to travel up to 22 km. Current rating is 4.9.,,2025-02-15
6116,6116,Experienced brick work with 13 years of experience. Speaks Telugu. Available to travel up to 34 km. Current rating is 4.96.,,2025-12-16
6117,6117,Experienced bathroom cleaning with 10 years of experience. Speaks English. Available to travel up to 12 km. Current rating is 3.63.,,2025-07-04
6118,6118,Experienced carpenter with 16 years of experience. Speaks Telugu. Available to travel up to 39 km. Current rating is 3.75.,,2025-10-13
6119,6119,Experienced deep cleaning with 8 years of experience. Speaks Hindi. Available to travel up to 39 km. Current rating is 3.69.,,2025-04-23
6120,6120,Experienced plumber with 14 years of experience. Speaks Tamil. Available to travel up to 35 km. Current rating is 4.93.,,2025-03-23
6121,6121,Experienced carpenter with 6 years of experience. Speaks English. Available to travel up to 15 km. Current rating is 4.49.,,2025-11-06
6122,6122,Experienced tile installation with 18 years of experience. Speaks Kannada. Available to travel up to 34 km. Current rating is 4.36.,,2025-10-06
6123,6123,Experienced furniture assembly with 2 years of experience. Speaks Kannada. Available to travel up to 16 km. Current rating is 4.54.,,2025-07-09
6124,6124,Experienced deep cleaning with 16 years of experience. Speaks Malayalam. Available to travel up to 22 km. Current rating is 4.87.,,2025-12-28
6125,6125,Experienced water tank installation with 20 years of experience. Speaks Tamil. Available to travel up to 29 km. Current rating is 3.89.,,2025-07-23
6126,6126,Experienced tailor with 20 years of experience. Speaks Malayalam. Available to travel up to 40 km. Current rating is 3.9.,,2025-11-29
6127,6127,Experienced lawn maintenance with 18 years of experience. Speaks Tamil. Available to travel up to 27 km. Current rating is 4.8.,,2025-11-07
6128,6128,Experienced makeup artist with 15 years of experience. Speaks Telugu. Available to travel up to 34 km. Current rating is 4.93.,,2025-10-28
6129,6129,Experienced ac installation with 12 years of experience. Speaks Tamil. Available to travel up to 31 km. Current rating is 4.08.,,2025-07-25
6130,6130,Experienced leak detection with 11 years of experience. Speaks Hindi. Available to travel up to 13 km. Current rating is 4.46.,,2025-04-17
6131,6131,Experienced driver with 6 years of experience. Speaks Telugu. Available to travel up to 35 km. Current rating is 4.33.,,2025-05-08
6132,6132,Experienced furniture assembly with 18 years of experience. Speaks Hindi. Available to travel up to 37 km. Current rating is 4.57.,,2025-11-22
6133,6133,Experienced driver with 10 years of experience. Speaks Kannada. Available to travel up to 41 km. Current rating is 4.25.,,2025-01-28
6134,6134,Experienced wall painting with 11 years of experience. Speaks Hindi. Available to travel up to 47 km. Current rating is 4.44.,,2025-04-12
6135,6135,Experienced deep cleaning with 8 years of experience. Speaks Tamil. Available to travel up to 38 km. Current rating is 4.7.,,2025-12-21
6136,6136,Experienced kitchen cleaning with 6 years of experience. Speaks Malayalam. Available to travel up to 25 km. Current rating is 4.51.,,2025-11-15
6137,6137,Experienced wall painting with 12 years of experience. Speaks Kannada. Available to travel up to 26 km. Current rating is 3.9.,,2025-01-03
6138,6138,Experienced kitchen cleaning with 6 years of experience. Speaks Kannada. Available to travel up to 47 km. Current rating is 4.58.,,2025-07-07
6139,6139,Experienced catering with 8 years of experience. Speaks Telugu. Available to travel up to 21 km. Current rating is 4.67.,,2025-04-09
6140,6140,Experienced fan installation with 11 years of experience. Speaks Tamil. Available to travel up to 28 km. Current rating is 4.05.,,2025-10-28
6141,6141,Experienced lawn maintenance with 18 years of experience. Speaks Hindi. Available to travel up to 12 km. Current rating is 4.73.,,2025-02-21
6142,6142,Experienced plumber with 14 years of experience. Speaks Malayalam. Available to travel up to 36 km. Current rating is 3.8.,,2025-09-12
6143,6143,Experienced makeup artist with 16 years of experience. Speaks Malayalam. Available to travel up to 26 km. Current rating is 4.52.,,2025-05-10
6144,6144,Experienced movers with 5 years of experience. Speaks Malayalam. Available to travel up to 12 km. Current rating is 4.08.,,2025-09-29
6145,6145,Experienced fan installation with 9 years of experience. Speaks Malayalam. Available to travel up to 25 km. Current rating is 4.83.,,2025-05-18
6146,6146,Experienced furniture assembly with 0 years of experience. Speaks English. Available to travel up to 36 km. Current rating is 4.94.,,2025-03-03
6147,6147,Experienced refrigerator repair with 1 years of experience. Speaks Tamil. Available to travel up to 7 km. Current rating is 4.85.,,2025-09-17
6148,6148,Experienced furniture assembly with 12 years of experience. Speaks Kannada. Available to travel up to 25 km. Current rating is 4.49.,,2025-01-08
6149,6149,Experienced makeup artist with 11 years of experience. Speaks English. Available to travel up to 6 km. Current rating is 4.52.,,2025-01-17
6150,6150,Experienced driver with 7 years of experience. Speaks Telugu. Available to travel up to 19 km. Current rating is 3.53.,,2025-10-05
6151,6151,Experienced packers with 14 years of experience. Speaks Tamil. Available to travel up to 43 km. Current rating is 3.92.,,2025-11-16
6152,6152,Experienced refrigerator repair with 14 years of experience. Speaks Hindi. Available to travel up to 45 km. Current rating is 3.92.,,2025-12-26
6153,6153,Experienced electrician with 10 years of experience. Speaks Kannada. Available to travel up to 14 km. Current rating is 4.84.,,2025-04-05
6154,6154,Experienced electrician with 5 years of experience. Speaks Tamil. Available to travel up to 5 km. Current rating is 4.69.,,2025-07-14
6155,6155,Experienced exterior painting with 4 years of experience. Speaks Telugu. Available to travel up to 35 km. Current rating is 4.85.,,2025-02-12
6156,6156,Experienced house cleaning with 8 years of experience. Speaks Tamil. Available to travel up to 49 km. Current rating is 4.94.,,2025-05-29
6157,6157,Experienced lawn maintenance with 0 years of experience. Speaks Malayalam. Available to travel up to 5 km. Current rating is 4.76.,,2025-02-03
6158,6158,Experienced alteration with 17 years of experience. Speaks Malayalam. Available to travel up to 50 km. Current rating is 3.5.,,2025-02-25
6159,6159,Experienced ac installation with 2 years of experience. Speaks Kannada. Available to travel up to 28 km. Current rating is 3.8.,,2025-12-09
6160,6160,Experienced deep cleaning with 17 years of experience. Speaks English. Available to travel up to 49 km. Current rating is 3.59.,,2025-10-06
6161,6161,Experienced bathroom fitting with 17 years of experience. Speaks English. Available to travel up to 14 km. Current rating is 4.43.,,2025-10-18
6162,6162,Experienced beautician with 6 years of experience. Speaks Hindi. Available to travel up to 46 km. Current rating is 3.69.,,2025-10-25
6163,6163,Experienced makeup artist with 16 years of experience. Speaks Kannada. Available to travel up to 24 km. Current rating is 4.19.,,2025-07-08
6164,6164,Experienced painter with 17 years of experience. Speaks English. Available to travel up to 25 km. Current rating is 3.71.,,2025-04-27
6165,6165,Experienced catering with 9 years of experience. Speaks Malayalam. Available to travel up to 32 km. Current rating is 4.56.,,2025-08-03
6166,6166,Experienced ac repair with 8 years of experience. Speaks Kannada. Available to travel up to 8 km. Current rating is 3.74.,,2025-04-17
6167,6167,Experienced tile installation with 4 years of experience. Speaks Tamil. Available to travel up to 35 km. Current rating is 4.77.,,2025-01-29
6168,6168,Experienced leak detection with 1 years of experience. Speaks Hindi. Available to travel up to 24 km. Current rating is 3.56.,,2025-04-01
6169,6169,Experienced packers with 16 years of experience. Speaks Malayalam. Available to travel up to 7 km. Current rating is 3.54.,,2025-10-16
6170,6170,Experienced hair stylist with 18 years of experience. Speaks Kannada. Available to travel up to 30 km. Current rating is 4.64.,,2025-06-18
6171,6171,Experienced ac repair with 1 years of experience. Speaks Kannada. Available to travel up to 17 km. Current rating is 3.57.,,2025-01-22
6172,6172,Experienced lawn maintenance with 3 years of experience. Speaks English. Available to travel up to 16 km. Current rating is 4.92.,,2025-11-10
6173,6173,Experienced switch repair with 16 years of experience. Speaks Tamil. Available to travel up to 6 km. Current rating is 4.87.,,2025-05-25
6174,6174,Experienced washing machine repair with 4 years of experience. Speaks Kannada. Available to travel up to 25 km. Current rating is 3.8.,,2025-04-26
6175,6175,Experienced concrete work with 14 years of experience. Speaks Kannada. Available to travel up to 42 km. Current rating is 4.37.,,2025-10-16
6176,6176,Experienced microwave repair with 3 years of experience. Speaks Tamil. Available to travel up to 12 km. Current rating is 4.47.,,2025-08-27
6177,6177,Experienced movers with 10 years of experience. Speaks English. Available to travel up to 9 km. Current rating is 4.11.,,2025-10-06
6178,6178,Experienced cloth stitching with 15 years of experience. Speaks Malayalam. Available to travel up to 16 km. Current rating is 4.63.,,2025-11-10
6179,6179,Experienced ac installation with 20 years of experience. Speaks Malayalam. Available to travel up to 22 km. Current rating is 3.61.,,2025-12-22
6180,6180,Experienced makeup artist with 19 years of experience. Speaks Tamil. Available to travel up to 46 km. Current rating is 3.87.,,2025-06-09
6181,6181,Experienced deep cleaning with 13 years of experience. Speaks Malayalam. Available to travel up to 34 km. Current rating is 3.93.,,2025-10-25
6182,6182,Experienced leak detection with 19 years of experience. Speaks Hindi. Available to travel up to 35 km. Current rating is 4.69.,,2025-08-12
6183,6183,Experienced cloth stitching with 11 years of experience. Speaks Malayalam. Available to travel up to 18 km. Current rating is 4.05.,,2025-01-02
6184,6184,Experienced house wiring with 8 years of experience. Speaks Malayalam. Available to travel up to 20 km. Current rating is 3.91.,,2025-01-28
6185,6185,Experienced cloth stitching with 1 years of experience. Speaks Telugu. Available to travel up to 37 km. Current rating is 3.98.,,2025-02-19
6186,6186,Experienced door repair with 8 years of experience. Speaks English. Available to travel up to 11 km. Current rating is 4.64.,,2025-02-27
6187,6187,Experienced gardener with 3 years of experience. Speaks Malayalam. Available to travel up to 10 km. Current rating is 4.81.,,2025-03-22
6188,6188,Experienced exterior painting with 9 years of experience. Speaks Telugu. Available to travel up to 37 km. Current rating is 4.85.,,2025-03-08
6189,6189,Experienced interior painting with 11 years of experience. Speaks Hindi. Available to travel up to 21 km. Current rating is 4.91.,,2025-09-24
6190,6190,Experienced door repair with 17 years of experience. Speaks Hindi. Available to travel up to 25 km. Current rating is 4.19.,,2025-07-20
6191,6191,Experienced carpenter with 16 years of experience. Speaks Malayalam. Available to travel up to 13 km. Current rating is 3.8.,,2025-05-05
6192,6192,Experienced wood polishing with 20 years of experience. Speaks Hindi. Available to travel up to 24 km. Current rating is 3.96.,,2025-05-07
6193,6193,Experienced tree trimming with 3 years of experience. Speaks Telugu. Available to travel up to 41 km. Current rating is 4.88.,,2025-09-29
6194,6194,Experienced cloth stitching with 16 years of experience. Speaks Tamil. Available to travel up to 42 km. Current rating is 4.36.,,2025-12-10
6195,6195,Experienced makeup artist with 11 years of experience. Speaks Tamil. Available to travel up to 23 km. Current rating is 4.42.,,2025-02-07
6196,6196,Experienced tailor with 11 years of experience. Speaks Tamil. Available to travel up to 20 km. Current rating is 3.96.,,2025-05-10
6197,6197,Experienced bathroom fitting with 0 years of experience. Speaks Malayalam. Available to travel up to 17 km. Current rating is 4.4.,,2025-12-18
6198,6198,Experienced beautician with 6 years of experience. Speaks Tamil. Available to travel up to 33 km. Current rating is 3.74.,,2025-03-06
6199,6199,Experienced brick work with 19 years of experience. Speaks Malayalam. Available to travel up to 37 km. Current rating is 4.05.,,2025-04-18
6200,6200,Experienced washing machine repair with 11 years of experience. Speaks English. Available to travel up to 18 km. Current rating is 4.05.,,2025-02-11
6201,6201,Experienced brick work with 10 years of experience. Speaks Telugu. Available to travel up to 41 km. Current rating is 4.11.,,2025-07-17
6202,6202,Experienced ac repair with 12 years of experience. Speaks Kannada. Available to travel up to 47 km. Current rating is 3.91.,,2025-05-29
6203,6203,Experienced painter with 19 years of experience. Speaks English. Available to travel up to 39 km. Current rating is 4.96.,,2025-10-03
6204,6204,Experienced exterior painting with 4 years of experience. Speaks Malayalam. Available to travel up to 45 km. Current rating is 4.42.,,2025-08-12
6205,6205,Experienced painter with 8 years of experience. Speaks Kannada. Available to travel up to 25 km. Current rating is 4.76.,,2025-06-27
6206,6206,Experienced ac installation with 17 years of experience. Speaks Malayalam. Available to travel up to 37 km. Current rating is 4.51.,,2025-10-08
6207,6207,Experienced deep cleaning with 9 years of experience. Speaks Kannada. Available to travel up to 30 km. Current rating is 5.0.,,2025-09-25
6208,6208,Experienced beautician with 8 years of experience. Speaks Tamil. Available to travel up to 10 km. Current rating is 4.7.,,2025-03-29
6209,6209,Experienced plumber with 7 years of experience. Speaks Telugu. Available to travel up to 29 km. Current rating is 4.81.,,2025-05-20
6210,6210,Experienced plumber with 20 years of experience. Speaks English. Available to travel up to 30 km. Current rating is 3.61.,,2025-06-18
6211,6211,Experienced leak detection with 13 years of experience. Speaks Hindi. Available to travel up to 5 km. Current rating is 4.93.,,2025-03-18
6212,6212,Experienced ac technician with 9 years of experience. Speaks Tamil. Available to travel up to 37 km. Current rating is 4.05.,,2025-04-24
6213,6213,Experienced wood polishing with 18 years of experience. Speaks English. Available to travel up to 9 km. Current rating is 3.61.,,2025-06-12
6214,6214,Experienced bathroom fitting with 16 years of experience. Speaks English. Available to travel up to 22 km. Current rating is 4.79.,,2025-03-01
6215,6215,Experienced ac installation with 11 years of experience. Speaks English. Available to travel up to 40 km. Current rating is 4.58.,,2025-03-09
6216,6216,Experienced movers with 20 years of experience. Speaks Tamil. Available to travel up to 42 km. Current rating is 4.91.,,2025-02-20
6217,6217,Experienced house cleaning with 4 years of experience. Speaks Tamil. Available to travel up to 5 km. Current rating is 4.44.,,2025-06-29
6218,6218,Experienced house cleaning with 17 years of experience. Speaks Kannada. Available to travel up to 21 km. Current rating is 3.94.,,2025-05-04
6219,6219,Experienced beautician with 5 years of experience. Speaks Kannada. Available to travel up to 31 km. Current rating is 4.44.,,2025-08-14
6220,6220,Experienced beautician with 0 years of experience. Speaks Malayalam. Available to travel up to 21 km. Current rating is 4.6.,,2025-05-18
6221,6221,Experienced ac technician with 15 years of experience. Speaks Malayalam. Available to travel up to 45 km. Current rating is 4.76.,,2025-12-05
6222,6222,Experienced leak detection with 19 years of experience. Speaks Hindi. Available to travel up to 42 km. Current rating is 3.86.,,2025-01-14
6223,6223,Experienced catering with 16 years of experience. Speaks Hindi. Available to travel up to 31 km. Current rating is 4.4.,,2025-04-07
6224,6224,Experienced ac technician with 14 years of experience. Speaks Tamil. Available to travel up to 34 km. Current rating is 4.67.,,2025-09-28
6225,6225,Experienced ac installation with 4 years of experience. Speaks Hindi. Available to travel up to 50 km. Current rating is 4.61.,,2025-03-12
6226,6226,Experienced tailor with 17 years of experience. Speaks Hindi. Available to travel up to 15 km. Current rating is 3.82.,,2025-09-09
6227,6227,Experienced cloth stitching with 0 years of experience. Speaks Malayalam. Available to travel up to 13 km. Current rating is 4.45.,,2025-05-15
6228,6228,Experienced ac installation with 9 years of experience. Speaks Tamil. Available to travel up to 6 km. Current rating is 4.33.,,2025-03-08
6229,6229,Experienced pipe repair with 2 years of experience. Speaks Tamil. Available to travel up to 47 km. Current rating is 3.98.,,2025-02-20
6230,6230,Experienced ac repair with 7 years of experience. Speaks Kannada. Available to travel up to 16 km. Current rating is 3.62.,,2025-08-03
6231,6231,Experienced wood polishing with 10 years of experience. Speaks English. Available to travel up to 23 km. Current rating is 3.63.,,2025-06-19
6232,6232,Experienced lawn maintenance with 20 years of experience. Speaks Malayalam. Available to travel up to 33 km. Current rating is 4.89.,,2025-05-28
6233,6233,Experienced hair stylist with 11 years of experience. Speaks Telugu. Available to travel up to 43 km. Current rating is 4.31.,,2025-01-30
6234,6234,Experienced cloth stitching with 20 years of experience. Speaks Malayalam. Available to travel up to 11 km. Current rating is 3.97.,,2025-12-01
6235,6235,Experienced exterior painting with 14 years of experience. Speaks English. Available to travel up to 25 km. Current rating is 3.93.,,2025-11-17
6236,6236,Experienced fan installation with 11 years of experience. Speaks Tamil. Available to travel up to 32 km. Current rating is 4.84.,,2025-11-30
6237,6237,Experienced leak detection with 4 years of experience. Speaks Hindi. Available to travel up to 49 km. Current rating is 4.63.,,2025-07-02
6238,6238,Experienced ac technician with 8 years of experience. Speaks English. Available to travel up to 19 km. Current rating is 3.89.,,2025-04-29
6239,6239,Experienced switch repair with 17 years of experience. Speaks Kannada. Available to travel up to 35 km. Current rating is 4.49.,,2025-09-07
6240,6240,Experienced electrician with 15 years of experience. Speaks Kannada. Available to travel up to 43 km. Current rating is 4.26.,,2025-09-10
6241,6241,Experienced movers with 0 years of experience. Speaks Malayalam. Available to travel up to 33 km. Current rating is 4.82.,,2025-04-12
6242,6242,Experienced concrete work with 9 years of experience. Speaks Malayalam. Available to travel up to 29 km. Current rating is 3.79.,,2025-11-17
6243,6243,Experienced beautician with 8 years of experience. Speaks Malayalam. Available to travel up to 44 km. Current rating is 4.93.,,2025-02-27
6244,6244,Experienced catering with 5 years of experience. Speaks Hindi. Available to travel up to 46 km. Current rating is 3.56.,,2025-04-13
6245,6245,Experienced beautician with 0 years of experience. Speaks Tamil. Available to travel up to 33 km. Current rating is 4.29.,,2025-04-11
6246,6246,Experienced concrete work with 5 years of experience. Speaks English. Available to travel up to 30 km. Current rating is 4.14.,,2025-05-21
6247,6247,Experienced movers with 9 years of experience. Speaks English. Available to travel up to 42 km. Current rating is 4.33.,,2025-02-24
6248,6248,Experienced bathroom fitting with 16 years of experience. Speaks Tamil. Available to travel up to 32 km. Current rating is 4.94.,,2025-12-28
6249,6249,Experienced concrete work with 14 years of experience. Speaks English. Available to travel up to 46 km. Current rating is 3.59.,,2025-03-02
6250,6250,Experienced plumber with 12 years of experience. Speaks Hindi. Available to travel up to 7 km. Current rating is 4.93.,,2025-02-11
6251,6251,Experienced driver with 6 years of experience. Speaks Hindi. Available to travel up to 8 km. Current rating is 4.67.,,2025-08-10
6252,6252,Experienced catering with 0 years of experience. Speaks Tamil. Available to travel up to 32 km. Current rating is 3.78.,,2025-04-12
6253,6253,Experienced light installation with 20 years of experience. Speaks Malayalam. Available to travel up to 23 km. Current rating is 3.71.,,2025-04-28
6254,6254,Experienced leak detection with 18 years of experience. Speaks Tamil. Available to travel up to 30 km. Current rating is 3.79.,,2025-12-03
6255,6255,Experienced driver with 9 years of experience. Speaks Hindi. Available to travel up to 20 km. Current rating is 3.91.,,2025-03-02
6256,6256,Experienced hair stylist with 20 years of experience. Speaks Kannada. Available to travel up to 29 km. Current rating is 4.56.,,2025-08-20
6257,6257,Experienced tailor with 12 years of experience. Speaks Tamil. Available to travel up to 50 km. Current rating is 3.76.,,2025-11-02
6258,6258,Experienced wall painting with 8 years of experience. Speaks Telugu. Available to travel up to 24 km. Current rating is 3.58.,,2025-05-01
6259,6259,Experienced tailor with 14 years of experience. Speaks Kannada. Available to travel up to 33 km. Current rating is 4.82.,,2025-10-24
6260,6260,Experienced painter with 3 years of experience. Speaks Malayalam. Available to travel up to 14 km. Current rating is 4.14.,,2025-12-30
6261,6261,Experienced ac technician with 10 years of experience. Speaks Malayalam. Available to travel up to 41 km. Current rating is 3.97.,,2025-09-27
6262,6262,Experienced pipe repair with 14 years of experience. Speaks Telugu. Available to travel up to 36 km. Current rating is 4.37.,,2025-03-21
6263,6263,Experienced pipe repair with 15 years of experience. Speaks Kannada. Available to travel up to 33 km. Current rating is 4.01.,,2025-08-16
6264,6264,Experienced electrician with 20 years of experience. Speaks Tamil. Available to travel up to 41 km. Current rating is 4.08.,,2025-03-23
6265,6265,Experienced furniture assembly with 1 years of experience. Speaks Hindi. Available to travel up to 25 km. Current rating is 4.89.,,2025-07-10
6266,6266,Experienced tree trimming with 2 years of experience. Speaks English. Available to travel up to 50 km. Current rating is 4.21.,,2025-05-14
6267,6267,Experienced catering with 15 years of experience. Speaks English. Available to travel up to 16 km. Current rating is 4.38.,,2025-04-05
6268,6268,Experienced beautician with 11 years of experience. Speaks Malayalam. Available to travel up to 15 km. Current rating is 4.54.,,2025-07-07
6269,6269,Experienced ac installation with 15 years of experience. Speaks Malayalam. Available to travel up to 13 km. Current rating is 3.95.,,2025-04-02
6270,6270,Experienced pipe repair with 4 years of experience. Speaks Hindi. Available to travel up to 9 km. Current rating is 4.21.,,2025-08-29
6271,6271,Experienced tree trimming with 14 years of experience. Speaks Telugu. Available to travel up to 19 km. Current rating is 3.65.,,2025-08-20
6272,6272,Experienced bathroom fitting with 9 years of experience. Speaks Tamil. Available to travel up to 19 km. Current rating is 4.94.,,2025-03-11
6273,6273,Experienced tv repair with 6 years of experience. Speaks Malayalam. Available to travel up to 30 km. Current rating is 4.95.,,2025-08-16
6274,6274,Experienced tree trimming with 10 years of experience. Speaks Tamil. Available to travel up to 11 km. Current rating is 3.85.,,2025-08-30
6275,6275,Experienced plumber with 18 years of experience. Speaks English. Available to travel up to 8 km. Current rating is 4.84.,,2025-01-25
6276,6276,Experienced fan installation with 2 years of experience. Speaks Hindi. Available to travel up to 46 km. Current rating is 3.86.,,2025-10-17
6277,6277,Experienced pipe repair with 1 years of experience. Speaks Telugu. Available to travel up to 17 km. Current rating is 4.52.,,2025-05-21
6278,6278,Experienced concrete work with 11 years of experience. Speaks Malayalam. Available to travel up to 33 km. Current rating is 4.76.,,2025-03-31
6279,6279,Experienced wall painting with 8 years of experience. Speaks Telugu. Available to travel up to 15 km. Current rating is 4.15.,,2025-06-21
6280,6280,Experienced tree trimming with 0 years of experience. Speaks Hindi. Available to travel up to 13 km. Current rating is 4.99.,,2025-05-22
6281,6281,Experienced pipe repair with 17 years of experience. Speaks Malayalam. Available to travel up to 29 km. Current rating is 4.48.,,2025-04-23
6282,6282,Experienced deep cleaning with 17 years of experience. Speaks Telugu. Available to travel up to 21 km. Current rating is 4.65.,,2025-12-29
6283,6283,Experienced pipe repair with 19 years of experience. Speaks Malayalam. Available to travel up to 24 km. Current rating is 4.69.,,2025-09-07
6284,6284,Experienced tile installation with 4 years of experience. Speaks Hindi. Available to travel up to 25 km. Current rating is 4.66.,,2025-11-04
6285,6285,Experienced water tank installation with 11 years of experience. Speaks Tamil. Available to travel up to 16 km. Current rating is 4.95.,,2025-08-23
6286,6286,Experienced pipe repair with 0 years of experience. Speaks Tamil. Available to travel up to 6 km. Current rating is 4.28.,,2025-10-27
6287,6287,Experienced painter with 6 years of experience. Speaks Tamil. Available to travel up to 28 km. Current rating is 4.05.,,2025-04-24
6288,6288,Experienced exterior painting with 9 years of experience. Speaks Kannada. Available to travel up to 39 km. Current rating is 4.76.,,2025-06-19
6289,6289,Experienced ac repair with 6 years of experience. Speaks Malayalam. Available to travel up to 8 km. Current rating is 4.78.,,2025-02-08
6290,6290,Experienced kitchen cleaning with 16 years of experience. Speaks Telugu. Available to travel up to 7 km. Current rating is 3.75.,,2025-12-22
6291,6291,Experienced ac installation with 4 years of experience. Speaks Telugu. Available to travel up to 40 km. Current rating is 3.83.,,2025-02-21
6292,6292,Experienced brick work with 5 years of experience. Speaks Malayalam. Available to travel up to 23 km. Current rating is 4.8.,,2025-01-08
6293,6293,Experienced beautician with 10 years of experience. Speaks Tamil. Available to travel up to 39 km. Current rating is 4.26.,,2025-10-07
6294,6294,Experienced mason with 5 years of experience. Speaks English. Available to travel up to 38 km. Current rating is 4.4.,,2025-09-14
6295,6295,Experienced alteration with 19 years of experience. Speaks Hindi. Available to travel up to 46 km. Current rating is 4.25.,,2025-12-31
6296,6296,Experienced security guard with 15 years of experience. Speaks Telugu. Available to travel up to 30 km. Current rating is 4.55.,,2025-03-05
6297,6297,Experienced interior painting with 3 years of experience. Speaks Hindi. Available to travel up to 12 km. Current rating is 4.42.,,2025-08-23
6298,6298,Experienced light installation with 0 years of experience. Speaks Kannada. Available to travel up to 23 km. Current rating is 3.64.,,2025-09-04
6299,6299,Experienced water tank installation with 14 years of experience. Speaks English. Available to travel up to 12 km. Current rating is 4.61.,,2025-01-19
6300,6300,Experienced cook with 18 years of experience. Speaks Kannada. Available to travel up to 6 km. Current rating is 4.08.,,2025-02-07
6301,6301,Experienced painter with 17 years of experience. Speaks Kannada. Available to travel up to 38 km. Current rating is 4.91.,,2025-02-03
6302,6302,Experienced lawn maintenance with 4 years of experience. Speaks Kannada. Available to travel up to 28 km. Current rating is 3.7.,,2025-06-23
6303,6303,Experienced security guard with 17 years of experience. Speaks Hindi. Available to travel up to 7 km. Current rating is 3.65.,,2025-02-11
6304,6304,Experienced fan installation with 16 years of experience. Speaks Malayalam. Available to travel up to 37 km. Current rating is 3.98.,,2025-09-16
6305,6305,Experienced brick work with 5 years of experience. Speaks Malayalam. Available to travel up to 37 km. Current rating is 3.77.,,2025-07-28
6306,6306,Experienced driver with 14 years of experience. Speaks Telugu. Available to travel up to 34 km. Current rating is 4.65.,,2025-07-19
6307,6307,Experienced refrigerator repair with 18 years of experience. Speaks Kannada. Available to travel up to 34 km. Current rating is 4.85.,,2025-09-21
6308,6308,Experienced tree trimming with 8 years of experience. Speaks Kannada. Available to travel up to 9 km. Current rating is 4.57.,,2025-09-18
6309,6309,Experienced exterior painting with 1 years of experience. Speaks Kannada. Available to travel up to 12 km. Current rating is 4.53.,,2025-06-28
6310,6310,Experienced pipe repair with 18 years of experience. Speaks Kannada. Available to travel up to 7 km. Current rating is 3.98.,,2025-07-11
6311,6311,Experienced house cleaning with 9 years of experience. Speaks Malayalam. Available to travel up to 29 km. Current rating is 4.14.,,2025-12-16
6312,6312,Experienced ac repair with 1 years of experience. Speaks Tamil. Available to travel up to 30 km. Current rating is 4.52.,,2025-11-03
6313,6313,Experienced driver with 17 years of experience. Speaks Hindi. Available to travel up to 25 km. Current rating is 3.74.,,2025-07-24
6314,6314,Experienced furniture assembly with 19 years of experience. Speaks Malayalam. Available to travel up to 41 km. Current rating is 3.95.,,2025-04-06
6315,6315,Experienced house wiring with 19 years of experience. Speaks English. Available to travel up to 14 km. Current rating is 4.6.,,2025-06-18
6316,6316,Experienced plumber with 8 years of experience. Speaks English. Available to travel up to 14 km. Current rating is 3.84.,,2025-11-07
6317,6317,Experienced bathroom cleaning with 15 years of experience. Speaks Tamil. Available to travel up to 26 km. Current rating is 4.95.,,2025-03-08
6318,6318,Experienced wood polishing with 2 years of experience. Speaks Malayalam. Available to travel up to 18 km. Current rating is 4.29.,,2025-10-05
6319,6319,Experienced furniture assembly with 17 years of experience. Speaks English. Available to travel up to 39 km. Current rating is 4.97.,,2025-05-31
6320,6320,Experienced refrigerator repair with 7 years of experience. Speaks English. Available to travel up to 42 km. Current rating is 3.62.,,2025-12-26
6321,6321,Experienced driver with 12 years of experience. Speaks Tamil. Available to travel up to 15 km. Current rating is 4.8.,,2025-08-13
6322,6322,Experienced pipe repair with 11 years of experience. Speaks Tamil. Available to travel up to 10 km. Current rating is 4.24.,,2025-09-21
6323,6323,Experienced tile installation with 18 years of experience. Speaks Tamil. Available to travel up to 11 km. Current rating is 3.73.,,2025-06-12
6324,6324,Experienced brick work with 8 years of experience. Speaks Tamil. Available to travel up to 7 km. Current rating is 4.98.,,2025-05-06
6325,6325,Experienced plumber with 14 years of experience. Speaks Malayalam. Available to travel up to 49 km. Current rating is 4.34.,,2025-08-06
6326,6326,Experienced washing machine repair with 14 years of experience. Speaks Hindi. Available to travel up to 11 km. Current rating is 4.47.,,2025-01-12
6327,6327,Experienced water tank installation with 19 years of experience. Speaks English. Available to travel up to 49 km. Current rating is 4.14.,,2025-07-31
6328,6328,Experienced concrete work with 18 years of experience. Speaks English. Available to travel up to 49 km. Current rating is 3.79.,,2025-08-28
6329,6329,Experienced driver with 0 years of experience. Speaks Telugu. Available to travel up to 6 km. Current rating is 4.92.,,2025-05-10
6330,6330,Experienced switch repair with 11 years of experience. Speaks Malayalam. Available to travel up to 34 km. Current rating is 4.02.,,2025-11-16
6331,6331,Experienced alteration with 14 years of experience. Speaks Tamil. Available to travel up to 44 km. Current rating is 3.81.,,2025-06-27
6332,6332,Experienced plumber with 0 years of experience. Speaks Malayalam. Available to travel up to 23 km. Current rating is 4.23.,,2025-08-14
6333,6333,Experienced plumber with 16 years of experience. Speaks Hindi. Available to travel up to 38 km. Current rating is 4.05.,,2025-07-18
6334,6334,Experienced door repair with 4 years of experience. Speaks Malayalam. Available to travel up to 39 km. Current rating is 4.97.,,2025-04-29
6335,6335,Experienced ac technician with 19 years of experience. Speaks English. Available to travel up to 18 km. Current rating is 4.46.,,2025-12-06
6336,6336,Experienced tree trimming with 2 years of experience. Speaks Telugu. Available to travel up to 8 km. Current rating is 4.4.,,2025-09-04
6337,6337,Experienced refrigerator repair with 19 years of experience. Speaks Malayalam. Available to travel up to 15 km. Current rating is 4.35.,,2025-05-06
6338,6338,Experienced door repair with 18 years of experience. Speaks Malayalam. Available to travel up to 44 km. Current rating is 4.79.,,2025-12-03
6339,6339,Experienced light installation with 11 years of experience. Speaks Tamil. Available to travel up to 37 km. Current rating is 3.96.,,2025-03-08
6340,6340,Experienced water tank installation with 2 years of experience. Speaks Malayalam. Available to travel up to 26 km. Current rating is 4.96.,,2025-10-10
6341,6341,Experienced door repair with 4 years of experience. Speaks Kannada. Available to travel up to 18 km. Current rating is 3.7.,,2025-02-17
6342,6342,Experienced ac technician with 15 years of experience. Speaks Malayalam. Available to travel up to 50 km. Current rating is 3.91.,,2025-07-05
6343,6343,Experienced house wiring with 19 years of experience. Speaks Kannada. Available to travel up to 17 km. Current rating is 4.82.,,2025-05-07
6344,6344,Experienced tv repair with 8 years of experience. Speaks Tamil. Available to travel up to 43 km. Current rating is 4.35.,,2025-08-08
6345,6345,Experienced driver with 3 years of experience. Speaks Kannada. Available to travel up to 10 km. Current rating is 4.15.,,2025-01-13
6346,6346,Experienced mason with 2 years of experience. Speaks Hindi. Available to travel up to 42 km. Current rating is 4.58.,,2025-03-02
6347,6347,Experienced beautician with 6 years of experience. Speaks Kannada. Available to travel up to 40 km. Current rating is 3.71.,,2025-04-16
6348,6348,Experienced light installation with 0 years of experience. Speaks Telugu. Available to travel up to 44 km. Current rating is 3.97.,,2025-10-24
6349,6349,Experienced house cleaning with 1 years of experience. Speaks Hindi. Available to travel up to 45 km. Current rating is 3.76.,,2025-01-06
6350,6350,Experienced painter with 12 years of experience. Speaks Hindi. Available to travel up to 33 km. Current rating is 4.68.,,2025-04-11
6351,6351,Experienced lawn maintenance with 2 years of experience. Speaks English. Available to travel up to 41 km. Current rating is 3.6.,,2025-02-24
6352,6352,Experienced driver with 18 years of experience. Speaks Kannada. Available to travel up to 22 km. Current rating is 3.99.,,2025-04-16
6353,6353,Experienced tile installation with 0 years of experience. Speaks Malayalam. Available to travel up to 33 km. Current rating is 3.93.,,2025-08-05
6354,6354,Experienced wall painting with 17 years of experience. Speaks English. Available to travel up to 23 km. Current rating is 4.17.,,2025-07-19
6355,6355,Experienced concrete work with 1 years of experience. Speaks Hindi. Available to travel up to 40 km. Current rating is 4.28.,,2025-10-03
6356,6356,Experienced ac repair with 10 years of experience. Speaks Telugu. Available to travel up to 41 km. Current rating is 4.4.,,2025-11-20
6357,6357,Experienced tv repair with 1 years of experience. Speaks Telugu. Available to travel up to 14 km. Current rating is 4.24.,,2025-05-12
6358,6358,Experienced deep cleaning with 15 years of experience. Speaks Telugu. Available to travel up to 46 km. Current rating is 4.49.,,2025-02-22
6359,6359,Experienced leak detection with 16 years of experience. Speaks English. Available to travel up to 44 km. Current rating is 4.5.,,2025-08-27
6360,6360,Experienced tailor with 2 years of experience. Speaks English. Available to travel up to 9 km. Current rating is 4.2.,,2025-03-23
6361,6361,Experienced deep cleaning with 1 years of experience. Speaks Tamil. Available to travel up to 13 km. Current rating is 4.01.,,2025-09-17
6362,6362,Experienced tailor with 18 years of experience. Speaks Hindi. Available to travel up to 32 km. Current rating is 3.97.,,2025-05-03
6363,6363,Experienced packers with 11 years of experience. Speaks Telugu. Available to travel up to 18 km. Current rating is 4.41.,,2025-01-13
6364,6364,Experienced tree trimming with 14 years of experience. Speaks Kannada. Available to travel up to 21 km. Current rating is 4.57.,,2025-01-24
6365,6365,Experienced exterior painting with 7 years of experience. Speaks Telugu. Available to travel up to 15 km. Current rating is 3.53.,,2025-01-08
6366,6366,Experienced alteration with 4 years of experience. Speaks Telugu. Available to travel up to 6 km. Current rating is 4.77.,,2025-10-17
6367,6367,Experienced deep cleaning with 15 years of experience. Speaks Kannada. Available to travel up to 27 km. Current rating is 4.21.,,2025-09-10
6368,6368,Experienced leak detection with 2 years of experience. Speaks English. Available to travel up to 8 km. Current rating is 3.56.,,2025-12-26
6369,6369,Experienced tv repair with 17 years of experience. Speaks Telugu. Available to travel up to 22 km. Current rating is 4.89.,,2025-02-27
6370,6370,Experienced washing machine repair with 1 years of experience. Speaks Hindi. Available to travel up to 5 km. Current rating is 4.86.,,2025-09-14
6371,6371,Experienced carpenter with 10 years of experience. Speaks Tamil. Available to travel up to 8 km. Current rating is 4.52.,,2025-04-07
6372,6372,Experienced hair stylist with 20 years of experience. Speaks Kannada. Available to travel up to 49 km. Current rating is 3.52.,,2025-08-03
6373,6373,Experienced exterior painting with 1 years of experience. Speaks Hindi. Available to travel up to 6 km. Current rating is 4.21.,,2025-09-17
6374,6374,Experienced plumber with 2 years of experience. Speaks Hindi. Available to travel up to 43 km. Current rating is 4.58.,,2025-09-14
6375,6375,Experienced packers with 12 years of experience. Speaks Malayalam. Available to travel up to 31 km. Current rating is 4.89.,,2025-11-22
6376,6376,Experienced plumber with 9 years of experience. Speaks Hindi. Available to travel up to 14 km. Current rating is 4.83.,,2025-02-13
6377,6377,Experienced switch repair with 6 years of experience. Speaks Malayalam. Available to travel up to 13 km. Current rating is 4.85.,,2025-02-18
6378,6378,Experienced makeup artist with 3 years of experience. Speaks Hindi. Available to travel up to 50 km. Current rating is 4.21.,,2025-02-20
6379,6379,Experienced movers with 20 years of experience. Speaks Telugu. Available to travel up to 26 km. Current rating is 4.51.,,2025-06-06
6380,6380,Experienced bathroom fitting with 17 years of experience. Speaks Hindi. Available to travel up to 23 km. Current rating is 4.75.,,2025-10-24
6381,6381,Experienced tile installation with 8 years of experience. Speaks Hindi. Available to travel up to 35 km. Current rating is 3.53.,,2025-05-19
6382,6382,Experienced tile installation with 17 years of experience. Speaks Telugu. Available to travel up to 28 km. Current rating is 4.96.,,2025-07-01
6383,6383,Experienced house wiring with 0 years of experience. Speaks Telugu. Available to travel up to 22 km. Current rating is 4.95.,,2025-05-05
6384,6384,Experienced lawn maintenance with 8 years of experience. Speaks Telugu. Available to travel up to 35 km. Current rating is 3.85.,,2025-02-09
6385,6385,Experienced microwave repair with 11 years of experience. Speaks Malayalam. Available to travel up to 10 km. Current rating is 3.54.,,2025-09-18
6386,6386,Experienced makeup artist with 12 years of experience. Speaks Telugu. Available to travel up to 38 km. Current rating is 4.77.,,2025-08-05
6387,6387,Experienced tv repair with 11 years of experience. Speaks English. Available to travel up to 19 km. Current rating is 4.09.,,2025-10-14
6388,6388,Experienced catering with 12 years of experience. Speaks Kannada. Available to travel up to 5 km. Current rating is 4.25.,,2025-05-10
6389,6389,Experienced alteration with 12 years of experience. Speaks Tamil. Available to travel up to 30 km. Current rating is 3.99.,,2025-06-27
6390,6390,Experienced wall painting with 5 years of experience. Speaks Tamil. Available to travel up to 26 km. Current rating is 3.82.,,2025-08-23
6391,6391,Experienced concrete work with 10 years of experience. Speaks Kannada. Available to travel up to 13 km. Current rating is 3.52.,,2025-05-02
6392,6392,Experienced tailor with 0 years of experience. Speaks Tamil. Available to travel up to 28 km. Current rating is 3.56.,,2025-10-10
6393,6393,Experienced pipe repair with 17 years of experience. Speaks Malayalam. Available to travel up to 42 km. Current rating is 3.53.,,2025-05-31
6394,6394,Experienced wood polishing with 0 years of experience. Speaks English. Available to travel up to 6 km. Current rating is 4.01.,,2025-12-01
6395,6395,Experienced cloth stitching with 20 years of experience. Speaks Telugu. Available to travel up to 18 km. Current rating is 3.77.,,2025-12-07
6396,6396,Experienced catering with 20 years of experience. Speaks Tamil. Available to travel up to 50 km. Current rating is 4.17.,,2025-03-20
6397,6397,Experienced bathroom fitting with 4 years of experience. Speaks Kannada. Available to travel up to 7 km. Current rating is 3.57.,,2025-03-26
6398,6398,Experienced tailor with 9 years of experience. Speaks Tamil. Available to travel up to 40 km. Current rating is 4.99.,,2025-11-04
6399,6399,Experienced painter with 0 years of experience. Speaks Hindi. Available to travel up to 18 km. Current rating is 3.96.,,2025-03-21
6400,6400,Experienced microwave repair with 2 years of experience. Speaks Telugu. Available to travel up to 31 km. Current rating is 4.34.,,2025-01-09
6401,6401,Experienced ac repair with 17 years of experience. Speaks English. Available to travel up to 20 km. Current rating is 3.7.,,2025-05-16
6402,6402,Experienced packers with 8 years of experience. Speaks Kannada. Available to travel up to 29 km. Current rating is 4.12.,,2025-03-20
6403,6403,Experienced house wiring with 6 years of experience. Speaks Hindi. Available to travel up to 33 km. Current rating is 4.45.,,2025-11-05
6404,6404,Experienced electrician with 9 years of experience. Speaks Tamil. Available to travel up to 42 km. Current rating is 4.19.,,2025-06-27
6405,6405,Experienced microwave repair with 18 years of experience. Speaks Malayalam. Available to travel up to 13 km. Current rating is 3.83.,,2025-01-25
6406,6406,Experienced brick work with 4 years of experience. Speaks Telugu. Available to travel up to 38 km. Current rating is 4.45.,,2025-10-12
6407,6407,Experienced cook with 12 years of experience. Speaks English. Available to travel up to 5 km. Current rating is 3.7.,,2025-04-02
6408,6408,Experienced kitchen cleaning with 18 years of experience. Speaks Malayalam. Available to travel up to 15 km. Current rating is 4.65.,,2025-01-31
6409,6409,Experienced tailor with 16 years of experience. Speaks English. Available to travel up to 22 km. Current rating is 4.69.,,2025-12-11
6410,6410,Experienced beautician with 3 years of experience. Speaks English. Available to travel up to 18 km. Current rating is 4.49.,,2025-10-20
6411,6411,Experienced driver with 12 years of experience. Speaks Hindi. Available to travel up to 25 km. Current rating is 3.7.,,2025-02-08
6412,6412,Experienced hair stylist with 9 years of experience. Speaks English. Available to travel up to 44 km. Current rating is 4.36.,,2025-10-03
6413,6413,Experienced furniture assembly with 9 years of experience. Speaks English. Available to travel up to 20 km. Current rating is 4.84.,,2025-04-29
6414,6414,Experienced electrician with 10 years of experience. Speaks Tamil. Available to travel up to 10 km. Current rating is 3.99.,,2025-12-03
6415,6415,Experienced hair stylist with 11 years of experience. Speaks English. Available to travel up to 35 km. Current rating is 4.39.,,2025-02-25
6416,6416,Experienced microwave repair with 2 years of experience. Speaks English. Available to travel up to 32 km. Current rating is 4.37.,,2025-03-23
6417,6417,Experienced cloth stitching with 10 years of experience. Speaks Hindi. Available to travel up to 32 km. Current rating is 3.93.,,2025-07-24
6418,6418,Experienced lawn maintenance with 15 years of experience. Speaks English. Available to travel up to 47 km. Current rating is 3.93.,,2025-07-17
6419,6419,Experienced lawn maintenance with 12 years of experience. Speaks Tamil. Available to travel up to 50 km. Current rating is 4.44.,,2025-08-12
6420,6420,Experienced driver with 13 years of experience. Speaks Malayalam. Available to travel up to 9 km. Current rating is 4.76.,,2025-03-16
6421,6421,Experienced exterior painting with 8 years of experience. Speaks Telugu. Available to travel up to 41 km. Current rating is 4.88.,,2025-01-04
6422,6422,Experienced mason with 8 years of experience. Speaks Kannada. Available to travel up to 24 km. Current rating is 3.62.,,2025-03-29
6423,6423,Experienced security guard with 8 years of experience. Speaks Malayalam. Available to travel up to 34 km. Current rating is 4.06.,,2025-10-21
6424,6424,Experienced plumber with 14 years of experience. Speaks Hindi. Available to travel up to 40 km. Current rating is 4.52.,,2025-06-24
6425,6425,Experienced lawn maintenance with 12 years of experience. Speaks Tamil. Available to travel up to 32 km. Current rating is 3.55.,,2025-07-11
6426,6426,Experienced interior painting with 12 years of experience. Speaks Malayalam. Available to travel up to 20 km. Current rating is 4.25.,,2025-01-11
6427,6427,Experienced tile installation with 2 years of experience. Speaks Tamil. Available to travel up to 10 km. Current rating is 3.81.,,2025-02-10
6428,6428,Experienced tv repair with 4 years of experience. Speaks Telugu. Available to travel up to 38 km. Current rating is 4.97.,,2025-06-07
6429,6429,Experienced wall painting with 13 years of experience. Speaks Malayalam. Available to travel up to 9 km. Current rating is 4.16.,,2025-01-25
6430,6430,Experienced driver with 14 years of experience. Speaks Hindi. Available to travel up to 13 km. Current rating is 3.81.,,2025-03-20
6431,6431,Experienced makeup artist with 12 years of experience. Speaks Kannada. Available to travel up to 17 km. Current rating is 4.45.,,2025-10-15
6432,6432,Experienced ac technician with 20 years of experience. Speaks Telugu. Available to travel up to 28 km. Current rating is 4.77.,,2025-02-03
6433,6433,Experienced washing machine repair with 0 years of experience. Speaks Tamil. Available to travel up to 5 km. Current rating is 4.3.,,2025-04-08
6434,6434,Experienced kitchen cleaning with 6 years of experience. Speaks Kannada. Available to travel up to 8 km. Current rating is 4.19.,,2025-08-13
6435,6435,Experienced lawn maintenance with 15 years of experience. Speaks Tamil. Available to travel up to 37 km. Current rating is 4.8.,,2025-10-28
6436,6436,Experienced brick work with 1 years of experience. Speaks Kannada. Available to travel up to 6 km. Current rating is 3.58.,,2025-05-16
6437,6437,Experienced tree trimming with 3 years of experience. Speaks Kannada. Available to travel up to 24 km. Current rating is 4.26.,,2025-06-04
6438,6438,Experienced plumber with 2 years of experience. Speaks Malayalam. Available to travel up to 15 km. Current rating is 3.65.,,2025-01-20
6439,6439,Experienced bathroom fitting with 13 years of experience. Speaks Tamil. Available to travel up to 26 km. Current rating is 4.96.,,2025-09-29
6440,6440,Experienced exterior painting with 4 years of experience. Speaks Hindi. Available to travel up to 48 km. Current rating is 4.58.,,2026-01-01
6441,6441,Experienced security guard with 6 years of experience. Speaks Malayalam. Available to travel up to 28 km. Current rating is 4.44.,,2025-05-27
6442,6442,Experienced switch repair with 2 years of experience. Speaks Hindi. Available to travel up to 12 km. Current rating is 4.68.,,2025-01-23
6443,6443,Experienced brick work with 4 years of experience. Speaks Kannada. Available to travel up to 30 km. Current rating is 3.78.,,2025-01-09
6444,6444,Experienced tile installation with 19 years of experience. Speaks Telugu. Available to travel up to 8 km. Current rating is 4.63.,,2025-12-13
6445,6445,Experienced washing machine repair with 0 years of experience. Speaks Malayalam. Available to travel up to 40 km. Current rating is 4.09.,,2025-03-27
6446,6446,Experienced tile installation with 18 years of experience. Speaks Malayalam. Available to travel up to 42 km. Current rating is 4.12.,,2025-12-31
6447,6447,Experienced tile installation with 12 years of experience. Speaks Telugu. Available to travel up to 19 km. Current rating is 3.87.,,2025-09-28
6448,6448,Experienced kitchen cleaning with 18 years of experience. Speaks Hindi. Available to travel up to 33 km. Current rating is 3.58.,,2025-01-28
6449,6449,Experienced exterior painting with 7 years of experience. Speaks Tamil. Available to travel up to 9 km. Current rating is 4.95.,,2025-04-22
6450,6450,Experienced pipe repair with 4 years of experience. Speaks Telugu. Available to travel up to 38 km. Current rating is 4.98.,,2025-06-08
6451,6451,Experienced switch repair with 7 years of experience. Speaks Kannada. Available to travel up to 33 km. Current rating is 4.65.,,2025-01-28
6452,6452,Experienced tile installation with 4 years of experience. Speaks English. Available to travel up to 30 km. Current rating is 4.07.,,2025-07-22
6453,6453,Experienced door repair with 13 years of experience. Speaks Hindi. Available to travel up to 10 km. Current rating is 4.22.,,2025-08-06
6454,6454,Experienced ac installation with 3 years of experience. Speaks Hindi. Available to travel up to 37 km. Current rating is 3.99.,,2025-02-20
6455,6455,Experienced house cleaning with 4 years of experience. Speaks English. Available to travel up to 42 km. Current rating is 4.65.,,2025-05-02
6456,6456,Experienced tv repair with 16 years of experience. Speaks Telugu. Available to travel up to 20 km. Current rating is 4.54.,,2025-12-06
6457,6457,Experienced tree trimming with 13 years of experience. Speaks Malayalam. Available to travel up to 49 km. Current rating is 3.74.,,2025-10-02
6458,6458,Experienced carpenter with 17 years of experience. Speaks Malayalam. Available to travel up to 37 km. Current rating is 4.8.,,2025-12-20
6459,6459,Experienced house wiring with 3 years of experience. Speaks Kannada. Available to travel up to 39 km. Current rating is 3.89.,,2025-08-25
6460,6460,Experienced driver with 16 years of experience. Speaks English. Available to travel up to 18 km. Current rating is 3.66.,,2025-05-24
6461,6461,Experienced catering with 1 years of experience. Speaks Telugu. Available to travel up to 7 km. Current rating is 4.77.,,2025-06-05
6462,6462,Experienced wood polishing with 5 years of experience. Speaks Tamil. Available to travel up to 28 km. Current rating is 4.5.,,2025-04-10
6463,6463,Experienced carpenter with 11 years of experience. Speaks Kannada. Available to travel up to 46 km. Current rating is 4.43.,,2025-04-15
6464,6464,Experienced exterior painting with 6 years of experience. Speaks Malayalam. Available to travel up to 7 km. Current rating is 3.82.,,2025-11-02
6465,6465,Experienced furniture assembly with 9 years of experience. Speaks Tamil. Available to travel up to 25 km. Current rating is 4.23.,,2025-05-21
6466,6466,Experienced pipe repair with 15 years of experience. Speaks Kannada. Available to travel up to 10 km. Current rating is 4.84.,,2025-04-12
6467,6467,Experienced carpenter with 11 years of experience. Speaks Hindi. Available to travel up to 13 km. Current rating is 3.63.,,2025-11-03
6468,6468,Experienced pipe repair with 12 years of experience. Speaks Tamil. Available to travel up to 45 km. Current rating is 4.36.,,2025-10-01
6469,6469,Experienced water tank installation with 15 years of experience. Speaks Kannada. Available to travel up to 47 km. Current rating is 4.93.,,2025-05-18
6470,6470,Experienced movers with 7 years of experience. Speaks Kannada. Available to travel up to 30 km. Current rating is 3.73.,,2025-12-31
6471,6471,Experienced tailor with 18 years of experience. Speaks English. Available to travel up to 34 km. Current rating is 4.8.,,2025-09-28
6472,6472,Experienced wall painting with 1 years of experience. Speaks Malayalam. Available to travel up to 44 km. Current rating is 3.96.,,2025-01-26
6473,6473,Experienced bathroom fitting with 15 years of experience. Speaks Hindi. Available to travel up to 47 km. Current rating is 4.82.,,2025-06-26
6474,6474,Experienced makeup artist with 4 years of experience. Speaks English. Available to travel up to 11 km. Current rating is 3.86.,,2025-10-14
6475,6475,Experienced wood polishing with 10 years of experience. Speaks Malayalam. Available to travel up to 17 km. Current rating is 4.89.,,2025-01-06
6476,6476,Experienced carpenter with 2 years of experience. Speaks English. Available to travel up to 19 km. Current rating is 3.7.,,2025-08-11
6477,6477,Experienced bathroom cleaning with 2 years of experience. Speaks Malayalam. Available to travel up to 34 km. Current rating is 4.19.,,2025-06-15
6478,6478,Experienced beautician with 18 years of experience. Speaks English. Available to travel up to 35 km. Current rating is 3.94.,,2025-12-11
6479,6479,Experienced brick work with 0 years of experience. Speaks Telugu. Available to travel up to 22 km. Current rating is 4.08.,,2025-01-29
6480,6480,Experienced plumber with 18 years of experience. Speaks Telugu. Available to travel up to 19 km. Current rating is 4.73.,,2025-06-03
6481,6481,Experienced wall painting with 9 years of experience. Speaks Hindi. Available to travel up to 9 km. Current rating is 3.73.,,2025-04-23
6482,6482,Experienced hair stylist with 9 years of experience. Speaks Tamil. Available to travel up to 8 km. Current rating is 4.78.,,2025-04-26
6483,6483,Experienced brick work with 10 years of experience. Speaks Tamil. Available to travel up to 39 km. Current rating is 4.68.,,2025-11-01
6484,6484,Experienced brick work with 18 years of experience. Speaks Kannada. Available to travel up to 31 km. Current rating is 4.72.,,2025-12-18
6485,6485,Experienced leak detection with 14 years of experience. Speaks Hindi. Available to travel up to 37 km. Current rating is 3.95.,,2025-01-15
